-- phpMyAdmin SQL Dump
-- version 4.6.6deb5
-- https://www.phpmyadmin.net/
--
-- Host: localhost:3306
-- Generation Time: Apr 29, 2019 at 02:37 AM
-- Server version: 5.7.25-0ubuntu0.18.04.2
-- PHP Version: 7.2.15-0ubuntu0.18.04.1

SET SQL_MODE = "NO_AUTO_VALUE_ON_ZERO";
SET time_zone = "+00:00";


/*!40101 SET @OLD_CHARACTER_SET_CLIENT=@@CHARACTER_SET_CLIENT */;
/*!40101 SET @OLD_CHARACTER_SET_RESULTS=@@CHARACTER_SET_RESULTS */;
/*!40101 SET @OLD_COLLATION_CONNECTION=@@COLLATION_CONNECTION */;
/*!40101 SET NAMES utf8mb4 */;

--
-- Database: `ivf_101`
--
use ivf_101;
DELIMITER $$
--
-- Procedures
--
CREATE DEFINER=`root`@`%` PROCEDURE `GenCSharpModel` (IN `pTableName` VARCHAR(255))  BEGIN
DECLARE vClassName varchar(255);
declare vClassCode mediumtext;
declare v_codeChunk varchar(1024);
DECLARE v_finished INTEGER DEFAULT 0;
DEClARE code_cursor CURSOR FOR
    SELECT code FROM temp1; 

DECLARE CONTINUE HANDLER 
        FOR NOT FOUND SET v_finished = 1;

set vClassCode ='';
/* Make class name*/
    SELECT (CASE WHEN col1 = col2 THEN col1 ELSE concat(col1,col2)  END) into vClassName
    FROM(
    SELECT CONCAT(UCASE(MID(ColumnName1,1,1)),LCASE(MID(ColumnName1,2))) as col1,
    CONCAT(UCASE(MID(ColumnName2,1,1)),LCASE(MID(ColumnName2,2))) as col2
    FROM
    (SELECT SUBSTRING_INDEX(pTableName, '_', -1) as ColumnName2,
        SUBSTRING_INDEX(pTableName, '_', 1) as ColumnName1) A) B;

    /*store all properties into temp table*/
    CREATE TEMPORARY TABLE IF NOT EXISTS  temp1 ENGINE=MyISAM  
    as (
    select concat( 'public ', ColumnType , ' ' , FieldName,' { get; set; }') code
    FROM(
    SELECT (CASE WHEN col1 = col2 THEN col1 ELSE concat(col1,col2)  END) AS FieldName, 
    case DATA_TYPE 
            when 'bigint' then 'long'
            when 'binary' then 'byte[]'
            when 'bit' then 'bool'
            when 'char' then 'String'
            when 'date' then 'DateTime'
            when 'datetime' then 'DateTime'
            when 'datetime2' then 'DateTime'
            when 'datetimeoffset' then 'DateTimeOffset'
            when 'decimal' then 'Decimal'
            when 'double' then 'Double'
            when 'float' then 'float'
            when 'image' then 'byte[]'
            when 'int' then 'int'
            when 'money' then 'Decimal'
            when 'nchar' then 'char'
            when 'ntext' then 'String'
            when 'numeric' then 'Decimal'
            when 'nvarchar' then 'String'
            when 'real' then 'Double'
            when 'smalldatetime' then 'DateTime'
            when 'smallint' then 'short'
            when 'mediumint' then 'INT'
            when 'smallmoney' then 'Decimal'
            when 'text' then 'String'
            when 'time' then 'TimeSpan'
            when 'timestamp' then 'DateTime'
            when 'tinyint' then 'byte'
            when 'uniqueidentifier' then 'Guid'
            when 'varbinary' then 'byte[]'
            when 'varchar' then 'String'
            when 'year' THEN 'UINT'
            else 'UNKNOWN_' + DATA_TYPE
        end ColumnType
    FROM(
    select COLUMN_NAME as col1,    COLUMN_NAME as col2, DATA_TYPE, COLUMN_TYPE
     FROM INFORMATION_SCHEMA.COLUMNS  WHERE table_name = pTableName) B)C);

    set vClassCode = '';
    /* concat all properties*/
    OPEN code_cursor;

            get_code: LOOP

                FETCH code_cursor INTO v_codeChunk;

                IF v_finished = 1 THEN
                    LEAVE get_code;
                END IF;

                -- build code                select  CONCAT(vClassCode,'\r\n', v_codeChunk) into  vClassCode ;

            END LOOP get_code;

        CLOSE code_cursor;

drop table temp1;
/*make class*/
select concat('public class ',vClassName,'\r\n{', vClassCode,'\r\n}');
END$$

DELIMITER ;

-- --------------------------------------------------------

--
-- Table structure for table `Agent`
--

CREATE TABLE `Agent` (
  `AgentID` int(11) NOT NULL,
  `AgentName` varchar(250) COLLATE utf8_unicode_ci DEFAULT NULL,
  `active` varchar(45) COLLATE utf8_unicode_ci DEFAULT '1',
  `remark` varchar(255) COLLATE utf8_unicode_ci DEFAULT NULL,
  `sort1` varchar(45) COLLATE utf8_unicode_ci DEFAULT NULL,
  `date_create` varchar(45) COLLATE utf8_unicode_ci DEFAULT NULL,
  `date_modi` varchar(45) COLLATE utf8_unicode_ci DEFAULT NULL,
  `date_cancel` varchar(45) COLLATE utf8_unicode_ci DEFAULT NULL,
  `user_create` varchar(45) COLLATE utf8_unicode_ci DEFAULT NULL,
  `user_modi` varchar(45) COLLATE utf8_unicode_ci DEFAULT NULL,
  `user_cancel` varchar(45) COLLATE utf8_unicode_ci DEFAULT NULL
) ENGINE=MyISAM DEFAULT CHARSET=utf8 COLLATE=utf8_unicode_ci;

--
-- Dumping data for table `Agent`
--

INSERT INTO `Agent` (`AgentID`, `AgentName`, `active`, `remark`, `sort1`, `date_create`, `date_modi`, `date_cancel`, `user_create`, `user_modi`, `user_cancel`) VALUES
(1, 'NULL', '1', NULL, NULL, NULL, NULL, NULL, NULL, NULL, NULL),
(45, 'Dr.Visut', '1', NULL, NULL, NULL, NULL, NULL, NULL, NULL, NULL),
(46, 'Cherry', '1', NULL, NULL, NULL, NULL, NULL, NULL, NULL, NULL),
(47, 'Dr.Visut/Amm', '1', NULL, NULL, NULL, NULL, NULL, NULL, NULL, NULL),
(48, 'Namtan', '1', NULL, NULL, NULL, NULL, NULL, NULL, NULL, NULL),
(49, 'Cathie', '1', NULL, NULL, NULL, NULL, NULL, NULL, NULL, NULL),
(50, 'Dr.Visut/Front', '1', NULL, NULL, NULL, NULL, NULL, NULL, NULL, NULL),
(51, 'Long', '1', NULL, NULL, NULL, NULL, NULL, NULL, NULL, NULL),
(52, 'Dr.Visut/Mint', '1', NULL, NULL, NULL, NULL, NULL, NULL, NULL, NULL),
(53, 'Kung', '1', NULL, NULL, NULL, NULL, NULL, NULL, NULL, NULL),
(54, 'Dr.Thitikorn', '1', NULL, NULL, NULL, NULL, NULL, NULL, NULL, NULL),
(55, 'Dr.Visut/Fueng', '1', NULL, NULL, NULL, NULL, NULL, NULL, NULL, NULL),
(56, 'Dr.Visut/Dr.Zong', '1', NULL, NULL, NULL, NULL, NULL, NULL, NULL, NULL),
(57, '', '1', NULL, NULL, NULL, NULL, NULL, NULL, NULL, NULL),
(58, 'Dr.Visut/Joy', '1', NULL, NULL, NULL, NULL, NULL, NULL, NULL, NULL),
(59, 'Dr.Visut/Kevin', '1', NULL, NULL, NULL, NULL, NULL, NULL, NULL, NULL),
(60, '', '1', NULL, NULL, NULL, NULL, NULL, NULL, NULL, NULL),
(66, 'Cathie/Genevieve', '1', NULL, NULL, NULL, NULL, NULL, NULL, NULL, NULL),
(65, 'Dr.Visut/Yuya', '1', NULL, NULL, NULL, NULL, NULL, NULL, NULL, NULL),
(64, 'Dr.Visut/Wan', '1', NULL, NULL, NULL, NULL, NULL, NULL, NULL, NULL),
(67, 'George', '1', NULL, NULL, NULL, NULL, NULL, NULL, NULL, NULL),
(68, 'Dr.Visut/Fon', '1', NULL, NULL, NULL, NULL, NULL, NULL, NULL, NULL),
(69, 'Au', '1', NULL, NULL, NULL, NULL, NULL, NULL, NULL, NULL),
(70, 'Nadia', '1', NULL, NULL, NULL, NULL, NULL, NULL, NULL, NULL),
(71, 'Dr.Visut/Ead', '1', NULL, NULL, NULL, NULL, NULL, NULL, NULL, NULL),
(80, 'Dr.Visut/Aew', '1', NULL, NULL, NULL, NULL, NULL, NULL, NULL, NULL),
(73, 'Wandee', '1', NULL, NULL, NULL, NULL, NULL, NULL, NULL, NULL),
(74, 'Dr.Visut/Lin', '1', NULL, NULL, NULL, NULL, NULL, NULL, NULL, NULL),
(75, 'Ornwadee', '1', NULL, NULL, NULL, NULL, NULL, NULL, NULL, NULL),
(76, 'Liu Mao Qi', '1', NULL, NULL, NULL, NULL, NULL, NULL, NULL, NULL),
(77, 'May', '1', NULL, NULL, NULL, NULL, NULL, NULL, NULL, NULL),
(78, 'Dr.Visut/Aoy', '1', NULL, NULL, NULL, NULL, NULL, NULL, NULL, NULL),
(79, 'Benny', '1', NULL, NULL, NULL, NULL, NULL, NULL, NULL, NULL),
(81, 'Linjee', '1', NULL, NULL, NULL, NULL, NULL, NULL, NULL, NULL),
(82, 'Melody', '1', NULL, NULL, NULL, NULL, NULL, NULL, NULL, NULL),
(83, 'Fon', '1', NULL, NULL, NULL, NULL, NULL, NULL, NULL, NULL),
(84, 'Kennet', '1', NULL, NULL, NULL, NULL, NULL, NULL, NULL, NULL),
(85, 'Nuna', '1', NULL, NULL, NULL, NULL, NULL, NULL, NULL, NULL),
(86, 'Rena', '1', NULL, NULL, NULL, NULL, NULL, NULL, NULL, NULL),
(87, '', '1', NULL, NULL, NULL, NULL, NULL, NULL, NULL, NULL),
(88, 'Dr.T(Dr.So Sin Wa)', '1', NULL, NULL, NULL, NULL, NULL, NULL, NULL, NULL),
(89, 'Jaturong', '1', NULL, NULL, NULL, NULL, NULL, NULL, NULL, NULL),
(90, '', '1', NULL, NULL, NULL, NULL, NULL, NULL, NULL, NULL),
(91, 'Dr.Visut/Bua', '1', NULL, NULL, NULL, NULL, NULL, NULL, NULL, NULL),
(92, 'Dr.Visut/Dao', '1', NULL, NULL, NULL, NULL, NULL, NULL, NULL, NULL),
(93, 'Dr.Visut/Pat', '1', NULL, NULL, NULL, NULL, NULL, NULL, NULL, NULL),
(94, 'Dr.Visut/Christen', '1', NULL, NULL, NULL, NULL, NULL, NULL, NULL, NULL),
(95, '', '1', NULL, NULL, NULL, NULL, NULL, NULL, NULL, NULL),
(96, 'Narin', '1', NULL, NULL, NULL, NULL, NULL, NULL, NULL, NULL),
(97, 'Yui', '1', NULL, NULL, NULL, NULL, NULL, NULL, NULL, NULL),
(98, 'Dr.Visut/Nicole', '1', NULL, NULL, NULL, NULL, NULL, NULL, NULL, NULL),
(99, 'Dr.Visut/WHS/IVB', '1', NULL, NULL, NULL, NULL, NULL, NULL, NULL, NULL),
(100, 'Kwang', '1', NULL, NULL, NULL, NULL, NULL, NULL, NULL, NULL),
(101, 'YoYo', '1', NULL, NULL, NULL, NULL, NULL, NULL, NULL, NULL),
(102, 'Dr.Visut/Yisin', '1', NULL, NULL, NULL, NULL, NULL, NULL, NULL, NULL),
(103, 'Doron', '1', NULL, NULL, NULL, NULL, NULL, NULL, NULL, NULL),
(104, 'Lili', '1', NULL, NULL, NULL, NULL, NULL, NULL, NULL, NULL),
(105, 'Yang', '1', NULL, NULL, NULL, NULL, NULL, NULL, NULL, NULL),
(106, 'Emmy', '1', NULL, NULL, NULL, NULL, NULL, NULL, NULL, NULL),
(107, 'Yui,Alek', '1', NULL, NULL, NULL, NULL, NULL, NULL, NULL, NULL),
(108, 'Yu Lan', '1', NULL, NULL, NULL, NULL, NULL, NULL, NULL, NULL),
(109, 'Shidan', '1', NULL, NULL, NULL, NULL, NULL, NULL, NULL, NULL),
(110, 'Floura', '1', NULL, NULL, NULL, NULL, NULL, NULL, NULL, NULL),
(111, 'Ann', '1', NULL, NULL, NULL, NULL, NULL, NULL, NULL, NULL),
(112, 'Ploy', '1', NULL, NULL, NULL, NULL, NULL, NULL, NULL, NULL),
(113, 'Dr.Thi/Pat', '1', NULL, NULL, NULL, NULL, NULL, NULL, NULL, NULL),
(114, 'Dr.Thi/Front', '1', NULL, NULL, NULL, NULL, NULL, NULL, NULL, NULL),
(115, 'Crystal', '1', NULL, NULL, NULL, NULL, NULL, NULL, NULL, NULL),
(116, 'Dr.Thi/Dr.Zong', '1', NULL, NULL, NULL, NULL, NULL, NULL, NULL, NULL),
(117, 'Gabby', '1', NULL, NULL, NULL, NULL, NULL, NULL, NULL, NULL),
(118, 'Sai', '1', NULL, NULL, NULL, NULL, NULL, NULL, NULL, NULL),
(119, 'Nutcha', '1', NULL, NULL, NULL, NULL, NULL, NULL, NULL, NULL),
(120, 'Dr.Thi/Christen', '1', NULL, NULL, NULL, NULL, NULL, NULL, NULL, NULL),
(121, 'Nikkie', '1', NULL, NULL, NULL, NULL, NULL, NULL, NULL, NULL),
(122, 'Nana', '1', NULL, NULL, NULL, NULL, NULL, NULL, NULL, NULL),
(123, 'Nadia', '1', NULL, NULL, NULL, NULL, NULL, NULL, NULL, NULL),
(124, 'Guo Qiang(Fa)', '1', NULL, NULL, NULL, NULL, NULL, NULL, NULL, NULL),
(125, 'Sarah', '1', NULL, NULL, NULL, NULL, NULL, NULL, NULL, NULL),
(126, 'Soya', '1', NULL, NULL, NULL, NULL, NULL, NULL, NULL, NULL),
(127, 'Mary', '1', NULL, NULL, NULL, NULL, NULL, NULL, NULL, NULL),
(128, 'Alek', '1', NULL, NULL, NULL, NULL, NULL, NULL, NULL, NULL),
(129, 'Aor', '1', NULL, NULL, NULL, NULL, NULL, NULL, NULL, NULL),
(130, 'Dr.Visut/Chau', '1', NULL, NULL, NULL, NULL, NULL, NULL, NULL, NULL),
(131, 'Fa', '1', NULL, NULL, NULL, NULL, NULL, NULL, NULL, NULL),
(132, 'Fah', '1', NULL, NULL, NULL, NULL, NULL, NULL, NULL, NULL),
(133, 'Lysis', '1', NULL, NULL, NULL, NULL, NULL, NULL, NULL, NULL),
(134, 'Wern', '1', NULL, NULL, NULL, NULL, NULL, NULL, NULL, NULL),
(135, 'Gong', '1', NULL, NULL, NULL, NULL, NULL, NULL, NULL, NULL),
(136, 'Dr.Surachai/Sara', '1', NULL, NULL, NULL, NULL, NULL, NULL, NULL, NULL),
(137, 'Dr.Surachai/Shingchai', '1', NULL, NULL, NULL, NULL, NULL, NULL, NULL, NULL),
(138, 'Dr.Visut/Keaw', '1', NULL, NULL, NULL, NULL, NULL, NULL, NULL, NULL),
(139, 'Dr.Visut/Kwan', '1', NULL, NULL, NULL, NULL, NULL, NULL, NULL, NULL),
(140, 'Sobee', '1', NULL, NULL, NULL, NULL, NULL, NULL, NULL, NULL),
(141, 'Kyo', '1', NULL, NULL, NULL, NULL, NULL, NULL, NULL, NULL),
(142, 'Lee', '1', NULL, NULL, NULL, NULL, NULL, NULL, NULL, NULL),
(143, 'Dr.Visut/Kik', '1', NULL, NULL, NULL, NULL, NULL, NULL, NULL, NULL),
(144, 'Wi', '1', NULL, NULL, NULL, NULL, NULL, NULL, NULL, NULL),
(145, 'Dr.Visut/Tae', '1', NULL, NULL, NULL, NULL, NULL, NULL, NULL, NULL),
(146, 'Jing Zhang', '1', NULL, NULL, NULL, NULL, NULL, NULL, NULL, NULL),
(147, 'Renton', '1', NULL, NULL, NULL, NULL, NULL, NULL, NULL, NULL),
(148, 'Ning', '1', NULL, NULL, NULL, NULL, NULL, NULL, NULL, NULL),
(149, 'Guo Qiang', '1', NULL, NULL, NULL, NULL, NULL, NULL, NULL, NULL),
(150, 'Dr.Visut/Chin', '1', NULL, NULL, NULL, NULL, NULL, NULL, NULL, NULL),
(151, 'Dr.Chanin', '1', NULL, NULL, NULL, NULL, NULL, NULL, NULL, NULL),
(152, 'Dr.Wirawat', '1', NULL, NULL, NULL, NULL, NULL, NULL, NULL, NULL),
(153, 'Dr.Visut/Tai', '1', NULL, NULL, NULL, NULL, NULL, NULL, NULL, NULL),
(154, 'Joy&Health', '1', NULL, NULL, NULL, NULL, NULL, NULL, NULL, NULL),
(155, 'Wan', '1', NULL, NULL, NULL, NULL, NULL, NULL, NULL, NULL),
(156, 'Yu', '1', NULL, NULL, NULL, NULL, NULL, NULL, NULL, NULL),
(157, 'Kitty', '1', NULL, NULL, NULL, NULL, NULL, NULL, NULL, NULL),
(158, 'Joy2', '1', NULL, NULL, NULL, NULL, NULL, NULL, NULL, NULL),
(159, 'Dr.Chatri', '1', NULL, NULL, NULL, NULL, NULL, NULL, NULL, NULL),
(160, 'Dr.Thi/WHS/IVB', '1', NULL, NULL, NULL, NULL, NULL, NULL, NULL, NULL),
(161, 'Dr.Visut/noy', '1', NULL, NULL, NULL, NULL, NULL, NULL, NULL, NULL),
(162, 'Dr.Visut/Noi', '1', NULL, NULL, NULL, NULL, NULL, NULL, NULL, NULL),
(163, 'Dr.Thi/Thaiyue', '1', NULL, NULL, NULL, NULL, NULL, NULL, NULL, NULL),
(164, 'Dr.Thi/July Heatly', '1', NULL, NULL, NULL, NULL, NULL, NULL, NULL, NULL),
(165, 'Dr.Thi/Li Yi', '1', NULL, NULL, NULL, NULL, NULL, NULL, NULL, NULL),
(166, 'Dr.Thi/Yam', '1', NULL, NULL, NULL, NULL, NULL, NULL, NULL, NULL),
(167, 'Dr.Visut/ปลายฟ้า', '1', NULL, NULL, NULL, NULL, NULL, NULL, NULL, NULL),
(168, 'Dr.Thi/Charlies', '1', NULL, NULL, NULL, NULL, NULL, NULL, NULL, NULL),
(169, 'Dr.Thi/Suphoj', '1', NULL, NULL, NULL, NULL, NULL, NULL, NULL, NULL),
(170, 'Dr.Visut/Plaifah', '1', NULL, NULL, NULL, NULL, NULL, NULL, NULL, NULL),
(171, 'Dr.Thi/Dr.Diana', '1', NULL, NULL, NULL, NULL, NULL, NULL, NULL, NULL),
(172, 'Dr.Visut/Thaiyue', '1', NULL, NULL, NULL, NULL, NULL, NULL, NULL, NULL),
(173, 'Dr.Visut/Ann', '1', NULL, NULL, NULL, NULL, NULL, NULL, NULL, NULL),
(174, 'Dr.Thi/Tae', '1', NULL, NULL, NULL, NULL, NULL, NULL, NULL, NULL),
(175, 'Dr.Thi/Kitty', '1', NULL, NULL, NULL, NULL, NULL, NULL, NULL, NULL),
(176, 'Dr.Thi/nana', '1', NULL, NULL, NULL, NULL, NULL, NULL, NULL, NULL),
(177, 'Dr.Thi/Shidan', '1', NULL, NULL, NULL, NULL, NULL, NULL, NULL, NULL),
(178, 'Dr.Thi/Minne', '1', NULL, NULL, NULL, NULL, NULL, NULL, NULL, NULL),
(179, 'Dr.Thi/kookkai', '1', NULL, NULL, NULL, NULL, NULL, NULL, NULL, NULL),
(180, 'Dr.Thi/Forease', '1', NULL, NULL, NULL, NULL, NULL, NULL, NULL, NULL),
(181, 'Dr.Visut/wang', '1', NULL, NULL, NULL, NULL, NULL, NULL, NULL, NULL),
(182, 'Dr.Visut/yoyo', '1', NULL, NULL, NULL, NULL, NULL, NULL, NULL, NULL),
(183, 'Dr.Thi/Lili', '1', NULL, NULL, NULL, NULL, NULL, NULL, NULL, NULL),
(184, 'Dr.Visut/Poo', '1', NULL, NULL, NULL, NULL, NULL, NULL, NULL, NULL),
(185, 'Dr.Visut/Tai', '1', NULL, NULL, NULL, NULL, NULL, NULL, NULL, NULL),
(186, 'Dr.Visut/minne', '1', NULL, NULL, NULL, NULL, NULL, NULL, NULL, NULL),
(187, 'Dr.Visut/Renton', '1', NULL, NULL, NULL, NULL, NULL, NULL, NULL, NULL),
(188, 'Dr.Visut/News', '1', NULL, NULL, NULL, NULL, NULL, NULL, NULL, NULL),
(189, 'Dr.Thi/Gaurav', '1', NULL, NULL, NULL, NULL, NULL, NULL, NULL, NULL),
(190, 'Dr.Thi/Frank', '1', NULL, NULL, NULL, NULL, NULL, NULL, NULL, NULL),
(191, 'Dr.Visut/Tina Li', '1', NULL, NULL, NULL, NULL, NULL, NULL, NULL, NULL),
(192, 'Dr.Visut/N่ ่wan', '1', NULL, NULL, NULL, NULL, NULL, NULL, NULL, NULL),
(193, 'Dr.Visut/Kitty', '1', NULL, NULL, NULL, NULL, NULL, NULL, NULL, NULL),
(194, 'Dr.Thi/Kookkai', '1', NULL, NULL, NULL, NULL, NULL, NULL, NULL, NULL),
(195, 'Dr.Visut/Shidan', '1', NULL, NULL, NULL, NULL, NULL, NULL, NULL, NULL),
(196, 'Dr.Thi/Wang', '1', NULL, NULL, NULL, NULL, NULL, NULL, NULL, NULL),
(197, 'Dr.Visut/Nancy', '1', NULL, NULL, NULL, NULL, NULL, NULL, NULL, NULL),
(198, 'Dr.Visut/Su', '1', NULL, NULL, NULL, NULL, NULL, NULL, NULL, NULL),
(199, 'Dr.Thi/Koi', '1', NULL, NULL, NULL, NULL, NULL, NULL, NULL, NULL),
(200, 'Dr.Thi/Cindy', '1', NULL, NULL, NULL, NULL, NULL, NULL, NULL, NULL),
(201, 'Dr.Visut/Li Yaoqing', '1', NULL, NULL, NULL, NULL, NULL, NULL, NULL, NULL),
(202, 'Dr.Visut/Cindy', '1', NULL, NULL, NULL, NULL, NULL, NULL, NULL, NULL),
(203, 'Dr.Thi/Renton', '1', NULL, NULL, NULL, NULL, NULL, NULL, NULL, NULL),
(204, 'Dr.thi/Chad', '1', NULL, NULL, NULL, NULL, NULL, NULL, NULL, NULL),
(205, 'Dr.Visut/Floura', '1', NULL, NULL, NULL, NULL, NULL, NULL, NULL, NULL),
(206, 'Dr.Visut/Piyaporn', '1', NULL, NULL, NULL, NULL, NULL, NULL, NULL, NULL),
(207, 'Dr.Visut/Ning', '1', NULL, NULL, NULL, NULL, NULL, NULL, NULL, NULL),
(208, 'Dr.Thi/Lin', '1', NULL, NULL, NULL, NULL, NULL, NULL, NULL, NULL),
(209, 'Pang', '1', NULL, NULL, NULL, NULL, NULL, NULL, NULL, NULL),
(210, 'Dr.Thi/Pang', '1', NULL, NULL, NULL, NULL, NULL, NULL, NULL, NULL),
(211, 'Dr.Visut/Aoui', '1', NULL, NULL, NULL, NULL, NULL, NULL, NULL, NULL),
(212, 'Visut(Pim)', '1', NULL, NULL, NULL, NULL, NULL, NULL, NULL, NULL),
(213, 'Dr.Thi/Huang', '1', NULL, NULL, NULL, NULL, NULL, NULL, NULL, NULL),
(214, 'Dr.Visut/Hong', '1', NULL, NULL, NULL, NULL, NULL, NULL, NULL, NULL),
(215, 'Dr.Thi/Tai', '1', NULL, NULL, NULL, NULL, NULL, NULL, NULL, NULL),
(216, 'Dr.Visut/Yuki', '1', NULL, NULL, NULL, NULL, NULL, NULL, NULL, NULL),
(217, 'Dr.Thi/Add Baby', '1', NULL, NULL, NULL, NULL, NULL, NULL, NULL, NULL),
(218, 'Dr.Thi/Aoui', '1', NULL, NULL, NULL, NULL, NULL, NULL, NULL, NULL),
(219, 'Dr.Thi/Ryan', '1', NULL, NULL, NULL, NULL, NULL, NULL, NULL, NULL),
(220, 'Dr.Thi/Yuki', '1', NULL, NULL, NULL, NULL, NULL, NULL, NULL, NULL),
(221, 'Dr.Visut/Benjamas', '1', NULL, NULL, NULL, NULL, NULL, NULL, NULL, NULL),
(222, 'Dr.Visut/Cherry', '1', NULL, NULL, NULL, NULL, NULL, NULL, NULL, NULL),
(223, 'Dr.Thi/Yingying', '1', NULL, NULL, NULL, NULL, NULL, NULL, NULL, NULL),
(224, 'Dr.Visut/Siam Twins', '1', NULL, NULL, NULL, NULL, NULL, NULL, NULL, NULL),
(225, 'Dr.Visut/Yam', '1', NULL, NULL, NULL, NULL, NULL, NULL, NULL, NULL),
(226, 'Dr.Thi/An an', '1', NULL, NULL, NULL, NULL, NULL, NULL, NULL, NULL),
(227, 'Dr.Thi/Plaifah', '1', NULL, NULL, NULL, NULL, NULL, NULL, NULL, NULL),
(228, 'Dr.Visut/Pang', '1', NULL, NULL, NULL, NULL, NULL, NULL, NULL, NULL),
(229, 'Dr.Thi/Siam Twins', '1', NULL, NULL, NULL, NULL, NULL, NULL, NULL, NULL),
(230, 'Dr.Thi/Yuki', '1', NULL, NULL, NULL, NULL, NULL, NULL, NULL, NULL),
(231, 'Dr.Thi/Amanda', '1', NULL, NULL, NULL, NULL, NULL, NULL, NULL, NULL),
(232, 'Dr.Thi/Poo', '1', NULL, NULL, NULL, NULL, NULL, NULL, NULL, NULL),
(233, 'Dr.Thi/Nam', '1', NULL, NULL, NULL, NULL, NULL, NULL, NULL, NULL),
(234, 'Dr.Thi/Akso', '1', NULL, NULL, NULL, NULL, NULL, NULL, NULL, NULL),
(235, 'Dr.Thi/Floura', '1', NULL, NULL, NULL, NULL, NULL, NULL, NULL, NULL),
(236, 'Dr.Visut/Yan', '1', NULL, NULL, NULL, NULL, NULL, NULL, NULL, NULL),
(237, 'Dr.Thi/Tai yun', '1', NULL, NULL, NULL, NULL, NULL, NULL, NULL, NULL),
(238, 'Dr.Thi/Lily', '1', NULL, NULL, NULL, NULL, NULL, NULL, NULL, NULL),
(239, 'Dr.Thi/Pan', '1', NULL, NULL, NULL, NULL, NULL, NULL, NULL, NULL),
(240, 'Dr.Thi/Manling', '1', NULL, NULL, NULL, NULL, NULL, NULL, NULL, NULL),
(241, 'Dr.Thi/Ravi', '1', NULL, NULL, NULL, NULL, NULL, NULL, NULL, NULL),
(242, 'Dr.Thi/Sara', '1', NULL, NULL, NULL, NULL, NULL, NULL, NULL, NULL),
(243, 'Dr.Thi/Nicole', '1', NULL, NULL, NULL, NULL, NULL, NULL, NULL, NULL),
(244, '', '1', NULL, NULL, NULL, NULL, NULL, NULL, NULL, NULL),
(245, 'Dr.Thi/Ang', '1', NULL, NULL, NULL, NULL, NULL, NULL, NULL, NULL),
(246, 'Dr.Visut/Mary(Li Mao)', '1', NULL, NULL, NULL, NULL, NULL, NULL, NULL, NULL),
(247, 'Dr.Visut/Jiamei', '1', NULL, NULL, NULL, NULL, NULL, NULL, NULL, NULL),
(248, 'Dr.Thi/Lala', '1', NULL, NULL, NULL, NULL, NULL, NULL, NULL, NULL),
(249, 'Dr.Thi/Meng yu', '1', NULL, NULL, NULL, NULL, NULL, NULL, NULL, NULL),
(250, 'Dr.Thi/Benjamas', '1', NULL, NULL, NULL, NULL, NULL, NULL, NULL, NULL),
(251, 'Dr.Visut/Wei Kai', '1', NULL, NULL, NULL, NULL, NULL, NULL, NULL, NULL),
(252, 'Dr.Visut/Phuong', '1', NULL, NULL, NULL, NULL, NULL, NULL, NULL, NULL),
(253, 'Dr.Thi/Plaifah', '1', NULL, NULL, NULL, NULL, NULL, NULL, NULL, NULL),
(254, 'Dr.Thi/Su', '1', NULL, NULL, NULL, NULL, NULL, NULL, NULL, NULL),
(255, 'Dr.Visut/Kanyee', '1', NULL, NULL, NULL, NULL, NULL, NULL, NULL, NULL),
(256, 'Dr.Thi/Aoui', '1', NULL, NULL, NULL, NULL, NULL, NULL, NULL, NULL),
(257, 'Dr.Thi/Dao', '1', NULL, NULL, NULL, NULL, NULL, NULL, NULL, NULL),
(258, 'Dr.Visut/Liang wang', '1', NULL, NULL, NULL, NULL, NULL, NULL, NULL, NULL),
(259, 'Dr.Thi/Bulin', '1', NULL, NULL, NULL, NULL, NULL, NULL, NULL, NULL),
(260, 'Dr.Thi/Pim', '1', NULL, NULL, NULL, NULL, NULL, NULL, NULL, NULL),
(261, 'Dr.Thi/Cherry', '1', NULL, NULL, NULL, NULL, NULL, NULL, NULL, NULL),
(262, 'Dr.Thi/Yoyo', '1', NULL, NULL, NULL, NULL, NULL, NULL, NULL, NULL),
(263, 'Dr.Visut/Rena', '1', NULL, NULL, NULL, NULL, NULL, NULL, NULL, NULL),
(264, 'Dr.Visut/Rena', '1', NULL, NULL, NULL, NULL, NULL, NULL, NULL, NULL),
(265, 'Dr.Thi/Rena', '1', NULL, NULL, NULL, NULL, NULL, NULL, NULL, NULL),
(266, 'Dr.Thi/Peter', '1', NULL, NULL, NULL, NULL, NULL, NULL, NULL, NULL),
(267, 'Dr.Visut/Lysis', '1', NULL, NULL, NULL, NULL, NULL, NULL, NULL, NULL),
(268, 'Dr.Visut/Forease', '1', NULL, NULL, NULL, NULL, NULL, NULL, NULL, NULL),
(269, 'Dr.Visut/Fon', '1', NULL, NULL, NULL, NULL, NULL, NULL, NULL, NULL),
(270, 'Dr.Thi/Lotus', '1', NULL, NULL, NULL, NULL, NULL, NULL, NULL, NULL),
(271, 'Dr.Visut/Manow', '1', NULL, NULL, NULL, NULL, NULL, NULL, NULL, NULL),
(272, 'Dr.Visut/Ryan', '1', NULL, NULL, NULL, NULL, NULL, NULL, NULL, NULL),
(273, 'Dr.Thi/Wei Jian', '1', NULL, NULL, NULL, NULL, NULL, NULL, NULL, NULL),
(274, 'Dr.Thi/Pim', '1', NULL, NULL, NULL, NULL, NULL, NULL, NULL, NULL),
(275, 'Dr.Visut/Pan', '1', NULL, NULL, NULL, NULL, NULL, NULL, NULL, NULL),
(276, '', '1', NULL, NULL, NULL, NULL, NULL, NULL, NULL, NULL),
(277, 'Dr.Visut/Sara', '1', NULL, NULL, NULL, NULL, NULL, NULL, NULL, NULL),
(278, 'Dr.Thi/Tianlun', '1', NULL, NULL, NULL, NULL, NULL, NULL, NULL, NULL),
(279, 'Dr.Visut/Micky', '1', NULL, NULL, NULL, NULL, NULL, NULL, NULL, NULL),
(280, 'Dr.Visut/Micky', '1', NULL, NULL, NULL, NULL, NULL, NULL, NULL, NULL),
(281, 'Dr.Thi/Micky', '1', NULL, NULL, NULL, NULL, NULL, NULL, NULL, NULL),
(282, 'Dr.Visut/Taptim', '1', NULL, NULL, NULL, NULL, NULL, NULL, NULL, NULL),
(283, 'Dr.Visut/Nutcha', '1', NULL, NULL, NULL, NULL, NULL, NULL, NULL, NULL),
(284, 'Dr.Thi/Kingbaby Health', '1', NULL, NULL, NULL, NULL, NULL, NULL, NULL, NULL),
(285, 'Dr.Visut/Kai,Dao', '1', NULL, NULL, NULL, NULL, NULL, NULL, NULL, NULL),
(286, 'Dr.Visut/Kai', '1', NULL, NULL, NULL, NULL, NULL, NULL, NULL, NULL),
(287, 'Dr.vi', '1', NULL, NULL, NULL, NULL, NULL, NULL, NULL, NULL),
(288, 'Dr.visut/sobee', '1', NULL, NULL, NULL, NULL, NULL, NULL, NULL, NULL),
(289, 'Dr.Thi/ว่าน', '1', NULL, NULL, NULL, NULL, NULL, NULL, NULL, NULL),
(290, 'Dr.Visut/Liyi', '1', NULL, NULL, NULL, NULL, NULL, NULL, NULL, NULL),
(291, 'Dr.Thi/Gong', '1', NULL, NULL, NULL, NULL, NULL, NULL, NULL, NULL),
(292, 'Dr.Thi/Chao', '1', NULL, NULL, NULL, NULL, NULL, NULL, NULL, NULL),
(293, 'Dr.Thi/Hong', '1', NULL, NULL, NULL, NULL, NULL, NULL, NULL, NULL),
(294, 'Dr.Thi/New Life', '1', NULL, NULL, NULL, NULL, NULL, NULL, NULL, NULL),
(295, 'Dr.Visut/Nam Amy', '1', NULL, NULL, NULL, NULL, NULL, NULL, NULL, NULL),
(296, 'Dr.Thi/Song', '1', NULL, NULL, NULL, NULL, NULL, NULL, NULL, NULL),
(297, 'Dr.Thi/Yang', '1', NULL, NULL, NULL, NULL, NULL, NULL, NULL, NULL),
(298, 'Dr.Visut/Cherry', '1', NULL, NULL, NULL, NULL, NULL, NULL, NULL, NULL),
(299, 'Dr.Thi/Sarah', '1', NULL, NULL, NULL, NULL, NULL, NULL, NULL, NULL),
(300, 'Dr.Thi/Bow', '1', NULL, NULL, NULL, NULL, NULL, NULL, NULL, NULL),
(301, '', '1', NULL, NULL, NULL, NULL, NULL, NULL, NULL, NULL),
(302, 'Dr.Visut/Joyce', '1', NULL, NULL, NULL, NULL, NULL, NULL, NULL, NULL),
(303, 'Dr.Thi/Nutcha', '1', NULL, NULL, NULL, NULL, NULL, NULL, NULL, NULL),
(304, 'Dr.Thi/Kanyee', '1', NULL, NULL, NULL, NULL, NULL, NULL, NULL, NULL),
(305, 'Dr.Visut/K.Wan', '1', NULL, NULL, NULL, NULL, NULL, NULL, NULL, NULL),
(306, 'Dr.Thi/Mary', '1', NULL, NULL, NULL, NULL, NULL, NULL, NULL, NULL),
(307, 'Dr.Visut/Napa', '1', NULL, NULL, NULL, NULL, NULL, NULL, NULL, NULL),
(308, 'Dr.Thi/Thai Baby', '1', NULL, NULL, NULL, NULL, NULL, NULL, NULL, NULL),
(309, 'Dr.Visut/Thai Baby', '1', NULL, NULL, NULL, NULL, NULL, NULL, NULL, NULL),
(310, 'Dr.Thi/Hong Yan', '1', NULL, NULL, NULL, NULL, NULL, NULL, NULL, NULL),
(311, 'Dr.Thi/Yu', '1', NULL, NULL, NULL, NULL, NULL, NULL, NULL, NULL),
(312, 'Dr.Thi/Long', '1', NULL, NULL, NULL, NULL, NULL, NULL, NULL, NULL),
(313, 'Dr.Thi/Crystal', '1', NULL, NULL, NULL, NULL, NULL, NULL, NULL, NULL),
(314, 'Dr.Thi/Wandee', '1', NULL, NULL, NULL, NULL, NULL, NULL, NULL, NULL),
(315, 'Dr.Thi/Ornwadee', '1', NULL, NULL, NULL, NULL, NULL, NULL, NULL, NULL),
(316, 'Dr.Thi/Fan', '1', NULL, NULL, NULL, NULL, NULL, NULL, NULL, NULL),
(317, 'Dr.Thi/Tina Li', '1', NULL, NULL, NULL, NULL, NULL, NULL, NULL, NULL),
(318, 'Dr.Thi/Tina Jo', '1', NULL, NULL, NULL, NULL, NULL, NULL, NULL, NULL),
(319, 'Dr.Visut/Tina Jo', '1', NULL, NULL, NULL, NULL, NULL, NULL, NULL, NULL),
(320, 'Dr.Thi/Nam Amy', '1', NULL, NULL, NULL, NULL, NULL, NULL, NULL, NULL),
(321, 'Dr.Thi/Jing Zhang', '1', NULL, NULL, NULL, NULL, NULL, NULL, NULL, NULL),
(322, 'Dr.Thi/Nina CK', '1', NULL, NULL, NULL, NULL, NULL, NULL, NULL, NULL),
(323, 'Dr.Visut/Bow', '1', NULL, NULL, NULL, NULL, NULL, NULL, NULL, NULL),
(324, 'Dr.Thi/Kluay', '1', NULL, NULL, NULL, NULL, NULL, NULL, NULL, NULL),
(325, 'Dr.Thi/Liu Mao Qi', '1', NULL, NULL, NULL, NULL, NULL, NULL, NULL, NULL),
(326, 'jing zhang', '1', NULL, NULL, NULL, NULL, NULL, NULL, NULL, NULL),
(327, 'Dr.Thi/Liang Wang', '1', NULL, NULL, NULL, NULL, NULL, NULL, NULL, NULL),
(328, 'Dr.Thi/Sobee', '1', NULL, NULL, NULL, NULL, NULL, NULL, NULL, NULL),
(329, 'Dr.Thi/Alek', '1', NULL, NULL, NULL, NULL, NULL, NULL, NULL, NULL),
(330, 'Dr.Thi/Ping Li', '1', NULL, NULL, NULL, NULL, NULL, NULL, NULL, NULL),
(331, 'Dr.Thi/Guo Qiang', '1', NULL, NULL, NULL, NULL, NULL, NULL, NULL, NULL),
(332, 'Dr.Visut/Guo Qiang', '1', NULL, NULL, NULL, NULL, NULL, NULL, NULL, NULL),
(333, '', '1', NULL, NULL, NULL, NULL, NULL, NULL, NULL, NULL),
(334, 'Dr.Thi/Eddy', '1', NULL, NULL, NULL, NULL, NULL, NULL, NULL, NULL),
(335, '', '1', NULL, NULL, NULL, NULL, NULL, NULL, NULL, NULL),
(336, 'Dr.T/Kenneth wong', '1', NULL, NULL, NULL, NULL, NULL, NULL, NULL, NULL),
(337, '', '1', NULL, NULL, NULL, NULL, NULL, NULL, NULL, NULL),
(338, 'Dr.Thi/Yan', '1', NULL, NULL, NULL, NULL, NULL, NULL, NULL, NULL),
(339, 'Dr.Thi/Christine', '1', NULL, NULL, NULL, NULL, NULL, NULL, NULL, NULL),
(340, 'Dr.Visut/Yang', '1', NULL, NULL, NULL, NULL, NULL, NULL, NULL, NULL),
(341, 'Dr.Thi/Liyi', '1', NULL, NULL, NULL, NULL, NULL, NULL, NULL, NULL),
(342, 'Dr.Visut/Sarah', '1', NULL, NULL, NULL, NULL, NULL, NULL, NULL, NULL),
(343, 'Dr.Thi/Wang', '1', NULL, NULL, NULL, NULL, NULL, NULL, NULL, NULL);

-- --------------------------------------------------------

--
-- Table structure for table `Agent1`
--

CREATE TABLE `Agent1` (
  `AgentID` int(11) NOT NULL,
  `AgentName` varchar(250) COLLATE utf8_bin DEFAULT NULL,
  `active` varchar(45) COLLATE utf8_bin DEFAULT '1',
  `remark` varchar(255) COLLATE utf8_bin DEFAULT NULL,
  `sort1` varchar(45) COLLATE utf8_bin DEFAULT NULL,
  `date_create` varchar(45) COLLATE utf8_bin DEFAULT NULL,
  `date_modi` varchar(45) COLLATE utf8_bin DEFAULT NULL,
  `date_cancel` varchar(45) COLLATE utf8_bin DEFAULT NULL,
  `user_create` varchar(45) COLLATE utf8_bin DEFAULT NULL,
  `user_modi` varchar(45) COLLATE utf8_bin DEFAULT NULL,
  `user_cancel` varchar(45) COLLATE utf8_bin DEFAULT NULL
) ENGINE=MyISAM DEFAULT CHARSET=utf8 COLLATE=utf8_bin;

--
-- Dumping data for table `Agent1`
--

INSERT INTO `Agent1` (`AgentID`, `AgentName`, `active`, `remark`, `sort1`, `date_create`, `date_modi`, `date_cancel`, `user_create`, `user_modi`, `user_cancel`) VALUES
(1, 'NULL', '1', '', '', '', '', '', '', '', ''),
(45, 'Dr.Visut', '1', '', '', '', '', '', '', '', ''),
(46, 'Cherry', '1', '', '', '', '', '', '', '', ''),
(47, 'Dr.Visut/Amm', '1', '', '', '', '', '', '', '', ''),
(48, 'Namtan', '1', '', '', '', '', '', '', '', ''),
(49, 'Cathie', '1', '', '', '', '', '', '', '', ''),
(50, 'Dr.Visut/Front', '1', '', '', '', '', '', '', '', ''),
(51, 'Long', '1', '', '', '', '', '', '', '', ''),
(52, 'Dr.Visut/Mint', '1', '', '', '', '', '', '', '', ''),
(53, 'Kung', '1', '', '', '', '', '', '', '', ''),
(54, 'Dr.Thitikorn', '1', '', '', '', '', '', '', '', ''),
(55, 'Dr.Visut/Fueng', '1', '', '', '', '', '', '', '', ''),
(56, 'Dr.Visut/Dr.Zong', '1', '', '', '', '', '', '', '', ''),
(57, '', '1', '', '', '', '', '', '', '', ''),
(58, 'Dr.Visut/Joy', '1', '', '', '', '', '', '', '', ''),
(59, 'Dr.Visut/Kevin', '1', '', '', '', '', '', '', '', ''),
(60, '', '1', '', '', '', '', '', '', '', ''),
(66, 'Cathie/Genevieve', '1', '', '', '', '', '', '', '', ''),
(65, 'Dr.Visut/Yuya', '1', '', '', '', '', '', '', '', ''),
(64, 'Dr.Visut/Wan', '1', '', '', '', '', '', '', '', ''),
(67, 'George', '1', '', '', '', '', '', '', '', ''),
(68, 'Dr.Visut/Fon', '1', '', '', '', '', '', '', '', ''),
(69, 'Au', '1', '', '', '', '', '', '', '', ''),
(70, 'Nadia', '1', '', '', '', '', '', '', '', ''),
(71, 'Dr.Visut/Ead', '1', '', '', '', '', '', '', '', ''),
(80, 'Dr.Visut/Aew', '1', '', '', '', '', '', '', '', ''),
(73, 'Wandee', '1', '', '', '', '', '', '', '', ''),
(74, 'Dr.Visut/Lin', '1', '', '', '', '', '', '', '', ''),
(75, 'Ornwadee', '1', '', '', '', '', '', '', '', ''),
(76, 'Liu Mao Qi', '1', '', '', '', '', '', '', '', ''),
(77, 'May', '1', '', '', '', '', '', '', '', ''),
(78, 'Dr.Visut/Aoy', '1', '', '', '', '', '', '', '', ''),
(79, 'Benny', '1', '', '', '', '', '', '', '', ''),
(81, 'Linjee', '1', '', '', '', '', '', '', '', ''),
(82, 'Melody', '1', '', '', '', '', '', '', '', ''),
(83, 'Fon', '1', '', '', '', '', '', '', '', ''),
(84, 'Kennet', '1', '', '', '', '', '', '', '', ''),
(85, 'Nuna', '1', '', '', '', '', '', '', '', ''),
(86, 'Rena', '1', '', '', '', '', '', '', '', ''),
(87, '', '1', '', '', '', '', '', '', '', ''),
(88, 'Dr.T(Dr.So Sin Wa)', '1', '', '', '', '', '', '', '', ''),
(89, 'Jaturong', '1', '', '', '', '', '', '', '', ''),
(90, '', '1', '', '', '', '', '', '', '', ''),
(91, 'Dr.Visut/Bua', '1', '', '', '', '', '', '', '', ''),
(92, 'Dr.Visut/Dao', '1', '', '', '', '', '', '', '', ''),
(93, 'Dr.Visut/Pat', '1', '', '', '', '', '', '', '', ''),
(94, 'Dr.Visut/Christen', '1', '', '', '', '', '', '', '', ''),
(95, '', '1', '', '', '', '', '', '', '', ''),
(96, 'Narin', '1', '', '', '', '', '', '', '', ''),
(97, 'Yui', '1', '', '', '', '', '', '', '', ''),
(98, 'Dr.Visut/Nicole', '1', '', '', '', '', '', '', '', ''),
(99, 'Dr.Visut/WHS/IVB', '1', '', '', '', '', '', '', '', ''),
(100, 'Kwang', '1', '', '', '', '', '', '', '', ''),
(101, 'YoYo', '1', '', '', '', '', '', '', '', ''),
(102, 'Dr.Visut/Yisin', '1', '', '', '', '', '', '', '', ''),
(103, 'Doron', '1', '', '', '', '', '', '', '', ''),
(104, 'Lili', '1', '', '', '', '', '', '', '', ''),
(105, 'Yang', '1', '', '', '', '', '', '', '', ''),
(106, 'Emmy', '1', '', '', '', '', '', '', '', ''),
(107, 'Yui,Alek', '1', '', '', '', '', '', '', '', ''),
(108, 'Yu Lan', '1', '', '', '', '', '', '', '', ''),
(109, 'Shidan', '1', '', '', '', '', '', '', '', ''),
(110, 'Floura', '1', '', '', '', '', '', '', '', ''),
(111, 'Ann', '1', '', '', '', '', '', '', '', ''),
(112, 'Ploy', '1', '', '', '', '', '', '', '', ''),
(113, 'Dr.Thi/Pat', '1', '', '', '', '', '', '', '', ''),
(114, 'Dr.Thi/Front', '1', '', '', '', '', '', '', '', ''),
(115, 'Crystal', '1', '', '', '', '', '', '', '', ''),
(116, 'Dr.Thi/Dr.Zong', '1', '', '', '', '', '', '', '', ''),
(117, 'Gabby', '1', '', '', '', '', '', '', '', ''),
(118, 'Sai', '1', '', '', '', '', '', '', '', ''),
(119, 'Nutcha', '1', '', '', '', '', '', '', '', ''),
(120, 'Dr.Thi/Christen', '1', '', '', '', '', '', '', '', ''),
(121, 'Nikkie', '1', '', '', '', '', '', '', '', ''),
(122, 'Nana', '1', '', '', '', '', '', '', '', ''),
(123, 'Nadia', '1', '', '', '', '', '', '', '', ''),
(124, 'Guo Qiang(Fa)', '1', '', '', '', '', '', '', '', ''),
(125, 'Sarah', '1', '', '', '', '', '', '', '', ''),
(126, 'Soya', '1', '', '', '', '', '', '', '', ''),
(127, 'Mary', '1', '', '', '', '', '', '', '', ''),
(128, 'Alek', '1', '', '', '', '', '', '', '', ''),
(129, 'Aor', '1', '', '', '', '', '', '', '', ''),
(130, 'Dr.Visut/Chau', '1', '', '', '', '', '', '', '', ''),
(131, 'Fa', '1', '', '', '', '', '', '', '', ''),
(132, 'Fah', '1', '', '', '', '', '', '', '', ''),
(133, 'Lysis', '1', '', '', '', '', '', '', '', ''),
(134, 'Wern', '1', '', '', '', '', '', '', '', ''),
(135, 'Gong', '1', '', '', '', '', '', '', '', ''),
(136, 'Dr.Surachai/Sara', '1', '', '', '', '', '', '', '', ''),
(137, 'Dr.Surachai/Shingchai', '1', '', '', '', '', '', '', '', ''),
(138, 'Dr.Visut/Keaw', '1', '', '', '', '', '', '', '', ''),
(139, 'Dr.Visut/Kwan', '1', '', '', '', '', '', '', '', ''),
(140, 'Sobee', '1', '', '', '', '', '', '', '', ''),
(141, 'Kyo', '1', '', '', '', '', '', '', '', ''),
(142, 'Lee', '1', '', '', '', '', '', '', '', ''),
(143, 'Dr.Visut/Kik', '1', '', '', '', '', '', '', '', ''),
(144, 'Wi', '1', '', '', '', '', '', '', '', ''),
(145, 'Dr.Visut/Tae', '1', '', '', '', '', '', '', '', ''),
(146, 'Jing Zhang', '1', '', '', '', '', '', '', '', ''),
(147, 'Renton', '1', '', '', '', '', '', '', '', ''),
(148, 'Ning', '1', '', '', '', '', '', '', '', ''),
(149, 'Guo Qiang', '1', '', '', '', '', '', '', '', ''),
(150, 'Dr.Visut/Chin', '1', '', '', '', '', '', '', '', ''),
(151, 'Dr.Chanin', '1', '', '', '', '', '', '', '', ''),
(152, 'Dr.Wirawat', '1', '', '', '', '', '', '', '', ''),
(153, 'Dr.Visut/Tai', '1', '', '', '', '', '', '', '', ''),
(154, 'Joy&Health', '1', '', '', '', '', '', '', '', ''),
(155, 'Wan', '1', '', '', '', '', '', '', '', ''),
(156, 'Yu', '1', '', '', '', '', '', '', '', ''),
(157, 'Kitty', '1', '', '', '', '', '', '', '', ''),
(158, 'Joy2', '1', '', '', '', '', '', '', '', ''),
(159, 'Dr.Chatri', '1', '', '', '', '', '', '', '', ''),
(160, 'Dr.Thi/WHS/IVB', '1', '', '', '', '', '', '', '', ''),
(161, 'Dr.Visut/noy', '1', '', '', '', '', '', '', '', ''),
(162, 'Dr.Visut/Noi', '1', '', '', '', '', '', '', '', ''),
(163, 'Dr.Thi/Thaiyue', '1', '', '', '', '', '', '', '', ''),
(164, 'Dr.Thi/July Heatly', '1', '', '', '', '', '', '', '', ''),
(165, 'Dr.Thi/Li Yi', '1', '', '', '', '', '', '', '', ''),
(166, 'Dr.Thi/Yam', '1', '', '', '', '', '', '', '', ''),
(167, 'Dr.Visut/ปลายฟ้า', '1', '', '', '', '', '', '', '', ''),
(168, 'Dr.Thi/Charlies', '1', '', '', '', '', '', '', '', ''),
(169, 'Dr.Thi/Suphoj', '1', '', '', '', '', '', '', '', ''),
(170, 'Dr.Visut/Plaifah', '1', '', '', '', '', '', '', '', ''),
(171, 'Dr.Thi/Dr.Diana', '1', '', '', '', '', '', '', '', ''),
(172, 'Dr.Visut/Thaiyue', '1', '', '', '', '', '', '', '', ''),
(173, 'Dr.Visut/Ann', '1', '', '', '', '', '', '', '', ''),
(174, 'Dr.Thi/Tae', '1', '', '', '', '', '', '', '', ''),
(175, 'Dr.Thi/Kitty', '1', '', '', '', '', '', '', '', ''),
(176, 'Dr.Thi/nana', '1', '', '', '', '', '', '', '', ''),
(177, 'Dr.Thi/Shidan', '1', '', '', '', '', '', '', '', ''),
(178, 'Dr.Thi/Minne', '1', '', '', '', '', '', '', '', ''),
(179, 'Dr.Thi/kookkai', '1', '', '', '', '', '', '', '', ''),
(180, 'Dr.Thi/Forease', '1', '', '', '', '', '', '', '', ''),
(181, 'Dr.Visut/wang', '1', '', '', '', '', '', '', '', ''),
(182, 'Dr.Visut/yoyo', '1', '', '', '', '', '', '', '', ''),
(183, 'Dr.Thi/Lili', '1', '', '', '', '', '', '', '', ''),
(184, 'Dr.Visut/Poo', '1', '', '', '', '', '', '', '', ''),
(185, 'Dr.Visut/Tai', '1', '', '', '', '', '', '', '', ''),
(186, 'Dr.Visut/minne', '1', '', '', '', '', '', '', '', ''),
(187, 'Dr.Visut/Renton', '1', '', '', '', '', '', '', '', ''),
(188, 'Dr.Visut/News', '1', '', '', '', '', '', '', '', ''),
(189, 'Dr.Thi/Gaurav', '1', '', '', '', '', '', '', '', ''),
(190, 'Dr.Thi/Frank', '1', '', '', '', '', '', '', '', ''),
(191, 'Dr.Visut/Tina Li', '1', '', '', '', '', '', '', '', ''),
(192, 'Dr.Visut/N่ ่wan', '1', '', '', '', '', '', '', '', ''),
(193, 'Dr.Visut/Kitty', '1', '', '', '', '', '', '', '', ''),
(194, 'Dr.Thi/Kookkai', '1', '', '', '', '', '', '', '', ''),
(195, 'Dr.Visut/Shidan', '1', '', '', '', '', '', '', '', ''),
(196, 'Dr.Thi/Wang', '1', '', '', '', '', '', '', '', ''),
(197, 'Dr.Visut/Nancy', '1', '', '', '', '', '', '', '', ''),
(198, 'Dr.Visut/Su', '1', '', '', '', '', '', '', '', ''),
(199, 'Dr.Thi/Koi', '1', '', '', '', '', '', '', '', ''),
(200, 'Dr.Thi/Cindy', '1', '', '', '', '', '', '', '', ''),
(201, 'Dr.Visut/Li Yaoqing', '1', '', '', '', '', '', '', '', ''),
(202, 'Dr.Visut/Cindy', '1', '', '', '', '', '', '', '', ''),
(203, 'Dr.Thi/Renton', '1', '', '', '', '', '', '', '', ''),
(204, 'Dr.thi/Chad', '1', '', '', '', '', '', '', '', ''),
(205, 'Dr.Visut/Floura', '1', '', '', '', '', '', '', '', ''),
(206, 'Dr.Visut/Piyaporn', '1', '', '', '', '', '', '', '', ''),
(207, 'Dr.Visut/Ning', '1', '', '', '', '', '', '', '', ''),
(208, 'Dr.Thi/Lin', '1', '', '', '', '', '', '', '', ''),
(209, 'Pang', '1', '', '', '', '', '', '', '', ''),
(210, 'Dr.Thi/Pang', '1', '', '', '', '', '', '', '', ''),
(211, 'Dr.Visut/Aoui', '1', '', '', '', '', '', '', '', ''),
(212, 'Visut(Pim)', '1', '', '', '', '', '', '', '', ''),
(213, 'Dr.Thi/Huang', '1', '', '', '', '', '', '', '', ''),
(214, 'Dr.Visut/Hong', '1', '', '', '', '', '', '', '', ''),
(215, 'Dr.Thi/Tai', '1', '', '', '', '', '', '', '', ''),
(216, 'Dr.Visut/Yuki', '1', '', '', '', '', '', '', '', ''),
(217, 'Dr.Thi/Add Baby', '1', '', '', '', '', '', '', '', ''),
(218, 'Dr.Thi/Aoui', '1', '', '', '', '', '', '', '', ''),
(219, 'Dr.Thi/Ryan', '1', '', '', '', '', '', '', '', ''),
(220, 'Dr.Thi/Yuki', '1', '', '', '', '', '', '', '', ''),
(221, 'Dr.Visut/Benjamas', '1', '', '', '', '', '', '', '', ''),
(222, 'Dr.Visut/Cherry', '1', '', '', '', '', '', '', '', ''),
(223, 'Dr.Thi/Yingying', '1', '', '', '', '', '', '', '', ''),
(224, 'Dr.Visut/Siam Twins', '1', '', '', '', '', '', '', '', ''),
(225, 'Dr.Visut/Yam', '1', '', '', '', '', '', '', '', ''),
(226, 'Dr.Thi/An an', '1', '', '', '', '', '', '', '', ''),
(227, 'Dr.Thi/Plaifah', '1', '', '', '', '', '', '', '', ''),
(228, 'Dr.Visut/Pang', '1', '', '', '', '', '', '', '', ''),
(229, 'Dr.Thi/Siam Twins', '1', '', '', '', '', '', '', '', ''),
(230, 'Dr.Thi/Yuki', '1', '', '', '', '', '', '', '', ''),
(231, 'Dr.Thi/Amanda', '1', '', '', '', '', '', '', '', ''),
(232, 'Dr.Thi/Poo', '1', '', '', '', '', '', '', '', ''),
(233, 'Dr.Thi/Nam', '1', '', '', '', '', '', '', '', ''),
(234, 'Dr.Thi/Akso', '1', '', '', '', '', '', '', '', ''),
(235, 'Dr.Thi/Floura', '1', '', '', '', '', '', '', '', ''),
(236, 'Dr.Visut/Yan', '1', '', '', '', '', '', '', '', ''),
(237, 'Dr.Thi/Tai yun', '1', '', '', '', '', '', '', '', ''),
(238, 'Dr.Thi/Lily', '1', '', '', '', '', '', '', '', ''),
(239, 'Dr.Thi/Pan', '1', '', '', '', '', '', '', '', ''),
(240, 'Dr.Thi/Manling', '1', '', '', '', '', '', '', '', ''),
(241, 'Dr.Thi/Ravi', '1', '', '', '', '', '', '', '', ''),
(242, 'Dr.Thi/Sara', '1', '', '', '', '', '', '', '', ''),
(243, 'Dr.Thi/Nicole', '1', '', '', '', '', '', '', '', ''),
(244, '', '1', '', '', '', '', '', '', '', ''),
(245, 'Dr.Thi/Ang', '1', '', '', '', '', '', '', '', ''),
(246, 'Dr.Visut/Mary(Li Mao)', '1', '', '', '', '', '', '', '', ''),
(247, 'Dr.Visut/Jiamei', '1', '', '', '', '', '', '', '', ''),
(248, 'Dr.Thi/Lala', '1', '', '', '', '', '', '', '', ''),
(249, 'Dr.Thi/Meng yu', '1', '', '', '', '', '', '', '', ''),
(250, 'Dr.Thi/Benjamas', '1', '', '', '', '', '', '', '', ''),
(251, 'Dr.Visut/Wei Kai', '1', '', '', '', '', '', '', '', ''),
(252, 'Dr.Visut/Phuong', '1', '', '', '', '', '', '', '', ''),
(253, 'Dr.Thi/Plaifah', '1', '', '', '', '', '', '', '', ''),
(254, 'Dr.Thi/Su', '1', '', '', '', '', '', '', '', ''),
(255, 'Dr.Visut/Kanyee', '1', '', '', '', '', '', '', '', ''),
(256, 'Dr.Thi/Aoui', '1', '', '', '', '', '', '', '', ''),
(257, 'Dr.Thi/Dao', '1', '', '', '', '', '', '', '', ''),
(258, 'Dr.Visut/Liang wang', '1', '', '', '', '', '', '', '', ''),
(259, 'Dr.Thi/Bulin', '1', '', '', '', '', '', '', '', ''),
(260, 'Dr.Thi/Pim', '1', '', '', '', '', '', '', '', ''),
(261, 'Dr.Thi/Cherry', '1', '', '', '', '', '', '', '', ''),
(262, 'Dr.Thi/Yoyo', '1', '', '', '', '', '', '', '', ''),
(263, 'Dr.Visut/Rena', '1', '', '', '', '', '', '', '', ''),
(264, 'Dr.Visut/Rena', '1', '', '', '', '', '', '', '', ''),
(265, 'Dr.Thi/Rena', '1', '', '', '', '', '', '', '', ''),
(266, 'Dr.Thi/Peter', '1', '', '', '', '', '', '', '', ''),
(267, 'Dr.Visut/Lysis', '1', '', '', '', '', '', '', '', ''),
(268, 'Dr.Visut/Forease', '1', '', '', '', '', '', '', '', ''),
(269, 'Dr.Visut/Fon', '1', '', '', '', '', '', '', '', ''),
(270, 'Dr.Thi/Lotus', '1', '', '', '', '', '', '', '', ''),
(271, 'Dr.Visut/Manow', '1', '', '', '', '', '', '', '', ''),
(272, 'Dr.Visut/Ryan', '1', '', '', '', '', '', '', '', ''),
(273, 'Dr.Thi/Wei Jian', '1', '', '', '', '', '', '', '', ''),
(274, 'Dr.Thi/Pim', '1', '', '', '', '', '', '', '', ''),
(275, 'Dr.Visut/Pan', '1', '', '', '', '', '', '', '', ''),
(276, '', '1', '', '', '', '', '', '', '', ''),
(277, 'Dr.Visut/Sara', '1', '', '', '', '', '', '', '', ''),
(278, 'Dr.Thi/Tianlun', '1', '', '', '', '', '', '', '', ''),
(279, 'Dr.Visut/Micky', '1', '', '', '', '', '', '', '', ''),
(280, 'Dr.Visut/Micky', '1', '', '', '', '', '', '', '', ''),
(281, 'Dr.Thi/Micky', '1', '', '', '', '', '', '', '', ''),
(282, 'Dr.Visut/Taptim', '1', '', '', '', '', '', '', '', ''),
(283, 'Dr.Visut/Nutcha', '1', '', '', '', '', '', '', '', ''),
(284, 'Dr.Thi/Kingbaby Health', '1', '', '', '', '', '', '', '', ''),
(285, 'Dr.Visut/Kai,Dao', '1', '', '', '', '', '', '', '', ''),
(286, 'Dr.Visut/Kai', '1', '', '', '', '', '', '', '', ''),
(287, 'Dr.vi', '1', '', '', '', '', '', '', '', ''),
(288, 'Dr.visut/sobee', '1', '', '', '', '', '', '', '', ''),
(289, 'Dr.Thi/ว่าน', '1', '', '', '', '', '', '', '', ''),
(290, 'Dr.Visut/Liyi', '1', '', '', '', '', '', '', '', ''),
(291, 'Dr.Thi/Gong', '1', '', '', '', '', '', '', '', ''),
(292, 'Dr.Thi/Chao', '1', '', '', '', '', '', '', '', ''),
(293, 'Dr.Thi/Hong', '1', '', '', '', '', '', '', '', ''),
(294, 'Dr.Thi/New Life', '1', '', '', '', '', '', '', '', ''),
(295, 'Dr.Visut/Nam Amy', '1', '', '', '', '', '', '', '', ''),
(296, 'Dr.Thi/Song', '1', '', '', '', '', '', '', '', ''),
(297, 'Dr.Thi/Yang', '1', '', '', '', '', '', '', '', ''),
(298, 'Dr.Visut/Cherry', '1', '', '', '', '', '', '', '', ''),
(299, 'Dr.Thi/Sarah', '1', '', '', '', '', '', '', '', ''),
(300, 'Dr.Thi/Bow', '1', '', '', '', '', '', '', '', ''),
(301, '', '1', '', '', '', '', '', '', '', ''),
(302, 'Dr.Visut/Joyce', '1', '', '', '', '', '', '', '', ''),
(303, 'Dr.Thi/Nutcha', '1', '', '', '', '', '', '', '', ''),
(304, 'Dr.Thi/Kanyee', '1', '', '', '', '', '', '', '', ''),
(305, 'Dr.Visut/K.Wan', '1', '', '', '', '', '', '', '', ''),
(306, 'Dr.Thi/Mary', '1', '', '', '', '', '', '', '', ''),
(307, 'Dr.Visut/Napa', '1', '', '', '', '', '', '', '', ''),
(308, 'Dr.Thi/Thai Baby', '1', '', '', '', '', '', '', '', ''),
(309, 'Dr.Visut/Thai Baby', '1', '', '', '', '', '', '', '', ''),
(310, 'Dr.Thi/Hong Yan', '1', '', '', '', '', '', '', '', ''),
(311, 'Dr.Thi/Yu', '1', '', '', '', '', '', '', '', ''),
(312, 'Dr.Thi/Long', '1', '', '', '', '', '', '', '', ''),
(313, 'Dr.Thi/Crystal', '1', '', '', '', '', '', '', '', ''),
(314, 'Dr.Thi/Wandee', '1', '', '', '', '', '', '', '', ''),
(315, 'Dr.Thi/Ornwadee', '1', '', '', '', '', '', '', '', ''),
(316, 'Dr.Thi/Fan', '1', '', '', '', '', '', '', '', ''),
(317, 'Dr.Thi/Tina Li', '1', '', '', '', '', '', '', '', ''),
(318, 'Dr.Thi/Tina Jo', '1', '', '', '', '', '', '', '', ''),
(319, 'Dr.Visut/Tina Jo', '1', '', '', '', '', '', '', '', ''),
(320, 'Dr.Thi/Nam Amy', '1', '', '', '', '', '', '', '', ''),
(321, 'Dr.Thi/Jing Zhang', '1', '', '', '', '', '', '', '', ''),
(322, 'Dr.Thi/Nina CK', '1', '', '', '', '', '', '', '', ''),
(323, 'Dr.Visut/Bow', '1', '', '', '', '', '', '', '', ''),
(324, 'Dr.Thi/Kluay', '1', '', '', '', '', '', '', '', ''),
(325, 'Dr.Thi/Liu Mao Qi', '1', '', '', '', '', '', '', '', ''),
(326, 'jing zhang', '1', '', '', '', '', '', '', '', ''),
(327, 'Dr.Thi/Liang Wang', '1', '', '', '', '', '', '', '', ''),
(328, 'Dr.Thi/Sobee', '1', '', '', '', '', '', '', '', ''),
(329, 'Dr.Thi/Alek', '1', '', '', '', '', '', '', '', ''),
(330, 'Dr.Thi/Ping Li', '1', '', '', '', '', '', '', '', ''),
(331, 'Dr.Thi/Guo Qiang', '1', '', '', '', '', '', '', '', ''),
(332, 'Dr.Visut/Guo Qiang', '1', '', '', '', '', '', '', '', ''),
(333, '', '1', '', '', '', '', '', '', '', ''),
(334, 'Dr.Thi/Eddy', '1', '', '', '', '', '', '', '', ''),
(335, '', '1', '', '', '', '', '', '', '', ''),
(336, 'Dr.T/Kenneth wong', '1', '', '', '', '', '', '', '', ''),
(337, '', '1', '', '', '', '', '', '', '', ''),
(338, 'Dr.Thi/Yan', '1', '', '', '', '', '', '', '', ''),
(339, 'Dr.Thi/Christine', '1', '', '', '', '', '', '', '', ''),
(340, 'Dr.Visut/Yang', '1', '', '', '', '', '', '', '', ''),
(341, 'Dr.Thi/Liyi', '1', '', '', '', '', '', '', '', ''),
(342, 'Dr.Visut/Sarah', '1', '', '', '', '', '', '', '', ''),
(343, 'Dr.Thi/Wang', '1', '', '', '', '', '', '', '', '');

-- --------------------------------------------------------

--
-- Table structure for table `Appointment`
--

CREATE TABLE `Appointment` (
  `ID` int(11) NOT NULL,
  `PID` int(11) DEFAULT NULL,
  `PIDS` varchar(250) COLLATE utf8_unicode_ci DEFAULT NULL,
  `AppTime` varchar(100) COLLATE utf8_unicode_ci DEFAULT NULL,
  `AppDate` date DEFAULT NULL,
  `Doctor` varchar(250) COLLATE utf8_unicode_ci DEFAULT NULL,
  `Status` tinyint(4) DEFAULT NULL COMMENT '0=cancel; 1=appointment;2=ready',
  `PatientName` varchar(250) COLLATE utf8_unicode_ci DEFAULT NULL,
  `MobilePhoneNo` varchar(250) COLLATE utf8_unicode_ci DEFAULT NULL,
  `PName` varchar(200) COLLATE utf8_unicode_ci DEFAULT NULL,
  `PSurname` varchar(250) COLLATE utf8_unicode_ci DEFAULT NULL,
  `DateOfBirth` date DEFAULT NULL,
  `HormoneTest` tinyint(4) DEFAULT '0',
  `TVS` tinyint(4) DEFAULT '0',
  `OPU` tinyint(4) DEFAULT '0',
  `OPUTime` varchar(250) COLLATE utf8_unicode_ci DEFAULT NULL,
  `OPURemark` varchar(250) COLLATE utf8_unicode_ci DEFAULT NULL,
  `ET_FET` tinyint(4) DEFAULT '0',
  `ET_FET_Time` varchar(250) COLLATE utf8_unicode_ci DEFAULT NULL,
  `BetaHCG` tinyint(4) DEFAULT '0',
  `Other` tinyint(4) DEFAULT '0',
  `OtherRemark` varchar(250) COLLATE utf8_unicode_ci DEFAULT NULL,
  `Comment` varchar(250) COLLATE utf8_unicode_ci DEFAULT NULL,
  `e2` varchar(45) COLLATE utf8_unicode_ci DEFAULT NULL,
  `lh` varchar(45) COLLATE utf8_unicode_ci DEFAULT NULL,
  `endo` varchar(45) COLLATE utf8_unicode_ci DEFAULT NULL,
  `prl` varchar(45) COLLATE utf8_unicode_ci DEFAULT NULL,
  `fsh` varchar(45) COLLATE utf8_unicode_ci DEFAULT NULL,
  `rt_ovary` varchar(45) COLLATE utf8_unicode_ci DEFAULT NULL,
  `lt_ovary` varchar(45) COLLATE utf8_unicode_ci DEFAULT NULL,
  `day1` varchar(255) COLLATE utf8_unicode_ci DEFAULT NULL,
  `et` varchar(45) COLLATE utf8_unicode_ci DEFAULT NULL,
  `et_time` varchar(45) COLLATE utf8_unicode_ci DEFAULT NULL,
  `tvs_time` varchar(45) COLLATE utf8_unicode_ci DEFAULT NULL,
  `sperm_collect` varchar(45) COLLATE utf8_unicode_ci DEFAULT NULL
) ENGINE=MyISAM DEFAULT CHARSET=utf8 COLLATE=utf8_unicode_ci;

--
-- Dumping data for table `Appointment`
--

INSERT INTO `Appointment` (`ID`, `PID`, `PIDS`, `AppTime`, `AppDate`, `Doctor`, `Status`, `PatientName`, `MobilePhoneNo`, `PName`, `PSurname`, `DateOfBirth`, `HormoneTest`, `TVS`, `OPU`, `OPUTime`, `OPURemark`, `ET_FET`, `ET_FET_Time`, `BetaHCG`, `Other`, `OtherRemark`, `Comment`, `e2`, `lh`, `endo`, `prl`, `fsh`, `rt_ovary`, `lt_ovary`, `day1`, `et`, `et_time`, `tvs_time`, `sperm_collect`) VALUES
(17693, 20190010, 'HN-90010/62', '06:30', '2019-03-18', 'Dr. Visut Suvithayasiri', 1, 'Mrs. Tes Tes', '', 'Mrs. Tes Tes', 'Tes Tes', NULL, 1, 1, 0, '', 'Not Allow to drink or eat from (งดน้ำ งดอาหาร ตั้งแต่เวลา)', 0, '', 0, 0, '', '', '0', '0', '0', '0', '0', '0', '0', '', '0', '', '', '0'),
(17694, 20190010, 'HN-90010/62', '', '2019-03-11', '', 1, 'Mrs. Tes Tes', '', 'Mrs. Tes Tes', 'Tes Tes', NULL, 0, 0, 0, '', 'Not Allow to drink or eat from (งดน้ำ งดอาหาร ตั้งแต่เวลา)', 0, '', 0, 0, '', '', '0', '0', '0', '0', '0', '0', '0', '', '0', '', '', '0'),
(17695, 20190010, 'HN-90010/62', '06:30', '2019-03-18', 'Dr. Visut Suvithayasiri', 1, 'Mrs. Tes Tes', '', 'Mrs. Tes Tes', 'Tes Tes', NULL, 1, 1, 0, '', 'Not Allow to drink or eat from (งดน้ำ งดอาหาร ตั้งแต่เวลา)', 0, '', 0, 0, '', '', '0', '0', '0', '0', '0', '0', '0', '', '0', '', '', '0'),
(17696, 20190008, 'HN-90008/62', '10:00', '2019-03-14', 'Dr. Thitikorn Wanichkul', 1, 'Mrs. Tes Tes Tes', '', 'Mrs. Tes Tes Tes', 'Tes Tes', NULL, 0, 0, 1, '07:00', 'Not Allow to drink or eat from (งดน้ำ งดอาหาร ตั้งแต่เวลา)', 0, '', 0, 0, 'E2,LH', '', '0', '0', '0', '0', '0', '0', '0', '7', '0', '', '10:00', '0'),
(17697, 20190008, 'HN-90008/62', '06:00', '2019-03-21', 'Dr. Thitikorn Wanichkul', 1, 'Mrs. Tes Tes Tes', '', 'Mrs. Tes Tes Tes', 'Tes Tes', NULL, 0, 0, 1, '07:00', 'Not Allow to drink or eat from (งดน้ำ งดอาหาร ตั้งแต่เวลา)', 0, '', 0, 0, '', '', '0', '0', '0', '0', '0', '0', '0', '', '0', '', '', '0');

-- --------------------------------------------------------

--
-- Table structure for table `ApproveDiscount`
--

CREATE TABLE `ApproveDiscount` (
  `ID` bigint(20) NOT NULL,
  `VN` bigint(20) DEFAULT NULL,
  `UserName` varchar(255) COLLATE utf8_unicode_ci DEFAULT NULL
) ENGINE=InnoDB DEFAULT CHARSET=utf8 COLLATE=utf8_unicode_ci;

-- --------------------------------------------------------

--
-- Table structure for table `BillDetail`
--

CREATE TABLE `BillDetail` (
  `ID` bigint(20) NOT NULL,
  `VN` bigint(20) DEFAULT NULL,
  `Name` varchar(255) COLLATE utf8_unicode_ci NOT NULL,
  `Extra` int(11) DEFAULT NULL,
  `Price` decimal(10,2) DEFAULT NULL,
  `Total` decimal(10,2) DEFAULT NULL,
  `GroupType` varchar(250) COLLATE utf8_unicode_ci DEFAULT NULL,
  `Comment` text COLLATE utf8_unicode_ci,
  `item_id` int(11) DEFAULT NULL
) ENGINE=InnoDB DEFAULT CHARSET=utf8 COLLATE=utf8_unicode_ci;

--
-- Dumping data for table `BillDetail`
--

INSERT INTO `BillDetail` (`ID`, `VN`, `Name`, `Extra`, `Price`, `Total`, `GroupType`, `Comment`, `item_id`) VALUES
(669796, 2019009, 'a-CGH (maximum 8 embryos)', 0, '160000.00', '160000.00', 'Package', '', NULL),
(669797, 2019009, 'PGD(10embryos)', 0, '100000.00', '0.00', 'IVF Laboratory / ค่าตรวจทางห้องปฎิบัติการไอวีเอฟ', '', NULL),
(669798, 2019009, 'ANA (ANF,FANA)', 0, '1000.00', '0.00', 'Laboratory / ค่าตรวจทางห้องปฎิบัติการ', '', NULL),
(669799, 2019009, 'Embryo Storage per Embryo per Year', 0, '1200.00', '0.00', 'IVF Laboratory / ค่าตรวจทางห้องปฎิบัติการไอวีเอฟ', '', NULL),
(669800, 2019009, 'Handling for Embryologist (HIV)', 0, '10000.00', '0.00', 'IVF Laboratory / ค่าตรวจทางห้องปฎิบัติการไอวีเอฟ', '', NULL),
(669801, 2019009, '5%D/N/1/2', 0, '600.00', '0.00', 'Medicine / ค่ายา', '', NULL),
(669802, 2019009, 'Acupuncture', 0, '5000.00', '0.00', 'Investigation and Treatments / ค่าตรวจพิเศษ', '', NULL),
(669803, 2019009, 'AMH', 1, '3000.00', '3000.00', 'Laboratory / ค่าตรวจทางห้องปฎิบัติการ', '', NULL),
(669804, 2019009, 'a-CGH Extra per Embryo', 1, '15000.00', '15000.00', 'IVF Laboratory / ค่าตรวจทางห้องปฎิบัติการไอวีเอฟ', '', NULL),
(669805, 2019009, 'HA Assist sperm selection', 1, '15000.00', '15000.00', 'IVF Laboratory / ค่าตรวจทางห้องปฎิบัติการไอวีเอฟ', '', NULL),
(669806, 2019009, 'Embryo Glue', 1, '10000.00', '10000.00', 'IVF Laboratory / ค่าตรวจทางห้องปฎิบัติการไอวีเอฟ', '', NULL),
(669807, 2019009, 'Adrenaline Inj.', 0, '150.00', '150.00', 'Medicine / ค่ายา', '', NULL),
(669808, 2019009, 'Aspirin 81 mg. ', 0, '3.00', '3.00', 'Medicine / ค่ายา', '', NULL),
(669809, 2019009, 'Duphaston 10 mg ', 0, '35.00', '35.00', 'Medicine / ค่ายา', '', NULL),
(669810, 2019009, 'Folic Acid ', 0, '10.00', '10.00', 'Medicine / ค่ายา', '', NULL),
(669811, 2019009, 'Progynova 2 mg.', 0, '10.00', '10.00', 'Medicine / ค่ายา', '', NULL),
(669812, 2019009, 'Utrogestan (Insert) 200mg', 0, '40.00', '40.00', 'Medicine / ค่ายา', '', NULL),
(669813, 2019009, 'Vitamin C', 0, '5.00', '5.00', 'Medicine / ค่ายา', '', NULL),
(669814, 2019009, '1st Trimaster Screening', 0, '1800.00', '1800.00', 'Investigation and Treatments / ค่าตรวจพิเศษ', '', NULL),
(669933, 20190323004, 'Package FET with Assisted Hatching (Dr. T) Payment 1/1', 0, '20000.00', '20000.00', 'Package', '', NULL),
(669934, 20190323004, 'DF 500', 0, '500.00', '500.00', 'Doctor fee / ค่าตรวจรักษาผู้ป่วยนอก', '', NULL),
(669935, 20190323004, 'TAS 2000', 0, '2000.00', '2000.00', 'Package', '', NULL),
(669936, 2019005, 'Antacil gel', 0, '80.00', '80.00', 'Medicine / ค่ายา', '', NULL),
(669937, 2019005, 'Antacil gel', 0, '80.00', '80.00', 'Medicine / ค่ายา', '', NULL),
(669938, 2019005, 'Aspirin 81 mg', 0, '3.00', '3.00', 'Medicine / ค่ายา', '', NULL),
(669939, 2019005, 'Decapeptyl 0.1 mg', 0, '2000.00', '2000.00', 'Medicine / ค่ายา', '', NULL),
(669940, 2019005, 'Pregnyl 1500 IU', 0, '1000.00', '1000.00', 'Medicine / ค่ายา', '', NULL),
(669941, 20190323004, 'Package FET with Assisted Hatching (Dr. T)2/4', 0, '10000.00', '10000.00', 'Package', '', 24),
(669942, 20190323004, 'Package FET with Assisted Hatching (Dr. T)2/4', 0, '10000.00', '10000.00', 'Package', '', 24),
(669944, 20190325001, 'Package FET with Assisted Hatching (Dr. T)2/4', 0, '10000.00', '10000.00', 'Package', '', 24),
(669945, 20190325003, 'Package FET with Assisted Hatching (Dr. T)2/4', 0, '10000.00', '10000.00', 'Package', '', 24),
(669946, 20190325004, 'Package FET with Assisted Hatching (Dr. T)3/4', 0, '10000.00', '10000.00', 'Package', '', 24),
(669947, 20190325005, 'Package FET with Assisted Hatching (Dr. T)4/4', 0, '10000.00', '10000.00', 'Package', '', 24),
(669948, 20190325006, 'Package FET with Assisted Hatching (Dr. T)4/4', 0, '10000.00', '10000.00', 'Package', '', 24),
(669951, 20190325008, 'Package FET with Assisted Hatching (Dr. T)1/4', 0, '20000.00', '20000.00', 'Package', '', 24),
(669952, 20190325009, 'Package FET with Assisted Hatching (Dr. T)3/4', 0, '10000.00', '10000.00', 'Package', '', 24),
(669953, 20190325007, 'Package FET with Assisted Hatching (Dr. T)4/4', 0, '10000.00', '10000.00', 'Package', '', 24),
(669954, 20190325007, 'Package ICSI stimulation OPU, ET, B-HCG age under 33-37 years1/1', 0, '270000.00', '270000.00', 'Package', '', 10),
(669955, 20190324004, 'Freezing : Extra per straw', 1, '2000.00', '2000.00', 'IVF Laboratory / ค่าตรวจทางห้องปฎิบัติการไอวีเอฟ', '', 39),
(669956, 20190324004, 'Freezing : Extra per straw', 1, '2000.00', '2000.00', 'IVF Laboratory / ค่าตรวจทางห้องปฎิบัติการไอวีเอฟ', '', 39),
(669957, 20190324004, 'Freezing Embryo/Oocyte per straw', 1, '2000.00', '2000.00', 'IVF Laboratory / ค่าตรวจทางห้องปฎิบัติการไอวีเอฟ', '', 62),
(669958, 2019012, 'AMH', 1, '3000.00', '3000.00', 'Laboratory / ค่าตรวจทางห้องปฎิบัติการ', '', 10),
(669959, 2019012, 'FET', 1, '50000.00', '50000.00', 'IVF Laboratory / ค่าตรวจทางห้องปฎิบัติการไอวีเอฟ', '', 22),
(669960, 2019012, 'ANA (ANF,FANA)', 1, '1000.00', '1000.00', 'Laboratory / ค่าตรวจทางห้องปฎิบัติการ', '', 96),
(669961, 2019012, 'Anti Cardiolipin Ab(IgG,IgM)', 1, '2800.00', '2800.00', 'Laboratory / ค่าตรวจทางห้องปฎิบัติการ', '', 142),
(669962, 2019012, 'Anti Cardiolipin Ab IgG', 1, '1400.00', '1400.00', 'Laboratory / ค่าตรวจทางห้องปฎิบัติการ', '', 143),
(669963, 2019012, 'Anti Cardiolipin Ab IgM', 1, '1400.00', '1400.00', 'Laboratory / ค่าตรวจทางห้องปฎิบัติการ', '', 144),
(669964, 2019012, 'Dr.Fee Precaution', 0, '25000.00', '25000.00', 'Package', '', 124),
(669965, 2019012, 'เครื่องมือแพทย์+ค่าหัถตการ', 0, '10000.00', '10000.00', 'Nursing fee / ค่าบริการการพยาบาล', '', 144),
(669966, 2019012, 'Injection fee for nurse', 0, '5000.00', '5000.00', 'Nursing fee / ค่าบริการการพยาบาล', '', 150),
(669967, 2019012, 'DF', 0, '10000.00', '10000.00', 'Package', '', 155),
(669968, 20190423001, 'Package a-CGH (maximum 8 embryos)1/1', 0, '160000.00', '160000.00', 'Package', '', 37),
(669969, 20190423001, 'AMH', 1, '3000.00', '3000.00', 'Laboratory / ค่าตรวจทางห้องปฎิบัติการ', '', 10),
(669970, 20190423001, 'Doctor Fee for HIV', 1, '25000.00', '25000.00', 'IVF Laboratory / ค่าตรวจทางห้องปฎิบัติการไอวีเอฟ', '', 175);

-- --------------------------------------------------------

--
-- Table structure for table `BillGroup`
--

CREATE TABLE `BillGroup` (
  `ID` bigint(20) NOT NULL,
  `Name` varchar(255) COLLATE utf8_unicode_ci DEFAULT NULL,
  `status_discount` varchar(45) COLLATE utf8_unicode_ci DEFAULT '0',
  `active` varchar(45) COLLATE utf8_unicode_ci DEFAULT '1'
) ENGINE=InnoDB DEFAULT CHARSET=utf8 COLLATE=utf8_unicode_ci;

--
-- Dumping data for table `BillGroup`
--

INSERT INTO `BillGroup` (`ID`, `Name`, `status_discount`, `active`) VALUES
(0, 'Package', '1', '1'),
(1, 'Medicine / ค่ายา', '0', '1'),
(2, 'Doctor fee / ค่าตรวจรักษาผู้ป่วยนอก', '0', '1'),
(3, 'Laboratory / ค่าตรวจทางห้องปฎิบัติการ', '0', '1'),
(4, 'IVF Laboratory / ค่าตรวจทางห้องปฎิบัติการไอวีเอฟ', '0', '1'),
(5, 'Nursing fee / ค่าบริการการพยาบาล', '0', '1'),
(90, 'Investigation and Treatments / ค่าตรวจพิเศษ', '0', '1'),
(99, 'Discount', '0', '1'),
(102, 'OtherService', '0', '1');

-- --------------------------------------------------------

--
-- Table structure for table `BillHeader`
--

CREATE TABLE `BillHeader` (
  `VN` bigint(20) NOT NULL,
  `BillNo` varchar(255) COLLATE utf8_unicode_ci DEFAULT NULL,
  `PName` varchar(255) COLLATE utf8_unicode_ci DEFAULT NULL,
  `Date` date DEFAULT NULL,
  `Time` time DEFAULT NULL,
  `PID` bigint(20) DEFAULT NULL,
  `PIDS` varchar(255) COLLATE utf8_unicode_ci DEFAULT NULL,
  `Include_Pkg_Price` decimal(10,2) DEFAULT NULL,
  `Extra_Pkg_Price` decimal(10,2) DEFAULT NULL,
  `Total` decimal(10,2) DEFAULT NULL,
  `Discount` decimal(10,2) DEFAULT NULL,
  `CreditCardType` int(11) DEFAULT NULL,
  `CreditCardNumber` varchar(255) COLLATE utf8_unicode_ci DEFAULT NULL,
  `Status` int(11) DEFAULT NULL,
  `CreditAgent` int(11) DEFAULT NULL,
  `OName` varchar(250) COLLATE utf8_unicode_ci DEFAULT NULL,
  `BID` bigint(20) DEFAULT NULL,
  `PaymentBy` varchar(255) COLLATE utf8_unicode_ci DEFAULT 'NULL',
  `CashID` int(11) DEFAULT '0',
  `CreditCardID` int(11) DEFAULT '0',
  `SepCash` decimal(10,2) DEFAULT '0.00',
  `SepCredit` decimal(10,2) DEFAULT '0.00',
  `ExtBillNo` varchar(255) COLLATE utf8_unicode_ci DEFAULT NULL,
  `IntLock` int(11) NOT NULL DEFAULT '0'
) ENGINE=InnoDB DEFAULT CHARSET=utf8 COLLATE=utf8_unicode_ci;

--
-- Dumping data for table `BillHeader`
--

INSERT INTO `BillHeader` (`VN`, `BillNo`, `PName`, `Date`, `Time`, `PID`, `PIDS`, `Include_Pkg_Price`, `Extra_Pkg_Price`, `Total`, `Discount`, `CreditCardType`, `CreditCardNumber`, `Status`, `CreditAgent`, `OName`, `BID`, `PaymentBy`, `CashID`, `CreditCardID`, `SepCash`, `SepCredit`, `ExtBillNo`, `IntLock`) VALUES
(23004, '', '', '2019-03-23', '11:33:03', 0, '', '0.00', '0.00', '0.00', '0.00', 0, '', 1, 0, '', 0, '', 0, 0, '0.00', '0.00', '', 0),
(2019004, '', 'Mrs. Tes Tes Tes', '2019-03-12', '16:00:55', 20190008, 'HN-90008/62', '0.00', '0.00', '0.00', '0.00', 0, '', 1, 0, '', 0, '', 0, 0, '0.00', '0.00', '', 0),
(2019005, '', 'Mr. Ekapop Ploentham', '2019-03-24', '10:03:43', 20190011, 'HN-90011/62', '0.00', '0.00', '0.00', '0.00', 0, '', 1, 0, '', 0, '', 0, 0, '0.00', '0.00', '', 0),
(2019007, '', 'Mr. ekapoppppppp ploenthammmmmm', '2019-03-22', '14:59:14', 20190012, 'HN-90012/62', '0.00', '0.00', '0.00', '0.00', 0, '', 1, 0, '', 0, '', 0, 0, '0.00', '0.00', '2', 0),
(2019009, '', 'Mr. ekapoptttt ploenthamrrrrr', '2019-03-22', '08:53:46', 20190014, 'HN-90014/62', '0.00', '0.00', '0.00', '0.00', 0, '', 1, 0, '', 0, '', 0, 0, '0.00', '0.00', '', 0),
(2019010, '', 'Mr. asdasdf wqerqwerwqe', '2019-03-22', '08:54:08', 20190015, 'HN-90015/62', '0.00', '0.00', '0.00', '0.00', 0, '', 1, 0, '', 0, '', 0, 0, '0.00', '0.00', '', 0),
(2019012, '', 'Mr. ekapoptttt ploenthamrrrrr', '2019-04-23', '08:47:45', 20190014, 'HN-90014/62', '0.00', '0.00', '0.00', '0.00', 0, '', 1, 0, '', 0, '', 0, 0, '0.00', '0.00', '', 0),
(2019013, '', 'Mr. ekapoptttt ploenthamrrrrr', '2019-03-22', '09:00:03', 20190014, 'HN-90014/62', '0.00', '0.00', '0.00', '0.00', 0, '', 1, 0, '', 0, '', 0, 0, '0.00', '0.00', '', 0),
(20190323004, '', 'Mr. qqwerqwe qwtwerwer', '2019-03-24', '06:29:06', 20190019, 'HN-90019/62', '0.00', '0.00', '0.00', '0.00', 0, '', 1, 0, '', 0, '', 0, 0, '0.00', '0.00', '', 0),
(20190324004, '', ' asdfasdf weqwerqw', '2019-04-23', '08:47:07', 20190022, 'HN-90022/62', '0.00', '0.00', '0.00', '0.00', 0, '', 1, 0, '', 0, '', 0, 0, '0.00', '0.00', '', 0),
(20190325001, '620300049', 'Mr. qqwerqwe qwtwerwer', '2019-03-25', '09:06:03', 20190019, 'HN-90019/62', '0.00', '0.00', '0.00', '0.00', 0, '', 1, 0, '', 0, '', 0, 0, '0.00', '0.00', '', 0),
(20190325003, '620300050', 'Mr. qqwerqwe qwtwerwer', '2019-03-25', '09:39:27', 20190019, 'HN-90019/62', '0.00', '0.00', '0.00', '0.00', 0, '', 1, 0, '', 0, '', 0, 0, '0.00', '0.00', '', 0),
(20190325004, '620300051', 'Mr. qqwerqwe qwtwerwer', '2019-03-25', '09:42:53', 20190019, 'HN-90019/62', '0.00', '0.00', '0.00', '0.00', 0, '', 1, 0, '', 0, '', 0, 0, '0.00', '0.00', '', 0),
(20190325005, '620300052', 'Mr. qqwerqwe qwtwerwer', '2019-03-25', '09:44:04', 20190019, 'HN-90019/62', '0.00', '0.00', '0.00', '0.00', 0, '', 1, 0, '', 0, '', 0, 0, '0.00', '0.00', '', 0),
(20190325006, '', 'Mr. qqwerqwe qwtwerwer', '2019-03-25', '10:32:23', 20190019, 'HN-90019/62', '0.00', '0.00', '0.00', '0.00', 0, '', 1, 0, '', 0, '', 0, 0, '0.00', '0.00', '', 0),
(20190325007, '', 'Mr. qqwerqwe qwtwerwer', '2019-04-19', '15:14:16', 20190019, 'HN-90019/62', '0.00', '0.00', '0.00', '0.00', 0, '', 1, 0, '', 0, '', 0, 0, '0.00', '0.00', '', 0),
(20190325008, 'BI620300056', 'Mr. upupup ppppp', '2019-03-25', '12:42:09', 20190023, 'HN-90023/62', '0.00', '0.00', '0.00', '0.00', 0, '', 1, 0, '', 0, '', 0, 0, '0.00', '0.00', '', 0),
(20190325009, 'BI620300058', 'Mr. upupup ppppp', '2019-03-25', '12:52:38', 20190023, 'HN-90023/62', '0.00', '0.00', '0.00', '0.00', 0, '', 1, 0, '', 0, '', 0, 0, '0.00', '0.00', '', 0),
(20190423001, 'BI620400059', ' test aaaa', '2019-04-23', '08:50:07', 20190001, 'HN-90001/62', '0.00', '0.00', '0.00', '0.00', 0, '', 1, 0, '', 0, '', 0, 0, '0.00', '0.00', '', 0);

-- --------------------------------------------------------

--
-- Table structure for table `b_branch`
--

CREATE TABLE `b_branch` (
  `branch_id` int(11) NOT NULL,
  `branch_code` varchar(255) COLLATE utf8_bin DEFAULT NULL,
  `branch_name` varchar(255) COLLATE utf8_bin DEFAULT NULL,
  `branch_address` varchar(255) COLLATE utf8_bin DEFAULT NULL,
  `tele` varchar(255) COLLATE utf8_bin DEFAULT NULL,
  `active` varchar(255) COLLATE utf8_bin DEFAULT NULL,
  `status_default` varchar(255) COLLATE utf8_bin DEFAULT '0',
  `lab_email_address_to` varchar(255) COLLATE utf8_bin DEFAULT NULL,
  `lab_email_subject_to` varchar(255) COLLATE utf8_bin DEFAULT NULL,
  `date_create` varchar(255) COLLATE utf8_bin DEFAULT NULL,
  `date_modi` varchar(255) COLLATE utf8_bin DEFAULT NULL,
  `date_cancel` varchar(255) COLLATE utf8_bin DEFAULT NULL
) ENGINE=MyISAM DEFAULT CHARSET=utf8 COLLATE=utf8_bin COMMENT='id=409';

--
-- Dumping data for table `b_branch`
--

INSERT INTO `b_branch` (`branch_id`, `branch_code`, `branch_name`, `branch_address`, `tele`, `active`, `status_default`, `lab_email_address_to`, `lab_email_subject_to`, `date_create`, `date_modi`, `date_cancel`) VALUES
(409000000, '001', 'ivf', NULL, NULL, '1', '0', NULL, NULL, NULL, NULL, NULL),
(409000001, '002', 'ivf 101', NULL, NULL, '1', '1', NULL, NULL, NULL, NULL, NULL);

-- --------------------------------------------------------

--
-- Table structure for table `b_company`
--

CREATE TABLE `b_company` (
  `comp_id` int(11) NOT NULL,
  `comp_code` varchar(255) COLLATE utf8_bin DEFAULT NULL,
  `comp_name_t` varchar(255) COLLATE utf8_bin DEFAULT NULL,
  `comp_name_e` varchar(255) COLLATE utf8_bin DEFAULT NULL,
  `comp_address_e` varchar(255) COLLATE utf8_bin DEFAULT NULL,
  `comp_address_t` varchar(255) COLLATE utf8_bin DEFAULT NULL,
  `addr1` varchar(255) COLLATE utf8_bin DEFAULT NULL,
  `addr2` varchar(255) COLLATE utf8_bin DEFAULT NULL,
  `amphur_id` varchar(255) COLLATE utf8_bin DEFAULT NULL,
  `district_id` varchar(255) COLLATE utf8_bin DEFAULT NULL,
  `province_id` varchar(255) COLLATE utf8_bin DEFAULT NULL,
  `zipcode` varchar(255) COLLATE utf8_bin DEFAULT NULL,
  `tele` varchar(255) COLLATE utf8_bin DEFAULT NULL,
  `fax` varchar(255) COLLATE utf8_bin DEFAULT NULL,
  `email` varchar(255) COLLATE utf8_bin DEFAULT NULL,
  `website` varchar(255) COLLATE utf8_bin DEFAULT NULL,
  `logo` varchar(255) COLLATE utf8_bin DEFAULT NULL,
  `tax_id` varchar(255) COLLATE utf8_bin DEFAULT NULL,
  `vat` varchar(255) COLLATE utf8_bin DEFAULT NULL,
  `spec1` varchar(255) COLLATE utf8_bin DEFAULT NULL,
  `date_create` varchar(255) COLLATE utf8_bin DEFAULT NULL,
  `date_modi` varchar(255) COLLATE utf8_bin DEFAULT NULL,
  `date_cancel` varchar(255) COLLATE utf8_bin DEFAULT NULL,
  `user_create` varchar(255) COLLATE utf8_bin DEFAULT NULL,
  `user_modi` varchar(255) COLLATE utf8_bin DEFAULT NULL,
  `user_cancel` varchar(255) COLLATE utf8_bin DEFAULT NULL,
  `qu_line1` varchar(255) COLLATE utf8_bin DEFAULT NULL,
  `qu_line2` varchar(255) COLLATE utf8_bin DEFAULT NULL,
  `qu_line3` varchar(255) COLLATE utf8_bin DEFAULT NULL,
  `qu_line4` varchar(255) COLLATE utf8_bin DEFAULT NULL,
  `qu_line5` varchar(255) COLLATE utf8_bin DEFAULT NULL,
  `qu_line6` varchar(255) COLLATE utf8_bin DEFAULT NULL,
  `inv_line1` varchar(255) COLLATE utf8_bin DEFAULT NULL,
  `inv_line2` varchar(255) COLLATE utf8_bin DEFAULT NULL,
  `inv_line3` varchar(255) COLLATE utf8_bin DEFAULT NULL,
  `inv_line4` varchar(255) COLLATE utf8_bin DEFAULT NULL,
  `inv_line5` varchar(255) COLLATE utf8_bin DEFAULT NULL,
  `inv_line6` varchar(255) COLLATE utf8_bin DEFAULT NULL,
  `po_line1` varchar(255) COLLATE utf8_bin DEFAULT NULL,
  `po_due_period` varchar(255) COLLATE utf8_bin DEFAULT NULL,
  `active` varchar(255) CHARACTER SET utf8 DEFAULT NULL,
  `remark` varchar(255) CHARACTER SET utf8 DEFAULT NULL,
  `taddr1` varchar(255) COLLATE utf8_bin DEFAULT NULL,
  `taddr2` varchar(255) COLLATE utf8_bin DEFAULT NULL,
  `taddr3` varchar(255) COLLATE utf8_bin DEFAULT NULL,
  `taddr4` varchar(255) COLLATE utf8_bin DEFAULT NULL,
  `eaddr1` varchar(255) COLLATE utf8_bin DEFAULT NULL,
  `eaddr2` varchar(255) COLLATE utf8_bin DEFAULT NULL,
  `eaddr3` varchar(255) COLLATE utf8_bin DEFAULT NULL,
  `eaddr4` varchar(255) COLLATE utf8_bin DEFAULT NULL,
  `cash_draw_doc` int(11) DEFAULT NULL COMMENT 'running ใบเบิกเงิน',
  `year_curr` varchar(55) COLLATE utf8_bin DEFAULT NULL,
  `amount_reserve` decimal(17,2) DEFAULT NULL COMMENT 'ยอดเงิน เบิกสำรองจ่าย คงเหลือ',
  `billing_doc` int(11) DEFAULT NULL COMMENT 'running invoice ใบแจ้งหนี้',
  `tax1` varchar(255) COLLATE utf8_bin DEFAULT NULL COMMENT 'อัตราภาษี หัก ณ ที่จ่าย',
  `tax3` varchar(255) COLLATE utf8_bin DEFAULT NULL COMMENT 'อัตราภาษี หัก ณ ที่จ่าย',
  `tax53` varchar(255) COLLATE utf8_bin DEFAULT NULL COMMENT 'อัตราภาษี หัก ณ ที่จ่าย',
  `receipt_doc` int(11) DEFAULT NULL COMMENT 'running ใบเสร็จรับเงิน',
  `vat_doc` int(11) DEFAULT NULL COMMENT 'running ใบกำกับภาษี',
  `billing_cover_doc` int(11) DEFAULT NULL COMMENT 'running ใบวางบิล ใบปะหน้า',
  `req_doc` int(11) DEFAULT NULL COMMENT 'running ใบภาษีหัก ณ ที่จ่าย',
  `month_curr` varchar(55) COLLATE utf8_bin DEFAULT NULL,
  `prefix_billing_doc` varchar(255) COLLATE utf8_bin DEFAULT NULL,
  `prefix_receipt_doc` varchar(255) COLLATE utf8_bin DEFAULT NULL,
  `prefix_billing_cover_doc` varchar(255) COLLATE utf8_bin DEFAULT NULL,
  `prefix_req_doc` varchar(255) COLLATE utf8_bin DEFAULT NULL,
  `opu_doc` int(11) DEFAULT NULL COMMENT 'expense clear cash \\nเลขที่ ของ หน้าจอ ป้อน clear เงินสด ที่เบิกไป\\nใช้เป็น table header ของ table t_expense_clear_cash',
  `prefix_opu_doc` varchar(255) COLLATE utf8_bin DEFAULT NULL,
  `hn_doc` int(11) DEFAULT NULL COMMENT 'หน้าจอ การเงิน เคลีย์เงินสด',
  `prefix_hn_doc` varchar(255) COLLATE utf8_bin DEFAULT NULL,
  `vn_doc` int(11) DEFAULT NULL,
  `prefix_vn_doc` varchar(255) COLLATE utf8_bin DEFAULT NULL,
  `queue_doc` int(11) DEFAULT NULL,
  `current_date1` varchar(45) COLLATE utf8_bin DEFAULT NULL,
  `form_a_doc` int(11) DEFAULT NULL,
  `prefix_form_a` varchar(45) COLLATE utf8_bin DEFAULT NULL,
  `fet_doc` int(11) DEFAULT NULL,
  `prefix_fet_doc` varchar(45) COLLATE utf8_bin DEFAULT NULL,
  `day_curr` varchar(45) COLLATE utf8_bin DEFAULT NULL
) ENGINE=MyISAM DEFAULT CHARSET=utf8 COLLATE=utf8_bin COMMENT='id=102';

--
-- Dumping data for table `b_company`
--

INSERT INTO `b_company` (`comp_id`, `comp_code`, `comp_name_t`, `comp_name_e`, `comp_address_e`, `comp_address_t`, `addr1`, `addr2`, `amphur_id`, `district_id`, `province_id`, `zipcode`, `tele`, `fax`, `email`, `website`, `logo`, `tax_id`, `vat`, `spec1`, `date_create`, `date_modi`, `date_cancel`, `user_create`, `user_modi`, `user_cancel`, `qu_line1`, `qu_line2`, `qu_line3`, `qu_line4`, `qu_line5`, `qu_line6`, `inv_line1`, `inv_line2`, `inv_line3`, `inv_line4`, `inv_line5`, `inv_line6`, `po_line1`, `po_due_period`, `active`, `remark`, `taddr1`, `taddr2`, `taddr3`, `taddr4`, `eaddr1`, `eaddr2`, `eaddr3`, `eaddr4`, `cash_draw_doc`, `year_curr`, `amount_reserve`, `billing_doc`, `tax1`, `tax3`, `tax53`, `receipt_doc`, `vat_doc`, `billing_cover_doc`, `req_doc`, `month_curr`, `prefix_billing_doc`, `prefix_receipt_doc`, `prefix_billing_cover_doc`, `prefix_req_doc`, `opu_doc`, `prefix_opu_doc`, `hn_doc`, `prefix_hn_doc`, `vn_doc`, `prefix_vn_doc`, `queue_doc`, `current_date1`, `form_a_doc`, `prefix_form_a`, `fet_doc`, `prefix_fet_doc`, `day_curr`) VALUES
(1020000002, '001', '101 Bangkok Clinic (101 แบงค์คอกคลีนิกเฉพาะทางด้านเวชกรรมสูตินรีเวช)', NULL, '2358 Sukhumvit Bangkjak Prakhanong, Bangkok', NULL, '2358 Sukhumvit Bangkjak Prakhanong', 'Bangkok Thailand', NULL, NULL, NULL, NULL, 'Tel +662 103-1329', NULL, NULL, NULL, NULL, NULL, '7', NULL, NULL, NULL, NULL, NULL, NULL, NULL, NULL, NULL, NULL, NULL, NULL, NULL, NULL, NULL, NULL, NULL, NULL, NULL, NULL, NULL, '1', NULL, NULL, NULL, NULL, NULL, NULL, NULL, NULL, NULL, NULL, '2019', NULL, 59, NULL, NULL, NULL, NULL, NULL, 52, 490, '04', 'BI', NULL, 'BX', 'REQ', 55, 'OPU', 34, 'BH', 1, NULL, 16, '2019-03-23', 338, 'LABA', 1, 'FET', '26');

-- --------------------------------------------------------

--
-- Table structure for table `b_contract_payer`
--

CREATE TABLE `b_contract_payer` (
  `b_contract_payer_id` int(11) NOT NULL,
  `contract_payer_number` varchar(255) COLLATE utf8_bin DEFAULT NULL,
  `contract_payer_description` varchar(255) COLLATE utf8_bin DEFAULT NULL,
  `contract_payer_active` varchar(255) COLLATE utf8_bin DEFAULT NULL
) ENGINE=MyISAM DEFAULT CHARSET=utf8 COLLATE=utf8_bin COMMENT='id=210';

-- --------------------------------------------------------

--
-- Table structure for table `b_contract_plans`
--

CREATE TABLE `b_contract_plans` (
  `b_contract_plans_id` int(11) NOT NULL,
  `contract_plans_number` varchar(255) COLLATE utf8_bin DEFAULT NULL,
  `contract_plans_description` varchar(255) COLLATE utf8_bin DEFAULT NULL,
  `contract_plans_active_from` varchar(255) COLLATE utf8_bin DEFAULT NULL,
  `contract_plans_active_to` varchar(255) COLLATE utf8_bin DEFAULT NULL,
  `active` varchar(255) COLLATE utf8_bin DEFAULT NULL,
  `contract_plans_pttype` varchar(255) COLLATE utf8_bin DEFAULT NULL,
  `b_contract_payer_id` varchar(255) COLLATE utf8_bin DEFAULT NULL,
  `b_contract_id` varchar(255) COLLATE utf8_bin DEFAULT NULL,
  `contract_plans_money_limit` varchar(255) COLLATE utf8_bin DEFAULT NULL,
  `contract_plans_sort_index` varchar(255) COLLATE utf8_bin DEFAULT '99',
  `r_rp1853_instype_id` varchar(255) COLLATE utf8_bin DEFAULT NULL,
  `contract_plans_hide_company` varchar(255) COLLATE utf8_bin DEFAULT NULL,
  `contract_plans_color` varchar(255) COLLATE utf8_bin DEFAULT NULL
) ENGINE=MyISAM DEFAULT CHARSET=utf8 COLLATE=utf8_bin COMMENT='id=209';

--
-- Dumping data for table `b_contract_plans`
--

INSERT INTO `b_contract_plans` (`b_contract_plans_id`, `contract_plans_number`, `contract_plans_description`, `contract_plans_active_from`, `contract_plans_active_to`, `active`, `contract_plans_pttype`, `b_contract_payer_id`, `b_contract_id`, `contract_plans_money_limit`, `contract_plans_sort_index`, `r_rp1853_instype_id`, `contract_plans_hide_company`, `contract_plans_color`) VALUES
(1, '01', 'Corporate Contract', NULL, NULL, '1', NULL, NULL, NULL, NULL, '99', NULL, NULL, NULL),
(2, '02', 'Insurance', NULL, NULL, '1', NULL, NULL, NULL, NULL, '99', NULL, NULL, NULL),
(3, '03', 'Individual Pay', NULL, NULL, '1', NULL, NULL, NULL, NULL, '99', NULL, NULL, NULL);

-- --------------------------------------------------------

--
-- Table structure for table `b_currency`
--

CREATE TABLE `b_currency` (
  `curr_id` int(11) NOT NULL,
  `curr_name` varchar(255) COLLATE utf8_bin DEFAULT NULL,
  `active` varchar(255) COLLATE utf8_bin DEFAULT NULL
) ENGINE=MyISAM DEFAULT CHARSET=utf8 COLLATE=utf8_bin COMMENT='id=411';

-- --------------------------------------------------------

--
-- Table structure for table `b_customer`
--

CREATE TABLE `b_customer` (
  `cust_id` int(11) NOT NULL,
  `cust_code` varchar(255) COLLATE utf8_bin DEFAULT NULL,
  `cust_name_t` varchar(255) COLLATE utf8_bin DEFAULT NULL,
  `cust_lastname_t` varchar(255) COLLATE utf8_bin DEFAULT NULL,
  `cust_name_e` varchar(255) COLLATE utf8_bin DEFAULT NULL,
  `comp_type_id` varchar(255) COLLATE utf8_bin DEFAULT NULL,
  `active` varchar(255) COLLATE utf8_bin DEFAULT NULL,
  `cust_address` varchar(255) COLLATE utf8_bin DEFAULT NULL,
  `cust_address_t` varchar(255) COLLATE utf8_bin DEFAULT NULL,
  `cust_address_e` varchar(255) COLLATE utf8_bin DEFAULT NULL,
  `addr` varchar(255) COLLATE utf8_bin DEFAULT NULL,
  `amphur_id` varchar(255) COLLATE utf8_bin DEFAULT NULL,
  `district_id` varchar(255) COLLATE utf8_bin DEFAULT NULL,
  `prov_id` varchar(255) COLLATE utf8_bin DEFAULT NULL,
  `zipcode` varchar(255) COLLATE utf8_bin DEFAULT NULL,
  `staff_id` varchar(255) COLLATE utf8_bin DEFAULT NULL COMMENT 'staff_id พนักงานขาย',
  `staff_name_t` varchar(255) COLLATE utf8_bin DEFAULT NULL,
  `fax` varchar(255) COLLATE utf8_bin DEFAULT NULL,
  `tele` varchar(255) COLLATE utf8_bin DEFAULT NULL,
  `email` varchar(255) COLLATE utf8_bin DEFAULT NULL,
  `tax_id` varchar(255) COLLATE utf8_bin DEFAULT NULL,
  `remark` varchar(255) COLLATE utf8_bin DEFAULT NULL,
  `contact_name1` varchar(255) COLLATE utf8_bin DEFAULT NULL,
  `contact_name2` varchar(255) COLLATE utf8_bin DEFAULT NULL,
  `contact_name1_tel` varchar(255) COLLATE utf8_bin DEFAULT NULL,
  `contact_name2_tel` varchar(255) COLLATE utf8_bin DEFAULT NULL,
  `status_vendor` varchar(255) COLLATE utf8_bin DEFAULT NULL COMMENT '0=defalut;1customer;2=vendor',
  `date_create` varchar(255) COLLATE utf8_bin DEFAULT NULL,
  `date_modi` varchar(255) COLLATE utf8_bin DEFAULT NULL,
  `date_cancel` varchar(255) COLLATE utf8_bin DEFAULT NULL,
  `user_create` varchar(255) COLLATE utf8_bin DEFAULT NULL,
  `user_modi` varchar(255) COLLATE utf8_bin DEFAULT NULL,
  `user_cancel` varchar(255) COLLATE utf8_bin DEFAULT NULL,
  `remark2` varchar(255) COLLATE utf8_bin DEFAULT NULL,
  `po_due_period` decimal(17,2) DEFAULT NULL,
  `mobile` varchar(255) COLLATE utf8_bin DEFAULT NULL,
  `invoice_due_period` decimal(17,2) DEFAULT NULL,
  `status_buddhist` varchar(255) COLLATE utf8_bin DEFAULT NULL COMMENT '0=default,1=buddhist,2=คริสตศักราช',
  `status_regis` varchar(255) COLLATE utf8_bin DEFAULT NULL COMMENT '0=default, 1=regis, 2= email comfirm',
  `password` varchar(255) COLLATE utf8_bin DEFAULT NULL,
  `user_login` varchar(255) COLLATE utf8_bin DEFAULT NULL,
  `lab_email_address_to` varchar(255) COLLATE utf8_bin DEFAULT NULL,
  `lab_email_subject_to` varchar(255) COLLATE utf8_bin DEFAULT NULL,
  `lab_email_address_from` varchar(255) COLLATE utf8_bin DEFAULT NULL,
  `lab_branch_id` varchar(255) COLLATE utf8_bin DEFAULT NULL
) ENGINE=MyISAM DEFAULT CHARSET=utf8 COLLATE=utf8_bin COMMENT='id=410';

-- --------------------------------------------------------

--
-- Table structure for table `b_department`
--

CREATE TABLE `b_department` (
  `dept_id` int(11) NOT NULL,
  `dept_code` varchar(255) COLLATE utf8_bin DEFAULT NULL,
  `dept_name_t` varchar(255) COLLATE utf8_bin DEFAULT NULL,
  `comp_id` int(11) DEFAULT NULL,
  `dept_parent_id` int(11) DEFAULT NULL,
  `remark` varchar(255) COLLATE utf8_bin DEFAULT NULL,
  `date_create` varchar(255) COLLATE utf8_bin DEFAULT NULL,
  `date_modi` varchar(255) COLLATE utf8_bin DEFAULT NULL,
  `date_cancel` varchar(255) COLLATE utf8_bin DEFAULT NULL,
  `user_create` varchar(255) COLLATE utf8_bin DEFAULT NULL,
  `user_modi` varchar(255) COLLATE utf8_bin DEFAULT NULL,
  `user_cancel` varchar(255) COLLATE utf8_bin DEFAULT NULL,
  `active` varchar(255) COLLATE utf8_bin DEFAULT NULL,
  `sort1` varchar(255) COLLATE utf8_bin DEFAULT NULL
) ENGINE=MyISAM DEFAULT CHARSET=utf8 COLLATE=utf8_bin COMMENT='id=109';

--
-- Dumping data for table `b_department`
--

INSERT INTO `b_department` (`dept_id`, `dept_code`, `dept_name_t`, `comp_id`, `dept_parent_id`, `remark`, `date_create`, `date_modi`, `date_cancel`, `user_create`, `user_modi`, `user_cancel`, `active`, `sort1`) VALUES
(1090000001, '100', 'Receiption', 0, 0, '', '2018-11-19 11:55:45', '', '', '1220000001', '', '', '1', NULL),
(1090000002, '101', 'Nurse', 0, 0, '', '2018-11-19 11:56:14', '', '', '1220000001', '', '', '1', NULL),
(1090000003, '102', 'Doctor', 0, 0, '', '2018-11-19 11:56:25', '', '', '1220000001', '', '', '1', NULL),
(1090000004, '103', 'Pharmacy', 0, 0, '', '2018-11-19 11:56:39', '', '', '1220000001', '', '', '1', NULL),
(1090000005, '104', 'LAB', 0, 0, '', '2018-11-19 11:56:46', '', '', '1220000001', '', '', '1', NULL),
(1090000006, '105', 'เวชระเบียน', 0, 0, '', '2019-02-20 09:42:49', '', '', '1220000001', '', '', '1', NULL);

-- --------------------------------------------------------

--
-- Table structure for table `b_doc_group_scan`
--

CREATE TABLE `b_doc_group_scan` (
  `doc_group_id` int(11) NOT NULL,
  `doc_group_name` varchar(255) DEFAULT NULL,
  `active` varchar(45) DEFAULT NULL,
  `remark` varchar(255) DEFAULT NULL,
  `status_opd` varchar(45) DEFAULT NULL
) ENGINE=MyISAM DEFAULT CHARSET=utf8 COMMENT='id=221';

--
-- Dumping data for table `b_doc_group_scan`
--

INSERT INTO `b_doc_group_scan` (`doc_group_id`, `doc_group_name`, `active`, `remark`, `status_opd`) VALUES
(221000000, 'กลุ่มเอกสาร1', '1', NULL, '1'),
(221000001, 'กลุ่มเอกสาร2', '1', NULL, '1');

-- --------------------------------------------------------

--
-- Table structure for table `b_doc_group_sub_scan`
--

CREATE TABLE `b_doc_group_sub_scan` (
  `doc_group_sub_id` int(11) NOT NULL,
  `doc_group_id` int(11) DEFAULT NULL,
  `doc_group_sub_name` varchar(255) DEFAULT NULL,
  `active` varchar(45) DEFAULT NULL,
  `remark` varchar(255) DEFAULT NULL
) ENGINE=MyISAM DEFAULT CHARSET=utf8 COMMENT='id=222';

--
-- Dumping data for table `b_doc_group_sub_scan`
--

INSERT INTO `b_doc_group_sub_scan` (`doc_group_sub_id`, `doc_group_id`, `doc_group_sub_name`, `active`, `remark`) VALUES
(222000000, 221000000, 'กลุ่มย่อย11', '1', NULL),
(222000001, 221000001, 'กลุ่มย่อย21', '1', NULL);

-- --------------------------------------------------------

--
-- Table structure for table `b_item`
--

CREATE TABLE `b_item` (
  `item_id` int(11) NOT NULL,
  `item_code` varchar(255) COLLATE utf8_bin DEFAULT NULL,
  `item_name_t` varchar(255) COLLATE utf8_bin DEFAULT NULL,
  `item_name_e` varchar(255) COLLATE utf8_bin DEFAULT NULL,
  `b_itemcol` varchar(255) COLLATE utf8_bin DEFAULT NULL,
  `item_sub_group_id` int(11) DEFAULT NULL,
  `item_common_name` varchar(255) COLLATE utf8_bin DEFAULT NULL,
  `item_trade_name` varchar(255) COLLATE utf8_bin DEFAULT NULL,
  `item_nick_name` varchar(255) COLLATE utf8_bin DEFAULT NULL,
  `item_billing_subgroop_id` int(11) DEFAULT NULL,
  `item_secret` varchar(255) COLLATE utf8_bin DEFAULT NULL,
  `active` varchar(255) COLLATE utf8_bin DEFAULT NULL,
  `remark` varchar(255) COLLATE utf8_bin DEFAULT NULL,
  `date_create` varchar(255) COLLATE utf8_bin DEFAULT NULL,
  `date_modi` varchar(255) COLLATE utf8_bin DEFAULT NULL,
  `date_cancel` varchar(255) COLLATE utf8_bin DEFAULT NULL,
  `user_create` varchar(255) COLLATE utf8_bin DEFAULT NULL,
  `user_modi` varchar(255) COLLATE utf8_bin DEFAULT NULL,
  `user_cancel` varchar(255) COLLATE utf8_bin DEFAULT NULL
) ENGINE=MyISAM DEFAULT CHARSET=utf8 COLLATE=utf8_bin COMMENT='id=207';

--
-- Dumping data for table `b_item`
--

INSERT INTO `b_item` (`item_id`, `item_code`, `item_name_t`, `item_name_e`, `b_itemcol`, `item_sub_group_id`, `item_common_name`, `item_trade_name`, `item_nick_name`, `item_billing_subgroop_id`, `item_secret`, `active`, `remark`, `date_create`, `date_modi`, `date_cancel`, `user_create`, `user_modi`, `user_cancel`) VALUES
(1, 'l0001', 'LAB OPU', 'LAB OPU', NULL, NULL, NULL, NULL, NULL, NULL, NULL, '1', NULL, NULL, NULL, NULL, NULL, NULL, NULL),
(2, 'l0002', 'LAB FET', 'LAB FET', NULL, NULL, NULL, NULL, NULL, NULL, NULL, '1', NULL, NULL, NULL, NULL, NULL, NULL, NULL);

-- --------------------------------------------------------

--
-- Table structure for table `b_item_drug_frequency`
--

CREATE TABLE `b_item_drug_frequency` (
  `frequency_id` int(11) NOT NULL,
  `frequency_code` varchar(45) COLLATE utf8_bin DEFAULT NULL,
  `frequency_description_e` varchar(255) COLLATE utf8_bin DEFAULT NULL,
  `frequency_description_t` varchar(255) COLLATE utf8_bin DEFAULT NULL,
  `actice` varchar(45) COLLATE utf8_bin DEFAULT NULL,
  `remark` varchar(45) COLLATE utf8_bin DEFAULT NULL,
  `date_create` varchar(45) COLLATE utf8_bin DEFAULT NULL,
  `date_modi` varchar(45) COLLATE utf8_bin DEFAULT NULL,
  `date_cancel` varchar(45) COLLATE utf8_bin DEFAULT NULL,
  `user_create` varchar(45) COLLATE utf8_bin DEFAULT NULL,
  `user_modi` varchar(45) COLLATE utf8_bin DEFAULT NULL,
  `user_cancel` varchar(45) COLLATE utf8_bin DEFAULT NULL
) ENGINE=MyISAM DEFAULT CHARSET=utf8 COLLATE=utf8_bin COMMENT='id=225';

--
-- Dumping data for table `b_item_drug_frequency`
--

INSERT INTO `b_item_drug_frequency` (`frequency_id`, `frequency_code`, `frequency_description_e`, `frequency_description_t`, `actice`, `remark`, `date_create`, `date_modi`, `date_cancel`, `user_create`, `user_modi`, `user_cancel`) VALUES
(310, 'Q4', '/every 4 hours', 'ทุก 4 ชั่วโมง', '1', NULL, NULL, NULL, NULL, NULL, NULL, NULL),
(311, 'Q6', '/every 6 hours', 'ทุก 6 ชั่วโมง', '1', NULL, NULL, NULL, NULL, NULL, NULL, NULL),
(312, 'WK1', '/once weekly', '1 ครั้ง/สัปดาห์', '1', NULL, NULL, NULL, NULL, NULL, NULL, NULL),
(313, 'WK2', '/twice weekly', 'อาทิตย์ละ1-2 ครั้ง', '1', NULL, NULL, NULL, NULL, NULL, NULL, NULL),
(314, 'HS', '/Take 1 tablet at Bed-time', 'วันละ 1 ครั้ง ก่อนนอน', '1', NULL, NULL, NULL, NULL, NULL, NULL, NULL),
(315, 'Q46', 'every 4-6 hours', 'ทุก 4-6 ชั่วโมง', '1', NULL, NULL, NULL, NULL, NULL, NULL, NULL),
(316, 'Q6PRN', '/every 6 hours When symptoms.', 'ทุก 6 ช.ม.เมื่อมีอาการ', '1', NULL, NULL, NULL, NULL, NULL, NULL, NULL),
(317, 'Q4NV', 'every  4 hours for nausea , vomiting', 'ทุก 4 ช.ม. เมื่อคลื่นไส้อาเจียน', '1', NULL, NULL, NULL, NULL, NULL, NULL, NULL),
(318, 'Q8NV', 'every  8 hours for nausea , vomiting', 'ทุก 8 ช.ม.เมื่อคลื่นไส้ อาเจียน', '1', NULL, NULL, NULL, NULL, NULL, NULL, NULL),
(319, '2D1', '', '2 dose ห่างกัน 15 นาที', '1', NULL, NULL, NULL, NULL, NULL, NULL, NULL),
(320, '1P1', '/once daily after meal', 'วันละ 1 ครั้ง หลังอาหาร', '1', NULL, NULL, NULL, NULL, NULL, NULL, NULL),
(321, '1W', '/once daily with meal at breakfast', 'วันละ 1 ครั้ง พร้อมอาหาร เช้า', '1', NULL, NULL, NULL, NULL, NULL, NULL, NULL),
(322, '23', '/morning and at bedtime', 'วันละ 2 ครั้ง เช้า-ก่อนนอน', '1', NULL, NULL, NULL, NULL, NULL, NULL, NULL),
(323, '24', '/twice daily at noon and evening', 'วันละ 2 ครั้ง กลางวัน-เย็น', '1', NULL, NULL, NULL, NULL, NULL, NULL, NULL),
(324, '25', '/twice daily at noon and at bedtime', 'วันละ 2 ครั้ง กลางวัน-ก่อนนอน', '1', NULL, NULL, NULL, NULL, NULL, NULL, NULL),
(325, '2A1', '/twice daily before meal', 'วันละ 2 ครั้ง ก่อนอาหาร', '1', NULL, NULL, NULL, NULL, NULL, NULL, NULL),
(326, '2A6', '/twice daily before supper and at  bedtime', 'วันละ 2 ครั้ง ก่อนอาหาร เย็น-ก่อนนอน', '1', NULL, NULL, NULL, NULL, NULL, NULL, NULL),
(327, '2P1', '/twice daily after meal', 'วันละ 2 ครั้ง หลังอาหาร', '1', NULL, NULL, NULL, NULL, NULL, NULL, NULL),
(328, '2P3', '/twice daily after breakfast and at bedtime', 'วันละ 2 ครั้ง หลังอาหาร เช้า-ก่อนนอน', '1', NULL, NULL, NULL, NULL, NULL, NULL, NULL),
(329, '2P5', '/twice daily after lunch and at bedtime', 'วันละ 2 ครั้ง หลังอาหาร เที่ยง-ก่อนนอน', '1', NULL, NULL, NULL, NULL, NULL, NULL, NULL),
(330, '2P6', '/twice daily after supper and at bedtime', 'วันละ 2 ครั้ง หลังอาหาร เย็น-ก่อนนอน', '1', NULL, NULL, NULL, NULL, NULL, NULL, NULL),
(331, '2W3', '/twice daily with meal at breakfast and at bedtime', 'วันละ 2 ครั้ง พร้อมอาหาร เช้า-ก่อนนอน', '1', NULL, NULL, NULL, NULL, NULL, NULL, NULL),
(332, '32', '/3 times daily in morning, noon and at bedtime', 'วันละ 3 ครั้ง เช้า-กลางวัน-ก่อนนอน', '1', NULL, NULL, NULL, NULL, NULL, NULL, NULL),
(333, '33', '/3 times daily in morning, evening and at bedtime', 'วันละ 3 ครั้ง เช้า-เย็น-ก่อนนอน', '1', NULL, NULL, NULL, NULL, NULL, NULL, NULL),
(334, '34', '/3 times daily at noon, evening and at bedtime', 'วันละ 3 ครั้ง กลางวัน-เย็น-ก่อนนอน', '1', NULL, NULL, NULL, NULL, NULL, NULL, NULL),
(335, '3P4', '/3 times daily after breakfast, 3 pm and at bedtime', 'วันละ 3 ครั้ง หลังอาหาร เช้า-บ่าย 3 โมง-ก่อนนอน', '1', NULL, NULL, NULL, NULL, NULL, NULL, NULL),
(336, '3W4', '/3 times daily with meal at breakfast, 3 pm and at bedtime', 'วันละ 3 ครั้ง พร้อมอาหาร เช้า-บ่าย 3 โมง-ก่อนนอน', '1', NULL, NULL, NULL, NULL, NULL, NULL, NULL),
(337, '4', '/4 times daily in morning, noon , evening and at bedtime', 'วันละ 4 ครั้ง เช้า-กลางวัน-เย็น-ก่อนนอน', '1', NULL, NULL, NULL, NULL, NULL, NULL, NULL),
(338, '42', '/4 times daily at 6.00 , 12.00 , 18.00 , 24.00 pm', 'วันละ 4 ครั้ง เวลา 6.00, 12.00, 18.00, 24.00 น.', '1', NULL, NULL, NULL, NULL, NULL, NULL, NULL),
(339, '4P1', '/4 times daily after each meal ', 'วันละ 4 ครั้ง หลังอาหาร', '1', NULL, NULL, NULL, NULL, NULL, NULL, NULL),
(340, '4W2', '/4 times daily with meal at breakfast, 3 pm , 8 pm and 1 am', 'วันละ 4 ครั้ง พร้อมอาหาร เช้า-บ่าย 3 โมง-2 ทุ่ม-ตี1', '1', NULL, NULL, NULL, NULL, NULL, NULL, NULL),
(341, '5', '/5 times daily at 6.00 , 10.00 , 14.00 , 18.00 , 22.00 pm', 'วันละ 5 ครั้ง เวลา 6.00, 10.00, 14.00, 18.00, 22.00 น.', '1', NULL, NULL, NULL, NULL, NULL, NULL, NULL),
(342, 'Q61', '/every 4 hours at 6.00 , 12.00 , 18.00 , 24.00 pm', 'ทุก 6 ชั่วโมง เวลา 6.00 , 12.00 , 18.00 , 24.00 น.', '1', NULL, NULL, NULL, NULL, NULL, NULL, NULL),
(343, 'BID ', '', 'วันละ 2 ครั้ง เช้า-เย็น', '1', NULL, NULL, NULL, NULL, NULL, NULL, NULL),
(344, 'BID HS', '', 'วันละ 2 ครั้ง เช้า-ก่อนนอน', '1', NULL, NULL, NULL, NULL, NULL, NULL, NULL),
(345, '1A3', '/once daily before supper', 'วันละ 1 ครั้ง ก่อนอาหาร เย็น', '1', NULL, NULL, NULL, NULL, NULL, NULL, NULL),
(346, '2A4', '/twice daily before lunch and supper', 'วันละ 2 ครั้ง ก่อนอาหาร เที่ยง-เย็น', '1', NULL, NULL, NULL, NULL, NULL, NULL, NULL),
(347, '1H', '/once daily at bedtime', 'วันละ 1 ครั้ง ก่อนนอน', '1', NULL, NULL, NULL, NULL, NULL, NULL, NULL),
(348, '1I1', '/once dailly after meal immidiately', 'วันละ 1 ครั้ง หลังอาหารทันที', '1', NULL, NULL, NULL, NULL, NULL, NULL, NULL),
(349, '1I3', '/once dailly after meals immidiately supper', 'วันละ 1 ครั้ง หลังอาหารทันที เย็น', '1', NULL, NULL, NULL, NULL, NULL, NULL, NULL),
(350, '01P', '/once daily after breakfast', 'วันละ 1 ครั้ง หลังอาหาร เช้า ', '1', NULL, NULL, NULL, NULL, NULL, NULL, NULL),
(351, '1P2', '/once daily after lunch', 'วันละ 1 ครั้ง หลังอาหาร เที่ยง', '1', NULL, NULL, NULL, NULL, NULL, NULL, NULL),
(352, '1P3', '/once daily after supper', 'วันละ 1 ครั้ง หลังอาหาร เย็น', '1', NULL, NULL, NULL, NULL, NULL, NULL, NULL),
(353, '1W3', '/once daily with meal at supper', 'วันละ 1 ครั้ง พร้อมอาหาร เย็น', '1', NULL, NULL, NULL, NULL, NULL, NULL, NULL),
(354, '10', '/once daily', 'วันละ 1 ครั้ง', '1', NULL, NULL, NULL, NULL, NULL, NULL, NULL),
(355, '12', '/once daily at noon', 'วันละ 1 ครั้ง กลางวัน', '1', NULL, NULL, NULL, NULL, NULL, NULL, NULL),
(356, '13', '/once daily in evenig', 'วันละ 1 ครั้ง เย็น', '1', NULL, NULL, NULL, NULL, NULL, NULL, NULL),
(357, 'ANXIETY', '', 'เวลาเครียด', '1', NULL, NULL, NULL, NULL, NULL, NULL, NULL),
(358, '14', '/once daily at bedtime', 'วันละ 1 ครั้ง ก่อนนอน', '1', NULL, NULL, NULL, NULL, NULL, NULL, NULL),
(359, '15', '/once daily on arising', 'วันละ 1 ครั้ง หลังตื่นนอน', '1', NULL, NULL, NULL, NULL, NULL, NULL, NULL),
(360, '2', '/twice daily in morning and evening', 'วันละ 2 ครั้ง เช้า-เย็น', '1', NULL, NULL, NULL, NULL, NULL, NULL, NULL),
(361, '20', '/twice daily', 'วันละ 2 ครั้ง', '1', NULL, NULL, NULL, NULL, NULL, NULL, NULL),
(362, '27', '/twice daily on arising and at bedtime', 'วันละ 2 ครั้ง หลังตื่นนอน และ ก่อนนอน', '1', NULL, NULL, NULL, NULL, NULL, NULL, NULL),
(363, '02A', '/twice daily before breakfast and supper', 'วันละ 2 ครั้ง ก่อนอาหาร เช้า-เย็น', '1', NULL, NULL, NULL, NULL, NULL, NULL, NULL),
(364, '2A5', '/twice daily before lunch and at bedtime', 'วันละ 2 ครั้ง ก่อนอาหาร เที่ยง-ก่อนนอน', '1', NULL, NULL, NULL, NULL, NULL, NULL, NULL),
(365, '2I1', '/twice daily after meals immidiately ', 'วันละ 2 ครั้ง หลังอาหารทันที', '1', NULL, NULL, NULL, NULL, NULL, NULL, NULL),
(366, '2P2', '/twice daily after breakfast and lunch', 'วันละ 2 ครั้ง หลังอาหาร เช้า-เที่ยง', '1', NULL, NULL, NULL, NULL, NULL, NULL, NULL),
(367, '02W', '/twice daily with breakfast and supper', 'วันละ 2 ครั้ง พร้อมอาหาร เช้า-เย็น', '1', NULL, NULL, NULL, NULL, NULL, NULL, NULL),
(368, '2W1', '/twice daily with meal', 'วันละ 2 ครั้ง พร้อมอาหาร เช้า-เย็น', '1', NULL, NULL, NULL, NULL, NULL, NULL, NULL),
(369, '2W2', '/twice daily with meal at breakfast and lunch', 'วันละ 2 ครั้ง พร้อมอาหาร เช้า-เที่ยง', '1', NULL, NULL, NULL, NULL, NULL, NULL, NULL),
(370, '2W6', '/twice daily with meal at supper and at bedtime', 'วันละ 2 ครั้ง พร้อมอาหาร เย็น-ก่อนนอน', '1', NULL, NULL, NULL, NULL, NULL, NULL, NULL),
(371, '3', '/3 times daily in morning, noon and evenig', 'วันละ 3 ครั้ง เช้า-กลางวัน-เย็น', '1', NULL, NULL, NULL, NULL, NULL, NULL, NULL),
(372, '30', '/3 times daily', 'วันละ 3 ครั้ง', '1', NULL, NULL, NULL, NULL, NULL, NULL, NULL),
(373, '35', '/3 times daily at 6.00 , 14.00 , 22.00 pm', 'วันละ 3 ครั้ง เวลา 6.00, 14.00, 22.00 น.', '1', NULL, NULL, NULL, NULL, NULL, NULL, NULL),
(374, '3A1', '/3 times daily before meal', 'วันละ 3 ครั้ง ก่อนอาหาร', '1', NULL, NULL, NULL, NULL, NULL, NULL, NULL),
(375, '3A4', '/3 times daily before breakfast, 3 pm and at bedtime', 'วันละ 3 ครั้ง ก่อนอาหาร เช้า-บ่าย 3 โมง-ก่อนนอน', '1', NULL, NULL, NULL, NULL, NULL, NULL, NULL),
(376, '3I1', '/3 times daily after meals immidiately', 'วันละ 3 ครั้ง หลังอาหารทันที', '1', NULL, NULL, NULL, NULL, NULL, NULL, NULL),
(377, '3P1', '/3 times daily after meal', 'วันละ 3 ครั้ง หลังอาหาร', '1', NULL, NULL, NULL, NULL, NULL, NULL, NULL),
(378, '03W', '/3 times daily with meal', 'วันละ 3 ครั้ง พร้อมอาหาร เช้า-กลางวัน-เย็น', '1', NULL, NULL, NULL, NULL, NULL, NULL, NULL),
(379, '3W2', '/3 times daily with meal at breakfast, lunch and at bedtime', 'วันละ 3 ครั้ง พร้อมอาหาร เช้า-กลางวัน-ก่อนนอน', '1', NULL, NULL, NULL, NULL, NULL, NULL, NULL),
(380, '3W3', '/3 times daily with meal at lunch, supper and at bedtime', 'วันละ 3 ครั้ง พร้อมอาหาร กลางวัน-เย็น-ก่อนนอน', '1', NULL, NULL, NULL, NULL, NULL, NULL, NULL),
(381, '40', '/4 times daily', 'วันละ 4 ครั้ง', '1', NULL, NULL, NULL, NULL, NULL, NULL, NULL),
(382, '4P2', '/4 times daily after breakfast , 3 pm , 8 pm and 1 am', 'วันละ 4 ครั้ง หลังอาหาร เช้า - บ่าย 3 โมง - 2 ทุ่ม - ตี1', '1', NULL, NULL, NULL, NULL, NULL, NULL, NULL),
(383, '4W', '/4 times daily with meal', 'วันละ 4 ครั้ง พร้อมอาหาร พร้อมอาหาร เช้า-กลางวัน-เย็น-ก่อนนอน', '1', NULL, NULL, NULL, NULL, NULL, NULL, NULL),
(384, '50', '/5 times daily ', 'วันละ 5 ครั้ง', '1', NULL, NULL, NULL, NULL, NULL, NULL, NULL),
(385, '52', '/5 times daily at 8.00 , 12.00 , 16.00 , 20.00 , 24.00 pm', 'วันละ 5 ครั้ง เวลา 8.00, 12.00, 16.00, 20.00, 24.00 น.', '1', NULL, NULL, NULL, NULL, NULL, NULL, NULL),
(386, 'Q81', '/every 8 hours at 6.00 , 14.00 , 22.00 pm', 'ทุก 8 ชั่วโมง เวลา 6.00 , 14.00 , 22.00 น.', '1', NULL, NULL, NULL, NULL, NULL, NULL, NULL),
(387, 'Q82', '/every 8 hours at 8.00 , 16.00 , 24.00 pm', 'ทุก 8 ชั่วโมง เวลา 8.00 , 16.00 , 24.00 น.', '1', NULL, NULL, NULL, NULL, NULL, NULL, NULL),
(388, 'W', '/with meal', 'พร้อมอาหาร', '1', NULL, NULL, NULL, NULL, NULL, NULL, NULL),
(389, '1A1', '/once daily before meal', 'วันละ 1 ครั้ง ก่อนอาหาร', '1', NULL, NULL, NULL, NULL, NULL, NULL, NULL),
(390, '1', '/once daily in morning', 'วันละ 1 ครั้ง เช้า', '1', NULL, NULL, NULL, NULL, NULL, NULL, NULL),
(391, '01A', '/once daily before breakfast', 'วันละ 1 ครั้ง ก่อนอาหาร เช้า', '1', NULL, NULL, NULL, NULL, NULL, NULL, NULL),
(392, '3A3', '/3 times daily before lunch, supper and bedtime', 'วันละ 3 ครั้ง ก่อนอาหาร กลางวัน-เย็น-ก่อนนอน', '1', NULL, NULL, NULL, NULL, NULL, NULL, NULL),
(393, '03I', '/3 times daily after meals immidiately breakfast, noon and supper', 'วันละ 3 ครั้ง หลังอาหารทันที เช้า-กลางวัน-เย็น', '1', NULL, NULL, NULL, NULL, NULL, NULL, NULL),
(394, '3P3', '/3 times daily after lunch, dinner and bedtime', 'วันละ 3 ครั้ง หลังอาหาร กลางวัน-เย็น-ก่อนนอน', '1', NULL, NULL, NULL, NULL, NULL, NULL, NULL),
(395, '04A', '/4 times daily before each meal and bedtime', 'วันละ 4 ครั้ง ก่อนอาหาร เช้า-กลางวัน-เย็น และ ก่อนนอน', '1', NULL, NULL, NULL, NULL, NULL, NULL, NULL),
(396, '04P', '/4 times daily after each meal and at bedtime', 'วันละ 4 ครั้ง /หลังอาหาร เช้า-กลางวัน-เย็น และ ก่อนนอน', '1', NULL, NULL, NULL, NULL, NULL, NULL, NULL),
(397, 'Q24', '/every 24 hours', 'ทุก 24 ชั่วโมง', '1', NULL, NULL, NULL, NULL, NULL, NULL, NULL),
(398, 'vbb', '', 'aa', '1', NULL, NULL, NULL, NULL, NULL, NULL, NULL),
(399, '2m', '', 'รับประทานครั้งละ 2 ซีซี', '1', NULL, NULL, NULL, NULL, NULL, NULL, NULL),
(400, 'Sentril', 'stand dissolved 1 tablet when symtom sore throat', 'อมครั้งละ 1 เม็ด เมื่อมีอาการเจ็บคอ', '1', NULL, NULL, NULL, NULL, NULL, NULL, NULL),
(401, '3*1acช', '', 'รับประทานครั้งละ 3 เม็ด ก่อนอาหารเช้า', '1', NULL, NULL, NULL, NULL, NULL, NULL, NULL),
(402, 'Nose*hs', '', 'พ่นจมูกวันละ 1 ครั้ง ก่อนนอน', '1', NULL, NULL, NULL, NULL, NULL, NULL, NULL),
(403, '02I', '/twice daily after meals immidiately breakfast and supper', 'วันละ 2 ครั้ง หลังอาหารทันที เช้า-เย็น', '1', NULL, NULL, NULL, NULL, NULL, NULL, NULL),
(404, 'Unison', '', 'บีบสวนทวารหนัก', '1', NULL, NULL, NULL, NULL, NULL, NULL, NULL),
(405, '1A2', '/once daily before lunch', 'วันละ 1 ครั้ง ก่อนอาหาร เที่ยง', '1', NULL, NULL, NULL, NULL, NULL, NULL, NULL),
(406, '1I', '/once dailly after meal immidiately breakfast', 'วันละ 1 ครั้ง หลังอาหารทันที เช้า', '1', NULL, NULL, NULL, NULL, NULL, NULL, NULL),
(407, '1I2', '/once dailly after meals immidiately noon', 'วันละ 1 ครั้ง หลังอาหารทันที เที่ยง', '1', NULL, NULL, NULL, NULL, NULL, NULL, NULL),
(408, '1W1', '/once daily with meal', 'วันละ 1 ครั้ง พร้อมอาหาร เช้า', '1', NULL, NULL, NULL, NULL, NULL, NULL, NULL),
(409, '1W2', '/once daily with meal at lunch', 'วันละ 1 ครั้ง พร้อมอาหาร เที่ยง', '1', NULL, NULL, NULL, NULL, NULL, NULL, NULL),
(410, '26', '/twice daily in evening and at bedtime', 'วันละ 2 ครั้ง เย็น-ก่อนนอน', '1', NULL, NULL, NULL, NULL, NULL, NULL, NULL),
(411, '2A2', '/twice daily before breakfast and lunch', 'วันละ 2 ครั้ง ก่อนอาหาร เช้า-เที่ยง', '1', NULL, NULL, NULL, NULL, NULL, NULL, NULL),
(412, '2A3', '/twice daily before breakfast and bedtime', 'วันละ 2 ครั้ง ก่อนอาหาร เช้า-ก่อนนอน', '1', NULL, NULL, NULL, NULL, NULL, NULL, NULL),
(413, '2I2', '/twice daily after meals immidiately breakfast and noon', 'วันละ 2 ครั้ง หลังอาหารทันที เช้า-เที่ยง', '1', NULL, NULL, NULL, NULL, NULL, NULL, NULL),
(414, '2P4', '/twice daily after lunch and supper', 'วันละ 2 ครั้ง หลังอาหาร เที่ยง-เย็น', '1', NULL, NULL, NULL, NULL, NULL, NULL, NULL),
(415, '2W4', '/twice daily with meal at lunch and supper', 'วันละ 2 ครั้ง พร้อมหลังอาหาร เที่ยง-เย็น', '1', NULL, NULL, NULL, NULL, NULL, NULL, NULL),
(416, '2W5', '/twice daily with meal at  lunch and at bedtime', 'วันละ 2 ครั้ง พร้อมอาหาร เที่ยง-ก่อนนอน', '1', NULL, NULL, NULL, NULL, NULL, NULL, NULL),
(417, '03A', '/3 times daily before each meal', 'วันละ 3 ครั้ง ก่อนอาหาร เช้า-กลางวัน-เย็น', '1', NULL, NULL, NULL, NULL, NULL, NULL, NULL),
(418, '3A2', '/3 times daily before breakfast, lunch and bedtime', 'วันละ 3 ครั้ง ก่อนอาหาร เช้า-กลางวัน-ก่อนนอน', '1', NULL, NULL, NULL, NULL, NULL, NULL, NULL),
(419, '3P2', '/3 times daily after breakfast, lunch and at beddtime', 'วันละ 3 ครั้ง หลังอาหาร เช้า-กลางวัน-ก่อนนอน', '1', NULL, NULL, NULL, NULL, NULL, NULL, NULL),
(420, '3W1', '/3 times daily with each meal', 'วันละ 3 ครั้ง พร้อมอาหาร เช้า-กลางวัน-เย็น', '1', NULL, NULL, NULL, NULL, NULL, NULL, NULL),
(421, '4A1', '/4 times daily before meal', 'วันละ 4 ครั้ง ก่อนอาหาร', '1', NULL, NULL, NULL, NULL, NULL, NULL, NULL),
(422, '4A2', '/4 times daily before breakfast, 3 pm , 8 pm and 1 am', 'วันละ 4 ครั้ง ก่อนอาหาร เช้า - บ่าย 3 โมง - 2 ทุ่ม - ตี1', '1', NULL, NULL, NULL, NULL, NULL, NULL, NULL),
(423, '4W1', '/4 times daily with each meal and at bedtime', 'วันละ 4 ครั้ง พร้อมอาหาร เช้า-กลางวัน-เย็น-ก่อนนอน', '1', NULL, NULL, NULL, NULL, NULL, NULL, NULL),
(424, 'Q12', '/every 12 hours', 'ทุก 12 ชั่วโมง', '1', NULL, NULL, NULL, NULL, NULL, NULL, NULL),
(425, 'Q3', '/every 3 hours', 'ทุก 3 ชั่วโมง ตั้งแต่เริ่มปวดท้องไปจนคลอด', '1', NULL, NULL, NULL, NULL, NULL, NULL, NULL),
(426, 'Q46F', 'every 4-6 hours for pain / fever', 'ทุก 4-6 ช.ม.เวลาปวดหรือมีไข้', '1', NULL, NULL, NULL, NULL, NULL, NULL, NULL),
(427, '1*5', 'take 1 tablet at 6.00 am,10.00 am ,2.00 pm ,6.00 pm,\nand 10.00pm', 'รับประทานครั้งละ 1 เม็ด เวลา 6.00 น., 10.00 น., 14.00 น., 18.00 น. และ 22.00 น.', '1', NULL, NULL, NULL, NULL, NULL, NULL, NULL),
(428, '2D2', '', '2 ครั้ง ห่างกัน 20 นาที', '1', NULL, NULL, NULL, NULL, NULL, NULL, NULL),
(429, 'A3', '', 'ก่อนอาหารเช้า และ.......ยูนิต ก่อนอาหารเย็น', '1', NULL, NULL, NULL, NULL, NULL, NULL, NULL),
(430, 'Q20M', '', 'ทุก 20 นาที', '1', NULL, NULL, NULL, NULL, NULL, NULL, NULL),
(431, 'WL', '', 'เวลามีอาการระคายเคืองตา', '1', NULL, NULL, NULL, NULL, NULL, NULL, NULL),
(432, 'HWE', '', 'สระผมทุกวัน', '1', NULL, NULL, NULL, NULL, NULL, NULL, NULL),
(433, 'P1DWD', '', 'หลังอาหารเช้า  วันเว้นวัน', '1', NULL, NULL, NULL, NULL, NULL, NULL, NULL),
(434, 'PC DOD', '', 'หลังอาหาร วันเว้นวัน', '1', NULL, NULL, NULL, NULL, NULL, NULL, NULL),
(435, 'OD AC N', '', 'วันละ 1 ครั้ง ก่อนอาหารกลางวัน', '1', NULL, NULL, NULL, NULL, NULL, NULL, NULL),
(436, 'OD PC E', '', 'วันละ 1 ครั้ง หลังอาหารเย็น', '1', NULL, NULL, NULL, NULL, NULL, NULL, NULL),
(437, 'OD PC N', '', 'วันละ 1 ครั้ง หลังอาหารกลางวัน', '1', NULL, NULL, NULL, NULL, NULL, NULL, NULL),
(438, 'IC', '', 'เวลาคัน', '1', NULL, NULL, NULL, NULL, NULL, NULL, NULL),
(439, 'DIZ', '', 'เวลาเวียนศรีษะ', '1', NULL, NULL, NULL, NULL, NULL, NULL, NULL),
(440, 'VOM', '', 'เวลาคลื่นไส้-อาเจียน', '1', NULL, NULL, NULL, NULL, NULL, NULL, NULL),
(441, 'HA', '', 'เวลาปวดศรีษะ', '1', NULL, NULL, NULL, NULL, NULL, NULL, NULL),
(442, 'INS', '', 'เวลานอนไม่หลับ', '1', NULL, NULL, NULL, NULL, NULL, NULL, NULL),
(443, 'CH PAIN', '', 'เวลาเจ็บแน่นหน้าอก', '1', NULL, NULL, NULL, NULL, NULL, NULL, NULL),
(444, 'Q48ABD', '', 'ทุก 4-8 ช.ม. เวลามีอาการปวดท้อง', '1', NULL, NULL, NULL, NULL, NULL, NULL, NULL),
(445, 'JOINT', '', 'เวลาปวดข้อ', '1', NULL, NULL, NULL, NULL, NULL, NULL, NULL),
(446, 'HS DOD', '', 'ก่อนนอน วันเว้นวัน', '1', NULL, NULL, NULL, NULL, NULL, NULL, NULL),
(447, 'NASAL CONG', '', 'เวลาคัดจมูก', '1', NULL, NULL, NULL, NULL, NULL, NULL, NULL),
(448, 'COLD', '', 'เวลาเป็นหวัด มีน้ำมูก', '1', NULL, NULL, NULL, NULL, NULL, NULL, NULL),
(449, 'PAIN', '', 'เวลามีอาการปวด', '1', NULL, NULL, NULL, NULL, NULL, NULL, NULL),
(450, 'ASTHMA', '', 'เวลาหอบ,เหนื่อย', '1', NULL, NULL, NULL, NULL, NULL, NULL, NULL),
(451, 'CONST', '', 'เวลาท้องผูก', '1', NULL, NULL, NULL, NULL, NULL, NULL, NULL),
(452, 'COUGH', '', 'เวลาไอ', '1', NULL, NULL, NULL, NULL, NULL, NULL, NULL),
(453, 'AC E DOD', '', 'ก่อนอาหารเย็น วันเว้นวัน', '1', NULL, NULL, NULL, NULL, NULL, NULL, NULL),
(454, 'DOD', '', 'วันเว้นวัน', '1', NULL, NULL, NULL, NULL, NULL, NULL, NULL),
(455, 'NON', '', '....', '1', NULL, NULL, NULL, NULL, NULL, NULL, NULL),
(456, 'OD', '', 'วันละ 1 ครั้ง', '1', NULL, NULL, NULL, NULL, NULL, NULL, NULL),
(457, 'FEVER', '', 'เวลามีไข้สูง', '1', NULL, NULL, NULL, NULL, NULL, NULL, NULL),
(458, 'ID1', '', 'ฉีด ID 1 จุด', '1', NULL, NULL, NULL, NULL, NULL, NULL, NULL),
(459, 'ID2', '', 'ฉีด ID 2 จุด', '1', NULL, NULL, NULL, NULL, NULL, NULL, NULL),
(460, 'ABD', '', 'เวลาปวดท้อง', '1', NULL, NULL, NULL, NULL, NULL, NULL, NULL),
(461, 'OD1', '', 'วันละ 1 ครั้ง เช้า', '1', NULL, NULL, NULL, NULL, NULL, NULL, NULL),
(462, 'OD2', '', 'วันละ 1 ครั้ง เย็น', '1', NULL, NULL, NULL, NULL, NULL, NULL, NULL),
(463, 'OD AC E', '', 'วันละ 1 ครั้ง ก่อนอาหารเย็น', '1', NULL, NULL, NULL, NULL, NULL, NULL, NULL),
(464, 'ARR', '', 'เวลาใจสั่น', '1', NULL, NULL, NULL, NULL, NULL, NULL, NULL),
(465, 'DRR', '', 'เวลาถ่ายเหลว', '1', NULL, NULL, NULL, NULL, NULL, NULL, NULL),
(466, 'PC1015', '', '1 เม็ดหลังอาหารเช้า 1 1/2 เม็ดหลังอาหารเย็น', '1', NULL, NULL, NULL, NULL, NULL, NULL, NULL),
(467, 'AC105', '', '1 เม็ดก่อนอาหารเช้า ครึ่ง เม็ดก่อนอาหารเย็น', '1', NULL, NULL, NULL, NULL, NULL, NULL, NULL),
(468, 'AC201', '', '2 เม็ด ก่อนอาหารเช้า 1 เม็ด ก่อนอาหารเย็น', '1', NULL, NULL, NULL, NULL, NULL, NULL, NULL),
(469, 'PC10005', '', '1 เม็ดหลังอาหารเช้า  เม็ดครึ่งก่อนนอน', '1', NULL, NULL, NULL, NULL, NULL, NULL, NULL),
(470, 'PC201', '', '2 เม็ด หลังอาหารเช้า 1 เม็ด หลังอาหารเย็น ', '1', NULL, NULL, NULL, NULL, NULL, NULL, NULL),
(471, 'Q2', '', 'ทุก 2 ชั่วโมง', '1', NULL, NULL, NULL, NULL, NULL, NULL, NULL),
(472, 'OD PC', '', 'วันละ 1 ครั้ง หลังอาหารเช้า', '1', NULL, NULL, NULL, NULL, NULL, NULL, NULL),
(473, 'OD AC', '', 'วันละ 1 ครั้ง ก่อนอาหารเช้า', '1', NULL, NULL, NULL, NULL, NULL, NULL, NULL),
(474, 'AC M DOD', '', 'ก่อนอาหารเช้า  วันเว้นวัน', '1', NULL, NULL, NULL, NULL, NULL, NULL, NULL),
(475, 'BID PC NE', '', 'วันละ 2 ครั้ง หลังอาหารกลางวัน-เย็น', '1', NULL, NULL, NULL, NULL, NULL, NULL, NULL),
(476, 'BID PC MN', '', 'วันละ 2 ครั้ง หลังอาหารเช้า-กลางวัน', '1', NULL, NULL, NULL, NULL, NULL, NULL, NULL),
(477, 'BID ACHS', '', 'วันละ 2 ครั้ง ก่อนอาหารเช้า- ก่อนนอน', '1', NULL, NULL, NULL, NULL, NULL, NULL, NULL),
(478, 'BID 820', '', 'วันละ 2 ครั้ง เวลา 8.00 และ 20.00 น.', '1', NULL, NULL, NULL, NULL, NULL, NULL, NULL),
(479, 'BID ACN', '', 'วันละ 2 ครั้ง ก่อนอาหารเช้า-กลางวัน', '1', NULL, NULL, NULL, NULL, NULL, NULL, NULL),
(480, 'BID ACNE', '', 'วันละ 2 ครั้ง ก่อนอาหารกลางวัน-เย็น', '1', NULL, NULL, NULL, NULL, NULL, NULL, NULL),
(481, 'BID N', '', 'วันละ 2 ครั้ง เช้า-กลางวัน', '1', NULL, NULL, NULL, NULL, NULL, NULL, NULL),
(482, 'BID PCHS', '', 'วันละ 2 ครั้ง หลังอาหารเช้า-ก่อนนอน', '1', NULL, NULL, NULL, NULL, NULL, NULL, NULL),
(483, '22', '', 'วันละ 2 ครั้ง หลังอาหารเช้า-เย็น', '1', NULL, NULL, NULL, NULL, NULL, NULL, NULL),
(484, 'BID AC', '', 'วันละ 2 ครั้ง ก่อนอาหารเช้า-เย็น', '1', NULL, NULL, NULL, NULL, NULL, NULL, NULL),
(485, 'TID AC', '', 'วันละ 3 ครั้ง ก่อนอาหารเช้า-กลางวัน-เย็น', '1', NULL, NULL, NULL, NULL, NULL, NULL, NULL),
(486, 'TID2', '', 'วันละ 3 ครั้ง เช้า-กลางวัน-ก่อนนอน', '1', NULL, NULL, NULL, NULL, NULL, NULL, NULL),
(487, 'TID1', '', 'วันละ 3 ครั้ง เช้า-กลางวัน-เย็น', '1', NULL, NULL, NULL, NULL, NULL, NULL, NULL),
(488, 'TID AC3', '', 'วันละ 3 ครั้ง ก่อนอาหารเช้า-เย็น-ก่อนนอน', '1', NULL, NULL, NULL, NULL, NULL, NULL, NULL),
(489, 'TID PC3', '', 'วันละ 3 ครั้ง หลังอาหารเช้า-เย็น-ก่อนนอน', '1', NULL, NULL, NULL, NULL, NULL, NULL, NULL),
(490, 'TID ACHS', '', 'วันละ 3 ครั้ง ก่อนอาหารเช้า-กลางวัน-ก่อนนอน', '1', NULL, NULL, NULL, NULL, NULL, NULL, NULL),
(491, 'TID PC', '', 'วันละ 3 ครั้ง หลังอาหาร เช้า-กลางวัน-เย็น', '1', NULL, NULL, NULL, NULL, NULL, NULL, NULL),
(492, 'TID PCHS', '', 'วันละ 3 ครั้ง หลังอาหารเช้า-กลางวัน-ก่อนนอน', '1', NULL, NULL, NULL, NULL, NULL, NULL, NULL),
(493, 'QID', '', 'วันละ 4 ครั้ง เช้า-กลางวัน-เย็น-ก่อนนอน', '1', NULL, NULL, NULL, NULL, NULL, NULL, NULL),
(494, 'QID PC', '', 'วันละ 4 ครั้ง หลังอาหาร 3 มื้อและก่อนนอน', '1', NULL, NULL, NULL, NULL, NULL, NULL, NULL),
(495, 'QID AC', '', 'วันละ 4 ครั้ง ก่อนอาหาร 3 มื้อและก่อนนอน', '1', NULL, NULL, NULL, NULL, NULL, NULL, NULL),
(496, 'FID', '', 'วันละ 5 ครั้ง เวลา 6,10,14,18,22 นาฬิกา', '1', NULL, NULL, NULL, NULL, NULL, NULL, NULL),
(497, 'HSS', '', 'ก่อนนอน', '1', NULL, NULL, NULL, NULL, NULL, NULL, NULL),
(498, '24U', '', 'ครั้งละ 24 ยูนิต ก่อนอาหาร เช้า', '1', NULL, NULL, NULL, NULL, NULL, NULL, NULL),
(499, '144', '', 'รับประทาน วันละ 1 ครั้ง ก่อนนอน', '1', NULL, NULL, NULL, NULL, NULL, NULL, NULL),
(500, '212', '', 'รับประทานครั้งละ 2 เม็ด หลังอาหารเช้า 1เม็ดหลังอาหารกลางวัน และ 2 เม็ดหลังอาหารเย็น', '1', NULL, NULL, NULL, NULL, NULL, NULL, NULL),
(501, '212A', '', 'รับประทานครั้งละ 2 เม็ด ก่อนอาหารเช้า 1เม็ดก่อนอาหารกลางวัน และ 2 เม็ดก่อนอาหารเย็น', '1', NULL, NULL, NULL, NULL, NULL, NULL, NULL),
(502, '21P', '', 'รับประทานครั้งละ 2 เม็ด หลังอาหารเช้า 1เม็ดหลังอาหารเย็น', '1', NULL, NULL, NULL, NULL, NULL, NULL, NULL),
(503, '21A', '', 'รับประทานครั้งละ 2 เม็ด ก่อนอาหารเช้า 1 เม็ดก่อนอาหารเย็น', '1', NULL, NULL, NULL, NULL, NULL, NULL, NULL),
(504, '1*1pc', '', 'รับประทานครั้งละ 1 เม็ด หลังอาหารเช้า', '1', NULL, NULL, NULL, NULL, NULL, NULL, NULL),
(505, '1*2ac', '', 'รับประทานครั้งละ 1 เม็ด ก่อนอาหารเช้า-เย็น', '1', NULL, NULL, NULL, NULL, NULL, NULL, NULL),
(506, '1*2pc', '', 'รับประทานครั้งละ 1 เม็ด หลังอาหารเช้า-เย็น', '1', NULL, NULL, NULL, NULL, NULL, NULL, NULL),
(507, '1*3pc', '', 'รับประทานครั้งละ 1 เม็ด หลังอาหารเช้า-กลางวัน-เย็น', '1', NULL, NULL, NULL, NULL, NULL, NULL, NULL),
(508, '1*4ac', '', 'รับประทานครั้งละ 1 เม็ด ก่อนอาหารเช้า-กลางวัน-เย็น-ก่อนนอน', '1', NULL, NULL, NULL, NULL, NULL, NULL, NULL),
(509, '1*4pc', '', 'รับประทานครั้งละ 1 เม็ด หลังอาหารเช้า-กลางวัน-เย็น-ก่อนนอน', '1', NULL, NULL, NULL, NULL, NULL, NULL, NULL),
(510, '2*1acช', '', 'รับประทานครั้งละ 2 เม็ด ก่อนอาหารเช้า', '1', NULL, NULL, NULL, NULL, NULL, NULL, NULL),
(511, '2*1acท', '', 'รับประทานครั้งละ 2 เม็ด ก่อนอาหารเที่ยง', '1', NULL, NULL, NULL, NULL, NULL, NULL, NULL),
(512, '2*1acย', '', 'รับประทานครั้งละ 2 เม็ด ก่อนอาหารเย็น', '1', NULL, NULL, NULL, NULL, NULL, NULL, NULL),
(513, '2*1achs', '', 'รับประทานครั้งละ 2 เม็ด ก่อนนอน', '1', NULL, NULL, NULL, NULL, NULL, NULL, NULL),
(514, '2*1pcช', '', 'รับประทานครั้งละ 2 เม็ด หลังอาหารเช้า', '1', NULL, NULL, NULL, NULL, NULL, NULL, NULL),
(515, '2*1pcท', '', 'รับประทานครั้งละ 2 เม็ด หลังอาหารเที่ยง', '1', NULL, NULL, NULL, NULL, NULL, NULL, NULL),
(516, '2*1pcย', '', 'รับประทานครั้งละ 2 เม็ด หลังอาหารเย็น', '1', NULL, NULL, NULL, NULL, NULL, NULL, NULL),
(517, '2*2acชย', '', 'รับประทานครั้งละ 2 เม็ด ก่อนอาหารเช้า-เย็น', '1', NULL, NULL, NULL, NULL, NULL, NULL, NULL),
(518, '2*2acชท', '', 'รับประทานครั้งละ 2 เม็ด ก่อนอาหารเช้า-เที่ยง', '1', NULL, NULL, NULL, NULL, NULL, NULL, NULL),
(519, '2*2acชhs', '', 'รับประทานครั้งละ 2 เม็ด ก่อนอาหารเช้า-ก่อนนอน', '1', NULL, NULL, NULL, NULL, NULL, NULL, NULL),
(520, '2*2acทย', '', 'รับประทานครั้งละ 2 เม็ด ก่อนอาหารเที่ยง-เย็น', '1', NULL, NULL, NULL, NULL, NULL, NULL, NULL),
(521, '2*2acทhs', '', 'รับประทานครั้งละ 2 เม็ด ก่อนอาหารเที่ยง-ก่อนนอน', '1', NULL, NULL, NULL, NULL, NULL, NULL, NULL),
(522, '2*2acยhs', '', 'รับประทานครั้งละ 2 เม็ด ก่อนอาหารเย็น-ก่อนนอน', '1', NULL, NULL, NULL, NULL, NULL, NULL, NULL),
(523, '2*2pcทย', '', 'รับประทานครั้งละ 2 เม็ด หลังอาหารเที่ยง-เย็น', '1', NULL, NULL, NULL, NULL, NULL, NULL, NULL),
(524, '2*2pcชท', '', 'รับประทานครั้งละ 2 เม็ด หลังอาหารเช้า-เที่ยง', '1', NULL, NULL, NULL, NULL, NULL, NULL, NULL),
(525, '2*2pcชย', '', 'รับประทานครั้งละ 2 เม็ด หลังอาหารเช้า-เย็น', '1', NULL, NULL, NULL, NULL, NULL, NULL, NULL),
(526, '2*3acชทย', '', 'รับประทานครั้งละ 2 เม็ด ก่อนอาหารเช้า-เที่ยง-เย็น', '1', NULL, NULL, NULL, NULL, NULL, NULL, NULL),
(527, '2*3acชทhs', '', 'รับประทานครั้งละ 2 เม็ด ก่อนอาหารเช้า-เที่ยง-ก่อนนอน', '1', NULL, NULL, NULL, NULL, NULL, NULL, NULL),
(528, '2*3acชยhs', '', 'รับประทานครั้งละ 2 เม็ด ก่อนอาหารเช้า-เย็น-ก่อนนอน', '1', NULL, NULL, NULL, NULL, NULL, NULL, NULL),
(529, '2*3acทยhs', '', 'รับประทานครั้งละ 2 เม็ด ก่อนอาหารเที่ยง-เย็น-ก่อนนอน', '1', NULL, NULL, NULL, NULL, NULL, NULL, NULL),
(530, '2*3pcชทย', '', 'รับประทานครั้งละ 2 เม็ด หลังอาหารเช้า-เที่ยง-เย็น', '1', NULL, NULL, NULL, NULL, NULL, NULL, NULL),
(531, '2*4acชทยhs', '', 'รับประทานครั้งละ 2 เม็ด ก่อนอาหารเช้า-เที่ยง-เย็น-ก่อนนอน', '1', NULL, NULL, NULL, NULL, NULL, NULL, NULL),
(532, '3*1acท', '', 'รับประทานครั้งละ 3 เม็ด ก่อนอาหารเที่ยง', '1', NULL, NULL, NULL, NULL, NULL, NULL, NULL),
(533, '3*1acย', '', 'รับประทานครั้งละ 3 เม็ด ก่อนอาหารเย็น', '1', NULL, NULL, NULL, NULL, NULL, NULL, NULL),
(534, '3*1achs', '', 'รับประทานครั้งละ 3 เม็ด ก่อนนอน', '1', NULL, NULL, NULL, NULL, NULL, NULL, NULL),
(535, '3*1pcช', '', 'รับประทานครั้งละ 3 เม็ด หลังอาหารเช้า', '1', NULL, NULL, NULL, NULL, NULL, NULL, NULL),
(536, '3*1pcท', '', 'รับประทานครั้งละ 3 เม็ด หลังอาหารเที่ยง', '1', NULL, NULL, NULL, NULL, NULL, NULL, NULL),
(537, '3*1pcย', '', 'รับประทานครั้งละ 3 เม็ด หลังอาหารเย็น', '1', NULL, NULL, NULL, NULL, NULL, NULL, NULL),
(538, '3*2acชท', '', 'รับประทานครั้งละ 3 เม็ด ก่อนอาหารเช้า-เที่ยง', '1', NULL, NULL, NULL, NULL, NULL, NULL, NULL),
(539, '3*2acชย', '', 'รับประทานครั้งละ 3 เม็ด ก่อนอาหารเช้า-เย็น', '1', NULL, NULL, NULL, NULL, NULL, NULL, NULL),
(540, '3*2acชhs', '', 'รับประทานครั้งละ 3 เม็ด ก่อนอาหารเช้า-ก่อนนอน', '1', NULL, NULL, NULL, NULL, NULL, NULL, NULL),
(541, '3*2acทย', '', 'รับประทานครั้งละ 3 เม็ด ก่อนอาหารเที่ยง-เย็น', '1', NULL, NULL, NULL, NULL, NULL, NULL, NULL),
(542, '3*2acทhs', '', 'รับประทานครั้งละ 3 เม็ด ก่อนอาหารเที่ยง-ก่อนนอน', '1', NULL, NULL, NULL, NULL, NULL, NULL, NULL),
(543, '3*2pcชท', '', 'รับประทานครั้งละ 3 เม็ด หลังอาหารเช้า-เที่ยง', '1', NULL, NULL, NULL, NULL, NULL, NULL, NULL),
(544, '3*2pcชย', '', 'รับประทานครั้งละ 3 เม็ด หลังอาหารเช้า-เย็น', '1', NULL, NULL, NULL, NULL, NULL, NULL, NULL),
(545, '3*2pcทย', '', 'รับประทานครั้งละ 3 เม็ด หลังอาหารเที่ยง-เย็น', '1', NULL, NULL, NULL, NULL, NULL, NULL, NULL),
(546, 'Chalck cap3', '', 'รับประทานครั้งละ 1 เม็ด พร้อมอาหารเช้า-กลางวัน-เย็น', '1', NULL, NULL, NULL, NULL, NULL, NULL, NULL),
(547, '1q4hr', '', 'รับประทานครั้งละ 1 เม็ด ทุก 4 ชั่วโมง เมื่อมีอาการ..........', '1', NULL, NULL, NULL, NULL, NULL, NULL, NULL),
(548, '1q6hr', '', 'รับประทานครั้งละ 1 เม็ด ทุก 6 ชั่วโมง เมื่อมีอาการ..........', '1', NULL, NULL, NULL, NULL, NULL, NULL, NULL),
(549, 'para', '', 'รับประทานครั้งละ 2 เม็ด ทุก 4-6 ชั่วโมง เมื่อมีอาการปวด หรือมีไข้', '1', NULL, NULL, NULL, NULL, NULL, NULL, NULL),
(550, 'ORS', '', 'ยา 1 ซอง ละลายน้ำ 1 แก้ว ดื่มบ่อยๆ แทนน้ำ', '1', NULL, NULL, NULL, NULL, NULL, NULL, NULL),
(551, 'flumucil2pcชย', '', 'ยา 1 ซอง ละลายน้ำ 1 แก้ว ดื่มหลังอาหารเช้า-เย็น', '1', NULL, NULL, NULL, NULL, NULL, NULL, NULL),
(552, 'flumcil3pcชทย', '', 'ยา 1 ซอง ละลายน้ำ 1 แก้ว ดื่มหลังอาหารเช้า-เที่ยง-เย็น', '1', NULL, NULL, NULL, NULL, NULL, NULL, NULL),
(553, 't8', '', 'รับประทานครั้งละ 1 เม็ด เวลา 8.00 น. และ 20.00 น.', '1', NULL, NULL, NULL, NULL, NULL, NULL, NULL),
(554, 'Isordil', '', 'อมใต้ลิ้นครั้งละ 1 เม็ด เมื่อมีอาการแน่นหน้าอก', '1', NULL, NULL, NULL, NULL, NULL, NULL, NULL),
(555, 'Fluconazole', '', 'รับประทานครั้งละ 1 เม็ด หลังอาหารเช้า วันจันทร์-วันพฤหัสฯ', '1', NULL, NULL, NULL, NULL, NULL, NULL, NULL),
(556, '1*1pcวันเว้นวัน', '', 'รับประทานครั้งละ 1 เม็ด หลังอาหารเช้า วันเว้นวัน', '1', NULL, NULL, NULL, NULL, NULL, NULL, NULL),
(557, '1*1acวันเว้นวัน', '', 'รับประทานครั้งละ 1 เม็ด ก่อนอาหารเช้า วันเว้นวัน', '1', NULL, NULL, NULL, NULL, NULL, NULL, NULL),
(558, 'ORSเด็ก', '', 'ยา 1 ซองละลายน้ำ 5 ออนซ์ จิบบ่อยๆ แทนน้ำ', '1', NULL, NULL, NULL, NULL, NULL, NULL, NULL),
(559, 'Chalck cap1', '', 'รับประทานครั้งละ 1 เม็ด พร้อมอาหารเช้า', '1', NULL, NULL, NULL, NULL, NULL, NULL, NULL),
(560, 'Chalck cap2', '', 'รับประทานครั้งละ 1 เม็ด พร้อมอาหารเช้า-เย็น', '1', NULL, NULL, NULL, NULL, NULL, NULL, NULL),
(561, 'suppo', '', 'เหน็บทวารครั้งละ 1 แท่ง วันละ 1 ครั้งก่อนนอน', '1', NULL, NULL, NULL, NULL, NULL, NULL, NULL),
(562, 'VT', '', 'สอดช่องคลอดครั้งละ 1 แท่ง วันละ 1 ครั้งก่อนนอน', '1', NULL, NULL, NULL, NULL, NULL, NULL, NULL),
(563, 'Nose*2', '', 'พ่นจมูกวันละ 2 ครั้ง เช้า-เย็น', '1', NULL, NULL, NULL, NULL, NULL, NULL, NULL),
(564, 'Nose*3', '', 'พ่นจมูกวันละ 3 ครั้ง เช้า-กลางวัน-เย็น', '1', NULL, NULL, NULL, NULL, NULL, NULL, NULL),
(565, 'Nose*1', '', 'พ่นจมูกวันละ 1 ครั้ง เช้า', '1', NULL, NULL, NULL, NULL, NULL, NULL, NULL),
(566, 'apply*2', '', 'ทาบางๆ บริเวณที่เป็นวันละ 2 ครั้ง เช้า-เย็น', '1', NULL, NULL, NULL, NULL, NULL, NULL, NULL),
(567, 'apply*3', '', 'ทาบางๆ บริเวณที่เป็นวันละ 3 ครั้ง เช้า-กลางวัน-เย็น', '1', NULL, NULL, NULL, NULL, NULL, NULL, NULL),
(568, 'apply*5', '', 'ทาบางๆ บริเวณที่เป็นวันละ 5 ครั้ง', '1', NULL, NULL, NULL, NULL, NULL, NULL, NULL),
(569, 'Nose drop*1', '', 'หยอดจมูกครั้งละ 2-3 หยด ตอนเช้า', '1', NULL, NULL, NULL, NULL, NULL, NULL, NULL),
(570, 'Nose drop*2', '', 'หยอดจมูกครั้งละ 2-3 หยด ตอนเช้า-เย็น', '1', NULL, NULL, NULL, NULL, NULL, NULL, NULL),
(571, 'Nose drop*3', '', 'หยอดจมูกครั้งละ 2-3 หยด ตอนเช้า-กลางวัน-เย็น', '1', NULL, NULL, NULL, NULL, NULL, NULL, NULL),
(572, 'Nose drop*4', '', 'หยอดจมูกครั้งละ 2-3 หยด ตอนเช้า-กลางวัน-เย็น-ก่อนนอน', '1', NULL, NULL, NULL, NULL, NULL, NULL, NULL),
(573, 'eye*1', '', 'หยอดตาครั้งละ 2-3 หยด ตอนเช้า', '1', NULL, NULL, NULL, NULL, NULL, NULL, NULL),
(574, 'eye*2', '', 'หยอดตาครั้งละ 2-3 หยด ตอนเช้า-เย็น', '1', NULL, NULL, NULL, NULL, NULL, NULL, NULL),
(575, 'eye*3', '', 'หยอดตาครั้งละ 2-3 หยด ตอนเช้า-กลางวัน-เย็น', '1', NULL, NULL, NULL, NULL, NULL, NULL, NULL),
(576, 'eye*4', '', 'หยอดตาครั้งละ 2-3 หยด ตอนเช้า-กลางวัน-เย็น-ก่อนนอน', '1', NULL, NULL, NULL, NULL, NULL, NULL, NULL),
(577, '3*4acชทยhs', '', 'รับประทานครั้งละ 3 เม็ด ก่อนอาหารเช้า-เที่ยง-เย็น-ก่อนนอน', '1', NULL, NULL, NULL, NULL, NULL, NULL, NULL),
(578, 'eye oint*1', '', 'ป้ายตาวันละ 1 ครั้ง ตอนเช้า', '1', NULL, NULL, NULL, NULL, NULL, NULL, NULL),
(579, 'eye oint*hr', '', 'ป้ายตาวันละ 1 ครั้ง ก่อนนอน', '1', NULL, NULL, NULL, NULL, NULL, NULL, NULL),
(580, 'eye oint*2', '', 'ป้ายตาวันละ 2 ครั้ง ตอนเช้า-เย็น', '1', NULL, NULL, NULL, NULL, NULL, NULL, NULL),
(581, 'eye oint*3', '', 'ป้ายตาวันละ 3 ครั้ง ตอนเช้า-กลางวัน-เย็น', '1', NULL, NULL, NULL, NULL, NULL, NULL, NULL),
(582, 'eye oint*4', '', 'ป้ายตาวันละ 4 ครั้ง ตอนเช้า-กลางวัน-เย็น-ก่อนนอน', '1', NULL, NULL, NULL, NULL, NULL, NULL, NULL),
(583, 'Inhaler', '', 'พ่นสูดเข้าทางปาก 1-2 ที เมื่อมีอาการหอบ', '1', NULL, NULL, NULL, NULL, NULL, NULL, NULL),
(584, 'shampoo', '', 'ใช้แทนแชมพูสระผมวันละ 1 ครั้ง', '1', NULL, NULL, NULL, NULL, NULL, NULL, NULL),
(585, 'calamine', '', 'ทาบางๆ บริเวณที่เป็น เมื่อมีอาการคัน', '1', NULL, NULL, NULL, NULL, NULL, NULL, NULL),
(586, 'Mucillin*3', '', 'ยา 1 ช้อนชา ละลายน้ำครึ่งแก้ว ดื่มหลังอาหารเช้า-กลางวัน-เย็น', '1', NULL, NULL, NULL, NULL, NULL, NULL, NULL),
(587, 'Mucillin*hs', '', 'ยา 1 ช้อนชา ละลายน้ำครึ่งแก้ว ดื่มก่อนนอน', '1', NULL, NULL, NULL, NULL, NULL, NULL, NULL),
(588, 'SMW', '', 'อมบ้วนปากกลั้วคอหลังอาหารเช้า-กลางวัน-เย็น-ก่อนนอน', '1', NULL, NULL, NULL, NULL, NULL, NULL, NULL),
(589, 'CON CON', '', 'ทาบริเวณที่เป็นตาปลา หรือหูด โดยทาวาสลีนรอบๆ บริเวณที่เป็น เพื่อลดอาการระคายเคือง  ก่อนนอน', '1', NULL, NULL, NULL, NULL, NULL, NULL, NULL),
(590, 'KMno4', '', 'ยา 3-4 เกล็ด ผสมน้ำแช่ก้น วันละ 1 ครั้ง ก่อนนอน', '1', NULL, NULL, NULL, NULL, NULL, NULL, NULL),
(591, 'Xylocaine viscous', '', '- หยอดคอ 3-4 หยด อมกลั้วคอแล้วกลืนก่อนอาหารเช้า-กลางวัน-เย็น - ยา 20 หยด ผสมน้ำ 30 ml. อมกลั้วคอก่อนอาหารเช้า-กลางวัน-เย็น', '1', NULL, NULL, NULL, NULL, NULL, NULL, NULL),
(592, 'Neotica balm', '', 'ทาถูนวด บริเวณที่ปวด หรือฟกช้ำวันละ 3 ครั้ง ตอนเช้า-กลางวัน-เย็น', '1', NULL, NULL, NULL, NULL, NULL, NULL, NULL),
(593, '2*5', '', 'รับประทานครั้งละ 1 เม็ด เวลา 6.00 น., 10.00 น., 14.00 น., 18.00 น. และ 22.00 น.', '1', NULL, NULL, NULL, NULL, NULL, NULL, NULL),
(594, '3*5', '', 'รับประทานครั้งละ 1 เม็ด เวลา 6.00 น., 10.00 น., 14.00 น., 18.00 น. และ 22.00 น.', '1', NULL, NULL, NULL, NULL, NULL, NULL, NULL),
(595, '3*3acชทย', '', 'รับประทานครั้งละ 3 เม็ด ก่อนอาหารเช้า-เที่ยง-เย็น', '1', NULL, NULL, NULL, NULL, NULL, NULL, NULL),
(596, '3*3acชยhs', '', 'รับประทานครั้งละ 3 เม็ด ก่อนอาหารเช้า-เย็น-ก่อนนอน', '1', NULL, NULL, NULL, NULL, NULL, NULL, NULL),
(597, '3*3acทยhs', '', 'รับประทานครั้งละ 3 เม็ด ก่อนอาหารเที่ยง-เย็น-ก่อนนอน', '1', NULL, NULL, NULL, NULL, NULL, NULL, NULL),
(598, '3*3pcชทย', '', 'รับประทานครั้งละ 3 เม็ด หลังอาหารเช้า-เที่ยง-เย็น', '1', NULL, NULL, NULL, NULL, NULL, NULL, NULL),
(599, '3pp', '', 'วันละ 3 ครั้ง หลังอาหารเช้า เย็น และก่อนนอน', '1', NULL, NULL, NULL, NULL, NULL, NULL, NULL),
(600, 'Q8', '/every 8 hours', 'ทุก 8 ชั่วโมง ', '1', NULL, NULL, NULL, NULL, NULL, NULL, NULL),
(601, 'Q8PRN', 'EVERY 8 HOUR WHEN SYMTOMS', 'ทุก 8 ชั่วโมง เวลามีอาการ', '1', NULL, NULL, NULL, NULL, NULL, NULL, NULL),
(602, '1*1ac', 'Eating at a time, one tablet before breakfast.', 'รับประทานครั้งละ 1 เม็ด ก่อนอาหารเช้า', '1', NULL, NULL, NULL, NULL, NULL, NULL, NULL),
(603, '1*hspc', 'Eating at a time, one tablet before bedtime.', 'รับประทานครั้งละ 1 เม็ด ก่อนนอน', '1', NULL, NULL, NULL, NULL, NULL, NULL, NULL),
(604, '02P', '/twice daily after breakfast and supper', 'วันละ 2 เวลา หลังอาหาร เช้า-เย็น', '1', NULL, NULL, NULL, NULL, NULL, NULL, NULL),
(605, '03P', '/3 times daily after each meal', 'วันละ 3 เวลา หลังอาหาร เช้า-กลางวัน-เย็น', '1', NULL, NULL, NULL, NULL, NULL, NULL, NULL),
(606, '21t', '', 'วันละ 1 ครั้ง เวลา 21.00 น.', '1', NULL, NULL, NULL, NULL, NULL, NULL, NULL),
(607, 'Q4PRN', 'EVERY 4 HOURS WHEN SYMTOMS', 'ทุก 4 ช.ม. เวลามีอาการ', '1', NULL, NULL, NULL, NULL, NULL, NULL, NULL),
(608, 't7', '', 'วันละ 2 ครั้ง เวลา 7.00 น. และ 19.00 น.', '1', NULL, NULL, NULL, NULL, NULL, NULL, NULL),
(609, '719', '', 'วันละ 2 ครั้ง เวลา 7.00 และ 19.00 น.', '1', NULL, NULL, NULL, NULL, NULL, NULL, NULL),
(610, 'q1-2', '', 'ทุก 1-2 ชั่วโมง', '1', NULL, NULL, NULL, NULL, NULL, NULL, NULL),
(611, 'q2-4', '', 'ทุก 2-4 ชั่วโมง', '1', NULL, NULL, NULL, NULL, NULL, NULL, NULL),
(612, 'q68', '', 'ทุก 6-8 ชั่วโมง เมื่อมีอาการ', '1', NULL, NULL, NULL, NULL, NULL, NULL, NULL),
(613, 'Q68PRN', '', 'ทุก 6-8 ช.ม.เมื่อมีอาการ', '1', NULL, NULL, NULL, NULL, NULL, NULL, NULL),
(614, 'PRN', '', 'เวลามีอาการ', '1', NULL, NULL, NULL, NULL, NULL, NULL, NULL),
(615, 'q6-8', '', 'ทุก 6-8 ชั่วโมง เมื่อมีอาการ', '1', NULL, NULL, NULL, NULL, NULL, NULL, NULL),
(616, '921', '', 'วันละ 2 ครั้ง เวลา 9.00 และ 21.00 น.', '1', NULL, NULL, NULL, NULL, NULL, NULL, NULL),
(617, 'OD8', '', 'วันละ 1 ครั้ง เวลา 08.00 น.', '1', NULL, NULL, NULL, NULL, NULL, NULL, NULL),
(618, 'OD20', '', 'วันละ 1 ครั้ง เวลา 20.00 น.', '1', NULL, NULL, NULL, NULL, NULL, NULL, NULL);

-- --------------------------------------------------------

--
-- Table structure for table `b_item_drug_instruction`
--

CREATE TABLE `b_item_drug_instruction` (
  `instruction_id` int(11) NOT NULL,
  `instruction_code` varchar(45) COLLATE utf8_bin DEFAULT NULL,
  `instruction_description_e` varchar(255) COLLATE utf8_bin DEFAULT NULL,
  `instruction_description_t` varchar(255) COLLATE utf8_bin DEFAULT NULL,
  `actice` varchar(45) COLLATE utf8_bin DEFAULT NULL,
  `remark` varchar(45) COLLATE utf8_bin DEFAULT NULL,
  `date_create` varchar(45) COLLATE utf8_bin DEFAULT NULL,
  `date_modi` varchar(45) COLLATE utf8_bin DEFAULT NULL,
  `date_cancel` varchar(45) COLLATE utf8_bin DEFAULT NULL,
  `user_create` varchar(45) COLLATE utf8_bin DEFAULT NULL,
  `user_modi` varchar(45) COLLATE utf8_bin DEFAULT NULL,
  `user_cancel` varchar(45) COLLATE utf8_bin DEFAULT NULL
) ENGINE=MyISAM DEFAULT CHARSET=utf8 COLLATE=utf8_bin COMMENT='id=224 คำแนะนำ';

--
-- Dumping data for table `b_item_drug_instruction`
--

INSERT INTO `b_item_drug_instruction` (`instruction_id`, `instruction_code`, `instruction_description_e`, `instruction_description_t`, `actice`, `remark`, `date_create`, `date_modi`, `date_cancel`, `user_create`, `user_modi`, `user_cancel`) VALUES
(224000000, '1.25S', '', 'รับประทานครั้งละ 1 ช้อนชาและ หนึ่งส่วนสี่ ช้อนชา', '1', NULL, NULL, NULL, NULL, NULL, NULL, NULL),
(224000001, 'IA', 'Inject IA', 'ฉีดเข้าทางข้อ', '1', NULL, NULL, NULL, NULL, NULL, NULL, NULL),
(224000002, 'LOZ', 'keep', 'อม', '1', NULL, NULL, NULL, NULL, NULL, NULL, NULL),
(224000003, 'DS', 'Dressing the wound', 'ทำแผล', '1', NULL, NULL, NULL, NULL, NULL, NULL, NULL),
(224000004, 'EYE IRR', 'Rinse the eye', 'ล้างตา', '1', NULL, NULL, NULL, NULL, NULL, NULL, NULL),
(224000005, 'NS', 'Spry 1 puff in each nostril', 'พ่นจมูก', '1', NULL, NULL, NULL, NULL, NULL, NULL, NULL),
(224000006, 'ALLERGY', 'Apply to the itching and rash area', 'ทาผื่นคัน', '1', NULL, NULL, NULL, NULL, NULL, NULL, NULL),
(224000007, 'IRR', 'Cleansing wound', 'ล้างแผล', '1', NULL, NULL, NULL, NULL, NULL, NULL, NULL),
(224000008, 'DIM', '', '1amp dilute IM.', '1', NULL, NULL, NULL, NULL, NULL, NULL, NULL),
(224000009, 'DIV', '', '1amp dilute IV.', '1', NULL, NULL, NULL, NULL, NULL, NULL, NULL),
(224000010, '1.75S', '', 'รับประทานครั้งละ 1 ช้อนชาและ สามส่วนสี่ ช้อนชา', '1', NULL, NULL, NULL, NULL, NULL, NULL, NULL),
(224000011, '1C', 'Take 1 capsule by mouth', 'รับประทานครั้งละ 1 แคปซูล', '1', NULL, NULL, NULL, NULL, NULL, NULL, NULL),
(224000012, '1HB', 'Take one-half tablespoonful by mouth', 'รับประทานครั้งละ 1 ช้อนโต๊ะครึ่ง', '1', NULL, NULL, NULL, NULL, NULL, NULL, NULL),
(224000013, '1HT', 'Take one-half tablet by mouth', 'รับประทานครั้งละ 1 เม็ดครึ่ง', '1', NULL, NULL, NULL, NULL, NULL, NULL, NULL),
(224000014, '1M', 'Take 1 cc (ml)  by mouth', 'รับประทานครั้งละ 1 ซีซี (ml)', '1', NULL, NULL, NULL, NULL, NULL, NULL, NULL),
(224000015, '1QS', 'Take q quarter teaspoonful by mouth', 'รับประทานครั้งละ หนึ่งส่วนสี่ ช้อนชา', '1', NULL, NULL, NULL, NULL, NULL, NULL, NULL),
(224000016, '1QT', 'Take a quater tablet by mouth', 'รับประทานครั้งละ หนึ่งส่วนสี่เม็ด', '1', NULL, NULL, NULL, NULL, NULL, NULL, NULL),
(224000017, '1T', 'Take 1 tablet by mouth', 'รับประทานครั้งละ 1 เม็ด', '1', NULL, NULL, NULL, NULL, NULL, NULL, NULL),
(224000018, '1W', 'Take 1 tablet with meal', 'เคี้ยวยาให้ละเอียดก่อนกลืน ครั้งละ 1 เม็ด', '1', NULL, NULL, NULL, NULL, NULL, NULL, NULL),
(224000019, '2B', 'Take 2 tablespoonful', 'รับประทานครั้งละ 2 ช้อนโต๊ะ', '1', NULL, NULL, NULL, NULL, NULL, NULL, NULL),
(224000020, '2C', 'Take 2capsules by mouth', 'รับประทานครั้งละ 2 แคปซูล', '1', NULL, NULL, NULL, NULL, NULL, NULL, NULL),
(224000021, '2M', 'Take 2 cc(ml) by mouth', 'รับประทานครั้งละ 2 ซีซี (ml)', '1', NULL, NULL, NULL, NULL, NULL, NULL, NULL),
(224000022, '3M', 'Take 3 cc(ml) by mouth', 'รับประทานครั้งละ 3 ซีซี (ml)', '1', NULL, NULL, NULL, NULL, NULL, NULL, NULL),
(224000023, '3QB', 'Take 3 quater tablespoonful by mouth', 'รับประทานครั้งละ สามส่วนสี่ ช้อนโต๊ะ', '1', NULL, NULL, NULL, NULL, NULL, NULL, NULL),
(224000024, '3QT', 'Take 3 quater tablet by mouth', 'รับประทานครั้งละ สามส่วนสี่เม็ด', '1', NULL, NULL, NULL, NULL, NULL, NULL, NULL),
(224000025, '05M', 'Take 0.5 cc (ml)  by mouth', 'รับประทานครั้งละ 0.5 ซีซี', '1', NULL, NULL, NULL, NULL, NULL, NULL, NULL),
(224000026, '03M', '', 'รับประทานครั้งละ 0.3 ซีซี', '1', NULL, NULL, NULL, NULL, NULL, NULL, NULL),
(224000027, '06M', '', 'รับประทานครั้งละ 0.6 ซีซี', '1', NULL, NULL, NULL, NULL, NULL, NULL, NULL),
(224000028, 'H3', '', 'พ่นสูดเข้าทางปาก ครั้งละ 2  ที', '1', NULL, NULL, NULL, NULL, NULL, NULL, NULL),
(224000029, '3T', 'Take 2 tablets by mouth', 'รับประทานครั้งละ 3 เม็ด', '1', NULL, NULL, NULL, NULL, NULL, NULL, NULL),
(224000030, '4M', 'Take 4 cc(ml) by mouth', 'รับประทานครั้งละ 4 ซีซี (ml)', '1', NULL, NULL, NULL, NULL, NULL, NULL, NULL),
(224000031, '4S', 'Take 4 teaspoonful', 'รับประทานครั้งละ 4 ช้อนชา', '1', NULL, NULL, NULL, NULL, NULL, NULL, NULL),
(224000032, '4T', 'Take 4 tablets by mouth', 'รับประทานครั้งละ 4 เม็ด', '1', NULL, NULL, NULL, NULL, NULL, NULL, NULL),
(224000033, '5T', 'Take 5 tablets', 'รับประทานครั้งละ 5 เม็ด', '1', NULL, NULL, NULL, NULL, NULL, NULL, NULL),
(224000034, '6T', 'Take 6 tables', 'รับประทานครั้งละ 6 เม็ด', '1', NULL, NULL, NULL, NULL, NULL, NULL, NULL),
(224000035, '7T', 'Take 7 tablets', 'รับประทานครั้งละ 7 เม็ด', '1', NULL, NULL, NULL, NULL, NULL, NULL, NULL),
(224000036, '8T', 'Take 8 tablets', 'รับประทานครั้งละ 8 เม็ด', '1', NULL, NULL, NULL, NULL, NULL, NULL, NULL),
(224000037, '8M', 'Take 8 cc (ml) by mouth', 'รับประทานครั้งละ 8 ซีซี (ml)', '1', NULL, NULL, NULL, NULL, NULL, NULL, NULL),
(224000038, '9M', 'Take 9 ml', 'รับประทาน 9 ซีซี', '1', NULL, NULL, NULL, NULL, NULL, NULL, NULL),
(224000039, 'A10', 'Apply to area around outer vagina', 'ทาช่องคลอด', '1', NULL, NULL, NULL, NULL, NULL, NULL, NULL),
(224000040, 'A12', 'Apply to acne for 3-5 minutes and wash out', 'ทาบริเวณที่เป็น ทิ้งไว้ 3-5 นาที แล้วล้างออก', '1', NULL, NULL, NULL, NULL, NULL, NULL, NULL),
(224000041, 'A13', 'Apply to the corns', 'ทาบริเวณที่เป็นตาปลา', '1', NULL, NULL, NULL, NULL, NULL, NULL, NULL),
(224000042, 'A14', 'Apply to the warts', 'ทาบริเวณที่เป็นหูด', '1', NULL, NULL, NULL, NULL, NULL, NULL, NULL),
(224000043, 'A16', 'Apply to the fungus affected area on tougue', 'ทาบริเวณลิ้นเป็นฝ้า', '1', NULL, NULL, NULL, NULL, NULL, NULL, NULL),
(224000044, 'A17', 'Apply to the itching and rash area', 'ทาผื่นคัน', '1', NULL, NULL, NULL, NULL, NULL, NULL, NULL),
(224000045, 'A18', 'Apply to the wound', 'ทาแผล', '1', NULL, NULL, NULL, NULL, NULL, NULL, NULL),
(224000046, 'A20', 'Apply to the skin around wound', 'ทารอบ ๆ แผล', '1', NULL, NULL, NULL, NULL, NULL, NULL, NULL),
(224000047, 'A21', 'Apply to the skin around navel', 'ทารอบสะดือเด็ก', '1', NULL, NULL, NULL, NULL, NULL, NULL, NULL),
(224000048, 'A23', 'Apply to scar', 'ทารอยแผลเป็น', '1', NULL, NULL, NULL, NULL, NULL, NULL, NULL),
(224000049, 'A26', 'Apply to scalp\n', 'ทาหนังศีรษะ', '1', NULL, NULL, NULL, NULL, NULL, NULL, NULL),
(224000050, 'A27', 'Dressing the wound', 'ทำแผล', '1', NULL, NULL, NULL, NULL, NULL, NULL, NULL),
(224000051, 'A29', 'Apply in mouth and on tongue', 'ป้ายในปากและลิ้น', '1', NULL, NULL, NULL, NULL, NULL, NULL, NULL),
(224000052, 'A3', 'Wet dressing', 'ชุบน้ำยาประคบบริเวณที่เป็น', '1', NULL, NULL, NULL, NULL, NULL, NULL, NULL),
(224000053, 'A30', 'Apply to the sore in mouth', 'ป้ายแผลในปาก', '1', NULL, NULL, NULL, NULL, NULL, NULL, NULL),
(224000054, 'A31', 'Apply to the sore on tongue', 'ป้ายแผลบนลิ้น', '1', NULL, NULL, NULL, NULL, NULL, NULL, NULL),
(224000055, 'A34', 'Mixed in warm water for sit bath', 'ผสมน้ำอุ่นแช่ก้น', '1', NULL, NULL, NULL, NULL, NULL, NULL, NULL),
(224000056, 'test2', '', '88888888', '1', NULL, NULL, NULL, NULL, NULL, NULL, NULL),
(224000057, 'A33', 'Apply 1 patch on left chest', 'แปะหน้าอกซ้าย ครั้งละ 1 แผ่น', '1', NULL, NULL, NULL, NULL, NULL, NULL, NULL),
(224000058, 'A35', 'Scrub as soap', 'ฟอกแทนสบู่', '1', NULL, NULL, NULL, NULL, NULL, NULL, NULL),
(224000059, 'A36', 'Scrub the wound', 'ฟอกแผล', '1', NULL, NULL, NULL, NULL, NULL, NULL, NULL),
(224000060, 'A37', 'Cleansing wound', 'ล้างแผล', '1', NULL, NULL, NULL, NULL, NULL, NULL, NULL),
(224000061, 'A38', 'Shampoo the hair', 'สระผม', '1', NULL, NULL, NULL, NULL, NULL, NULL, NULL),
(224000062, 'A4', 'For cleansing', 'เช็ดทำความสะอาด', '1', NULL, NULL, NULL, NULL, NULL, NULL, NULL),
(224000063, 'A40', 'Drop gel into the sore mouth', 'หยอดยาชาสมานแผลในช่องปาก', '1', NULL, NULL, NULL, NULL, NULL, NULL, NULL),
(224000064, 'A41', 'Finse nostril', 'หยอดล้างจมูก', '1', NULL, NULL, NULL, NULL, NULL, NULL, NULL),
(224000065, 'A43', 'Apply to dry skin after bath', 'ทาผิวแห้ง หลังอาบน้ำ', '1', NULL, NULL, NULL, NULL, NULL, NULL, NULL),
(224000066, 'A44', 'Apply to rash or itching skin', 'ทาผิวบริเวณที่เป็นผื่นคัน', '1', NULL, NULL, NULL, NULL, NULL, NULL, NULL),
(224000067, 'A45', 'Apply to hair lossen skin', 'ทาผิวหนังบริเวณที่ผมร่วง', '1', NULL, NULL, NULL, NULL, NULL, NULL, NULL),
(224000068, 'A46', 'Keep in mouth and gargle', 'อมและบ้วนปาก', '1', NULL, NULL, NULL, NULL, NULL, NULL, NULL),
(224000069, 'A48', 'Spray 1-2 puffs in mouth and throat', 'พ่นในช่องปากหรือคอ ครั้งละ 1-2 ที', '1', NULL, NULL, NULL, NULL, NULL, NULL, NULL),
(224000070, 'A49', 'Spray on painful area', 'พ่นบริเวณที่ปวด', '1', NULL, NULL, NULL, NULL, NULL, NULL, NULL),
(224000071, 'A5', 'Cleansing the skin before injection', 'เช็ดผิวหนังก่อนฉีดยา', '1', NULL, NULL, NULL, NULL, NULL, NULL, NULL),
(224000072, 'A51', 'Vapour', 'สูดดม', '1', NULL, NULL, NULL, NULL, NULL, NULL, NULL),
(224000073, 'A52', 'Spray to mouth buldge', 'พ่นเข้ากระพุ้งแก้ม', '1', NULL, NULL, NULL, NULL, NULL, NULL, NULL),
(224000074, '45M', '', 'รับประทานครั้งละ 4 .5ซีซี (ml)', '1', NULL, NULL, NULL, NULL, NULL, NULL, NULL),
(224000075, 'A7', 'Hot sit bath', 'แช่ก้นในน้ำอุ่น', '1', NULL, NULL, NULL, NULL, NULL, NULL, NULL),
(224000076, 'A9', 'Apply for sunblock before touch the sunlight', 'ทากันแดด ก่อนออกถูกแสงแดด', '1', NULL, NULL, NULL, NULL, NULL, NULL, NULL),
(224000077, 'C', 'Take ... capsule by mouth', 'รับประทานครั้งละ ... แคปซูล', '1', NULL, NULL, NULL, NULL, NULL, NULL, NULL),
(224000078, 'CSC', 'Inject ...  unit SC', 'ฉีดยาเข้าใต้ผิวหนัง ครั้งละ ... ยูนิต', '1', NULL, NULL, NULL, NULL, NULL, NULL, NULL),
(224000079, 'D', 'Take ... drop', 'รับประทานครั้งละ ... หยด', '1', NULL, NULL, NULL, NULL, NULL, NULL, NULL),
(224000080, 'DA', 'Drop into the affected area', 'หยดใส่บริเวณที่เป็น', '1', NULL, NULL, NULL, NULL, NULL, NULL, NULL),
(224000081, 'DM', 'Place 2-3 drops in mouth', 'หยดใส่ปากครั้งละ 2-3 หยด', '1', NULL, NULL, NULL, NULL, NULL, NULL, NULL),
(224000082, 'EB', 'place 2-3 drops in each ear', 'หยอดหูทั้งสองข้าง ครั้งละ 2-3 หยด', '1', NULL, NULL, NULL, NULL, NULL, NULL, NULL),
(224000083, 'EC', 'Rinse the eye', 'ล้างตา', '1', NULL, NULL, NULL, NULL, NULL, NULL, NULL),
(224000084, 'ECB', 'Rinse each eye', 'ล้างตาทั้งสองข้าง', '1', NULL, NULL, NULL, NULL, NULL, NULL, NULL),
(224000085, 'ECL', 'Rinse the left eye', 'ล้างตาซ้าย', '1', NULL, NULL, NULL, NULL, NULL, NULL, NULL),
(224000086, 'ECR', 'Rinse the right eye', 'ล้างตาขวา', '1', NULL, NULL, NULL, NULL, NULL, NULL, NULL),
(224000087, 'ER', 'Place 2-3 drops in the right ear', 'หยอดหูข้างขวา ครั้งละ 2-3 หยด', '1', NULL, NULL, NULL, NULL, NULL, NULL, NULL),
(224000088, 'H', 'Inhale 1-2 puff', 'พ่นสูดเข้าทางปาก ครั้งละ 1-2  ที', '1', NULL, NULL, NULL, NULL, NULL, NULL, NULL),
(224000089, 'HB', 'Take half tablespoonful by mouth', 'รับประทานครั้งละ ครึ่งช้อนโต๊ะ', '1', NULL, NULL, NULL, NULL, NULL, NULL, NULL),
(224000090, 'HI', 'Inhale .... puff', 'สูดเข้าทางปาก ครั้งละ ... ที', '1', NULL, NULL, NULL, NULL, NULL, NULL, NULL),
(224000091, 'HS', 'Take half teaspoonful by mouth', 'รับประทานครั้งละ ครึ่ง ช้อนชา', '1', NULL, NULL, NULL, NULL, NULL, NULL, NULL),
(224000092, 'HT', 'Take half tablet by mouth', 'รับประทานครั้งละ ครึ่ง เม็ด', '1', NULL, NULL, NULL, NULL, NULL, NULL, NULL),
(224000093, 'J', 'Place 1-2 drops in each nostril', 'หยอดจมูกข้างที่มีอาการ ครั้งละ 1-2 หยด', '1', NULL, NULL, NULL, NULL, NULL, NULL, NULL),
(224000094, 'JL', 'Place 1-2 drops in left nostril', 'หยอดจมูกข้างซ้าย ครั้งละ 1-2 หยด', '1', NULL, NULL, NULL, NULL, NULL, NULL, NULL),
(224000095, 'M', 'Take .... cc (ml) by mouth', 'รับประทานครั้งละ ... ซีซี (ml)', '1', NULL, NULL, NULL, NULL, NULL, NULL, NULL),
(224000096, 'N1', 'Spray 1 puff in nostril', 'พ่นจมูก ครั้งละ 1 ที', '1', NULL, NULL, NULL, NULL, NULL, NULL, NULL),
(224000097, 'O10', 'Use 1 teaspoonful mixed in 1 glass of water(240 ml) and \ndrink', 'ยา 1 ช้อนชา ผสมน้ำ 1 แก้ว แล้วดื่ม', '1', NULL, NULL, NULL, NULL, NULL, NULL, NULL),
(224000098, 'O12', 'Use 1 sachet mixed in ....  ounces of water and drink', 'ยา 1 ซอง ผสมน้ำดื่ม ... ออนซ์  แล้วดื่ม', '1', NULL, NULL, NULL, NULL, NULL, NULL, NULL),
(224000099, 'O13', 'Use 1 spoonful mixed in 1 glass of water', 'ยา 1 ช้อนตวง ผสมน้ำ 1 แก้ว แล้วดื่ม', '1', NULL, NULL, NULL, NULL, NULL, NULL, NULL),
(224000100, 'O14', 'Mix 1 capsule in 5 cc. of water and drink', 'แกะปลอกแคปซูลเอาผงยาละลายน้ำ 5 ซีซี', '1', NULL, NULL, NULL, NULL, NULL, NULL, NULL),
(224000101, 'O2', 'Gargle', 'อมกลั้วคอ', '1', NULL, NULL, NULL, NULL, NULL, NULL, NULL),
(224000102, 'A02', '', 'จี้บริเวณที่เป็นหูด', '1', NULL, NULL, NULL, NULL, NULL, NULL, NULL),
(224000103, 'O4', 'Dissolve slowly 1 tablet in the mouth', 'อมให้ละลายในปาก ครั้งละ 1 เม็ด', '1', NULL, NULL, NULL, NULL, NULL, NULL, NULL),
(224000104, 'O5', 'Take halt tablet after breakfast and\n take 1 tablet ad bedtion\n', 'ทาน ครึ่ง เม็ด หลังอาหารเช้า และ 1 เม็ด ก่อนนอน', '1', NULL, NULL, NULL, NULL, NULL, NULL, NULL),
(224000105, 'O6', 'Mix 1 sachet in a glass of water and drink', 'ชงดื่มแทนน้ำ ครั้งละ 1 ซอง', '1', NULL, NULL, NULL, NULL, NULL, NULL, NULL),
(224000106, 'O7', 'Chew 1 tablet and swallow', 'เคี้ยวให้ละเอียดก่อนกลืน ครั้งละ 1 เม็ด', '1', NULL, NULL, NULL, NULL, NULL, NULL, NULL),
(224000107, 'O8', 'Sip as need for relief of cough', 'จิบเวลาไอ  ', '1', NULL, NULL, NULL, NULL, NULL, NULL, NULL),
(224000108, 'R', 'Insert ... suppository in rectum', 'เหน็บทวารหนักครั้งละ ... แท่ง', '1', NULL, NULL, NULL, NULL, NULL, NULL, NULL),
(224000109, '', '', '', '1', NULL, NULL, NULL, NULL, NULL, NULL, NULL),
(224000110, '', '', '', '1', NULL, NULL, NULL, NULL, NULL, NULL, NULL),
(224000111, 'R1', 'Insert 1 suppository in rectum', 'เหน็บทวารหนักครั้งละ 1 แท่ง', '1', NULL, NULL, NULL, NULL, NULL, NULL, NULL),
(224000112, 'S', 'Take ...  teaspoonful by mouth', 'รับประทานครั้งละ ... ช้อนชา', '1', NULL, NULL, NULL, NULL, NULL, NULL, NULL),
(224000113, 'T', 'Take  .... tablet by mouth', 'รับประทานครั้งละ ... เม็ด', '1', NULL, NULL, NULL, NULL, NULL, NULL, NULL),
(224000114, 'T12', 'Take 1 tablet in morning and take 2 tablet in evening', 'รับประทาน 1 เม็ด-เช้า ,2 เม็ด - เย็น', '1', NULL, NULL, NULL, NULL, NULL, NULL, NULL),
(224000115, '11T', '', 'รับประทานครั้งละ 11 เม็ด', '1', NULL, NULL, NULL, NULL, NULL, NULL, NULL),
(224000116, 'US1', 'Inject units before breakfast Inject units befor supper', 'ฉีด.ยูนิต ก่อนอาหาร เช้า ฉีด..ยูนิต ก่อนอาหาร เย็น', '1', NULL, NULL, NULL, NULL, NULL, NULL, NULL),
(224000117, 'USC', 'Inject ...  units subcutaneous', 'ฉีดเข้าใต้ผิวหนัง ครั้งละ ... ยูนิต (unit)', '1', NULL, NULL, NULL, NULL, NULL, NULL, NULL),
(224000118, 'VT', 'Insert ...  suppository in vagina', 'เหน็บช่องคลอดครั้งละ ...  แท่ง', '1', NULL, NULL, NULL, NULL, NULL, NULL, NULL),
(224000119, 'VT2', 'Insert 2  suppository in vagina', 'เหน็บช่องคลอดครั้งละ 2 แท่ง', '1', NULL, NULL, NULL, NULL, NULL, NULL, NULL),
(224000120, 'W', 'Place small amouth of salve or gel in the eye', 'ป้ายตา', '1', NULL, NULL, NULL, NULL, NULL, NULL, NULL),
(224000121, 'WB', 'Place small amouth of salve or gel in each eye', 'ป้ายตาทั้งสองข้าง', '1', NULL, NULL, NULL, NULL, NULL, NULL, NULL),
(224000122, 'WL', 'Place small amouth of salve or gel in left eye', 'ป้ายตาข้างซ้าย', '1', 'q', NULL, NULL, NULL, NULL, NULL, NULL),
(224000123, 'WO', 'Apply to outer eyelid', 'ทาเปลือกตา', '1', NULL, NULL, NULL, NULL, NULL, NULL, NULL),
(224000124, 'YB', 'Place 1-2 drop into each eye ', 'หยอดตาทั้งสองข้าง ครั้งละ 1-2 หยด', '1', NULL, NULL, NULL, NULL, NULL, NULL, NULL),
(224000125, 'YR', 'Place 1-2 drop into right eye ', 'หยอดตาข้างขวา ครั้งละ 1-2 หยด', '1', NULL, NULL, NULL, NULL, NULL, NULL, NULL),
(224000126, 'Z', 'Use as direct by doctor', 'ใช้ตามแพทย์แนะนำ/', '1', NULL, NULL, NULL, NULL, NULL, NULL, NULL),
(224000127, 'UAM', '', 'ฉีดเข้าใต้ผิวหนัง ครั้งละ... ยูนิต ก่อนอาหารเช้า', '1', NULL, NULL, NULL, NULL, NULL, NULL, NULL),
(224000128, '10M', 'Take 10 ML', 'รับประทานครั้งละ 10 ซีซี', '1', NULL, NULL, NULL, NULL, NULL, NULL, NULL),
(224000129, '12S', 'Take one-two teaspoonful by mouth', 'รับประทานครั้งละ 1-2 ช้อนชา ', '1', NULL, NULL, NULL, NULL, NULL, NULL, NULL),
(224000130, '1B', 'Take 1 tablespoonful by mouth', 'รับประทานครั้งละ 1 ช้อนโต๊ะ ', '1', NULL, NULL, NULL, NULL, NULL, NULL, NULL),
(224000131, '1HS', 'Take one-half teaspoonful  by mouth', 'รับประทานครั้งละ 1 ช้อนชาครึ่ง', '1', NULL, NULL, NULL, NULL, NULL, NULL, NULL),
(224000132, '1QB', 'Take q quarter tablespoonful by mouth', 'รับประทานครั้งละ หนึ่งส่วนสี่ ช้อนโต๊ะ', '1', NULL, NULL, NULL, NULL, NULL, NULL, NULL),
(224000133, '1S', 'Take 1 teaspoonful by mouth', 'รับประทานครั้งละ 1 ช้อนชา', '1', NULL, NULL, NULL, NULL, NULL, NULL, NULL),
(224000134, '2HT', 'Take two-half tablet', 'รับประทานครั้งละ 2 เม็ด ครึ่ง', '1', NULL, NULL, NULL, NULL, NULL, NULL, NULL),
(224000135, 'A22', 'Apply to dark area', 'ทาบริเวณผนังกั้นจมูก ', '1', NULL, NULL, NULL, NULL, NULL, NULL, NULL),
(224000136, 'A24', 'Apply to acne', 'ทาสิว', '1', NULL, NULL, NULL, NULL, NULL, NULL, NULL),
(224000137, 'BODY', 'test', 'ทาตัว', '1', NULL, NULL, NULL, NULL, NULL, NULL, NULL),
(224000138, 'NB', 'Spry 1 puff in each nostril', 'พ่นจมูก', '1', NULL, NULL, NULL, NULL, NULL, NULL, NULL),
(224000139, 'O15', '1 sachet mixed in 5 ounces of water', 'ผสมผงเกลือแร่ 1 ซอง กับน้ำดื่ม 5 ออนด์', '1', NULL, NULL, NULL, NULL, NULL, NULL, NULL),
(224000140, 'A01', 'Apply a thin area.', 'ทาบาง ๆ บริเวณที่เป็น', '1', NULL, NULL, NULL, NULL, NULL, NULL, NULL),
(224000141, '12T', 'Take one-two tablet by mouth', 'รับประทานครั้งละ 1-2 เม็ด', '1', NULL, NULL, NULL, NULL, NULL, NULL, NULL),
(224000142, '02T', 'Take two tablet by mouth', 'รับประทานครั้งละ 2 เม็ด', '1', NULL, NULL, NULL, NULL, NULL, NULL, NULL),
(224000143, '5RR', '', 'รับประทาน 5 ช้อนชา - เช้า', '1', NULL, NULL, NULL, NULL, NULL, NULL, NULL),
(224000144, '2A', '', '2 Ampules ', '1', NULL, NULL, NULL, NULL, NULL, NULL, NULL),
(224000145, '2S', 'Take 2 teaspoonful', 'รับประทานครั้งละ 2 ช้อนชา ', '1', NULL, NULL, NULL, NULL, NULL, NULL, NULL),
(224000146, '3QS', 'Take 3 quater teaspoonful by mouth', 'รับประทานครั้งละ สามส่วนสี่ ช้อนชา', '1', NULL, NULL, NULL, NULL, NULL, NULL, NULL),
(224000147, '3S', 'Take 3 teaspoonful', 'รับประทานครั้งละ 3 ช้อนชา', '1', NULL, NULL, NULL, NULL, NULL, NULL, NULL),
(224000148, '6M', 'Take 6 cc(ml) by mouth', 'รับประทานครั้งละ 6 ซีซี (ml)', '1', NULL, NULL, NULL, NULL, NULL, NULL, NULL),
(224000149, 'A11', 'Apply to the affected area and gentle massage', 'ทาถูนวดบริเวณที่ปวด', '1', NULL, NULL, NULL, NULL, NULL, NULL, NULL),
(224000150, 'A15', 'Spread on hematomas or local swelling skin', 'ทาบริเวณฟกช้ำ', '1', NULL, NULL, NULL, NULL, NULL, NULL, NULL),
(224000151, 'A19', 'Apply to dark area', 'ทาฝ้าหรือรอยดำบางๆ', '1', NULL, NULL, NULL, NULL, NULL, NULL, NULL),
(224000152, 'A25', 'Apply to acne for a moment and wash out', 'ทาสิวพอแสบแล้วล้างออก', '1', NULL, NULL, NULL, NULL, NULL, NULL, NULL),
(224000153, 'A28', 'Squeez into rectum', 'บีบสวนทวารหนัก', '1', NULL, NULL, NULL, NULL, NULL, NULL, NULL),
(224000154, 'A32', 'Apply 1 patch on trunk', 'แปะตามตัว ครั้งละ 1 แผ่น', '1', NULL, NULL, NULL, NULL, NULL, NULL, NULL),
(224000155, 'A39', 'Vaginal douch', 'สวนล้างช่องคลอด', '1', NULL, NULL, NULL, NULL, NULL, NULL, NULL),
(224000156, 'A42', 'Apply to colourless skin', 'ทาบริเวณรอยด่างขาว', '1', NULL, NULL, NULL, NULL, NULL, NULL, NULL),
(224000157, 'A47', 'Inhale 1 neble', 'พ่นสูด ครั้งละ 1 กระเปาะ', '1', NULL, NULL, NULL, NULL, NULL, NULL, NULL),
(224000158, 'A50', 'Spray on affected area', 'พ่นบริเวณที่เป็น', '1', NULL, NULL, NULL, NULL, NULL, NULL, NULL),
(224000159, 'A6', 'Cleansing the novel after bath', 'เช็ดสะดือเด็กหลังอาบน้ำ', '1', NULL, NULL, NULL, NULL, NULL, NULL, NULL),
(224000160, 'B', 'Take..... tablespoonful by mouth', 'รับประทานครั้งละ ... ช้อนโต๊ะ', '1', NULL, NULL, NULL, NULL, NULL, NULL, NULL),
(224000161, 'E', 'Place 2-3 drops in the ear', 'หยอดหู ครั้งละ 2-3 หยด', '1', NULL, NULL, NULL, NULL, NULL, NULL, NULL),
(224000162, 'OR05', '', 'รับประทานครั้งละ ครึ่ง', '1', NULL, NULL, NULL, NULL, NULL, NULL, NULL),
(224000163, 'EL', 'Place 2-3 drops in the left ear', 'หยอดหูข้างซ้าย ครั้งละ 2-3 หยด', '1', NULL, NULL, NULL, NULL, NULL, NULL, NULL),
(224000164, 'HRT', 'Insert half suppository in rectum', 'สอดทวารหนักครั้งละ ครึ่ง แท่ง', '1', NULL, NULL, NULL, NULL, NULL, NULL, NULL),
(224000165, 'ID', 'Inject Intradermal', 'ฉีดเข้าใต้ผิวหนัง', '1', NULL, NULL, NULL, NULL, NULL, NULL, NULL),
(224000166, 'JR', 'Place 1-2 drops in right nostril', 'หยอดจมูกข้างขวา ครั้งละ 1-2 หยด', '1', NULL, NULL, NULL, NULL, NULL, NULL, NULL),
(224000167, 'O1', 'Keep 1 tablet under the tongue', 'อมใต้ลิ้นครั้งละ 1 เม็ด เวลามีอาการ', '1', NULL, NULL, NULL, NULL, NULL, NULL, NULL),
(224000168, 'O11', 'Use 1 tablet dissolved in 1 glass of water and drink', 'ยา 1 เม็ด ละลายน้ำ 1 แก้ว แล้วดื่ม', '1', NULL, NULL, NULL, NULL, NULL, NULL, NULL),
(224000169, 'O16', '1 sachet mixed in 1 glass of water', 'ผสมผงเกลือแร่ 1ซอง กับน้ำดื่ม 1 แก้ว ( 240 ml) ', '1', NULL, NULL, NULL, NULL, NULL, NULL, NULL),
(224000170, 'O9', 'Kepp 1 cc in mouth as long as possible and swallow', 'อมไว้ในปากให้นานที่สุดแล้วกลืนครั้งละ 1 ซีซี (มล.)', '1', NULL, NULL, NULL, NULL, NULL, NULL, NULL),
(224000171, 'T21', 'Take 2 tablet in morning and take 1 tablet in evening', 'รับประทาน 2 เม็ด - เช้า ,1เม็ด - เย็น', '1', NULL, NULL, NULL, NULL, NULL, NULL, NULL),
(224000172, 'VT1', 'Insert 1  suppository in vagina', 'เหน็บช่องคลอดครั้งละ 1 แท่ง', '1', NULL, NULL, NULL, NULL, NULL, NULL, NULL),
(224000173, 'WR', 'Place small amouth of salve or gel in right eye', 'ป้ายตาข้างขวา', '1', NULL, NULL, NULL, NULL, NULL, NULL, NULL),
(224000174, 'YL', 'Place 1-2 drop into left eye ', 'หยอดตาข้างซ้าย ครั้งละ 1-2 หยด', '1', NULL, NULL, NULL, NULL, NULL, NULL, NULL),
(224000175, 'SIP', 'Sip as need for relief of cough', 'จิบเมื่อมีอาการไอ', '1', NULL, NULL, NULL, NULL, NULL, NULL, NULL),
(224000176, 'INH', 'Time frame gasp', 'พ่นเวลาหอบ', '1', NULL, NULL, NULL, NULL, NULL, NULL, NULL),
(224000177, 'IM', '', 'ฉีดเข้า IM', '1', NULL, NULL, NULL, NULL, NULL, NULL, NULL),
(224000178, 'IV', '', 'ฉีดเข้า IV', '1', NULL, NULL, NULL, NULL, NULL, NULL, NULL),
(224000179, 'IVP', '', 'IV PUSH', '1', NULL, NULL, NULL, NULL, NULL, NULL, NULL),
(224000180, 'VG1', '', 'ทาบริเวณปากช่องคลอด', '1', NULL, NULL, NULL, NULL, NULL, NULL, NULL),
(224000181, 'LABEL', '', 'อ่านวิธีใช้ในฉลากก่อนใช้ยา', '1', NULL, NULL, NULL, NULL, NULL, NULL, NULL),
(224000182, 'INF', '', 'IV INFUSION', '1', NULL, NULL, NULL, NULL, NULL, NULL, NULL),
(224000183, 'IVD', '', 'IV DRIP', '1', NULL, NULL, NULL, NULL, NULL, NULL, NULL),
(224000184, 'APPLY', '', 'ทาบางๆบริเวณที่เป็น', '1', NULL, NULL, NULL, NULL, NULL, NULL, NULL),
(224000185, 'BALM', '', 'ทาถูนวดบริเวณที่ปวด ฟกช้ำ', '1', NULL, NULL, NULL, NULL, NULL, NULL, NULL),
(224000186, 'MW LOZ', '', 'ผสมน้ำ อมนาน ๆ แล้วกลืน', '1', NULL, NULL, NULL, NULL, NULL, NULL, NULL),
(224000187, 'WART', '', 'จี้บริเวณที่เป็นหูด', '1', NULL, NULL, NULL, NULL, NULL, NULL, NULL),
(224000188, 'ANAL WORM', '', 'ผสมน้ำอุ่นแช่ก้น', '1', NULL, NULL, NULL, NULL, NULL, NULL, NULL),
(224000189, 'DC', '', 'ปิดแผล', '1', NULL, NULL, NULL, NULL, NULL, NULL, NULL),
(224000190, 'ANAL PASTE', '', 'ป้ายบริเวณทวารหนัก', '1', NULL, NULL, NULL, NULL, NULL, NULL, NULL),
(224000191, 'EYO2', '', 'ป้ายตาทั้งสองข้าง', '1', NULL, NULL, NULL, NULL, NULL, NULL, NULL),
(224000192, 'EYO1', '', 'ป้ายตาข้างที่เป็น', '1', NULL, NULL, NULL, NULL, NULL, NULL, NULL),
(224000193, 'EAR1', '', 'หยอดหูข้างที่เป็น', '1', NULL, NULL, NULL, NULL, NULL, NULL, NULL),
(224000194, 'EYE1', '', 'หยอดตาข้างที่เป็น', '1', NULL, NULL, NULL, NULL, NULL, NULL, NULL),
(224000195, 'EAR2 ', '', 'หยอดหูทั้งสองข้าง', '1', NULL, NULL, NULL, NULL, NULL, NULL, NULL),
(224000196, 'OR', '', 'รับประทานครั้งละ', '1', NULL, NULL, NULL, NULL, NULL, NULL, NULL),
(224000197, 'SIPS', 'Jib frequently.', 'จิบบ่อย ๆ', '1', NULL, NULL, NULL, NULL, NULL, NULL, NULL),
(224000198, 'NP', 'Button nose', 'ป้ายจมูก', '1', NULL, NULL, NULL, NULL, NULL, NULL, NULL),
(224000199, 'TOUNG', 'Tongue label', 'ป้ายลิ้น', '1', NULL, NULL, NULL, NULL, NULL, NULL, NULL),
(224000200, 'ND', 'Nose drops', 'หยอดจมูก', '1', NULL, NULL, NULL, NULL, NULL, NULL, NULL),
(224000201, 'SHAMPOO', 'Use a shampoo', 'ใช้สระผม', '1', NULL, NULL, NULL, NULL, NULL, NULL, NULL),
(224000202, 'DIS', 'Stand dissolved and then swallowed.', 'ละลายน้ำ อมแล้วกลืน', '1', NULL, NULL, NULL, NULL, NULL, NULL, NULL),
(224000203, 'RUB', 'Apply around the wound.', 'ทารอบๆแผล', '1', NULL, NULL, NULL, NULL, NULL, NULL, NULL),
(224000204, 'EYE RT', 'Right eye.', 'หยอดตาขวา', '1', NULL, NULL, NULL, NULL, NULL, NULL, NULL),
(224000205, 'EAR RT', 'Right ear drops.', 'หยอดหูขวา', '1', NULL, NULL, NULL, NULL, NULL, NULL, NULL),
(224000206, 'MW', 'Gargle with.', 'อมบ้วนปาก', '1', NULL, NULL, NULL, NULL, NULL, NULL, NULL),
(224000207, 'SL', 'Stand under the tongue.', 'อมใต้ลิ้น', '1', NULL, NULL, NULL, NULL, NULL, NULL, NULL),
(224000208, 'WOUND1', 'Enter the wound.', 'ใช้ใส่แผล', '1', NULL, NULL, NULL, NULL, NULL, NULL, NULL),
(224000209, 'EYO LT', 'Label the left eye.', 'ป้ายตาซ้าย', '1', NULL, NULL, NULL, NULL, NULL, NULL, NULL),
(224000210, 'EYE OT DOD', 'Alternately', 'วันเว้นวัน', '1', NULL, NULL, NULL, NULL, NULL, NULL, NULL),
(224000211, 'EYE LT', 'Left eye.', 'หยอดตาซ้าย', '1', NULL, NULL, NULL, NULL, NULL, NULL, NULL),
(224000212, 'EAR LT', 'Left ear drops.', 'หยอดหูซ้าย', '1', NULL, NULL, NULL, NULL, NULL, NULL, NULL),
(224000213, 'VAG', 'Insert vagina', 'สอดช่องคลอด', '1', NULL, NULL, NULL, NULL, NULL, NULL, NULL),
(224000214, 'PASTE', 'Apply to the sore in mouth', 'ป้ายแผลในปาก', '1', NULL, NULL, NULL, NULL, NULL, NULL, NULL),
(224000215, 'SOR', 'Time with a sore throat.', 'อมเวลาเจ็บคอ', '1', NULL, NULL, NULL, NULL, NULL, NULL, NULL),
(224000216, 'ALC', 'Wipe the umbilical children.', 'เช็ดสะดือเด็ก', '1', NULL, NULL, NULL, NULL, NULL, NULL, NULL),
(224000217, 'SUPP', 'Rectal suppository.', 'เหน็บทวารหนัก', '1', NULL, NULL, NULL, NULL, NULL, NULL, NULL),
(224000218, 'STAT', 'Eat immediately.', 'รับประทานทันที', '1', NULL, NULL, NULL, NULL, NULL, NULL, NULL),
(224000219, 'LOCAL', 'The paint area.', 'ทาบริเวณที่เป็น', '1', NULL, NULL, NULL, NULL, NULL, NULL, NULL),
(224000220, 'MT2', 'Apply in mouth and on tongue', 'ป้ายในปากและลิ้น', '1', NULL, NULL, NULL, NULL, NULL, NULL, NULL),
(224000221, 'SAC1', 'Eat a bag.', 'รับประทาน 1 ซอง', '1', NULL, NULL, NULL, NULL, NULL, NULL, NULL),
(224000222, 'X3', 'Half a glass drinking water packets.', 'ครึ่งซองผสมน้ำ 1 แก้วดื่ม', '1', NULL, NULL, NULL, NULL, NULL, NULL, NULL),
(224000223, 'SAC', '1 cup water 1 package mixed drink.', '1 ซองผสมน้ำ 1 แก้วดื่ม', '1', NULL, NULL, NULL, NULL, NULL, NULL, NULL),
(224000224, 'X2', '1 cup water 1 envelope + drinks at a time.', '1ซอง+น้ำ1แก้ว ดื่มครั้งละ', '1', NULL, NULL, NULL, NULL, NULL, NULL, NULL),
(224000225, 'OR1-2', 'Take one-two tablet by mouth', 'รับประทานครั้งละ 1-2 เม็ด', '1', NULL, NULL, NULL, NULL, NULL, NULL, NULL),
(224000226, 'OR13', '', 'รับประทานครั้งละ 1/3', '1', NULL, NULL, NULL, NULL, NULL, NULL, NULL),
(224000227, 'OR23', '', 'รับประทานครั้งละ 2/3', '1', NULL, NULL, NULL, NULL, NULL, NULL, NULL),
(224000228, 'OR34', '', 'รับประทานครั้งละ 3/4', '1', NULL, NULL, NULL, NULL, NULL, NULL, NULL),
(224000229, 'IL', '', 'IL', '1', NULL, NULL, NULL, NULL, NULL, NULL, NULL),
(224000230, 'SC', '', 'SC', '1', NULL, NULL, NULL, NULL, NULL, NULL, NULL),
(224000231, 'CHEW', '', 'อมให้ละลายช้าๆในปาก', '1', NULL, NULL, NULL, NULL, NULL, NULL, NULL),
(224000232, 'ID1', '', 'ID 1 จุด', '1', NULL, NULL, NULL, NULL, NULL, NULL, NULL),
(224000233, 'ID2', '', 'ID 2 จุด', '1', NULL, NULL, NULL, NULL, NULL, NULL, NULL),
(224000234, '008', '', '*** เก็บยาในตู้เย็น ***', '1', NULL, NULL, NULL, NULL, NULL, NULL, NULL),
(224000235, 'aaa', '', 'aaa', '1', NULL, NULL, NULL, NULL, NULL, NULL, NULL),
(224000236, '07M', '', 'รับประทานครั้งละ 0.7 ซีซี', '1', NULL, NULL, NULL, NULL, NULL, NULL, NULL),
(224000237, '08M', '', 'รับประทานครั้งละ 0.8 ซีซี (ml)', '1', NULL, NULL, NULL, NULL, NULL, NULL, NULL),
(224000238, '09M', '', 'รับประทานครั้งละ 0.9 ซีซี', '1', NULL, NULL, NULL, NULL, NULL, NULL, NULL),
(224000239, '1', '', 'รับประทาน 1 เม็ด ครึ่ง *เฉพาะจันทร์-ศุกร์*', '1', NULL, NULL, NULL, NULL, NULL, NULL, NULL),
(224000240, '11', '', 'ยา 1 ช้อนชา ผสมน้ำ 1 แก้ว (240 ซีซี)', '1', NULL, NULL, NULL, NULL, NULL, NULL, NULL),
(224000241, '12M', '', 'รับประทานครั้งละ 12 ซีซี (ml)', '1', NULL, NULL, NULL, NULL, NULL, NULL, NULL),
(224000242, '134', '', 'รับประทานครั้งละ 8.75 ซีซี (ml)', '1', NULL, NULL, NULL, NULL, NULL, NULL, NULL),
(224000243, '13M', '', 'รับประทานครั้งละ 13 ซีซี (ml)', '1', NULL, NULL, NULL, NULL, NULL, NULL, NULL),
(224000244, '13T', '', 'รับประทานครั้งละ 13 เม็ด', '1', NULL, NULL, NULL, NULL, NULL, NULL, NULL),
(224000245, '14', '', 'รับประทานครั้งละ 1.3 ซีซี (ml)', '1', NULL, NULL, NULL, NULL, NULL, NULL, NULL),
(224000246, '14M', '', 'รับประทานครั้งละ 14 ซีซี (ml)', '1', NULL, NULL, NULL, NULL, NULL, NULL, NULL),
(224000247, '14T', '', 'รับประทานครั้งละ 14 เม็ด', '1', NULL, NULL, NULL, NULL, NULL, NULL, NULL),
(224000248, '15M', '', 'รับประทานครั้งละ 15 ซีซี (ml)', '1', NULL, NULL, NULL, NULL, NULL, NULL, NULL),
(224000249, '15T', '', 'รับประทานครั้งละ 15 เม็ด', '1', NULL, NULL, NULL, NULL, NULL, NULL, NULL),
(224000250, '1H1', '', 'รับประทาน หนึ่งเม็ดครึ่ง - เช้า , 1 เม็ด - เย็น', '1', NULL, NULL, NULL, NULL, NULL, NULL, NULL),
(224000251, '1MZ', '', 'รับประทาน ครึ่ง เม็ด - เช้า , 1 เม็ด - ก่อนนอน', '1', NULL, NULL, NULL, NULL, NULL, NULL, NULL),
(224000252, '1OR', '', 'รับประทานครั้งละ 1 เม็ด/** ก่อนไป OR **', '1', NULL, NULL, NULL, NULL, NULL, NULL, NULL),
(224000253, '2', '', 'ยา 2 ซอง ผสมน้ำ 1 แก้ว(240 ml) แล้วดื่ม', '1', NULL, NULL, NULL, NULL, NULL, NULL, NULL),
(224000254, '23', '', 'รับประทานครั้งละ 3.5 ซีซี (ml)', '1', NULL, NULL, NULL, NULL, NULL, NULL, NULL),
(224000255, '25M', '', 'รับประทานครั้งละ 2.5 ซีซี (ml)', '1', NULL, NULL, NULL, NULL, NULL, NULL, NULL),
(224000256, '2H2', '', 'รับประทาน สองเม็ดครึ่ง - เช้า ,  2 เม็ด - เย็น', '1', NULL, NULL, NULL, NULL, NULL, NULL, NULL),
(224000257, '2OR', '', 'รับประทานครั้งละ 2 เม็ด/** ก่อนไป OR **', '1', NULL, NULL, NULL, NULL, NULL, NULL, NULL),
(224000258, '2W', '', 'เคี้ยวยา หรือบด ให้ละเอียดก่อนกลืน ครั้งละ 1 เม็ด', '1', NULL, NULL, NULL, NULL, NULL, NULL, NULL),
(224000259, '30M', '', 'รับประทานครั้งละ 30 ซีซี (ml)', '1', NULL, NULL, NULL, NULL, NULL, NULL, NULL),
(224000260, '34', '', 'รับประทานครั้งละ 3.75 ซีซี (ml)', '1', NULL, NULL, NULL, NULL, NULL, NULL, NULL),
(224000261, '35', '', 'รับประทานครั้งละ 3.5 ซีซี (ml)', '1', NULL, NULL, NULL, NULL, NULL, NULL, NULL),
(224000262, '35M', '', 'รับประทานครั้งละ 3.5 ซีซี (ml)', '1', NULL, NULL, NULL, NULL, NULL, NULL, NULL),
(224000263, '3MZ', '', 'รับประทาน 1 ช้อนชา - เช้า ,1 ช้อนชาครึ่ง - ก่อนนอน', '1', NULL, NULL, NULL, NULL, NULL, NULL, NULL),
(224000264, '55M', '', 'รับประทานครั้งละ 5.5 ซีซี (ml)', '1', NULL, NULL, NULL, NULL, NULL, NULL, NULL),
(224000265, '589', '', '**ใช้เสร็จ กรุณานำส่งคืนห้องยาด้วย **', '1', NULL, NULL, NULL, NULL, NULL, NULL, NULL),
(224000266, '5M', '', 'รับประทานครั้งละ 5 ซีซี (ml)', '1', NULL, NULL, NULL, NULL, NULL, NULL, NULL),
(224000267, '65M', '', 'รับประทานครั้งละ 6.5 ซีซี (ml)', '1', NULL, NULL, NULL, NULL, NULL, NULL, NULL),
(224000268, '75M', '', 'รับประทานครั้งละ 7.5 ซีซี (ml)', '1', NULL, NULL, NULL, NULL, NULL, NULL, NULL),
(224000269, '7M', '', 'รับประทานครั้งละ 7 ซีซี (ml)', '1', NULL, NULL, NULL, NULL, NULL, NULL, NULL),
(224000270, '857', '', 'ฟอกบริเวณที่มีอาการ', '1', NULL, NULL, NULL, NULL, NULL, NULL, NULL),
(224000271, '85M', '', 'รับประทานครั้งละ 8.5 ซีซี (ml)', '1', NULL, NULL, NULL, NULL, NULL, NULL, NULL),
(224000272, '89', '', 'รับประทานครั้งละ 2 แคปซูล**ทันที**', '1', NULL, NULL, NULL, NULL, NULL, NULL, NULL),
(224000273, '95M', '', 'รับประทาน 9.5 ซีซี', '1', NULL, NULL, NULL, NULL, NULL, NULL, NULL),
(224000274, 'A0', '', 'ทาบางๆ บริเวณที่เป็น ตาปลา หรือ หูด', '1', NULL, NULL, NULL, NULL, NULL, NULL, NULL),
(224000275, 'A56', '', 'ทาบริเวณที่เป็น ทิ้งไว้ 10-12 ชั่วโมง แล้วล้างออก', '1', NULL, NULL, NULL, NULL, NULL, NULL, NULL),
(224000276, 'OR DROP', 'Oral Drops', 'หยอดปาก', '1', NULL, NULL, NULL, NULL, NULL, NULL, NULL),
(224000277, 'SCRUB', 'The harness wound.', 'ใช้ฟอกแผล', '1', NULL, NULL, NULL, NULL, NULL, NULL, NULL),
(224000278, '12B', 'Eat 1-2 tablespoons at a time.', 'รับประทานครั้งละ 1-2 ช้อนโต๊ะ', '1', NULL, NULL, NULL, NULL, NULL, NULL, NULL),
(224000279, '12', 'Eating 12 tablets at a time.', 'รับประทานครั้งละ 12 เม็ด', '1', NULL, NULL, NULL, NULL, NULL, NULL, NULL),
(224000280, 'A57', '', 'ทาบริเวณที่เป็นเนื้ออ่อนๆ หลังอาบน้ำ', '1', NULL, NULL, NULL, NULL, NULL, NULL, NULL),
(224000281, 'A08', '', 'ทา', '1', NULL, NULL, NULL, NULL, NULL, NULL, NULL),
(224000282, 'AIM', '', 'ฉีดเข้ากล้ามครั้งละ ... แอมพูล (ampoule)', '1', NULL, NULL, NULL, NULL, NULL, NULL, NULL),
(224000283, 'AIV', '', 'ฉีดเข้าเส้นเลือดดำ ครั้งละ ... แอมพูล (ampoule)', '1', NULL, NULL, NULL, NULL, NULL, NULL, NULL),
(224000284, '1.2', '', '', '1', NULL, NULL, NULL, NULL, NULL, NULL, NULL),
(224000285, 'AZ', '', 'รับประทาน 1 เม็ด*วันคู่และ รับประทาน 2 เม็ด*วันคี่', '1', NULL, NULL, NULL, NULL, NULL, NULL, NULL),
(224000286, '', 'null', '', '1', NULL, NULL, NULL, NULL, NULL, NULL, NULL),
(224000287, 'CIM', '', 'ฉีดเข้ากล้าม ครั้งละ ... ซีซี (มล.)', '1', NULL, NULL, NULL, NULL, NULL, NULL, NULL),
(224000288, 'CIV', '', 'ฉีดเข้าเส้นเลือดดำ ครั้งละ ... ซีซี (มล.)', '1', NULL, NULL, NULL, NULL, NULL, NULL, NULL),
(224000289, 'EY1', '', 'ใช้สำหรับล้างตา วันละ 1-2 ครั้ง หรือตามแพทย์แนะนำ/', '1', NULL, NULL, NULL, NULL, NULL, NULL, NULL),
(224000290, 'EYE', '', 'เช็ดทำความสะอาดตา /', '1', NULL, NULL, NULL, NULL, NULL, NULL, NULL),
(224000291, 'GIM', '', 'ฉีดเข้ากล้าม ครั้งละ ... กรัม (gm)', '1', NULL, NULL, NULL, NULL, NULL, NULL, NULL),
(224000292, 'GIV', '', 'ฉีดเข้าเส้นเลือดดำ ครั้งละ ... กรัม (gm)', '1', NULL, NULL, NULL, NULL, NULL, NULL, NULL),
(224000293, 'J11', '', 'สำหรับล้างจมูก   *ตามแพทย์แนะนำ*', '1', NULL, NULL, NULL, NULL, NULL, NULL, NULL),
(224000294, 'M15', '', 'รับประทานครั้งละ 1.5 ซีซี', '1', NULL, NULL, NULL, NULL, NULL, NULL, NULL),
(224000295, 'MGM', '', 'ฉีดเข้ากล้ามครั้งละ ... มิลลิกรัม (mg)', '1', NULL, NULL, NULL, NULL, NULL, NULL, NULL),
(224000296, 'MGV', '', 'ฉีดเข้าเส้นเลือดดำ ครั้งละ ... มิลลิกรัม (mg)', '1', NULL, NULL, NULL, NULL, NULL, NULL, NULL),
(224000297, 'O17', '', 'ยา 1 ซอง ผสมกับน้ำดื่ม 1 แก้ว (240 ซีซี)', '1', NULL, NULL, NULL, NULL, NULL, NULL, NULL),
(224000298, 'O18', '', 'ผสมยา 1 ซีซี กับน้ำ 3 ซีซี', '1', NULL, NULL, NULL, NULL, NULL, NULL, NULL),
(224000299, 'O19', '', 'ยา 1 ซอง ผสมกับน้ำดื่ม 1 แก้ว (ประมาณ 60-150 ซีซี)', '1', NULL, NULL, NULL, NULL, NULL, NULL, NULL),
(224000300, 'O3', '', 'ยา 1 ซอง ผสมน้ำ 1 แก้ว(240 ml) แล้วดื่ม', '1', NULL, NULL, NULL, NULL, NULL, NULL, NULL),
(224000301, 'VIM', '', 'ฉีดเข้ากล้ามครั้งละ ... ขวดเล็ก (vial)', '1', NULL, NULL, NULL, NULL, NULL, NULL, NULL),
(224000302, 'VIV', '', 'ฉีดเข้าเส้นเลือดดำ ครั้งละ ... ขวดเล็ก (vial)', '1', NULL, NULL, NULL, NULL, NULL, NULL, NULL),
(224000303, 'Y', '', 'หยอดตาข้างที่เป็น ครั้งละ 1-2 หยด', '1', NULL, NULL, NULL, NULL, NULL, NULL, NULL),
(224000304, 'ZA', '', 'รับประทาน 2 เม็ด*วันคี่และ รับประทาน 1 เม็ด*วันคู่', '1', NULL, NULL, NULL, NULL, NULL, NULL, NULL),
(224000305, '1A', '', '1 Ampules', '1', NULL, NULL, NULL, NULL, NULL, NULL, NULL),
(224000306, '1V', '', '1 Vial  ', '1', NULL, NULL, NULL, NULL, NULL, NULL, NULL),
(224000307, '9LL', '', '1 ช้อนตวง ', '1', NULL, NULL, NULL, NULL, NULL, NULL, NULL),
(224000308, 'II', '', 'ฉีด', '1', NULL, NULL, NULL, NULL, NULL, NULL, NULL),
(224000309, 'A77', '', 'ป้าย หรือหยอดแผลในปาก', '1', NULL, NULL, NULL, NULL, NULL, NULL, NULL),
(224000310, 'OO', '', 'ยา 2 เม็ด ละลายน้ำ', '1', NULL, NULL, NULL, NULL, NULL, NULL, NULL),
(224000311, 'L1', '', 'ยา 45 ซีซี ผสมกับน้ำดื่ม 120 ซีซี  ', '1', NULL, NULL, NULL, NULL, NULL, NULL, NULL),
(224000312, 'SH', '', 'ยา ครึ่ง ซอง ผสมน้ำดื่ม ประมาณ 5 - 10 ซีซี', '1', NULL, NULL, NULL, NULL, NULL, NULL, NULL),
(224000313, 'QQ', '', 'รับประทาน 1 เม็ด- วันคู่ และ  ครึ่ง เม็ด- วันคี่ ', '1', NULL, NULL, NULL, NULL, NULL, NULL, NULL),
(224000314, 'T31', '', 'รับประทาน 2 เม็ด-เช้า,1 เม็ด-กลางวัน, 2 เม็ด-เย็น', '1', NULL, NULL, NULL, NULL, NULL, NULL, NULL),
(224000315, 'T23', '', 'รับประทาน 2 เม็ด -เช้า , 3 เม็ด - เย็น', '1', NULL, NULL, NULL, NULL, NULL, NULL, NULL),
(224000316, '3RR', '', 'รับประทาน 3 ช้อนชา - เช้า ', '1', NULL, NULL, NULL, NULL, NULL, NULL, NULL),
(224000317, 'T32', '', 'รับประทาน 3 เม็ด-เช้า ,2 เม็ด -เย็น', '1', NULL, NULL, NULL, NULL, NULL, NULL, NULL),
(224000318, '4RR', '', 'รับประทาน 4 ช้อนชา - เช้า', '1', NULL, NULL, NULL, NULL, NULL, NULL, NULL),
(224000319, '5R', '', 'รับประทาน 5 เม็ด - เช้า', '1', NULL, NULL, NULL, NULL, NULL, NULL, NULL),
(224000320, 'TH1', '', 'รับประทาน ครึ่ง เม็ด-เช้า ,1 เม็ด - เย็น', '1', NULL, NULL, NULL, NULL, NULL, NULL, NULL),
(224000321, '2R', 'The right eye the morning - cold.', 'หยอดตาข้างขวา เช้า-เย็น ', '1', NULL, NULL, NULL, NULL, NULL, NULL, NULL),
(224000322, '4R', 'Right eye. Breakfast - lunch - dinner - before going to bed.', 'หยอดตาข้างขวา เช้า-กลางวัน-เย็น-ก่อนนอน  ', '1', NULL, NULL, NULL, NULL, NULL, NULL, NULL),
(224000323, '1R', 'Eating a Piece - morning', 'รับประทาน 1 เม็ด - เช้า', '1', NULL, NULL, NULL, NULL, NULL, NULL, NULL),
(224000324, 'T33', 'Eating a breakfast grain, half tablets before bed.', 'รับประทาน 1 เม็ด เช้า  , ครึ่ง เม็ด ก่อนนอน', '1', NULL, NULL, NULL, NULL, NULL, NULL, NULL),
(224000325, '01', '1 tablet after eating breakfast.', 'รับประทาน 1 เม็ด หลังอาหาร เช้า  ', '1', NULL, NULL, NULL, NULL, NULL, NULL, NULL),
(224000326, 'T1Z', 'Eating a Piece - breakfast, half-tablet - before going to bed.', 'รับประทาน 1 เม็ด-เช้า ,ครึ่ง เม็ด - ก่อนนอน', '1', NULL, NULL, NULL, NULL, NULL, NULL, NULL),
(224000327, '1RR', 'Eat a teaspoon - morning', 'รับประทาน 1 ช้อนชา - เช้า  ', '1', NULL, NULL, NULL, NULL, NULL, NULL, NULL),
(224000328, '1R2', 'Eat half a teaspoon - morning', 'รับประทาน 1 ช้อนชา ครึ่ง - เช้า ', '1', NULL, NULL, NULL, NULL, NULL, NULL, NULL),
(224000329, 'H2', 'Inhalation spray into the mouth at a time t 1.', 'สูดพ่นเข้าทางปาก ครั้งละ 1 ที', '1', NULL, NULL, NULL, NULL, NULL, NULL, NULL),
(224000330, '2R2', 'Eat half a teaspoon 2 - morning', 'รับประทาน 2 ช้อนชา ครึ่ง-เช้า ', '1', NULL, NULL, NULL, NULL, NULL, NULL, NULL),
(224000331, '2RR', 'Eating 2 tsp - morning', 'รับประทาน 2 ช้อนชา-เช้า', '1', NULL, NULL, NULL, NULL, NULL, NULL, NULL),
(224000332, '003', '', 'ใช้ด่างทับทิมพอประมาณ(5-7เกล็ด)ผสมน้ำตามต้องการ', '1', NULL, NULL, NULL, NULL, NULL, NULL, NULL),
(224000333, '044', '', 'วันที่เริ่มเปิดใช้  __ /___ /___  เวลา ______', '1', NULL, NULL, NULL, NULL, NULL, NULL, NULL),
(224000334, '6PP', '', 'สระผม หรือฟอกบริเวณทีมีอาการ  ', '1', NULL, NULL, NULL, NULL, NULL, NULL, NULL),
(224000335, '6OP', '', 'สระผม หรือฟอกบริเวณทีมีอาการ วันละ 1 ครั้ง', '1', NULL, NULL, NULL, NULL, NULL, NULL, NULL),
(224000336, 'N2', 'Spray 2 puff in nostril', 'พ่นจมูก ครั้งละ 2 ที', '1', NULL, NULL, NULL, NULL, NULL, NULL, NULL),
(224000337, '852', '', 'จิบได้บ่อย ๆ เวลามีอาการปวดแสบจุกเสียดแน่นท้อง', '1', NULL, NULL, NULL, NULL, NULL, NULL, NULL),
(224000338, '2V', '', '2 Vial ', '1', NULL, NULL, NULL, NULL, NULL, NULL, NULL),
(224000339, 'TT', '', 'รับประทานครั้งละ หนึ่งเศษหนึ่งส่วนสี่ เม็ด ', '1', NULL, NULL, NULL, NULL, NULL, NULL, NULL),
(224000340, 'O27', '', 'อมใต้ลิ้นครั้งละ 1 เม็ด เวลามีอาการเจ็บแน่นหน้าอก', '1', NULL, NULL, NULL, NULL, NULL, NULL, NULL),
(224000341, '0.3m', '', 'รับประทานครั้งละ 0.3 ซีซี', '1', NULL, NULL, NULL, NULL, NULL, NULL, NULL),
(224000342, '0.5m', '', 'รับประทานครั้งละ 0.5 ซีซี', '1', NULL, NULL, NULL, NULL, NULL, NULL, NULL),
(224000343, '02s', '', 'รับประทานครั้งละ 2 ช้อนชา', '1', NULL, NULL, NULL, NULL, NULL, NULL, NULL),
(224000344, '2ml', '', 'รับประทานครั้งละ 2 ซีซี', '1', NULL, NULL, NULL, NULL, NULL, NULL, NULL),
(224000345, '3ml', '', 'รับประทานครั้งละ 3 ซีซี', '1', NULL, NULL, NULL, NULL, NULL, NULL, NULL),
(224000346, '4.5m', '', 'รับประทานครั้งละ 4.5 ซีซี', '1', NULL, NULL, NULL, NULL, NULL, NULL, NULL),
(224000347, '3.5m', '', 'รับประทานครั้งละ 3.5 ซีซี', '1', NULL, NULL, NULL, NULL, NULL, NULL, NULL),
(224000348, '2.5m', '', 'รับประทานครั้งละ 2.5 ซีซี', '1', NULL, NULL, NULL, NULL, NULL, NULL, NULL),
(224000349, '1.5m', '', 'รับประทานครั้งละ 1.5 ซีซี', '1', NULL, NULL, NULL, NULL, NULL, NULL, NULL),
(224000350, '1/4t', '', 'รับประทานครั้งละ หนึ่งส่วนสี่ เม็ด', '1', NULL, NULL, NULL, NULL, NULL, NULL, NULL),
(224000351, '0.6m', '', 'รับประทานครั้งละ 0.6 ซีซี', '1', NULL, NULL, NULL, NULL, NULL, NULL, NULL),
(224000352, '03t', '', 'รับประทานครั้งละ 3 เม็ด', '1', NULL, NULL, NULL, NULL, NULL, NULL, NULL),
(224000353, 'meta', '', 'ผสมยา 2 ช้อนชา ใส่ลงในน้ำ หรือน้ำผลไม้ ประมาณ 150 ซีซี (ค่อนแก้ว) ', '1', NULL, NULL, NULL, NULL, NULL, NULL, NULL),
(224000354, '2G', '', 'ผสมผงยา 2 ซองกับน้ำเปล่าหรือน้ำผลไม้ 5-10 มิลลิลิตร', '1', NULL, NULL, NULL, NULL, NULL, NULL, NULL),
(224000355, '2hs', '', 'รับประทานครั้งละ 2 ช้อนชาครึ่ง', '1', NULL, NULL, NULL, NULL, NULL, NULL, NULL),
(224000356, 'EAR8', '', 'หยอดหูข้างที่เป็นครั้งละ 8 หยด', '1', NULL, NULL, NULL, NULL, NULL, NULL, NULL),
(224000357, 'ER8', '', 'หยอดหูข้างขวาครั้งละ 8 หยด', '1', NULL, NULL, NULL, NULL, NULL, NULL, NULL),
(224000358, 'EL8', '', 'หยอดหูข้างซ้ายครั้งละ 8 หยด', '1', NULL, NULL, NULL, NULL, NULL, NULL, NULL),
(224000359, 'EB8', '', 'หยอดหูทั้งสองข้างครั้งละ 8 หยด', '1', NULL, NULL, NULL, NULL, NULL, NULL, NULL),
(224000360, 'WOUND DR', 'Wipe the wound.', 'เช็ดแผล', '1', NULL, NULL, NULL, NULL, NULL, NULL, NULL),
(224000361, 'HEAD', 'Apply head.', 'ทาศีรษะ', '1', NULL, NULL, NULL, NULL, NULL, NULL, NULL),
(224000362, '005', 'Use shampoo or bleaching occupies the symptoms.', 'ใช้สระผม หรือฟอกตรงบริเวณที่มีอาการ /', '1', NULL, NULL, NULL, NULL, NULL, NULL, NULL),
(224000363, 'EYO RT', 'Label the right eye.', 'ป้ายตาขวา', '1', NULL, NULL, NULL, NULL, NULL, NULL, NULL),
(224000364, '05R', 'Eat half a teaspoon - morning', 'รับประทาน ครึ่ง ช้อนชา - เช้า  ', '1', NULL, NULL, NULL, NULL, NULL, NULL, NULL),
(224000365, 'ORS', 'Drink water instead.', 'ดื่มแทนน้ำ', '1', NULL, NULL, NULL, NULL, NULL, NULL, NULL),
(224000366, '85', 'Jib is often a symptom of time.', 'จิบได้บ่อย ๆ เวลามีอาการ   * ตามแพทย์แนะนำ * ', '1', NULL, NULL, NULL, NULL, NULL, NULL, NULL),
(224000367, 'PR', 'Garden anus', 'สวนทวารหนัก', '1', NULL, NULL, NULL, NULL, NULL, NULL, NULL),
(224000368, 'EYE 2 ', 'Eye drops two sides.', 'หยอดตาสองข้าง', '1', NULL, NULL, NULL, NULL, NULL, NULL, NULL),
(224000369, '3R', 'Right eye. Breakfast - lunch - dinner.', 'หยอดตาข้างขวา เช้า-กลางวัน-เย็น', '1', NULL, NULL, NULL, NULL, NULL, NULL, NULL),
(224000370, '2L', 'Left eye drops morning - cold.', 'หยอดตาข้างซ้าย เช้า-เย็น ', '1', NULL, NULL, NULL, NULL, NULL, NULL, NULL),
(224000371, '3L', 'The left eye. Breakfast - lunch - dinner.', 'หยอดตาข้างซ้าย เช้า-กลางวัน-เย็น  ', '1', NULL, NULL, NULL, NULL, NULL, NULL, NULL),
(224000372, '4L', 'The left eye. Breakfast - lunch - dinner - before going to bed.', 'หยอดตาข้างซ้าย เช้า-กลางวัน-เย็น-ก่อนนอน ', '1', NULL, NULL, NULL, NULL, NULL, NULL, NULL),
(224000373, 'VAG PASTE', 'Apply the vagina.', 'ทาบริเวณช่องคลอด', '1', NULL, NULL, NULL, NULL, NULL, NULL, NULL),
(224000374, '.5t', 'Eating at a time. -1 tablet half tablets.', 'รับประทานครั้งละ ครึ่งเม็ด-1เม็ด', '1', NULL, NULL, NULL, NULL, NULL, NULL, NULL),
(224000375, '1ml', 'Eating at a time, a cc.', 'รับประทานครั้งละ 1 ซีซี', '1', NULL, NULL, NULL, NULL, NULL, NULL, NULL),
(224000376, '145', 'With a tablet under the tongue once a dense time.', 'อมใต้ลิ้นครั้งละ 1 เม็ด เวลามีอาการแน่นหน้าอก', '1', NULL, NULL, NULL, NULL, NULL, NULL, NULL),
(224000377, 'DIS TAB', '1 tablet mix 1 cup water.', '1 เม็ด ผสมน้ำดื่ม 1 แก้ว', '1', NULL, NULL, NULL, NULL, NULL, NULL, NULL),
(224000378, 'O23', 'Drinking water mixed with a pharmaceutical pack of about 10 to 15 cc.', 'ยา 1 ซอง ผสมน้ำดื่ม ประมาณ 10 - 15 ซีซี', '1', NULL, NULL, NULL, NULL, NULL, NULL, NULL),
(224000379, '02', '2 tablets after eating breakfast.', 'รับประทาน 2 เม็ด หลังอาหาร เช้า ', '1', NULL, NULL, NULL, NULL, NULL, NULL, NULL),
(224000380, '212', 'Eat 2 tablet morning - cold and a day tablet.', 'รับประทาน 2 เม็ด เช้า-เย็น และ 1 เม็ด กลางวัน', '1', NULL, NULL, NULL, NULL, NULL, NULL, NULL),
(224000381, 'flu2', '', 'ยา 2 ซอง ผสมน้ำ 1 แก้ว(240 ml) แล้วดื่ม', '1', NULL, NULL, NULL, NULL, NULL, NULL, NULL),
(224000382, '1G', '', 'รับประทานครั้งละ 1 ซองโดยผสมกับน้ำเปล่าหรือน้ำผลไม้ 5-10 มิลลิลิตร', '1', NULL, NULL, NULL, NULL, NULL, NULL, NULL),
(224000383, '01T', '', 'รับประทานครั้งละ 1 เม็ด', '1', NULL, NULL, NULL, NULL, NULL, NULL, NULL),
(224000384, '820', '', 'วันละ 2 ครั้ง ตอน 8.00 น. และ 20.00 น.', '1', NULL, NULL, NULL, NULL, NULL, NULL, NULL),
(224000385, '719', '', 'วันละ 2 ครั้ง ตอน 7.00 น. และ 19.00 น.', '1', NULL, NULL, NULL, NULL, NULL, NULL, NULL),
(224000386, 'F', '', '..', '1', NULL, NULL, NULL, NULL, NULL, NULL, NULL),
(224000387, '2/3s', '', 'รับประทานครั้งละ สองส่วนสาม ช้อนชา', '1', NULL, NULL, NULL, NULL, NULL, NULL, NULL),
(224000388, '0HT', '', 'รับประทานครั้งละ ครึ่ง เม็ด', '1', NULL, NULL, NULL, NULL, NULL, NULL, NULL),
(224000389, '', '', '', '1', NULL, NULL, NULL, NULL, NULL, NULL, NULL),
(224000390, '', '', '', '1', NULL, NULL, NULL, NULL, NULL, NULL, NULL),
(224000391, '', '', '', '1', NULL, NULL, NULL, NULL, NULL, NULL, NULL),
(224000392, '', '', '', '1', NULL, NULL, NULL, NULL, NULL, NULL, NULL),
(224000393, '', 'null', '', '1', NULL, NULL, NULL, NULL, NULL, NULL, NULL),
(224000394, '', 'null', '', '1', NULL, NULL, NULL, NULL, NULL, NULL, NULL),
(224000395, '', '', '', '1', NULL, NULL, NULL, NULL, NULL, NULL, NULL),
(224000396, '', 'null', '', '1', NULL, NULL, NULL, NULL, NULL, NULL, NULL),
(224000397, '', 'null', '', '1', NULL, NULL, NULL, NULL, NULL, NULL, NULL),
(224000398, 'T1H', 'Eating a Piece - breakfast, half-tablet - cold', 'รับประทาน 1 เม็ด หลังอาหาร-เช้า -กลางวัน - เย็น', '1', NULL, NULL, NULL, NULL, NULL, NULL, NULL);

-- --------------------------------------------------------

--
-- Table structure for table `b_item_sub_group`
--

CREATE TABLE `b_item_sub_group` (
  `item_sub_group_id` int(11) NOT NULL,
  `item_sub_group_code` varchar(45) COLLATE utf8_bin DEFAULT NULL,
  `item_sub_group_name_t` varchar(45) COLLATE utf8_bin DEFAULT NULL,
  `item_sub_group_name_e` varchar(45) COLLATE utf8_bin DEFAULT NULL,
  `b_item_sub_groupcol` varchar(45) COLLATE utf8_bin DEFAULT NULL,
  `item_group_id` int(11) DEFAULT NULL,
  `active` varchar(45) COLLATE utf8_bin DEFAULT NULL,
  `remark` varchar(45) COLLATE utf8_bin DEFAULT NULL,
  `date_create` varchar(45) COLLATE utf8_bin DEFAULT NULL,
  `date_modi` varchar(45) COLLATE utf8_bin DEFAULT NULL,
  `date_cancel` varchar(45) COLLATE utf8_bin DEFAULT NULL,
  `user_create` varchar(45) COLLATE utf8_bin DEFAULT NULL,
  `user_modi` varchar(45) COLLATE utf8_bin DEFAULT NULL,
  `user_cancel` varchar(45) COLLATE utf8_bin DEFAULT NULL
) ENGINE=MyISAM DEFAULT CHARSET=utf8 COLLATE=utf8_bin COMMENT='id=206';

--
-- Dumping data for table `b_item_sub_group`
--

INSERT INTO `b_item_sub_group` (`item_sub_group_id`, `item_sub_group_code`, `item_sub_group_name_t`, `item_sub_group_name_e`, `b_item_sub_groupcol`, `item_group_id`, `active`, `remark`, `date_create`, `date_modi`, `date_cancel`, `user_create`, `user_modi`, `user_cancel`) VALUES
(2060000000, 'CDR01', 'ยาในบัญชียาหลัก', NULL, NULL, 1, '1', NULL, NULL, NULL, NULL, NULL, NULL, NULL),
(2060000001, 'CDR02', 'ยานอกบัญชียาหลัก', NULL, NULL, 1, '1', NULL, NULL, NULL, NULL, NULL, NULL, NULL),
(2060000002, 'CLR01', 'LAB', NULL, NULL, 2, '1', NULL, NULL, NULL, NULL, NULL, NULL, NULL),
(2060000003, 'CXR01', 'X-RAY', NULL, NULL, 3, '1', NULL, NULL, NULL, NULL, NULL, NULL, NULL);

-- --------------------------------------------------------

--
-- Table structure for table `b_position`
--

CREATE TABLE `b_position` (
  `posi_id` int(11) NOT NULL,
  `posi_code` varchar(255) COLLATE utf8_bin DEFAULT NULL,
  `posi_name_t` varchar(255) COLLATE utf8_bin DEFAULT NULL,
  `posi_name_e` varchar(255) COLLATE utf8_bin DEFAULT NULL,
  `dept_id` int(11) DEFAULT NULL,
  `date_create` varchar(255) COLLATE utf8_bin DEFAULT NULL,
  `date_modi` varchar(255) COLLATE utf8_bin DEFAULT NULL,
  `date_cancel` varchar(255) COLLATE utf8_bin DEFAULT NULL,
  `user_create` varchar(255) COLLATE utf8_bin DEFAULT NULL,
  `user_modi` varchar(255) COLLATE utf8_bin DEFAULT NULL,
  `user_cancel` varchar(255) COLLATE utf8_bin DEFAULT NULL,
  `active` varchar(255) COLLATE utf8_bin DEFAULT NULL,
  `remark` varchar(255) COLLATE utf8_bin DEFAULT NULL,
  `sort1` varchar(255) COLLATE utf8_bin DEFAULT NULL,
  `status_doctor` varchar(45) COLLATE utf8_bin DEFAULT NULL,
  `status_embryologist` varchar(255) COLLATE utf8_bin DEFAULT NULL
) ENGINE=MyISAM DEFAULT CHARSET=utf8 COLLATE=utf8_bin COMMENT='id=140';

--
-- Dumping data for table `b_position`
--

INSERT INTO `b_position` (`posi_id`, `posi_code`, `posi_name_t`, `posi_name_e`, `dept_id`, `date_create`, `date_modi`, `date_cancel`, `user_create`, `user_modi`, `user_cancel`, `active`, `remark`, `sort1`, `status_doctor`, `status_embryologist`) VALUES
(1400000000, '100', 'Reception', '', NULL, '2018-11-22 12:41:46', '', '', '1220000001', '', '', '1', '', '', '0', NULL),
(1400000001, '101', 'Embryologist', '', NULL, '2018-11-22 12:42:16', '2018-11-22 12:48:40', '', '1220000001', '1220000001', '', '1', '', '', '0', '1'),
(1400000002, '102', 'Doctor', '', NULL, '2018-11-22 12:49:04', '2018-11-22 12:48:40', '', '1220000001', '1220000001', '', '1', '', '', '1', '0'),
(1400000003, '103', 'nurse', '', NULL, '2019-02-06 15:24:24', '', '', '1220000001', '', '', '1', '', '', '0', '0');

-- --------------------------------------------------------

--
-- Table structure for table `b_prefix`
--

CREATE TABLE `b_prefix` (
  `prefix_id` int(11) NOT NULL,
  `prefix_code` varchar(255) COLLATE utf8_bin DEFAULT NULL,
  `prefix_name_t` varchar(255) COLLATE utf8_bin DEFAULT NULL,
  `prefix_name_e` varchar(255) COLLATE utf8_bin DEFAULT NULL,
  `active` varchar(255) COLLATE utf8_bin DEFAULT NULL,
  `date_create` varchar(255) COLLATE utf8_bin DEFAULT NULL,
  `date_modi` varchar(255) COLLATE utf8_bin DEFAULT NULL,
  `date_cancel` varchar(255) COLLATE utf8_bin DEFAULT NULL,
  `user_create` varchar(255) COLLATE utf8_bin DEFAULT NULL,
  `user_modi` varchar(255) COLLATE utf8_bin DEFAULT NULL,
  `user_cancel` varchar(255) COLLATE utf8_bin DEFAULT NULL,
  `remark` varchar(255) COLLATE utf8_bin DEFAULT NULL,
  `status_doctor` varchar(255) COLLATE utf8_bin DEFAULT NULL
) ENGINE=MyISAM DEFAULT CHARSET=utf8 COLLATE=utf8_bin COMMENT='id=120';

-- --------------------------------------------------------

--
-- Table structure for table `b_service_point`
--

CREATE TABLE `b_service_point` (
  `b_service_point_id` int(11) NOT NULL,
  `service_point_number` varchar(255) COLLATE utf8_bin DEFAULT NULL,
  `service_point_description` varchar(255) COLLATE utf8_bin DEFAULT NULL,
  `f_service_group_id` int(11) DEFAULT NULL,
  `f_service_subgroup_id` int(11) DEFAULT NULL,
  `active` varchar(255) COLLATE utf8_bin DEFAULT NULL,
  `service_point_check` varchar(255) COLLATE utf8_bin DEFAULT NULL,
  `service_point_operation_room` varchar(255) COLLATE utf8_bin DEFAULT NULL,
  `service_point_color` varchar(255) COLLATE utf8_bin DEFAULT NULL,
  `alert_send_opdcard` varchar(255) COLLATE utf8_bin DEFAULT NULL,
  `is_ipd` varchar(1) COLLATE utf8_bin DEFAULT NULL
) ENGINE=MyISAM DEFAULT CHARSET=utf8 COLLATE=utf8_bin COMMENT='id=212';

--
-- Dumping data for table `b_service_point`
--

INSERT INTO `b_service_point` (`b_service_point_id`, `service_point_number`, `service_point_description`, `f_service_group_id`, `f_service_subgroup_id`, `active`, `service_point_check`, `service_point_operation_room`, `service_point_color`, `alert_send_opdcard`, `is_ipd`) VALUES
(2120000000, '10', 'Reception', 2130000000, NULL, '1', NULL, '0', '225,225,225', NULL, NULL),
(2120000001, '20', 'กุมารเวช', 2130000003, 0, '1', NULL, '0', '225,225,225', NULL, NULL),
(2120000002, '30', 'สูติ-นาริเวช', 2130000003, 0, '1', NULL, '0', '225,225,225', NULL, NULL),
(2120000003, '40', 'อายุรกรรม', 2130000003, 0, '1', NULL, '0', '225,225,225', NULL, NULL),
(2120000004, '50', 'LAB', 2130000007, 2140000000, '1', NULL, '0', '225,225,225', NULL, NULL),
(2120000005, '60', 'X-Ray', 2130000007, 2140000001, '1', NULL, '0', '225,225,225', NULL, NULL),
(2120000006, '70', 'ห้องยา', 2130000007, 2140000002, '1', NULL, '0', '225,225,225', NULL, NULL),
(2120000007, '80', 'LR+NS', 2130000007, 2140000004, '1', NULL, '0', '225,225,225', NULL, NULL),
(2120000008, '90', 'WARD ', 2130000007, 2140000004, '1', NULL, '0', '225,225,225', NULL, NULL),
(2120000009, 'A1', 'การเงิน', 2130000004, 2140000003, '1', NULL, '0', '225,225,225', NULL, NULL),
(2120000010, 'A2', 'OR', 2130000007, 2140000004, '1', NULL, '1', '225,225,225', NULL, NULL),
(2120000011, 'A3', 'ชั้น 2 OPD', 2130000001, 2140000003, '1', NULL, NULL, '225,225,225', NULL, NULL),
(2120000012, 'A4', 'ชั้น 3 OPU', 2130000001, 2140000000, '1', NULL, NULL, NULL, NULL, NULL),
(2120000013, 'A5', 'ชั้น 4 Sperm Collect', 2130000001, 2140000000, '1', NULL, NULL, NULL, NULL, NULL);

-- --------------------------------------------------------

--
-- Table structure for table `b_staff`
--

CREATE TABLE `b_staff` (
  `staff_id` int(11) NOT NULL,
  `staff_code` varchar(255) COLLATE utf8_bin DEFAULT NULL,
  `username` varchar(255) COLLATE utf8_bin DEFAULT NULL,
  `password1` varchar(255) COLLATE utf8_bin DEFAULT NULL,
  `prefix_id` int(11) DEFAULT NULL,
  `staff_fname_t` varchar(255) COLLATE utf8_bin DEFAULT NULL,
  `staff_fname_e` varchar(255) COLLATE utf8_bin DEFAULT NULL,
  `staff_lname_t` varchar(255) COLLATE utf8_bin DEFAULT NULL,
  `staff_lname_e` varchar(255) COLLATE utf8_bin DEFAULT NULL,
  `active` varchar(255) COLLATE utf8_bin DEFAULT NULL,
  `priority` varchar(255) COLLATE utf8_bin DEFAULT NULL,
  `tele` varchar(255) COLLATE utf8_bin DEFAULT NULL,
  `mobile` varchar(255) COLLATE utf8_bin DEFAULT NULL,
  `fax` varchar(255) COLLATE utf8_bin DEFAULT NULL,
  `email` varchar(255) COLLATE utf8_bin DEFAULT NULL,
  `posi_id` varchar(255) COLLATE utf8_bin DEFAULT NULL,
  `posi_name` varchar(255) COLLATE utf8_bin DEFAULT NULL,
  `date_create` varchar(255) COLLATE utf8_bin DEFAULT NULL,
  `date_modi` varchar(255) COLLATE utf8_bin DEFAULT NULL,
  `date_cancel` varchar(255) COLLATE utf8_bin DEFAULT NULL,
  `user_create` varchar(255) COLLATE utf8_bin DEFAULT NULL,
  `user_modi` varchar(255) COLLATE utf8_bin DEFAULT NULL,
  `user_cancel` varchar(255) COLLATE utf8_bin DEFAULT NULL,
  `remark` varchar(255) COLLATE utf8_bin DEFAULT NULL,
  `dept_id` int(11) DEFAULT NULL,
  `dept_name` varchar(255) COLLATE utf8_bin DEFAULT NULL,
  `pid` varchar(255) COLLATE utf8_bin DEFAULT NULL,
  `logo` varchar(255) COLLATE utf8_bin DEFAULT NULL,
  `status_admin` varchar(255) COLLATE utf8_bin DEFAULT NULL COMMENT '0=default; 1=user;2=admin',
  `status_module_reception` varchar(255) COLLATE utf8_bin DEFAULT NULL COMMENT '0=default;1=import job;',
  `status_module_nurse` varchar(255) COLLATE utf8_bin DEFAULT NULL,
  `status_module_doctor` varchar(255) COLLATE utf8_bin DEFAULT NULL,
  `status_expense_draw` varchar(255) COLLATE utf8_bin DEFAULT NULL COMMENT 'หน้าจอเบิกเงิน',
  `status_expense_appv` varchar(255) COLLATE utf8_bin DEFAULT NULL COMMENT 'หน้าจอ อนุมัติ เบิกเงิน',
  `status_expense_pay` varchar(255) COLLATE utf8_bin DEFAULT NULL COMMENT 'หน้าจอ จ่ายเงิน',
  `password_confirm` varchar(255) COLLATE utf8_bin DEFAULT NULL,
  `status_module_pharmacy` varchar(255) COLLATE utf8_bin DEFAULT NULL,
  `status_module_lab` varchar(255) COLLATE utf8_bin DEFAULT NULL,
  `status_module_cashier` varchar(45) COLLATE utf8_bin DEFAULT NULL,
  `status_module_medicalrecord` varchar(45) COLLATE utf8_bin DEFAULT NULL,
  `status_doctor` varchar(45) COLLATE utf8_bin DEFAULT NULL COMMENT '0=default;1=doctor',
  `doctor_id` varchar(45) COLLATE utf8_bin DEFAULT NULL COMMENT 'รหัส ว แพทย์',
  `doctor_id_old` varchar(45) COLLATE utf8_bin DEFAULT NULL COMMENT 'รหัสแพทย์ ระบบเก่า'
) ENGINE=MyISAM DEFAULT CHARSET=utf8 COLLATE=utf8_bin COMMENT='id=122';

--
-- Dumping data for table `b_staff`
--

INSERT INTO `b_staff` (`staff_id`, `staff_code`, `username`, `password1`, `prefix_id`, `staff_fname_t`, `staff_fname_e`, `staff_lname_t`, `staff_lname_e`, `active`, `priority`, `tele`, `mobile`, `fax`, `email`, `posi_id`, `posi_name`, `date_create`, `date_modi`, `date_cancel`, `user_create`, `user_modi`, `user_cancel`, `remark`, `dept_id`, `dept_name`, `pid`, `logo`, `status_admin`, `status_module_reception`, `status_module_nurse`, `status_module_doctor`, `status_expense_draw`, `status_expense_appv`, `status_expense_pay`, `password_confirm`, `status_module_pharmacy`, `status_module_lab`, `status_module_cashier`, `status_module_medicalrecord`, `status_doctor`, `doctor_id`, `doctor_id_old`) VALUES
(1220000001, '999', 'pop', 'pop', 0, 'เอกภพ', 'ekapop', 'เพลินธรรม', 'ploentham', '1', '', '', '', '', '', '0', '', NULL, '2019-03-05 09:07:24', NULL, NULL, '', NULL, '', 0, '', '', '', '1', '1', '1', '1', '0', '0', '0', 'pop', '1', '1', '0', '0', NULL, NULL, NULL),
(1220000002, '888', '888', 'pop', 3, 'ทดสอบ', 'test', '111', '222', '1', '', '', '', '', '', '0', '', '2018-11-19 11:47:09', '', '', '', '', '', '', NULL, '', '', '', '1', '0', '0', '0', '0', '0', '0', NULL, NULL, NULL, NULL, NULL, NULL, NULL, NULL),
(1220000003, '', 'jum', 'pop', 2, '', 'Kanokwan', '', 'Palawong', '3', '', '', '', '', '', '0', '', '2018-11-19 11:58:42', '', '2018-11-19 12:11:10', '', '', '1220000001', '', NULL, '', '', '', '1', '0', '0', '0', '0', '0', '0', NULL, NULL, NULL, NULL, NULL, NULL, NULL, NULL),
(1220000004, '100', 'jum', 'jum', 2, '', 'Kanokwan', '', 'Palawong', '1', '', '', '', '', '', '0', '', '2018-11-19 11:59:45', '2018-11-20 15:36:58', '', '', '', '', 'jum', 0, '', '', '', '1', '1', '0', '0', '0', '0', '0', 'jum', '0', '0', NULL, NULL, NULL, NULL, NULL),
(1220000005, '101', 'joy', 'joy', 2, '', 'Rungtiwa', '', 'Thammatan', '1', '', '', '', '', '', '0', '', '2018-11-19 12:34:44', '2018-11-20 15:37:04', '', '', '', '', 'joy', 0, '', '', '', '1', '1', '0', '0', '0', '0', '0', '1234', '0', '0', NULL, NULL, NULL, NULL, NULL),
(1220000006, '102', 'bew', 'bew', 2, '', 'Pornprapa', '', 'Ampornatchariya', '1', '', '', '', '', '', '0', '', '2018-11-19 12:35:31', '2018-11-20 15:37:09', '', '', '', '', 'Bew', 0, '', '', '', '1', '1', '0', '0', '0', '0', '0', '1234', '0', '0', NULL, NULL, NULL, NULL, NULL),
(1220000007, '103', 'pang', 'pang', 2, '', 'Sunisa', '', 'Jittasai', '1', '', '', '', '', '', '0', '', '2018-11-19 12:35:55', '2018-11-20 15:37:14', '', '', '', '', 'Pang', 0, '', '', '', '1', '1', '0', '0', '0', '0', '0', '1234', '0', '0', NULL, NULL, NULL, NULL, NULL),
(1220000008, '104', 'bank', 'bank', 2, '', 'Sutamas', '', 'Nookhaw', '1', '', '', 'Bank', '', '', '0', '', '2018-11-19 12:36:15', '2018-11-20 15:37:19', '', '', '', '', 'Bank', 0, '', '', '', '1', '1', '0', '0', '0', '0', '0', '1234', '0', '0', NULL, NULL, NULL, NULL, NULL),
(1220000009, '105', 'opor', 'opor', 2, '', 'Thitima', '', 'Cheethanghai', '1', '', '', '', '', '', '0', '', '2018-11-19 12:36:29', '2018-11-22 13:35:20', '', '', '', '', 'Opor', 0, '', '', '', '1', '1', '0', '0', '0', '0', '0', '1234', '0', '0', NULL, NULL, NULL, NULL, NULL),
(1220000010, '106', '', 'pop', 2, 'Embryologist1', 'Embryologist1', '', '', '1', '', '', '', '', '', '1400000001', '', '2018-11-22 12:49:58', '2018-11-22 13:35:41', '', '', '', '', '', 1090000005, '', '', '', '1', '0', '0', '0', '0', '0', '0', NULL, '0', '1', NULL, NULL, NULL, NULL, NULL),
(1220000011, '107', '', 'pop', 2, 'Embryologist2', 'Embryologist2', '', '', '1', '', '', '', '', '', '1400000001', '', '2018-11-22 12:50:21', '2018-11-22 13:36:29', '', '', '', '', '', 1090000005, '', '', '', '1', '0', '0', '0', '0', '0', '0', NULL, '0', '1', NULL, NULL, NULL, NULL, NULL),
(1220000012, '108', 'nurse', 'nurse', 0, 'nurse', 'nurse', '', '', '1', '', '', '', '', '', '0', '', '2018-12-31 10:09:58', '2018-11-20 15:36:52', '', '', '', '', '', NULL, '', '', '', '1', '1', '1', '1', '0', '0', '0', 'nurse', '0', '0', NULL, NULL, NULL, NULL, NULL),
(1220000013, '109', 'lab', 'lab', 0, 'lab', 'lab', 'lab', '', '1', '', '', '', '', '', '0', '', '2019-01-04 11:50:25', '2018-11-20 15:36:52', '', '', '', '', '', NULL, '', '', '', '1', '0', '1', '1', '0', '0', '0', 'lab', '0', '1', NULL, NULL, NULL, NULL, NULL),
(1220000014, '110', 'natee', 'natee', 2, '', 'Natee', '', 'Sukpitak', '1', '', '', '', '', '', '1400000001', '', '2019-01-16 09:11:56', '2019-01-16 09:16:07', '', '', '', '', '', 1090000005, '', '', '', '1', '1', '1', '1', '0', '0', '0', 'natee', '1', '1', NULL, NULL, NULL, NULL, NULL),
(1220000015, '111', 'thanawan', 'thanawan', 2, '', 'Thanawan', '', 'Khamneungsithi', '1', '', '', '', '', '', '1400000001', '', '2019-01-16 09:17:41', '2019-01-16 09:22:16', '', '', '', '', '', 1090000005, '', '', '', '1', '0', '1', '1', '0', '0', '0', 'thanawan', '0', '1', NULL, NULL, NULL, NULL, NULL),
(1220000016, '112', 'paweena', 'paweena', 2, '', 'Paweena', '', 'Chalermboon', '1', '', '', '', '', '', '1400000001', '', '2019-01-16 09:19:47', '2019-01-16 09:22:06', '', '', '', '', '', 1090000005, '', '', '', '1', '0', '1', '1', '0', '0', '0', 'paweena', '0', '1', NULL, NULL, NULL, NULL, NULL),
(1220000017, '113', 'angkana', 'natee', 2, '', 'Angkana', '', 'Chuangthong', '1', '', '', '', '', '', '1400000001', '', '2019-01-16 09:21:11', '2019-01-16 09:21:55', '', '', '', '', '', 1090000005, '', '', '', '1', '0', '1', '1', '0', '0', '0', 'angkana', '0', '1', NULL, NULL, NULL, NULL, NULL),
(1220000018, '114', 'nantapat', 'nantapat', 2, '', 'Nantapat', '', 'Pirunvoravong', '1', '', '', '', '', '', '1400000001', '', '2019-01-16 09:22:46', '2019-01-16 09:22:16', '', '', '', '', '', 1090000005, '', '', '', '1', '0', '1', '1', '0', '0', '0', 'nantapat', '0', '1', NULL, NULL, NULL, NULL, NULL),
(1220000019, '115', 'venusrin', 'venusrin', 2, '', 'Venusrin', '', 'Paripurana', '1', '', '', '', '', '', '1400000001', '', '2019-01-16 09:23:30', '2019-01-16 09:22:16', '', '', '', '', '', 1090000005, '', '', '', '1', '0', '1', '1', '0', '0', '0', 'venusrin', '0', '1', NULL, NULL, NULL, NULL, NULL),
(1220000020, '116', 'niratchara', 'niratchara', 2, '', 'Niratchara', '', 'Lohamart', '1', '', '', '', '', '', '1400000001', '', '2019-01-16 09:24:22', '2019-01-16 09:22:16', '', '', '', '', '', 1090000005, '', '', '', '1', '0', '1', '1', '0', '0', '0', 'niratchara', '0', '1', NULL, NULL, NULL, NULL, NULL),
(1220000021, '117', 'wilawan', 'wilawan', 2, '', 'Wilawan', '', 'Watasakulsin', '1', '', '', '', '', '', '1400000001', '', '2019-01-16 09:25:11', '2019-01-16 09:22:16', '', '', '', '', '', 1090000005, '', '', '', '1', '0', '1', '1', '0', '0', '0', 'wilawan', '0', '1', NULL, NULL, NULL, NULL, NULL),
(1220000022, '118', 'chanikarn', 'chanikarn', 2, '', 'Chanikarn', '', 'Manasrangsri', '1', '', '', '', '', '', '1400000001', '', '2019-01-16 09:25:53', '2019-01-16 09:22:16', '', '', '', '', '', 1090000005, '', '', '', '1', '0', '1', '1', '0', '0', '0', 'chanikarn', '0', '1', NULL, NULL, NULL, NULL, NULL),
(1220000023, '119', 'yosita', 'yosita', 2, '', 'Yosita', '', 'Manyakad', '1', '', '', '', '', '', '1400000001', '', '2019-01-16 09:26:37', '2019-01-16 09:22:16', '', '', '', '', '', 1090000005, '', '', '', '1', '0', '1', '1', '0', '0', '0', 'yosita', '0', '1', NULL, NULL, NULL, NULL, NULL),
(1220000024, '120', 'rattiya', 'rattiya', 2, '', 'Rattiya', '', 'Chuthong', '1', '', '', '', '', '', '1400000001', '', '2019-01-16 09:27:16', '2019-01-16 09:22:16', '', '', '', '', '', 1090000005, '', '', '', '1', '0', '1', '1', '0', '0', '0', 'rattiya', '0', '1', NULL, NULL, NULL, NULL, NULL),
(1220000025, '121', 'ann', 'ann', 1, '', 'ann', '', '', '1', '', '', '', '', '', '1400000003', '', '2019-02-06 15:24:04', '2019-02-06 15:24:48', '', '', '', '', '', 1090000002, '', '', '', '1', '1', '1', '1', '0', '0', '0', 'ann', '0', '0', NULL, NULL, NULL, NULL, NULL),
(1220000026, '122', 'gee', 'gee', 1, '', 'gee', '', '', '1', '', '', '', '', '', '1400000003', '', '2019-02-06 15:25:40', '2019-02-06 15:24:48', '', '', '', '', '', 1090000002, '', '', '', '1', '1', '1', '1', '0', '0', '0', 'gee', '0', '0', NULL, NULL, NULL, NULL, NULL),
(1220000027, '123', 'wahn', 'wahn', 1, '', 'wahn', '', '', '1', '', '', '', '', '', '1400000003', '', '2019-02-06 15:28:09', '2019-02-09 14:40:20', '', '', '', '', '', 1090000002, '', '', '', '1', '1', '1', '1', '0', '0', '0', 'wahn', '0', '0', NULL, NULL, NULL, NULL, NULL),
(1220000028, '124', 'rose', 'rose', 1, '', 'rose', '', '', '1', '', '', '', '', '', '1400000003', '', '2019-02-06 15:28:46', '2019-02-06 15:24:48', '', '', '', '', '', 1090000002, '', '', '', '1', '1', '1', '1', '0', '0', '0', 'rose', '0', '0', NULL, NULL, NULL, NULL, NULL),
(1220000029, '125', 'ing', 'ing', 1, '', 'ing', '', '', '1', '', '', '', '', '', '1400000003', '', '2019-02-06 15:30:10', '2019-02-06 15:24:48', '', '', '', '', '', 1090000002, '', '', '', '1', '1', '1', '1', '0', '0', '0', 'ing', '0', '0', NULL, NULL, NULL, NULL, NULL),
(1220000030, '126', 'kle', 'kle', 1, '', 'kle', '', '', '1', '', '', '', '', '', '1400000003', '', '2019-02-06 15:30:45', '2019-02-06 15:24:48', '', '', '', '', '', 1090000002, '', '', '', '1', '1', '1', '1', '0', '0', '0', 'kle', '0', '0', NULL, NULL, NULL, NULL, NULL),
(1220000031, '127', 'bk', 'bk', 1, '', 'bk', '', '', '1', '', '', '', '', '', '1400000003', '', '2019-02-06 15:31:25', '2019-02-06 15:24:48', '', '', '', '', '', 1090000002, '', '', '', '1', '1', '1', '1', '0', '0', '0', 'bk', '0', '0', NULL, NULL, NULL, NULL, NULL),
(1220000032, '128', 'koy', 'koy', 1, '', 'koy', '', '', '1', '', '', '', '', '', '1400000003', '', '2019-02-06 15:32:00', '2019-02-06 15:24:48', '', '', '', '', '', 1090000002, '', '', '', '1', '1', '1', '1', '0', '0', '0', 'koy', '0', '0', NULL, NULL, NULL, NULL, NULL),
(1220000033, '129', 'vnus', 'vnus', 1, '', 'vnus', '', '', '1', '', '', '', '', '', '1400000003', '', '2019-02-06 15:32:36', '2019-02-06 15:24:48', '', '', '', '', '', 1090000002, '', '', '', '1', '1', '1', '1', '0', '0', '0', 'vnus', '0', '0', NULL, NULL, NULL, NULL, NULL),
(1220000034, '130', 'anya', 'anya', 1, '', 'anya', '', '', '1', '', '', '', '', '', '1400000003', '', '2019-02-06 15:33:14', '2019-02-06 15:24:48', '', '', '', '', '', 1090000002, '', '', '', '1', '1', '1', '1', '0', '0', '0', 'anya', '0', '0', NULL, NULL, NULL, NULL, NULL),
(1220000035, '131', 'nunee', 'nunee', 1, '', 'nunee', '', '', '1', '', '', '', '', '', '1400000003', '', '2019-02-06 15:33:53', '2019-02-06 15:24:48', '', '', '', '', '', 1090000002, '', '', '', '1', '1', '1', '1', '0', '0', '0', 'nunee', '0', '0', NULL, NULL, NULL, NULL, NULL),
(1220000036, '132', 'bow', 'bow', 1, '', 'bow', '', '', '1', '', '', '', '', '', '1400000003', '', '2019-02-06 15:34:34', '2019-02-06 15:24:48', '', '', '', '', '', 1090000002, '', '', '', '1', '1', '1', '1', '0', '0', '0', 'bow', '0', '0', NULL, NULL, NULL, NULL, NULL),
(1220000037, '133', 'morn', 'morn', 1, '', 'morn', '', '', '1', '', '', '', '', '', '1400000003', '', '2019-02-06 15:35:07', '2019-02-06 15:24:48', '', '', '', '', '', 1090000002, '', '', '', '1', '1', '1', '1', '0', '0', '0', 'morn', '0', '0', NULL, NULL, NULL, NULL, NULL),
(1220000038, '134', 'chor', 'chor', 1, '', 'chor', '', '', '1', '', '', '', '', '', '1400000003', '', '2019-02-06 15:35:41', '2019-02-06 15:24:48', '', '', '', '', '', 1090000002, '', '', '', '1', '1', '1', '1', '0', '0', '0', 'chor', '0', '0', NULL, NULL, NULL, NULL, NULL),
(1220000039, '135', 'aee', 'aee', 1, '', 'aee', '', 'aee', '1', '', '', '', '', '', '1400000000', '', '2019-02-20 09:41:55', '2019-02-20 09:42:08', '', '', '', '', '', 1090000001, '', '', '', '1', '1', '0', '0', '0', '0', '0', 'aee', '0', '0', '1', '0', NULL, NULL, NULL),
(1220000040, '136', 'mary', 'mary', 1, 'mary', 'mary', '', '', '1', '', '', '', '', '', '1400000000', '', '2019-03-02 15:27:27', '2019-02-20 09:42:08', '', '', '', '', '', 1090000001, '', '', '', '1', '1', '1', '0', '0', '0', '0', 'mary', '0', '0', '1', '1', NULL, NULL, NULL),
(1220000041, '137', 'korn', 'korn', 3, '', 'Thitikorn', '', 'Wanichkul', '1', '', '', '', '', '', '1400000002', '', '2019-04-04 06:18:49', '2019-04-04 06:19:19', '', '', '', '', '', 0, '', '', '', '1', '1', '1', '1', '0', '0', '0', 'korn', '1', '1', '0', '0', '1', '', '1'),
(1220000042, '138', '', 'visut', 3, '', 'Visut', '', 'Suvithayasiri', '1', '', '', '', '', '', '1400000002', '', '2019-04-04 06:19:54', '2019-04-04 06:19:19', '', '', '', '', '', 0, '', '', '', '1', '1', '1', '1', '0', '0', '0', 'visut', '1', '1', '0', '0', '1', '', '2');

-- --------------------------------------------------------

--
-- Table structure for table `b_unit`
--

CREATE TABLE `b_unit` (
  `unit_id` int(11) NOT NULL,
  `unit_code` varchar(255) COLLATE utf8_bin DEFAULT NULL,
  `unit_name` varchar(255) COLLATE utf8_bin DEFAULT NULL,
  `active` varchar(45) COLLATE utf8_bin DEFAULT NULL,
  `date_create` varchar(45) COLLATE utf8_bin DEFAULT NULL,
  `date_modi` varchar(45) COLLATE utf8_bin DEFAULT NULL,
  `date_cancel` varchar(45) COLLATE utf8_bin DEFAULT NULL,
  `user_create` varchar(45) COLLATE utf8_bin DEFAULT NULL,
  `user_modi` varchar(45) COLLATE utf8_bin DEFAULT NULL,
  `user_cancel` varchar(45) COLLATE utf8_bin DEFAULT NULL
) ENGINE=MyISAM DEFAULT CHARSET=utf8 COLLATE=utf8_bin COMMENT='id=401';

--
-- Dumping data for table `b_unit`
--

INSERT INTO `b_unit` (`unit_id`, `unit_code`, `unit_name`, `active`, `date_create`, `date_modi`, `date_cancel`, `user_create`, `user_modi`, `user_cancel`) VALUES
(40100000, NULL, 'pcs', '1', NULL, NULL, NULL, NULL, NULL, NULL),
(40100001, NULL, 'เม็ด', '1', NULL, NULL, NULL, NULL, NULL, NULL),
(40100002, NULL, 'wat', '1', NULL, NULL, NULL, NULL, NULL, NULL);

-- --------------------------------------------------------

--
-- Table structure for table `b_vendor`
--

CREATE TABLE `b_vendor` (
  `vend_id` int(11) NOT NULL,
  `vend_code` varchar(255) COLLATE utf8_bin DEFAULT NULL,
  `vend_name_t` varchar(255) COLLATE utf8_bin DEFAULT NULL,
  `vend_lastname_t` varchar(255) COLLATE utf8_bin DEFAULT NULL,
  `vend_name_e` varchar(255) COLLATE utf8_bin DEFAULT NULL,
  `comp_type_id` varchar(255) COLLATE utf8_bin DEFAULT NULL,
  `active` varchar(255) COLLATE utf8_bin DEFAULT NULL,
  `vend_address` varchar(255) COLLATE utf8_bin DEFAULT NULL,
  `vend_address_t` varchar(255) COLLATE utf8_bin DEFAULT NULL,
  `vend_address_e` varchar(255) COLLATE utf8_bin DEFAULT NULL,
  `addr` varchar(255) COLLATE utf8_bin DEFAULT NULL,
  `amphur_id` varchar(255) COLLATE utf8_bin DEFAULT NULL,
  `district_id` varchar(255) COLLATE utf8_bin DEFAULT NULL,
  `prov_id` varchar(255) COLLATE utf8_bin DEFAULT NULL,
  `zipcode` varchar(255) COLLATE utf8_bin DEFAULT NULL,
  `staff_id` varchar(255) COLLATE utf8_bin DEFAULT NULL COMMENT 'staff_id พนักงานขาย',
  `staff_name_t` varchar(255) COLLATE utf8_bin DEFAULT NULL,
  `fax` varchar(255) COLLATE utf8_bin DEFAULT NULL,
  `tele` varchar(255) COLLATE utf8_bin DEFAULT NULL,
  `email` varchar(255) COLLATE utf8_bin DEFAULT NULL,
  `tax_id` varchar(255) COLLATE utf8_bin DEFAULT NULL,
  `remark` varchar(255) COLLATE utf8_bin DEFAULT NULL,
  `contact_name1` varchar(255) COLLATE utf8_bin DEFAULT NULL,
  `contact_name2` varchar(255) COLLATE utf8_bin DEFAULT NULL,
  `contact_name1_tel` varchar(255) COLLATE utf8_bin DEFAULT NULL,
  `contact_name2_tel` varchar(255) COLLATE utf8_bin DEFAULT NULL,
  `status_vendor` varchar(255) COLLATE utf8_bin DEFAULT NULL COMMENT '0=defalut;1customer;2=vendor',
  `date_create` varchar(255) COLLATE utf8_bin DEFAULT NULL,
  `date_modi` varchar(255) COLLATE utf8_bin DEFAULT NULL,
  `date_cancel` varchar(255) COLLATE utf8_bin DEFAULT NULL,
  `user_create` varchar(255) COLLATE utf8_bin DEFAULT NULL,
  `user_modi` varchar(255) COLLATE utf8_bin DEFAULT NULL,
  `user_cancel` varchar(255) COLLATE utf8_bin DEFAULT NULL,
  `remark2` varchar(255) COLLATE utf8_bin DEFAULT NULL,
  `po_due_period` decimal(17,2) DEFAULT NULL,
  `mobile` varchar(255) COLLATE utf8_bin DEFAULT NULL,
  `invoice_due_period` decimal(17,2) DEFAULT NULL,
  `status_buddhist` varchar(255) COLLATE utf8_bin DEFAULT NULL COMMENT '0=default,1=buddhist,2=คริสตศักราช',
  `status_regis` varchar(255) COLLATE utf8_bin DEFAULT NULL COMMENT '0=default, 1=regis, 2= email comfirm',
  `password` varchar(255) COLLATE utf8_bin DEFAULT NULL,
  `user_login` varchar(255) COLLATE utf8_bin DEFAULT NULL
) ENGINE=MyISAM DEFAULT CHARSET=utf8 COLLATE=utf8_bin COMMENT='id=408';

--
-- Dumping data for table `b_vendor`
--

INSERT INTO `b_vendor` (`vend_id`, `vend_code`, `vend_name_t`, `vend_lastname_t`, `vend_name_e`, `comp_type_id`, `active`, `vend_address`, `vend_address_t`, `vend_address_e`, `addr`, `amphur_id`, `district_id`, `prov_id`, `zipcode`, `staff_id`, `staff_name_t`, `fax`, `tele`, `email`, `tax_id`, `remark`, `contact_name1`, `contact_name2`, `contact_name1_tel`, `contact_name2_tel`, `status_vendor`, `date_create`, `date_modi`, `date_cancel`, `user_create`, `user_modi`, `user_cancel`, `remark2`, `po_due_period`, `mobile`, `invoice_due_period`, `status_buddhist`, `status_regis`, `password`, `user_login`) VALUES
(408000000, 'V001', 'บริษัท ออฟฟิศเมท จำกัด (มหาชน)', NULL, NULL, NULL, '1', NULL, '24 ซอยอ่อนนุช 66/1 แขวงสวนหลวง เขตสวนหลวง กรุงเทพฯ 10250', NULL, NULL, NULL, NULL, NULL, NULL, NULL, NULL, NULL, NULL, NULL, NULL, NULL, NULL, NULL, NULL, NULL, NULL, NULL, NULL, NULL, NULL, NULL, NULL, NULL, NULL, NULL, NULL, NULL, NULL, NULL, NULL),
(408000001, 'V002', 'บริษัท เสนาเมดิกเทรด จำกัด ', NULL, NULL, NULL, '1', NULL, '637 ถ.ลาดพร้าววังหิน แขวงลาดพร้าว ', NULL, NULL, NULL, NULL, NULL, NULL, NULL, NULL, NULL, NULL, NULL, NULL, NULL, NULL, NULL, NULL, NULL, NULL, NULL, NULL, NULL, NULL, NULL, NULL, NULL, NULL, NULL, NULL, NULL, NULL, NULL, NULL),
(408000002, 'V003', 'บริษัท ซิลลิค ฟาร์มา จำกัด', NULL, NULL, NULL, '1', NULL, 'เลขที่ 2 อาคารเพลินจิตเซ็นเตอร์ ชั้น 8-9 ถนนสุขุมวิท ', NULL, NULL, NULL, NULL, NULL, NULL, NULL, NULL, NULL, NULL, NULL, NULL, NULL, NULL, NULL, NULL, NULL, NULL, NULL, NULL, NULL, NULL, NULL, NULL, NULL, NULL, NULL, NULL, NULL, NULL, NULL, NULL),
(408000003, 'V004', 'บริษัท ดีเคเอสเอช (ประเทศไทย)จำกัด', NULL, NULL, NULL, '1', NULL, '2106 ถ.สุขุมวิท แขวงบางจาก  เขตพระโขนง กรุงเทพ 10110  ', NULL, NULL, NULL, NULL, NULL, NULL, NULL, NULL, NULL, NULL, NULL, NULL, NULL, NULL, NULL, NULL, NULL, NULL, NULL, NULL, NULL, NULL, NULL, NULL, NULL, NULL, NULL, NULL, NULL, NULL, NULL, NULL),
(408000004, 'V005', 'ห้างหุ้นส่วนจำกัด พัฒน์ แอนด์ ทอม', NULL, NULL, NULL, '1', NULL, '123/5-6 ถ.ประชาชื่น แขวงบางซื่อ เขตบางซื่อ กรุงเทพฯ 10800', NULL, NULL, NULL, NULL, NULL, NULL, NULL, NULL, NULL, NULL, NULL, NULL, NULL, NULL, NULL, NULL, NULL, NULL, NULL, NULL, NULL, NULL, NULL, NULL, NULL, NULL, NULL, NULL, NULL, NULL, NULL, NULL),
(408000005, 'V006', 'บริษัท โนวาเทค เฮลธ์แคร์ จำกัด', NULL, NULL, NULL, '1', NULL, '599/15 ม.5 ถ.ศรีนครินทร์ ต.สำโรงเหนือ อ.เมือง จ.สมุทรปราการ 10270 ', NULL, NULL, NULL, NULL, NULL, NULL, NULL, NULL, NULL, NULL, NULL, NULL, NULL, NULL, NULL, NULL, NULL, NULL, NULL, NULL, NULL, NULL, NULL, NULL, NULL, NULL, NULL, NULL, NULL, NULL, NULL, NULL),
(408000006, 'V007', 'บริษัท แปซิฟิค เฮลธ์แคร์ (ไทยแลนด์) จำกัด', NULL, NULL, NULL, '1', NULL, '1011 อาคารศุภาลัย แกรนด์ ทาวเวอร์ ห้อง01 ชั้น 29 ถนนพระราม 3 แขวงช่อนนทรี เขตยานนาวา กทม.10120 ', NULL, NULL, NULL, NULL, NULL, NULL, NULL, NULL, NULL, NULL, NULL, NULL, NULL, NULL, NULL, NULL, NULL, NULL, NULL, NULL, NULL, NULL, NULL, NULL, NULL, NULL, NULL, NULL, NULL, NULL, NULL, NULL),
(408000007, 'V008', 'บริษัท เทพเทวามั่นคง จำกัด', NULL, NULL, NULL, '1', NULL, '388 ถนนท่าดินแดง แขวงคลองสาน ', NULL, NULL, NULL, NULL, NULL, NULL, NULL, NULL, NULL, NULL, NULL, NULL, NULL, NULL, NULL, NULL, NULL, NULL, NULL, NULL, NULL, NULL, NULL, NULL, NULL, NULL, NULL, NULL, NULL, NULL, NULL, NULL),
(408000008, 'V009', 'บริษัท มงกุฏเวชภัณฑ์ จำกัด', NULL, NULL, NULL, '1', NULL, '419/1,419/3 ถนนราชเทวี แขวงทุ่งพญาไท เขตราชเทวี กรุงเทพ 10400 ', NULL, NULL, NULL, NULL, NULL, NULL, NULL, NULL, NULL, NULL, NULL, NULL, NULL, NULL, NULL, NULL, NULL, NULL, NULL, NULL, NULL, NULL, NULL, NULL, NULL, NULL, NULL, NULL, NULL, NULL, NULL, NULL),
(408000009, 'V010', 'บริษัท ออฟฟิชคลับ(ไทย) จำกัด', NULL, NULL, NULL, '1', NULL, 'สาขาอโศก ชั้นบี1 189/1 ถ.สุขุมวิท21 คลองเตยเหนือ วัฒนา กรุงเทพ 10110 (อาคารลุมพินี)', NULL, NULL, NULL, NULL, NULL, NULL, NULL, NULL, NULL, NULL, NULL, NULL, NULL, NULL, NULL, NULL, NULL, NULL, NULL, NULL, NULL, NULL, NULL, NULL, NULL, NULL, NULL, NULL, NULL, NULL, NULL, NULL),
(408000010, 'V011', 'บริษัท เอส.เอส. เอ็นเทอร์ไพรส์ จำกัด', NULL, NULL, NULL, '1', NULL, '66/404 ซอยบางแวก 79 แขวงคลองขวาง เขตภาษีเจริญ กรุงเทพ 10160', NULL, NULL, NULL, NULL, NULL, NULL, NULL, NULL, NULL, NULL, NULL, NULL, NULL, NULL, NULL, NULL, NULL, NULL, NULL, NULL, NULL, NULL, NULL, NULL, NULL, NULL, NULL, NULL, NULL, NULL, NULL, NULL),
(408000011, 'V012', 'แสงชัย จักรวรรดิเทรดดิ้ง', NULL, NULL, NULL, '1', NULL, 'เลขที่ 152 ใกล้แยกวันตึก ถ.จักรวรรดิ กรุงเทพฯ 10100 ', NULL, NULL, NULL, NULL, NULL, NULL, NULL, NULL, NULL, NULL, NULL, NULL, NULL, NULL, NULL, NULL, NULL, NULL, NULL, NULL, NULL, NULL, NULL, NULL, NULL, NULL, NULL, NULL, NULL, NULL, NULL, NULL),
(408000012, 'V013', 'บริษัท อาทิตย์ครุภัณฑ์การแพทย์ จำกัด', NULL, NULL, NULL, '1', NULL, '1001/1 ซอยสาธุประดิษฐ์ 34 ถนนสาธุประดิษฐ์ แขวงยานนาวา เขตยานนาวา กรุงเทพฯ 10120', NULL, NULL, NULL, NULL, NULL, NULL, NULL, NULL, NULL, NULL, NULL, NULL, NULL, NULL, NULL, NULL, NULL, NULL, NULL, NULL, NULL, NULL, NULL, NULL, NULL, NULL, NULL, NULL, NULL, NULL, NULL, NULL),
(408000013, 'V014', 'บริษัท เอก-ชัย ดีสทริบิวชั่น ซิสเทม จำกัด', NULL, NULL, NULL, '1', NULL, '3300 ถนนพระรามที่ 4 แขวงคลองตัน เขตคลองเตย กรุงเทพฯ 10110', NULL, NULL, NULL, NULL, NULL, NULL, NULL, NULL, NULL, NULL, NULL, NULL, NULL, NULL, NULL, NULL, NULL, NULL, NULL, NULL, NULL, NULL, NULL, NULL, NULL, NULL, NULL, NULL, NULL, NULL, NULL, NULL),
(408000014, 'V015', 'บริษัท อิออนไทยแลนด์ จำกัด', NULL, NULL, NULL, '1', NULL, '66/4 ซอยสุขุมวิท 20 ถนนสุขุมวิท แขวงคลองเตย เขตคลองเตย กรุงเทพฯ 10110', NULL, NULL, NULL, NULL, NULL, NULL, NULL, NULL, NULL, NULL, NULL, NULL, NULL, NULL, NULL, NULL, NULL, NULL, NULL, NULL, NULL, NULL, NULL, NULL, NULL, NULL, NULL, NULL, NULL, NULL, NULL, NULL),
(408000015, 'V016', 'บริษัท โรงพยาบาลพญาไท3 จำกัด', NULL, NULL, NULL, '1', NULL, '111 ถนนเพชรเกษม แขวงปากคลองภาษีเจริญ เขตภาษีเจริญ กรุงเทพฯ 10160', NULL, NULL, NULL, NULL, NULL, NULL, NULL, NULL, NULL, NULL, NULL, NULL, NULL, NULL, NULL, NULL, NULL, NULL, NULL, NULL, NULL, NULL, NULL, NULL, NULL, NULL, NULL, NULL, NULL, NULL, NULL, NULL),
(408000016, 'V017', 'บริษัท ฟาร์ม่า อินโนวา จำกัด', NULL, NULL, NULL, '1', NULL, '26/19 ถนนรามอินทรา แขวงท่าแร้ง เขตบางเขน กรุงเทพฯ 10230', NULL, NULL, NULL, NULL, NULL, NULL, NULL, NULL, NULL, NULL, NULL, NULL, NULL, NULL, NULL, NULL, NULL, NULL, NULL, NULL, NULL, NULL, NULL, NULL, NULL, NULL, NULL, NULL, NULL, NULL, NULL, NULL),
(408000017, 'V018', 'บริษัท โรงพยาบาลพญาไท2 จำกัด', NULL, NULL, NULL, '1', NULL, '943 ถนนพหลโยธิน แขวงสามเสนใน เขตพญาไท กรุงเทพฯ 10400', NULL, NULL, NULL, NULL, NULL, NULL, NULL, NULL, NULL, NULL, NULL, NULL, NULL, NULL, NULL, NULL, NULL, NULL, NULL, NULL, NULL, NULL, NULL, NULL, NULL, NULL, NULL, NULL, NULL, NULL, NULL, NULL),
(408000018, 'V019', 'ห้องเสื้ออริสา', NULL, NULL, NULL, '1', NULL, '28 หมู่ที่ 3 ต.สร้อยพร้าว อ.หนองหาน จ.อุดรธานี ', NULL, NULL, NULL, NULL, NULL, NULL, NULL, NULL, NULL, NULL, NULL, NULL, NULL, NULL, NULL, NULL, NULL, NULL, NULL, NULL, NULL, NULL, NULL, NULL, NULL, NULL, NULL, NULL, NULL, NULL, NULL, NULL),
(408000019, 'V020', 'บริษัท ลินเด้ (ประเทศไทย) จำกัด (มหาชน)', NULL, NULL, NULL, '1', NULL, 'ชั้น 15 บางนาทาวเวอร์ เอ 2/3 หมู่ 14 ถนนบางนา-ตราด กม.6.5 ต.บางแก้ว อ.บางพลี จ.สมุทรปราการ 10540', NULL, NULL, NULL, NULL, NULL, NULL, NULL, NULL, NULL, NULL, NULL, NULL, NULL, NULL, NULL, NULL, NULL, NULL, NULL, NULL, NULL, NULL, NULL, NULL, NULL, NULL, NULL, NULL, NULL, NULL, NULL, NULL),
(408000020, 'V021', 'บริษัท สยามแม็คโคร จำกัด (มหาชน)', NULL, NULL, NULL, '1', NULL, '521,521/27 ถนนจรัญสนิทวงศ์ แขวงบางขุนศรี เขตบางกอกน้อย กรุงเทพฯ 10700', NULL, NULL, NULL, NULL, NULL, NULL, NULL, NULL, NULL, NULL, NULL, NULL, NULL, NULL, NULL, NULL, NULL, NULL, NULL, NULL, NULL, NULL, NULL, NULL, NULL, NULL, NULL, NULL, NULL, NULL, NULL, NULL),
(408000021, 'V022', 'บริษัท ภูเก็ตสแควร์ จำกัด', NULL, NULL, NULL, '1', NULL, '66/4 ซอยสุขุมวิท 20 ถนนสุขุมวิท แขวงคลองเตย เขตคลองเตย กรุงเทพฯ 10110', NULL, NULL, NULL, NULL, NULL, NULL, NULL, NULL, NULL, NULL, NULL, NULL, NULL, NULL, NULL, NULL, NULL, NULL, NULL, NULL, NULL, NULL, NULL, NULL, NULL, NULL, NULL, NULL, NULL, NULL, NULL, NULL),
(408000022, 'V023', 'แสนสะอาด ลอนดรี้', NULL, NULL, NULL, '1', NULL, '346 ซอยสุขุมวิท 49 ถนนสุขุมวิท แขวงคลองตันเหนือ เขตวัฒนา กรุงเทพฯ 10110', NULL, NULL, NULL, NULL, NULL, NULL, NULL, NULL, NULL, NULL, NULL, NULL, NULL, NULL, NULL, NULL, NULL, NULL, NULL, NULL, NULL, NULL, NULL, NULL, NULL, NULL, NULL, NULL, NULL, NULL, NULL, NULL),
(408000023, 'V024', 'บริษัท แอดวานซ์ อินโฟร์ เซอร์วิส จำกัด (มหาชน)', NULL, NULL, NULL, '1', NULL, '414 อาคารอินทัช ถนนพหลโยธิน แขวงสามเสนใน เขตพญาไท กรุงเทพฯ 10400', NULL, NULL, NULL, NULL, NULL, NULL, NULL, NULL, NULL, NULL, NULL, NULL, NULL, NULL, NULL, NULL, NULL, NULL, NULL, NULL, NULL, NULL, NULL, NULL, NULL, NULL, NULL, NULL, NULL, NULL, NULL, NULL),
(408000024, 'V025', 'บริษัท แล็บควิป(ประเทศไทย) จำกัด', NULL, NULL, NULL, '1', NULL, '284 ซอยศูนย์วิจัย4 ถนนพระราม9 แขวงบางกะปิ เขตห้วยขวาง กรุงเทพฯ 10310', NULL, NULL, NULL, NULL, NULL, NULL, NULL, NULL, NULL, NULL, NULL, NULL, NULL, NULL, NULL, NULL, NULL, NULL, NULL, NULL, NULL, NULL, NULL, NULL, NULL, NULL, NULL, NULL, NULL, NULL, NULL, NULL),
(408000025, 'V026', 'บริษัทแล็บโซลูชั่น แอนด์ เอนจิเนียริ่ง จำกัด', NULL, NULL, NULL, '1', NULL, '28/28 หมู่6 ต.ศาลากลาง อ.บางกรวย จ.นนทบุรี 11130', NULL, NULL, NULL, NULL, NULL, NULL, NULL, NULL, NULL, NULL, NULL, NULL, NULL, NULL, NULL, NULL, NULL, NULL, NULL, NULL, NULL, NULL, NULL, NULL, NULL, NULL, NULL, NULL, NULL, NULL, NULL, NULL),
(408000026, 'V027', 'ห้างหุ้นส่วนจำกัด อาร์ ซี เอ็ม ซัพพลายส์', NULL, NULL, NULL, '1', NULL, '3/1 ซอยพหลโยธิน17 ถ.พหลโยธิน แขวงจตุจักร เขตจตุจักร กรุงเทพฯ 10900', NULL, NULL, NULL, NULL, NULL, NULL, NULL, NULL, NULL, NULL, NULL, NULL, NULL, NULL, NULL, NULL, NULL, NULL, NULL, NULL, NULL, NULL, NULL, NULL, NULL, NULL, NULL, NULL, NULL, NULL, NULL, NULL),
(408000027, 'V028', 'บริษัท ทีโอที จำกัด (มหาชน)', NULL, NULL, NULL, '1', NULL, '89/2 หมู่ 3 ถนนแจ้งวัฒนะ แขวงทุ่งสองห้อง เขตหลักสี่ กรุงเทพฯ 10210', NULL, NULL, NULL, NULL, NULL, NULL, NULL, NULL, NULL, NULL, NULL, NULL, NULL, NULL, NULL, NULL, NULL, NULL, NULL, NULL, NULL, NULL, NULL, NULL, NULL, NULL, NULL, NULL, NULL, NULL, NULL, NULL),
(408000028, 'V029', 'บริษัท พรอพเพอร์ตี้ แคร์ เซอร์วิสเซส (ประเทศไทย) จำกัด', NULL, NULL, NULL, '1', NULL, '234 ซอยสุขุมวิท 101 (ปุณณวิถี) ถนนสุขุมวิท แขวงบางจาก เขตพระโขนง กรุงเทพฯ 10260', NULL, NULL, NULL, NULL, NULL, NULL, NULL, NULL, NULL, NULL, NULL, NULL, NULL, NULL, NULL, NULL, NULL, NULL, NULL, NULL, NULL, NULL, NULL, NULL, NULL, NULL, NULL, NULL, NULL, NULL, NULL, NULL),
(408000029, 'V030', 'บริษัท แบงเทรดดิ้ง 1992 จำกัด', NULL, NULL, NULL, '1', NULL, '999/99 ชั้น 4 อาคาร แบงเทรดดิ้ง กรุ๊ป ถนนพระรามที่ 9 แขวงสวนหลวง เขตสวนหลวง กรุงเทพฯ 10250', NULL, NULL, NULL, NULL, NULL, NULL, NULL, NULL, NULL, NULL, NULL, NULL, NULL, NULL, NULL, NULL, NULL, NULL, NULL, NULL, NULL, NULL, NULL, NULL, NULL, NULL, NULL, NULL, NULL, NULL, NULL, NULL),
(408000030, 'V031', 'บริษัท เฟอร์ติลิตี้ เซ็นเตอร์ จำกัด', NULL, NULL, NULL, '1', NULL, '100/76 ถนนพระราม 9 แขวงห้วยขวาง เขตห้วยขวาง กรุงเทพฯ 10310', NULL, NULL, NULL, NULL, NULL, NULL, NULL, NULL, NULL, NULL, NULL, NULL, NULL, NULL, NULL, NULL, NULL, NULL, NULL, NULL, NULL, NULL, NULL, NULL, NULL, NULL, NULL, NULL, NULL, NULL, NULL, NULL),
(408000031, 'V032', 'บริษัท เฮ็ลธ อินโนเวฌัน จำกัด', NULL, NULL, NULL, '1', NULL, '1054/7 ถนนนครไชยศรี แขวงถนนนครไชยศรี เขตดุสิต กรุงเทพฯ 10300', NULL, NULL, NULL, NULL, NULL, NULL, NULL, NULL, NULL, NULL, NULL, NULL, NULL, NULL, NULL, NULL, NULL, NULL, NULL, NULL, NULL, NULL, NULL, NULL, NULL, NULL, NULL, NULL, NULL, NULL, NULL, NULL),
(408000032, 'V033', 'บริษัท ทิพย์ไทย แอนด์ แอสโซซิเอทส์ จำกัด', NULL, NULL, NULL, '1', NULL, '42/116 หมู่ 5 ถนนไสวประชาราษฎร์ ต.ลาดสวาย อ.ลำลูกกา จ.ปทุมธานี 12150', NULL, NULL, NULL, NULL, NULL, NULL, NULL, NULL, NULL, NULL, NULL, NULL, NULL, NULL, NULL, NULL, NULL, NULL, NULL, NULL, NULL, NULL, NULL, NULL, NULL, NULL, NULL, NULL, NULL, NULL, NULL, NULL),
(408000033, 'V034', 'บริษัท ไทยดริ๊งค์ จำกัด', NULL, NULL, NULL, '1', NULL, '14 อาคารแสงโสม ถนนวิภาวดีรังสิต แขวงจอมพล เขตจตุจักร กรุงเทพฯ 10900', NULL, NULL, NULL, NULL, NULL, NULL, NULL, NULL, NULL, NULL, NULL, NULL, NULL, NULL, NULL, NULL, NULL, NULL, NULL, NULL, NULL, NULL, NULL, NULL, NULL, NULL, NULL, NULL, NULL, NULL, NULL, NULL),
(408000034, 'V035', 'ห้างหุ้นส่วนจำกัด พัฒน์ แอนด์ ทอม', NULL, NULL, NULL, '1', NULL, '123/5-6 ถนนประชาชื่น แขวงบางซื่อ เขตบางซื่อ กรุงเทพฯ 10800', NULL, NULL, NULL, NULL, NULL, NULL, NULL, NULL, NULL, NULL, NULL, NULL, NULL, NULL, NULL, NULL, NULL, NULL, NULL, NULL, NULL, NULL, NULL, NULL, NULL, NULL, NULL, NULL, NULL, NULL, NULL, NULL),
(408000035, 'V036', 'บริษัท โลจิสติคส์ แมเนจเมนท์ เซอร์วิสเซส จำกัด', NULL, NULL, NULL, '1', NULL, '2922/132 อาคารชาญอิสระทาวเวอร์ 2 ชั้น 3 ถนนเพชรบุรีตัดใหม่ แขวงบางกะปิ เขตห้วยขวาง กรุงเทพฯ 10320', NULL, NULL, NULL, NULL, NULL, NULL, NULL, NULL, NULL, NULL, NULL, NULL, NULL, NULL, NULL, NULL, NULL, NULL, NULL, NULL, NULL, NULL, NULL, NULL, NULL, NULL, NULL, NULL, NULL, NULL, NULL, NULL),
(408000036, 'V037', 'Thai Genomes Co.,Ltd.', NULL, NULL, NULL, '1', NULL, '66/4 Mille Malle Bldg.,Sukhumvit 20,Klongtoey,Bangkok 10110', NULL, NULL, NULL, NULL, NULL, NULL, NULL, NULL, NULL, NULL, NULL, NULL, NULL, NULL, NULL, NULL, NULL, NULL, NULL, NULL, NULL, NULL, NULL, NULL, NULL, NULL, NULL, NULL, NULL, NULL, NULL, NULL),
(408000037, 'V038', 'บริษัท โครโมโซม แลบโบราทอรี่ เซ็นเตอร์ จำกัด', NULL, NULL, NULL, '1', NULL, '100/58 ถนนเทอดดำริ แขวงถนนนครไชยศรี เขตดุสิต กรุงเทพฯ', NULL, NULL, NULL, NULL, NULL, NULL, NULL, NULL, NULL, NULL, NULL, NULL, NULL, NULL, NULL, NULL, NULL, NULL, NULL, NULL, NULL, NULL, NULL, NULL, NULL, NULL, NULL, NULL, NULL, NULL, NULL, NULL),
(408000038, 'V039', 'บริษัท ศรีตรังแอโกรอินดัสทรี จำกัด (มหาชน)', NULL, NULL, NULL, '1', NULL, 'อาคารปาร์คเวนเชอร์ อีโคเพล็กซ์ ห้อง 1701,1707-1712 ชั้น 17 เลขที่ 57 ถนนวิทยุ แขวงลุมพินี เขตปทุมวัน กรุงเทพฯ 10330', NULL, NULL, NULL, NULL, NULL, NULL, NULL, NULL, NULL, NULL, NULL, NULL, NULL, NULL, NULL, NULL, NULL, NULL, NULL, NULL, NULL, NULL, NULL, NULL, NULL, NULL, NULL, NULL, NULL, NULL, NULL, NULL),
(408000039, 'V040', 'บจก. ไบโอฟาร์ม เคมิคัลส์', NULL, NULL, NULL, '1', NULL, '55 อาคารไบโอเฮ้าส์ ชั้น 7', NULL, NULL, NULL, NULL, NULL, NULL, NULL, NULL, NULL, NULL, NULL, NULL, NULL, NULL, NULL, NULL, NULL, NULL, NULL, NULL, NULL, NULL, NULL, NULL, NULL, NULL, NULL, NULL, NULL, NULL, NULL, NULL),
(408000040, 'V041', 'บริษัท สยามฟาร์มาซูติคอล จำกัด', NULL, NULL, NULL, '1', NULL, '171/1-2 ซอยโชคชัยร่วมมิตร ถนนวิภาวดีรังสิต แขวงจอมพล เขตจตุจักร กรุงเทพฯ10900', NULL, NULL, NULL, NULL, NULL, NULL, NULL, NULL, NULL, NULL, NULL, NULL, NULL, NULL, NULL, NULL, NULL, NULL, NULL, NULL, NULL, NULL, NULL, NULL, NULL, NULL, NULL, NULL, NULL, NULL, NULL, NULL),
(408000041, 'V042', 'Miracele Holistic Medicine', NULL, NULL, NULL, '1', NULL, '27/22หมู่5 ถนนลำลูกกา ตำบลคูคต อำเภอลำลูกกา จังหวัดปทุมธานี', NULL, NULL, NULL, NULL, NULL, NULL, NULL, NULL, NULL, NULL, NULL, NULL, NULL, NULL, NULL, NULL, NULL, NULL, NULL, NULL, NULL, NULL, NULL, NULL, NULL, NULL, NULL, NULL, NULL, NULL, NULL, NULL),
(408000042, 'V043', 'บริษัทไบโอฟาร์ม เคมิคัลส์ จำกัด', NULL, NULL, NULL, '1', NULL, '55 อาคารไบโอเฮ้าส์ ชั้น7 ซ.พร้อมพงษ์สุขุมวิท39แขวงคลองตันเหนือ เขตวัฒนา กทม10110', NULL, NULL, NULL, NULL, NULL, NULL, NULL, NULL, NULL, NULL, NULL, NULL, NULL, NULL, NULL, NULL, NULL, NULL, NULL, NULL, NULL, NULL, NULL, NULL, NULL, NULL, NULL, NULL, NULL, NULL, NULL, NULL),
(408000043, 'V044', 'บริษัท อินตัน กรุ๊ป จำกัด', NULL, NULL, NULL, '1', NULL, '108/35 หมู่ 1 ตำบลบางขนุน อำเภอบางกรวย จังหวัดนนทบุรี 11130', NULL, NULL, NULL, NULL, NULL, NULL, NULL, NULL, NULL, NULL, NULL, NULL, NULL, NULL, NULL, NULL, NULL, NULL, NULL, NULL, NULL, NULL, NULL, NULL, NULL, NULL, NULL, NULL, NULL, NULL, NULL, NULL),
(408000044, 'V045', 'องค์การเภสัชกรรม', NULL, NULL, NULL, '1', NULL, '75/1 ถนนพระรามที่ 6 เขตราชเทวี  กทม 10400', NULL, NULL, NULL, NULL, NULL, NULL, NULL, NULL, NULL, NULL, NULL, NULL, NULL, NULL, NULL, NULL, NULL, NULL, NULL, NULL, NULL, NULL, NULL, NULL, NULL, NULL, NULL, NULL, NULL, NULL, NULL, NULL),
(408000045, 'V046', 'บริษัทสหแพทย์เภสัช จำกัด', NULL, NULL, NULL, '1', NULL, '450 ซ.พระรามที่ 2ซ.ถจ แขวงแสมดำ เขตบางขุนเทียน กรุงเทพฯ 10150', NULL, NULL, NULL, NULL, NULL, NULL, NULL, NULL, NULL, NULL, NULL, NULL, NULL, NULL, NULL, NULL, NULL, NULL, NULL, NULL, NULL, NULL, NULL, NULL, NULL, NULL, NULL, NULL, NULL, NULL, NULL, NULL),
(408000046, 'V047', 'บริษัท โอสถ  อินเตอร์ แลบบอราทอรีส์ จำกัด', NULL, NULL, NULL, '1', NULL, '600/9หมู่11ถ.สุขาภิบาล 8 ต.หนองขาม อ.ศรีราชา จ.ชลบุรี 20230', NULL, NULL, NULL, NULL, NULL, NULL, NULL, NULL, NULL, NULL, NULL, NULL, NULL, NULL, NULL, NULL, NULL, NULL, NULL, NULL, NULL, NULL, NULL, NULL, NULL, NULL, NULL, NULL, NULL, NULL, NULL, NULL);

-- --------------------------------------------------------

--
-- Table structure for table `CashAccount`
--

CREATE TABLE `CashAccount` (
  `CashID` int(11) NOT NULL,
  `CashName` varchar(255) COLLATE utf8_unicode_ci DEFAULT NULL,
  `IntLock` int(11) DEFAULT '0',
  `active` varchar(45) COLLATE utf8_unicode_ci DEFAULT '1'
) ENGINE=InnoDB DEFAULT CHARSET=utf8 COLLATE=utf8_unicode_ci;

--
-- Dumping data for table `CashAccount`
--

INSERT INTO `CashAccount` (`CashID`, `CashName`, `IntLock`, `active`) VALUES
(0, 'NULL', 0, '1'),
(1, 'Cash / 4639', 0, '1'),
(7, 'Cash / 6286 ', 1, '1');

-- --------------------------------------------------------

--
-- Table structure for table `CashAccount_copy`
--

CREATE TABLE `CashAccount_copy` (
  `CashID` int(11) NOT NULL,
  `CashName` varchar(255) COLLATE utf8_unicode_ci DEFAULT NULL,
  `IntLock` int(11) DEFAULT '0'
) ENGINE=InnoDB DEFAULT CHARSET=utf8 COLLATE=utf8_unicode_ci;

--
-- Dumping data for table `CashAccount_copy`
--

INSERT INTO `CashAccount_copy` (`CashID`, `CashName`, `IntLock`) VALUES
(1, 'Cash / 4639', 0),
(2, 'Cash / 5193', 1),
(3, 'Cash / 6433', 1),
(4, 'Cash / 7358', 1),
(5, 'Cash / 0901', 1),
(6, 'Cash / 6425', 1),
(7, 'Cash / 7511 ', 1),
(8, 'Cash / 2388', 1),
(9, 'NULL', 0);

-- --------------------------------------------------------

--
-- Table structure for table `ci_sessions`
--

CREATE TABLE `ci_sessions` (
  `session_id` varchar(40) COLLATE utf8_unicode_ci NOT NULL DEFAULT '0',
  `ip_address` varchar(45) COLLATE utf8_unicode_ci NOT NULL DEFAULT '0',
  `user_agent` varchar(120) COLLATE utf8_unicode_ci NOT NULL,
  `last_activity` int(10) UNSIGNED NOT NULL DEFAULT '0',
  `user_data` text COLLATE utf8_unicode_ci NOT NULL
) ENGINE=InnoDB DEFAULT CHARSET=utf8 COLLATE=utf8_unicode_ci;

--
-- Dumping data for table `ci_sessions`
--

INSERT INTO `ci_sessions` (`session_id`, `ip_address`, `user_agent`, `last_activity`, `user_data`) VALUES
('0e266ead0b153d0aa099cd4ce32a0eeb', '192.168.10.212', 'Mozilla/5.0 (Windows NT 6.1) AppleWebKit/537.36 (KHTML, like Gecko) Chrome/72.0.3626.121 Safari/537.36', 1552179405, 'a:6:{s:9:\"user_data\";s:0:\"\";s:3:\"PID\";s:4:\"NULL\";s:4:\"PIDS\";s:4:\"NULL\";s:3:\"GID\";s:3:\"102\";s:3:\"UID\";s:1:\"3\";s:4:\"USER\";s:5:\"nurse\";}'),
('1f41317d23cf7a7dbae4f2064356d686', '192.168.10.97', 'Mozilla/5.0 (Windows NT 6.1) AppleWebKit/537.36 (KHTML, like Gecko) Chrome/72.0.3626.121 Safari/537.36', 1552178762, 'a:6:{s:9:\"user_data\";s:0:\"\";s:3:\"PID\";s:8:\"20190921\";s:4:\"PIDS\";s:11:\"HN-90921/62\";s:3:\"GID\";s:3:\"101\";s:3:\"UID\";s:1:\"2\";s:4:\"USER\";s:9:\"reception\";}'),
('276eb4f0269abf0fd7648f79fae6f902', '192.168.10.169', 'Mozilla/5.0 (Windows NT 10.0; Win64; x64) AppleWebKit/537.36 (KHTML, like Gecko) Chrome/72.0.3626.121 Safari/537.36', 1552125112, 'a:6:{s:9:\"user_data\";s:0:\"\";s:3:\"GID\";s:3:\"103\";s:3:\"UID\";s:1:\"4\";s:4:\"USER\";s:2:\"rx\";s:3:\"PID\";s:8:\"20190780\";s:4:\"PIDS\";s:11:\"HN-90780/62\";}'),
('3e28842550f220a060c2f9ef45562add', '192.168.10.97', 'Mozilla/5.0 (Windows NT 6.1; Trident/7.0; rv:11.0) like Gecko', 1552110548, 'a:6:{s:9:\"user_data\";s:0:\"\";s:3:\"PID\";s:4:\"NULL\";s:4:\"PIDS\";s:4:\"NULL\";s:3:\"GID\";s:4:\"NULL\";s:3:\"UID\";s:4:\"NULL\";s:4:\"USER\";s:4:\"NULL\";}'),
('4feaa412c725217f7d97b5e000978a98', '192.168.10.214', 'Mozilla/5.0 (compatible; MSIE 9.0; Windows NT 6.1; Trident/5.0; MDDRJS)', 1552115544, 'a:6:{s:9:\"user_data\";s:0:\"\";s:3:\"PID\";s:8:\"20190799\";s:4:\"PIDS\";s:11:\"HN-90799/62\";s:3:\"GID\";s:3:\"105\";s:3:\"UID\";s:2:\"32\";s:4:\"USER\";s:4:\"fon2\";}'),
('61e872448f9654646631816da328a67e', '192.168.10.167', 'Mozilla/5.0 (Windows NT 10.0; Win64; x64) AppleWebKit/537.36 (KHTML, like Gecko) Chrome/72.0.3626.121 Safari/537.36', 1552179431, 'a:6:{s:9:\"user_data\";s:0:\"\";s:3:\"PID\";s:8:\"20183947\";s:4:\"PIDS\";s:11:\"HN-83947/61\";s:3:\"GID\";s:3:\"102\";s:3:\"UID\";s:1:\"3\";s:4:\"USER\";s:5:\"nurse\";}'),
('9dc2f34534836adbab36cd79816e6343', '192.168.10.186', 'Mozilla/5.0 (Windows NT 10.0; Win64; x64) AppleWebKit/537.36 (KHTML, like Gecko) Chrome/72.0.3626.121 Safari/537.36', 1552121600, 'a:6:{s:9:\"user_data\";s:0:\"\";s:3:\"PID\";s:8:\"20182514\";s:4:\"PIDS\";s:11:\"HN-82514/61\";s:3:\"GID\";s:3:\"101\";s:3:\"UID\";s:1:\"2\";s:4:\"USER\";s:9:\"reception\";}'),
('a3241a0f061aea1c895061405d5470fc', '192.168.10.215', 'Mozilla/5.0 (Windows NT 10.0) AppleWebKit/537.36 (KHTML, like Gecko) Chrome/64.0.3282.140 Safari/537.36 Edge/18.17763', 1552126421, 'a:6:{s:9:\"user_data\";s:0:\"\";s:3:\"PID\";s:8:\"20183430\";s:4:\"PIDS\";s:11:\"HN-83430/61\";s:3:\"GID\";s:3:\"105\";s:3:\"UID\";s:2:\"32\";s:4:\"USER\";s:4:\"fon2\";}'),
('a4d3a3e7f6f05f51d90dc125dbcb8e24', '192.168.10.153', 'Mozilla/5.0 (Windows NT 10.0; Win64; x64) AppleWebKit/537.36 (KHTML, like Gecko) Chrome/72.0.3626.121 Safari/537.36', 1552122437, 'a:6:{s:9:\"user_data\";s:0:\"\";s:3:\"PID\";s:8:\"20190691\";s:4:\"PIDS\";s:11:\"HN-90691/62\";s:3:\"GID\";s:3:\"104\";s:3:\"UID\";s:1:\"5\";s:4:\"USER\";s:3:\"lab\";}'),
('e76102fd6a3945289083fa284835a536', '192.168.10.218', 'Mozilla/5.0 (Windows NT 10.0; Win64; x64) AppleWebKit/537.36 (KHTML, like Gecko) Chrome/72.0.3626.121 Safari/537.36', 1552178234, 'a:6:{s:9:\"user_data\";s:0:\"\";s:3:\"PID\";s:8:\"20171106\";s:4:\"PIDS\";s:11:\"HN-71106/60\";s:3:\"GID\";s:3:\"102\";s:3:\"UID\";s:1:\"3\";s:4:\"USER\";s:5:\"nurse\";}'),
('e7a9482f0bb211216ca07a40f83673b2', '192.168.10.219', 'Mozilla/5.0 (Windows NT 10.0; Win64; x64) AppleWebKit/537.36 (KHTML, like Gecko) Chrome/72.0.3626.121 Safari/537.36', 1552120524, 'a:5:{s:3:\"PID\";s:8:\"20190670\";s:4:\"PIDS\";s:11:\"HN-90670/62\";s:3:\"GID\";s:3:\"102\";s:3:\"UID\";s:1:\"3\";s:4:\"USER\";s:5:\"nurse\";}'),
('e9e810f3609ab31395f77b4f1b28230f', '10.217.190.10', 'Mozilla/5.0 (Windows NT 10.0; Win64; x64) AppleWebKit/537.36 (KHTML, like Gecko) Chrome/72.0.3626.121 Safari/537.36', 1552104014, 'a:6:{s:9:\"user_data\";s:0:\"\";s:3:\"PID\";s:4:\"NULL\";s:4:\"PIDS\";s:4:\"NULL\";s:3:\"GID\";s:3:\"105\";s:3:\"UID\";s:2:\"32\";s:4:\"USER\";s:4:\"fon2\";}');

-- --------------------------------------------------------

--
-- Table structure for table `ConfigIntLock`
--

CREATE TABLE `ConfigIntLock` (
  `id` int(11) NOT NULL,
  `IntLock` int(11) DEFAULT NULL
) ENGINE=InnoDB DEFAULT CHARSET=latin1;

--
-- Dumping data for table `ConfigIntLock`
--

INSERT INTO `ConfigIntLock` (`id`, `IntLock`) VALUES
(1, 0);

-- --------------------------------------------------------

--
-- Table structure for table `Consulting`
--

CREATE TABLE `Consulting` (
  `ID` int(11) NOT NULL,
  `Name` varchar(250) COLLATE utf8_unicode_ci NOT NULL
) ENGINE=InnoDB DEFAULT CHARSET=utf8 COLLATE=utf8_unicode_ci;

--
-- Dumping data for table `Consulting`
--

INSERT INTO `Consulting` (`ID`, `Name`) VALUES
(1, 'AOF'),
(2, 'TEST');

-- --------------------------------------------------------

--
-- Table structure for table `CreditCardAccount`
--

CREATE TABLE `CreditCardAccount` (
  `CreditCardID` int(11) NOT NULL,
  `CreditCardName` varchar(255) COLLATE utf8_unicode_ci DEFAULT NULL,
  `IntLock` int(11) DEFAULT '0',
  `active` varchar(45) COLLATE utf8_unicode_ci DEFAULT '1'
) ENGINE=InnoDB DEFAULT CHARSET=utf8 COLLATE=utf8_unicode_ci;

--
-- Dumping data for table `CreditCardAccount`
--

INSERT INTO `CreditCardAccount` (`CreditCardID`, `CreditCardName`, `IntLock`, `active`) VALUES
(0, 'NULL', 0, '1'),
(1, 'Credit / 4639', 0, '1'),
(2, 'Credit / 5207', 1, '1');

-- --------------------------------------------------------

--
-- Table structure for table `DebtorDetail`
--

CREATE TABLE `DebtorDetail` (
  `ID` bigint(20) NOT NULL,
  `VN` bigint(20) DEFAULT NULL,
  `Name` varchar(255) COLLATE utf8_unicode_ci NOT NULL,
  `Extra` int(11) DEFAULT NULL,
  `Price` decimal(10,2) DEFAULT NULL,
  `Total` decimal(10,2) DEFAULT NULL,
  `GroupType` varchar(250) COLLATE utf8_unicode_ci DEFAULT NULL,
  `Comment` text COLLATE utf8_unicode_ci
) ENGINE=InnoDB DEFAULT CHARSET=utf8 COLLATE=utf8_unicode_ci;

-- --------------------------------------------------------

--
-- Table structure for table `DebtorHeader`
--

CREATE TABLE `DebtorHeader` (
  `VN` bigint(20) NOT NULL,
  `AgentID` bigint(20) DEFAULT NULL,
  `AgentName` varchar(255) COLLATE utf8_unicode_ci DEFAULT NULL,
  `AlreadyClear` int(11) DEFAULT '0',
  `BillNo` varchar(255) COLLATE utf8_unicode_ci DEFAULT NULL,
  `PName` varchar(255) COLLATE utf8_unicode_ci DEFAULT NULL,
  `Date` date DEFAULT NULL,
  `Time` time DEFAULT NULL,
  `PID` bigint(20) DEFAULT NULL,
  `PIDS` varchar(255) COLLATE utf8_unicode_ci DEFAULT NULL,
  `Include_Pkg_Price` decimal(10,2) DEFAULT NULL,
  `Extra_Pkg_Price` decimal(10,2) DEFAULT NULL,
  `Total` decimal(10,2) DEFAULT NULL,
  `Discount` decimal(10,2) DEFAULT NULL,
  `CreditCardType` int(11) DEFAULT NULL,
  `CreditCardNumber` varchar(255) COLLATE utf8_unicode_ci DEFAULT NULL,
  `Status` int(11) DEFAULT NULL,
  `CreditAgent` int(11) DEFAULT NULL,
  `OName` varchar(250) COLLATE utf8_unicode_ci DEFAULT NULL,
  `BID` bigint(20) DEFAULT NULL
) ENGINE=InnoDB DEFAULT CHARSET=utf8 COLLATE=utf8_unicode_ci;

-- --------------------------------------------------------

--
-- Table structure for table `DepositAgent`
--

CREATE TABLE `DepositAgent` (
  `ID` bigint(20) NOT NULL,
  `AgentID` int(11) DEFAULT NULL,
  `Deposit` decimal(10,2) DEFAULT NULL,
  `Avaliable` decimal(10,2) DEFAULT NULL,
  `Date` date DEFAULT NULL,
  `RefNumber` varchar(255) COLLATE utf8_unicode_ci DEFAULT NULL
) ENGINE=InnoDB DEFAULT CHARSET=utf8 COLLATE=utf8_unicode_ci;

--
-- Dumping data for table `DepositAgent`
--

INSERT INTO `DepositAgent` (`ID`, `AgentID`, `Deposit`, `Avaliable`, `Date`, `RefNumber`) VALUES
(1, 3, '10000.00', '50.00', '2014-04-14', 'Ref1'),
(2, 3, '10000.00', '10000.00', '2014-04-14', 'Ref2');

-- --------------------------------------------------------

--
-- Table structure for table `Doctor`
--

CREATE TABLE `Doctor` (
  `ID` int(11) NOT NULL,
  `Name` varchar(250) COLLATE utf8_unicode_ci DEFAULT NULL,
  `TVS` tinyint(4) NOT NULL DEFAULT '0'
) ENGINE=MyISAM DEFAULT CHARSET=utf8 COLLATE=utf8_unicode_ci;

--
-- Dumping data for table `Doctor`
--

INSERT INTO `Doctor` (`ID`, `Name`, `TVS`) VALUES
(1, 'Dr. Thitikorn Wanichkul', 1),
(2, 'Dr. Visut Suvithayasiri', 0),
(3, 'Dr. Niwat', 0),
(4, 'Dr. Chanin', 0),
(5, 'Dr. Sakchai Panitwong', 0);

-- --------------------------------------------------------

--
-- Table structure for table `FilePatient`
--

CREATE TABLE `FilePatient` (
  `ID` int(11) NOT NULL,
  `PID` int(11) DEFAULT NULL,
  `Filename` varchar(250) COLLATE utf8_unicode_ci DEFAULT NULL,
  `OrderFileNumber` int(11) DEFAULT NULL,
  `DateTreatment` date DEFAULT NULL
) ENGINE=MyISAM DEFAULT CHARSET=utf8 COLLATE=utf8_unicode_ci;

-- --------------------------------------------------------

--
-- Table structure for table `f_amphures`
--

CREATE TABLE `f_amphures` (
  `amph_id` int(11) NOT NULL,
  `amph_code` varchar(255) COLLATE utf8_bin DEFAULT NULL,
  `amph_name_t` varchar(255) COLLATE utf8_bin DEFAULT NULL,
  `geo_id` varchar(255) COLLATE utf8_bin DEFAULT NULL,
  `prov_code` varchar(255) COLLATE utf8_bin DEFAULT NULL,
  `amph_name_e` varchar(255) COLLATE utf8_bin DEFAULT NULL
) ENGINE=MyISAM DEFAULT CHARSET=utf8 COLLATE=utf8_bin COMMENT='id=128';

-- --------------------------------------------------------

--
-- Table structure for table `f_company_type`
--

CREATE TABLE `f_company_type` (
  `comp_type_id` int(11) NOT NULL,
  `comp_type_code` varchar(255) COLLATE utf8_bin DEFAULT NULL,
  `comp_type_name_t` varchar(255) COLLATE utf8_bin DEFAULT NULL,
  `comp_type_name_e` varchar(255) COLLATE utf8_bin DEFAULT NULL,
  `active` varchar(45) COLLATE utf8_bin DEFAULT NULL
) ENGINE=MyISAM DEFAULT CHARSET=utf8 COLLATE=utf8_bin COMMENT='id=400';

--
-- Dumping data for table `f_company_type`
--

INSERT INTO `f_company_type` (`comp_type_id`, `comp_type_code`, `comp_type_name_t`, `comp_type_name_e`, `active`) VALUES
(40000000, '1', 'บริษัท', NULL, '1'),
(40000001, '2', 'ห้างหุ้นส่วน', NULL, '1'),
(40000002, '3', 'บริษัท มหาชน', NULL, '1');

-- --------------------------------------------------------

--
-- Table structure for table `f_districts`
--

CREATE TABLE `f_districts` (
  `dist_id` int(11) NOT NULL,
  `dist_code` varchar(255) COLLATE utf8_bin DEFAULT NULL,
  `dist_name_t` varchar(255) COLLATE utf8_bin DEFAULT NULL,
  `dist_name_e` varchar(255) COLLATE utf8_bin DEFAULT NULL,
  `amph_code` varchar(255) COLLATE utf8_bin DEFAULT NULL,
  `prov_code` varchar(255) COLLATE utf8_bin DEFAULT NULL,
  `geo_id` varchar(255) COLLATE utf8_bin DEFAULT NULL,
  `zipcode` varchar(255) COLLATE utf8_bin DEFAULT NULL
) ENGINE=MyISAM DEFAULT CHARSET=utf8 COLLATE=utf8_bin COMMENT='id=129';

-- --------------------------------------------------------

--
-- Table structure for table `f_doc_type`
--

CREATE TABLE `f_doc_type` (
  `doc_type_id` int(11) NOT NULL,
  `doc_type_code` varchar(255) COLLATE utf8_bin DEFAULT NULL,
  `doc_type_name` varchar(255) COLLATE utf8_bin DEFAULT NULL,
  `active` varchar(255) COLLATE utf8_bin DEFAULT NULL,
  `status_combo` varchar(255) COLLATE utf8_bin DEFAULT NULL
) ENGINE=MyISAM DEFAULT CHARSET=utf8 COLLATE=utf8_bin COMMENT='id=143';

--
-- Dumping data for table `f_doc_type`
--

INSERT INTO `f_doc_type` (`doc_type_id`, `doc_type_code`, `doc_type_name`, `active`, `status_combo`) VALUES
(1430000000, 'oocyte', 'Oocyte', '1', 'opu_stage'),
(1430000001, 'cleavage', 'Cleavage', '1', 'opu_stage'),
(1430000002, 'morula', 'Morula', '1', 'opu_stage'),
(1430000003, 'blastocyst', 'Blastocyst', '1', 'opu_stage'),
(1430000004, 'kitazato', 'KITAZATO', '1', 'opu_freeze_media'),
(1430000005, 'cryotech', 'Cryotech', '1', 'opu_freeze_media'),
(1430000006, 'vitrification', 'Vitrification', '1', 'opu_method'),
(1430000007, 'Compacted', 'Compacted', '1', 'opu_stage_day3'),
(1430000008, 'Early Compact', 'Early Compact', '1', 'opu_stage_day3'),
(1430000009, '8 Cells', '8 Cells', '1', 'opu_stage_day3'),
(1430000010, '7 Cells', '7 Cells', '1', 'opu_stage_day3'),
(1430000011, '6 Cells', '6 Cells', '1', 'opu_stage_day3'),
(1430000012, '5 Cells', '5 Cells', '1', 'opu_stage_day3'),
(1430000013, '4 Cells', '4 Cells', '1', 'opu_stage_day3'),
(1430000014, '3 Cells', '3 Cells', '1', 'opu_stage_day3'),
(1430000015, '2 Cells', '2 Cells', '1', 'opu_stage_day3'),
(1430000016, 'No Cleave', 'No Cleave', '1', 'opu_stage_day3'),
(1430000017, 'g4', 'g4', '1', 'opu_stage_day3_desc1'),
(1430000018, 'g3', 'g3', '1', 'opu_stage_day3_desc1'),
(1430000019, 'g2', 'g2', '1', 'opu_stage_day3_desc1'),
(1430000020, 'g1', 'g1', '1', 'opu_stage_day3_desc1'),
(1430000021, 'Hatched Blastocyst', 'Hatched Blastocyst', '1', 'opu_stage_day5'),
(1430000022, 'Hatching Blastocyst', 'Hatching Blastocyst', '1', 'opu_stage_day5'),
(1430000023, 'Fully Blastocyst', 'Fully Blastocyst', '1', 'opu_stage_day5'),
(1430000024, 'Blastocyst', 'Blastocyst', '1', 'opu_stage_day5'),
(1430000025, 'Early Blastocyst', 'Early Blastocyst', '1', 'opu_stage_day5'),
(1430000026, 'Compacted', 'Compacted', '1', 'opu_stage_day5'),
(1430000027, 'Early Compacted', 'Early Compacted', '1', 'opu_stage_day5'),
(1430000028, '8 Cells', '8 Cells', '1', 'opu_stage_day5'),
(1430000029, '7 Cells', '7 Cells', '1', 'opu_stage_day5'),
(1430000030, '6 Cells', '6 Cells', '1', 'opu_stage_day5'),
(1430000031, '5 Cells', '5 Cells', '1', 'opu_stage_day5'),
(1430000032, '4 Cells', '4 Cells', '1', 'opu_stage_day5'),
(1430000033, '3 Cells', '3 Cells', '1', 'opu_stage_day5'),
(1430000034, '2 Cells', '2 Cells', '1', 'opu_stage_day5'),
(1430000035, 'No Cleave', 'No Cleave', '1', 'opu_stage_day5'),
(1430000036, '(AA)', '(AA)', '1', 'opu_stage_day5_desc1'),
(1430000037, '(AB)', '(AB)', '1', 'opu_stage_day5_desc1'),
(1430000038, '(AC)', '(AC)', '1', 'opu_stage_day5_desc1'),
(1430000039, '(BA)', '(BA)', '1', 'opu_stage_day5_desc1'),
(1430000040, '(BB)', '(BB)', '1', 'opu_stage_day5_desc1'),
(1430000041, '(BC)', '(BC)', '1', 'opu_stage_day5_desc1'),
(1430000042, '(CA)', '(CA)', '1', 'opu_stage_day5_desc1'),
(1430000043, '(CB)', '(CB)', '1', 'opu_stage_day5_desc1'),
(1430000044, '(CC)', '(CC)', '1', 'opu_stage_day5_desc1'),
(1430000045, 'g4', 'g4', '1', 'opu_stage_day5_desc1'),
(1430000046, 'g3', 'g3', '1', 'opu_stage_day5_desc1'),
(1430000047, 'g2', 'g2', '1', 'opu_stage_day5_desc1'),
(1430000048, 'g1', 'g1', '1', 'opu_stage_day5_desc1'),
(1430000049, 'Dead', 'Dead', '1', 'opu_stage_day5_desc1'),
(1430000050, 'Follicle', 'Follicle', '1', 'egg_sti_rt_ovary1'),
(1430000051, 'Follicle Other1', 'Follicle Other1', '1', 'egg_sti_rt_ovary1'),
(1430000052, 'Follicle Other2', 'Follicle Other2', '1', 'egg_sti_rt_ovary1'),
(1430000053, 'Follicle Other3', 'Follicle Other3', '1', 'egg_sti_rt_ovary1'),
(1430000054, '2-3', '2-3', '1', 'egg_sti_rt_ovary2'),
(1430000055, '3-4', '3-4', '1', 'egg_sti_rt_ovary2'),
(1430000056, '5-6', '5-6', '1', 'egg_sti_rt_ovary2'),
(1430000057, '7-8', '7-8', '1', 'egg_sti_rt_ovary2'),
(1430000058, '9-10', '9-10', '1', 'egg_sti_rt_ovary2'),
(1430000059, '11-12', '11-12', '1', 'egg_sti_rt_ovary2'),
(1430000060, '13-14', '13-14', '1', 'egg_sti_rt_ovary2'),
(1430000061, '15-16', '15-16', '1', 'egg_sti_rt_ovary2'),
(1430000062, '17-18', '17-18', '1', 'egg_sti_rt_ovary2'),
(1430000063, '18-19', '18-19', '1', 'egg_sti_rt_ovary2'),
(1430000064, '19-20', '19-20', '1', 'egg_sti_rt_ovary2'),
(1430000065, 'FT 300 + IVF-M75U', 'FT 300 + IVF-M75U', '1', 'egg_sti_medication'),
(1430000066, 'FT 300 + IVF-M150U', 'FT 300 + IVF-M150U', '1', 'egg_sti_medication'),
(1430000067, 'FT 300U', 'FT 300U', '1', 'egg_sti_medication'),
(1430000068, 'FT 225U', 'FT 225U', '1', 'egg_sti_medication'),
(1430000069, 'FT 150U', 'FT 150U', '1', 'egg_sti_medication'),
(1430000070, 'FT 75U', 'FT 75U', '1', 'egg_sti_medication'),
(1430000071, 'GF 350U', 'GF 350U', '1', 'egg_sti_medication'),
(1430000072, 'GF 350U + IVF-M 75U', 'GF 350U + IVF-M 75U', '1', 'egg_sti_medication'),
(1430000073, 'GF 350U + IVF-M 150U', 'GF 350U + IVF-M 150U', '1', 'egg_sti_medication'),
(1430000074, 'GF 300U', 'GF 300U', '1', 'egg_sti_medication'),
(1430000075, 'GF 225U', 'GF 225U', '1', 'egg_sti_medication'),
(1430000076, 'GF 175U', 'GF 175U', '1', 'egg_sti_medication'),
(1430000077, 'IVF-M 225U', 'IVF-M 225U', '1', 'egg_sti_medication'),
(1430000078, 'IVF-M 150U', 'IVF-M 150U', '1', 'egg_sti_medication'),
(1430000079, 'IVF-M 75U', 'IVF-M 75U', '1', 'egg_sti_medication');

-- --------------------------------------------------------

--
-- Table structure for table `f_item_billing_group`
--

CREATE TABLE `f_item_billing_group` (
  `item_billing_group_id` int(11) NOT NULL,
  `item_billing_group_code` varchar(255) COLLATE utf8_bin DEFAULT NULL,
  `item_billing_group_name_t` varchar(255) COLLATE utf8_bin DEFAULT NULL,
  `item_billing_group_name_e` varchar(255) COLLATE utf8_bin DEFAULT NULL,
  `active` varchar(255) COLLATE utf8_bin DEFAULT NULL
) ENGINE=MyISAM DEFAULT CHARSET=utf8 COLLATE=utf8_bin COMMENT='id=208';

--
-- Dumping data for table `f_item_billing_group`
--

INSERT INTO `f_item_billing_group` (`item_billing_group_id`, `item_billing_group_code`, `item_billing_group_name_t`, `item_billing_group_name_e`, `active`) VALUES
(2080000000, '00', 'ชันสูตรทางห้องปฏิบัติการ', NULL, '1'),
(2080000001, '01', 'X-ray', NULL, '1'),
(2080000002, '02', 'ตรวจชันสูตรอื่นๆ', NULL, '1'),
(2080000003, '03', 'ผ่าตัด', NULL, '1'),
(2080000004, '04', 'การรักษาอื่นๆ', NULL, '1'),
(2080000005, '05', 'ยาและเวชภัณฑ์', NULL, '1'),
(2080000006, '06', 'ICU', NULL, '1'),
(2080000007, '07', 'ค่าห้อง', NULL, '1'),
(2080000008, '08', 'ค่าอาหาร', NULL, '1'),
(2080000009, '09', 'อื่นๆ', NULL, '1'),
(2080000010, '10', 'ทันตกรรม', NULL, '1');

-- --------------------------------------------------------

--
-- Table structure for table `f_item_group`
--

CREATE TABLE `f_item_group` (
  `item_group_id` int(11) NOT NULL,
  `item_group_code` varchar(255) COLLATE utf8_bin DEFAULT NULL,
  `item_group_name_t` varchar(255) COLLATE utf8_bin DEFAULT NULL,
  `item_group_name_e` varchar(255) COLLATE utf8_bin DEFAULT NULL
) ENGINE=MyISAM DEFAULT CHARSET=utf8 COLLATE=utf8_bin COMMENT='id=205';

--
-- Dumping data for table `f_item_group`
--

INSERT INTO `f_item_group` (`item_group_id`, `item_group_code`, `item_group_name_t`, `item_group_name_e`) VALUES
(2050000000, '1', 'ยา', '1'),
(2050000001, '2', 'LAB', '1'),
(2050000002, '3', 'X-RAY', '1'),
(2050000003, '4', 'เวชภัณฑ์', '1'),
(2050000004, '5', 'ค่าบริการ', '1');

-- --------------------------------------------------------

--
-- Table structure for table `f_patient_blood_group`
--

CREATE TABLE `f_patient_blood_group` (
  `f_patient_blood_group_id` int(11) NOT NULL,
  `patient_blood_group_description` varchar(255) COLLATE utf8_bin DEFAULT NULL,
  `active` varchar(255) COLLATE utf8_bin DEFAULT NULL
) ENGINE=MyISAM DEFAULT CHARSET=utf8 COLLATE=utf8_bin COMMENT='id=214';

--
-- Dumping data for table `f_patient_blood_group`
--

INSERT INTO `f_patient_blood_group` (`f_patient_blood_group_id`, `patient_blood_group_description`, `active`) VALUES
(2140000001, 'ไม่ระบุ', '1'),
(2140000002, 'A', '1'),
(2140000003, 'B', '1'),
(2140000004, 'AB', '1'),
(2140000005, 'O', '1');

-- --------------------------------------------------------

--
-- Table structure for table `f_patient_discharge_status`
--

CREATE TABLE `f_patient_discharge_status` (
  `f_patient_discharge_status_id` int(11) NOT NULL,
  `patient_discharge_status_description` varchar(255) COLLATE utf8_bin DEFAULT NULL,
  `active` varchar(255) COLLATE utf8_bin DEFAULT NULL
) ENGINE=MyISAM DEFAULT CHARSET=utf8 COLLATE=utf8_bin COMMENT='id=215';

--
-- Dumping data for table `f_patient_discharge_status`
--

INSERT INTO `f_patient_discharge_status` (`f_patient_discharge_status_id`, `patient_discharge_status_description`, `active`) VALUES
(215000000, 'ตาย', '1'),
(215000001, 'ย้าย', '1'),
(215000002, 'สาบสูญ', '1');

-- --------------------------------------------------------

--
-- Table structure for table `f_patient_education_type`
--

CREATE TABLE `f_patient_education_type` (
  `f_patient_education_type_id` int(11) NOT NULL,
  `patient_education_type_description` varchar(255) COLLATE utf8_bin DEFAULT NULL,
  `patient_education_type_sort_index` varchar(255) COLLATE utf8_bin DEFAULT NULL,
  `active` varchar(255) COLLATE utf8_bin DEFAULT NULL
) ENGINE=MyISAM DEFAULT CHARSET=utf8 COLLATE=utf8_bin COMMENT='id=216';

--
-- Dumping data for table `f_patient_education_type`
--

INSERT INTO `f_patient_education_type` (`f_patient_education_type_id`, `patient_education_type_description`, `patient_education_type_sort_index`, `active`) VALUES
(216000000, 'ไม่เรียน', NULL, '1'),
(216000001, 'ประถมศึกษาปีที่ 4', NULL, '1'),
(216000002, 'ประถมศึกษาปีที่ 6', NULL, '1'),
(216000003, 'มัธยมศึกษาตอนปลาย', NULL, '1'),
(216000004, 'ปวช.', NULL, '1'),
(216000005, 'ปวส.', NULL, '1'),
(216000006, 'อนุปริญญา', NULL, '1'),
(216000007, 'ปริญญาตรี', NULL, '1'),
(216000008, 'สูงกว่าปริญญาตรี', NULL, '1'),
(216000009, 'ไม่ระบุ', NULL, '1'),
(216000010, 'มัธยมศึกษาตอนต้น', NULL, '1'),
(216000011, 'ปริญญาโท', NULL, '1'),
(216000012, 'ปริญญาเอก', NULL, '1');

-- --------------------------------------------------------

--
-- Table structure for table `f_patient_marriage_status`
--

CREATE TABLE `f_patient_marriage_status` (
  `f_patient_marriage_status_id` int(11) NOT NULL,
  `patient_marriage_status_description` varchar(255) COLLATE utf8_bin DEFAULT NULL,
  `active` varchar(255) COLLATE utf8_bin DEFAULT NULL
) ENGINE=MyISAM DEFAULT CHARSET=utf8 COLLATE=utf8_bin COMMENT='id=211';

--
-- Dumping data for table `f_patient_marriage_status`
--

INSERT INTO `f_patient_marriage_status` (`f_patient_marriage_status_id`, `patient_marriage_status_description`, `active`) VALUES
(2110000001, 'โสด', '1'),
(2110000002, 'คู่', '1'),
(2110000003, 'แยกกันอยู่(ร้าง)', '1'),
(2110000004, 'หย่า', '1'),
(2110000005, 'หม้าย', '1'),
(2110000006, 'สมณะ', '1'),
(2110000007, 'ไม่ทราบ', '1'),
(1, 'Single', '1'),
(2, 'Married', '1'),
(3, 'Divorced', '1'),
(4, 'Widowed', '1');

-- --------------------------------------------------------

--
-- Table structure for table `f_patient_nation`
--

CREATE TABLE `f_patient_nation` (
  `f_patient_nation_id` int(11) NOT NULL,
  `patient_nation_description` varchar(255) COLLATE utf8_bin DEFAULT NULL,
  `active` varchar(255) COLLATE utf8_bin DEFAULT NULL
) ENGINE=MyISAM DEFAULT CHARSET=utf8 COLLATE=utf8_bin COMMENT='id=213';

--
-- Dumping data for table `f_patient_nation`
--

INSERT INTO `f_patient_nation` (`f_patient_nation_id`, `patient_nation_description`, `active`) VALUES
(2130000001, 'ไม่ระบุ', '0'),
(2130000002, 'อังกฤษ', '0'),
(2130000003, 'โปรตุเกส', '0'),
(2130000004, 'เนเธอร์แลนด์', '0'),
(2130000005, 'เยอรมัน', '0'),
(2130000006, 'ฝรั่งเศส', '0'),
(2130000007, 'เดนมาร์ก', '0'),
(2130000008, 'สวีเดน', '0'),
(2130000009, 'ไนจีเรีย', '0'),
(2130000010, 'สหรัฐอาหรับเอมิเรตส์', '0'),
(2130000011, 'กินี', '0'),
(2130000012, 'สวีสเซอร์แลนด์', '0'),
(2130000013, 'ปาปัวนิวกินี', '0'),
(2130000014, 'ม้ง', '0'),
(2130000015, 'เมี่ยน', '0'),
(2130000016, 'อิตาลี', '0'),
(2130000017, 'รอให้สัญชาติไทย*', '0'),
(2130000018, 'นอร์เวย์', '0'),
(2130000019, 'อัฟกัน', '0'),
(2130000020, 'บาห์เรน', '0'),
(2130000021, 'ภูฏาน', '0'),
(2130000022, 'จอร์แดน', '0'),
(2130000023, 'เกาหลีเหนือ', '0'),
(2130000024, 'มัลดีฟ', '0'),
(2130000025, 'มองโกเลีย', '0'),
(2130000026, 'โอมาน', '0'),
(2130000027, 'กาตาร์', '0'),
(2130000028, 'เยเมน', '0'),
(2130000029, 'ออสเตรีย', '0'),
(2130000030, 'เยเมน(ใต้)**', '0'),
(2130000031, 'หมู่เกาะฟิจิ', '0'),
(2130000032, 'คิริบาส', '0'),
(2130000033, 'นาอูรู', '0'),
(2130000034, 'หมู่เกาะโซโลมอน', '0'),
(2130000035, 'ตองก้า', '0'),
(2130000036, 'ตูวาลู', '0'),
(2130000037, 'วานูอาตู', '0'),
(2130000038, 'ซามัว', '0'),
(2130000039, 'แอลเบเนีย', '0'),
(2130000040, 'ไอร์แลนด์', '0'),
(2130000041, 'อันดอร์รา', '0'),
(2130000042, 'เยอรมนีตะวันออก**', '0'),
(2130000043, 'ไอซ์แลนด์', '0'),
(2130000044, 'ลิกเตนสไตน์', '0'),
(2130000045, 'โมนาโก', '0'),
(2130000046, 'ซานมารีโน', '0'),
(2130000047, 'บริติช', '0'),
(2130000048, 'แอลจีเรีย', '0'),
(2130000049, 'แองโกลา', '0'),
(2130000050, 'เบนิน', '0'),
(2130000051, 'ฟินแลนด์', '0'),
(2130000052, 'บอตสวานา', '0'),
(2130000053, 'บูร์กินาฟาโซ', '0'),
(2130000054, 'บุรุนดี', '0'),
(2130000055, 'แคเมอรูน', '0'),
(2130000056, 'เคปเวิร์ด', '0'),
(2130000057, 'แอฟริกากลาง', '0'),
(2130000058, 'ชาด', '0'),
(2130000059, 'คอโมโรส', '0'),
(2130000060, 'คองโก', '0'),
(2130000061, 'โกตดิวัวร์', '0'),
(2130000062, 'เบลเยี่ยม', '0'),
(2130000063, 'จิบูตี', '0'),
(2130000064, 'อิเควทอเรียลกินี', '0'),
(2130000065, 'กาบอง', '0'),
(2130000066, 'แกมเบีย', '0'),
(2130000067, 'กานา', '0'),
(2130000068, 'กินีบีสเซา', '0'),
(2130000069, 'เลโซโท', '0'),
(2130000070, 'ไลบีเรีย', '0'),
(1, 'Thai', '1'),
(2, 'Afghan', '1'),
(3, 'Albanian', '1'),
(4, 'Algerian', '1'),
(5, 'American', '1'),
(6, 'Andorran', '1'),
(7, 'Angolan', '1'),
(8, 'Antiguans', '1'),
(9, 'Argentinean', '1'),
(10, 'Armenian', '1'),
(11, 'Australian', '1'),
(12, 'Austrian', '1'),
(13, 'Azerbaijani', '1'),
(14, 'Bahamian', '1'),
(15, 'Bahraini', '1'),
(16, 'Bangladeshi', '1'),
(17, 'Barbadian', '1'),
(18, 'Barbudans', '1'),
(19, 'Batswana', '1'),
(20, 'Belarusian', '1'),
(21, 'Belgian', '1'),
(22, 'Belizean', '1'),
(23, 'Beninese', '1'),
(24, 'Bhutanese', '1'),
(25, 'Bolivian', '1'),
(26, 'Bosnian', '1'),
(27, 'Brazilian', '1'),
(28, 'British', '1'),
(29, 'Bruneian', '1'),
(30, 'Bulgarian', '1'),
(31, 'Burkinabe', '1'),
(32, 'Burmese', '1'),
(33, 'Burundian', '1'),
(34, 'Cambodian', '1'),
(35, 'Cameroonian', '1'),
(36, 'Canadian', '1'),
(37, 'Cape Verdean', '1'),
(38, 'Central African', '1'),
(39, 'Chadian', '1'),
(40, 'Chilean', '1'),
(41, 'Chinese', '1'),
(42, 'Colombian', '1'),
(43, 'Comoran', '1'),
(44, 'Congolese', '1'),
(45, 'Costa Rican', '1'),
(46, 'Croatian', '1'),
(47, 'Cuban', '1'),
(48, 'Cypriot', '1'),
(49, 'Czech', '1'),
(50, 'Danish', '1'),
(51, 'Djibouti', '1'),
(52, 'Dominican', '1'),
(53, 'Dutch', '1'),
(54, 'East Timorese', '1'),
(55, 'Ecuadorean', '1'),
(56, 'Egyptian', '1'),
(57, 'Emirian', '1'),
(58, 'Equatorial Guinean', '1'),
(59, 'Eritrean', '1'),
(60, 'Estonian', '1'),
(61, 'Ethiopian', '1'),
(62, 'Fijian', '1'),
(63, 'Filipino', '1'),
(64, 'Finnish', '1'),
(65, 'French', '1'),
(66, 'Gabonese', '1'),
(67, 'Gambian', '1'),
(68, 'Georgian', '1'),
(69, 'German', '1'),
(70, 'Ghanaian', '1'),
(71, 'Greek', '1'),
(72, 'Grenadian', '1'),
(73, 'Guatemalan', '1'),
(74, 'Guinea-Bissauan', '1'),
(75, 'Guinean', '1'),
(76, 'Guyanese', '1'),
(77, 'Haitian', '1'),
(78, 'Herzegovinian', '1'),
(79, 'Honduran', '1'),
(80, 'Hungarian', '1'),
(81, 'I-Kiribati', '1'),
(82, 'Icelander', '1'),
(83, 'Indian', '1'),
(84, 'Indonesian', '1'),
(85, 'Iranian', '1'),
(86, 'Iraqi', '1'),
(87, 'Irish', '1'),
(88, 'Israeli', '1'),
(89, 'Italian', '1'),
(90, 'Ivorian', '1'),
(91, 'Jamaican', '1'),
(92, 'Japanese', '1'),
(93, 'Jordanian', '1'),
(94, 'Kazakhstani', '1'),
(95, 'Kenyan', '1'),
(96, 'Kittian and Nevisian', '1'),
(97, 'Kuwaiti', '1'),
(98, 'Kyrgyz', '1'),
(99, 'Laotian', '1'),
(100, 'Latvian', '1'),
(101, 'Lebanese', '1'),
(102, 'Liberian', '1'),
(103, 'Libyan', '1'),
(104, 'Liechtensteiner', '1'),
(105, 'Lithuanian', '1'),
(106, 'Luxembourger', '1'),
(107, 'Macedonian', '1'),
(108, 'Malagasy', '1'),
(109, 'Malawian', '1'),
(110, 'Malaysian', '1'),
(111, 'Maldivan', '1'),
(112, 'Malian', '1'),
(113, 'Maltese', '1'),
(114, 'Marshallese', '1'),
(115, 'Mauritanian', '1'),
(116, 'Mauritian', '1'),
(117, 'Mexican', '1'),
(118, 'Micronesian', '1'),
(119, 'Moldovan', '1'),
(120, 'Monacan', '1'),
(121, 'Mongolian', '1'),
(122, 'Moroccan', '1'),
(123, 'Mosotho', '1'),
(124, 'Motswana', '1'),
(125, 'Mozambican', '1'),
(126, 'Namibian', '1'),
(127, 'Nauruan', '1'),
(128, 'Nepalese', '1'),
(129, 'New Zealander', '1'),
(130, 'Nicaraguan', '1'),
(131, 'Nigerian', '1'),
(132, 'Nigerien', '1'),
(133, 'North Korean', '1'),
(134, 'Northern Irish', '1'),
(135, 'Norwegian', '1'),
(136, 'Omani', '1'),
(137, 'Pakistani', '1'),
(138, 'Palauan', '1'),
(139, 'Panamanian', '1'),
(140, 'Papua New Guinean', '1'),
(141, 'Paraguayan', '1'),
(142, 'Peruvian', '1'),
(143, 'Polish', '1'),
(144, 'Portuguese', '1'),
(145, 'Qatari', '1'),
(146, 'Romanian', '1'),
(147, 'Russian', '1'),
(148, 'Rwandan', '1'),
(149, 'Saint Lucian', '1'),
(150, 'Salvadoran', '1'),
(151, 'Samoan', '1'),
(152, 'San Marinese', '1'),
(153, 'Sao Tomean', '1'),
(154, 'Saudi', '1'),
(155, 'Scottish', '1'),
(156, 'Senegalese', '1'),
(157, 'Serbian', '1'),
(158, 'Seychellois', '1'),
(159, 'Sierra Leonean', '1'),
(160, 'Singaporean', '1'),
(161, 'Slovakian', '1'),
(162, 'Slovenian', '1'),
(163, 'Solomon Islander', '1'),
(164, 'Somali', '1'),
(165, 'South African', '1'),
(166, 'South Korean', '1'),
(167, 'Spanish', '1'),
(168, 'Sri Lankan', '1'),
(169, 'Sudanese', '1'),
(170, 'Surinamer', '1'),
(171, 'Swazi', '1'),
(172, 'Swedish', '1'),
(173, 'Swiss', '1'),
(174, 'Syrian', '1'),
(175, 'Taiwanese', '1'),
(176, 'Tajik', '1'),
(177, 'Tanzanian', '1'),
(178, 'Togolese', '1'),
(179, 'Tongan', '1'),
(180, 'Trinidadian or Tobagonian', '1'),
(181, 'Tunisian', '1'),
(182, 'Turkish', '1'),
(183, 'Tuvaluan', '1'),
(184, 'Ugandan', '1'),
(185, 'Ukrainian', '1'),
(186, 'Uruguayan', '1'),
(187, 'Uzbekistani', '1'),
(188, 'Venezuelan', '1'),
(189, 'Vietnamese', '1'),
(190, 'Welsh', '1'),
(191, 'Yemenite', '1'),
(192, 'Zambian', '1'),
(193, 'Zimbabwean', '1'),
(194, 'Korean', '1'),
(195, 'Hong Kong', '1'),
(196, 'Myanmar', '1');

-- --------------------------------------------------------

--
-- Table structure for table `f_patient_occupation`
--

CREATE TABLE `f_patient_occupation` (
  `f_patient_occupation_id` int(11) NOT NULL,
  `patient_occupation_description` varchar(255) COLLATE utf8_bin DEFAULT NULL,
  `active` varchar(255) COLLATE utf8_bin DEFAULT NULL
) ENGINE=MyISAM DEFAULT CHARSET=utf8 COLLATE=utf8_bin COMMENT='id=212';

--
-- Dumping data for table `f_patient_occupation`
--

INSERT INTO `f_patient_occupation` (`f_patient_occupation_id`, `patient_occupation_description`, `active`) VALUES
(2120000001, 'ไม่มีอาชีพ', '1'),
(2120000002, 'นักสำรวจ', '1'),
(2120000003, 'ช่างเทคนิควิศวกรรม', '1'),
(2120000004, 'นักวิทยาศาสตร์', '1'),
(2120000005, 'แพทย์', '1'),
(2120000006, 'ศัลยแพทย์', '1'),
(2120000007, 'ทันตแพทย์', '1'),
(2120000008, 'สัตวแพทย์', '1'),
(2120000009, 'อาจารย์มหาวิทยาลัย', '1'),
(2120000010, 'อาจารย์โรงเรียน', '1'),
(2120000011, 'พยาบาล', '1'),
(2120000012, 'เภสัชกร', '1'),
(2120000013, 'ผู้ปฏิบัติงานทางเทคนิคการแพทย์', '1'),
(2120000014, 'พนักงานที่ทำงานช่วยเหลือด้านกา', '1'),
(2120000015, 'ผู้พิพากษา', '1'),
(2120000016, 'อัยการ', '1'),
(2120000017, 'ประติมากร', '1');

-- --------------------------------------------------------

--
-- Table structure for table `f_patient_prefix`
--

CREATE TABLE `f_patient_prefix` (
  `f_patient_prefix_id` int(11) NOT NULL,
  `patient_prefix_description` varchar(255) COLLATE utf8_bin DEFAULT NULL,
  `f_sex_id` int(11) DEFAULT NULL,
  `active` varchar(255) COLLATE utf8_bin DEFAULT NULL
) ENGINE=MyISAM DEFAULT CHARSET=utf8 COLLATE=utf8_bin COMMENT='id=209';

--
-- Dumping data for table `f_patient_prefix`
--

INSERT INTO `f_patient_prefix` (`f_patient_prefix_id`, `patient_prefix_description`, `f_sex_id`, `active`) VALUES
(2090000001, 'ไม่ระบุ', NULL, '3'),
(2090000002, 'ด.ช.', NULL, '3'),
(2090000003, 'ด.ญ.', NULL, '3'),
(2090000004, 'นาย', NULL, '3'),
(2090000005, 'นางสาว', NULL, '3'),
(2090000006, 'นาง', NULL, '3'),
(5, 'Boy', 2100000001, '1'),
(4, 'Girl', 2100000002, '1'),
(2090000016, '-', NULL, '1'),
(3, 'Mr.', 2100000001, '1'),
(1, 'Mrs.', 2100000002, '1'),
(2, 'Miss', 2100000002, '1');

-- --------------------------------------------------------

--
-- Table structure for table `f_patient_race`
--

CREATE TABLE `f_patient_race` (
  `f_patient_race_id` int(11) NOT NULL,
  `patient_race_description` varchar(255) COLLATE utf8_bin DEFAULT NULL,
  `active` varchar(255) COLLATE utf8_bin DEFAULT NULL
) ENGINE=MyISAM DEFAULT CHARSET=utf8 COLLATE=utf8_bin COMMENT='id=217';

--
-- Dumping data for table `f_patient_race`
--

INSERT INTO `f_patient_race` (`f_patient_race_id`, `patient_race_description`, `active`) VALUES
(217000000, 'ไม่ระบุ', '1'),
(217000001, 'อังกฤษ', '1'),
(217000002, 'โปรตุเกส', '1'),
(217000003, 'เนเธอร์แลนด์', '1'),
(217000004, 'เยอรมัน', '1'),
(217000005, 'ฝรั่งเศส', '1'),
(217000006, 'เดนมาร์ก', '1'),
(217000007, 'สวีเดน', '1'),
(217000008, 'ไนจีเรีย', '1'),
(217000009, 'สหรัฐอาหรับเอมิเรตส์', '1'),
(217000010, 'กินี', '1'),
(217000011, 'สวีสเซอร์แลนด์', '1'),
(217000012, 'ปาปัวนิวกินี', '1'),
(217000013, 'ม้ง', '1'),
(217000014, 'เมี่ยน', '1'),
(217000015, 'อิตาลี', '1'),
(217000016, 'รอให้สัญชาติไทย*', '1'),
(217000017, 'นอร์เวย์', '1'),
(217000018, 'อัฟกัน', '1'),
(217000019, 'บาห์เรน', '1'),
(217000020, 'ภูฏาน', '1'),
(217000021, 'จอร์แดน', '1'),
(217000022, 'เกาหลีเหนือ', '1'),
(217000023, 'มัลดีฟ', '1'),
(217000024, 'มองโกเลีย', '1'),
(217000025, 'โอมาน', '1'),
(217000026, 'กาตาร์', '1'),
(217000027, 'เยเมน', '1'),
(217000028, 'ออสเตรีย', '1'),
(217000029, 'เยเมน(ใต้)**', '1'),
(217000030, 'หมู่เกาะฟิจิ', '1'),
(217000031, 'คิริบาส', '1'),
(217000032, 'นาอูรู', '1'),
(217000033, 'หมู่เกาะโซโลมอน', '1'),
(217000034, 'ตองก้า', '1'),
(217000035, 'ตูวาลู', '1'),
(217000036, 'วานูอาตู', '1'),
(217000037, 'ซามัว', '1'),
(217000038, 'แอลเบเนีย', '1'),
(217000039, 'ไอร์แลนด์', '1'),
(217000040, 'อันดอร์รา', '1'),
(217000041, 'เยอรมนีตะวันออก**', '1'),
(217000042, 'ไอซ์แลนด์', '1'),
(217000043, 'ลิกเตนสไตน์', '1'),
(217000044, 'โมนาโก', '1'),
(217000045, 'ซานมารีโน', '1'),
(217000046, 'บริติช', '1'),
(217000047, 'แอลจีเรีย', '1'),
(217000048, 'แองโกลา', '1'),
(217000049, 'เบนิน', '1'),
(217000050, 'ฟินแลนด์', '1'),
(217000051, 'บอตสวานา', '1'),
(217000052, 'บูร์กินาฟาโซ', '1'),
(217000053, 'บุรุนดี', '1'),
(217000054, 'แคเมอรูน', '1'),
(217000055, 'เคปเวิร์ด', '1'),
(217000056, 'แอฟริกากลาง', '1'),
(217000057, 'ชาด', '1'),
(217000058, 'คอโมโรส', '1'),
(217000059, 'คองโก', '1'),
(217000060, 'โกตดิวัวร์', '1'),
(217000061, 'เบลเยี่ยม', '1'),
(217000062, 'จิบูตี', '1'),
(217000063, 'อิเควทอเรียลกินี', '1'),
(217000064, 'กาบอง', '1'),
(217000065, 'แกมเบีย', '1'),
(217000066, 'กานา', '1'),
(217000067, 'กินีบีสเซา', '1'),
(217000068, 'เลโซโท', '1'),
(217000069, 'ไลบีเรีย', '1');

-- --------------------------------------------------------

--
-- Table structure for table `f_patient_relation`
--

CREATE TABLE `f_patient_relation` (
  `f_patient_relation_id` int(11) NOT NULL,
  `patient_relation_description` varchar(255) COLLATE utf8_bin DEFAULT NULL,
  `active` varchar(255) COLLATE utf8_bin DEFAULT NULL
) ENGINE=MyISAM DEFAULT CHARSET=utf8 COLLATE=utf8_bin COMMENT='id=219';

--
-- Dumping data for table `f_patient_relation`
--

INSERT INTO `f_patient_relation` (`f_patient_relation_id`, `patient_relation_description`, `active`) VALUES
(219000000, 'ไม่ระบุ', '1'),
(219000001, 'บิดา', '1'),
(219000002, 'มารดา', '1'),
(219000003, 'พี่', '1'),
(219000004, 'น้อง', '1'),
(219000005, 'ลุง', '1'),
(219000006, 'ป้า', '1'),
(219000007, 'น้า', '1'),
(219000008, 'อา', '1'),
(219000009, 'เพื่อน', '1'),
(219000010, 'ภรรยา', '1'),
(219000011, 'สามี', '1'),
(219000012, 'ยาย', '1'),
(219000013, 'แฟน', '1'),
(219000014, 'คนรู้จัก', '1'),
(219000015, 'ลูก', '1'),
(219000016, 'ตนเอง', '1'),
(1, 'Spouse', '1'),
(2, 'Relatives', '1'),
(3, 'Parents', '1'),
(4, 'Other', '1');

-- --------------------------------------------------------

--
-- Table structure for table `f_patient_religion`
--

CREATE TABLE `f_patient_religion` (
  `f_patient_religion_id` int(11) NOT NULL,
  `patient_religion_description` varchar(255) COLLATE utf8_bin DEFAULT NULL,
  `active` varchar(255) COLLATE utf8_bin DEFAULT NULL
) ENGINE=MyISAM DEFAULT CHARSET=utf8 COLLATE=utf8_bin COMMENT='id=218';

--
-- Dumping data for table `f_patient_religion`
--

INSERT INTO `f_patient_religion` (`f_patient_religion_id`, `patient_religion_description`, `active`) VALUES
(218000000, 'พุทธ', '1'),
(218000001, 'อิสลาม', '1'),
(218000002, 'คริสต์', '1'),
(218000003, 'ฮินดู', '1'),
(218000004, 'ขงจื้อ', '1'),
(218000005, 'ไม่นับถือศาสนา', '1'),
(218000006, 'อื่นๆ', '1'),
(218000007, 'ไม่ทราบ', '1'),
(1, 'Buddhism', '1'),
(2, 'Christianity', '1'),
(3, 'Islam', '1'),
(4, 'African Traditional & Diasporic', '1'),
(5, 'Agnostic', '1'),
(6, 'Atheist', '1'),
(7, 'Baha\'i', '1'),
(8, 'Cao Dai', '1'),
(9, 'Chinese traditional religion', '1'),
(10, 'Hinduism', '1'),
(11, 'Jainism', '1'),
(12, 'Juche', '1'),
(13, 'Judaism', '1'),
(14, 'Neo-Paganism', '1'),
(15, 'Nonreligious', '1'),
(16, 'Rastafarianism', '1'),
(17, 'Secular', '1'),
(18, 'Shinto', '1'),
(19, 'Sikhism', '1'),
(20, 'Spiritism', '1'),
(21, 'Tenrikyo', '1'),
(22, 'Unitarian-Universalism', '1'),
(23, 'Zoroastrianism', '1'),
(24, 'primal-indigenous', '1'),
(218000032, 'NULL', NULL);

-- --------------------------------------------------------

--
-- Table structure for table `f_provinces`
--

CREATE TABLE `f_provinces` (
  `prov_id` int(11) NOT NULL,
  `prov_code` varchar(255) COLLATE utf8_bin DEFAULT NULL,
  `prov_name_t` varchar(255) COLLATE utf8_bin DEFAULT NULL,
  `prov_name_e` varchar(255) COLLATE utf8_bin DEFAULT NULL,
  `geo_id` varchar(255) COLLATE utf8_bin DEFAULT NULL
) ENGINE=MyISAM DEFAULT CHARSET=utf8 COLLATE=utf8_bin COMMENT='id=130';

-- --------------------------------------------------------

--
-- Table structure for table `f_service_group`
--

CREATE TABLE `f_service_group` (
  `f_service_group_id` int(11) NOT NULL,
  `service_group_description` varchar(255) COLLATE utf8_bin DEFAULT NULL
) ENGINE=MyISAM DEFAULT CHARSET=utf8 COLLATE=utf8_bin COMMENT='id=213';

--
-- Dumping data for table `f_service_group`
--

INSERT INTO `f_service_group` (`f_service_group_id`, `service_group_description`) VALUES
(2130000000, 'เวชระเบียน'),
(2130000001, 'หน้าห้องตรวจ'),
(2130000002, 'ห้องตรวจ'),
(2130000003, 'จุดบริการตรวจ รับ จ่าย'),
(2130000004, 'การเงิน'),
(2130000005, 'การตั้งค่า'),
(2130000006, 'คลินิกใช้การบันทึกรหัส ICD-10, ICD-9 '),
(2130000007, 'อื่นๆ');

-- --------------------------------------------------------

--
-- Table structure for table `f_service_subgroup`
--

CREATE TABLE `f_service_subgroup` (
  `f_service_subgroup_id` int(11) NOT NULL,
  `service_subgroup_description` varchar(255) COLLATE utf8_bin DEFAULT NULL
) ENGINE=MyISAM DEFAULT CHARSET=utf8 COLLATE=utf8_bin COMMENT='id=214';

--
-- Dumping data for table `f_service_subgroup`
--

INSERT INTO `f_service_subgroup` (`f_service_subgroup_id`, `service_subgroup_description`) VALUES
(2140000000, 'Lab'),
(2140000001, 'Xray'),
(2140000002, 'Drug'),
(2140000003, 'Other'),
(2140000004, 'IPD');

-- --------------------------------------------------------

--
-- Table structure for table `f_sex`
--

CREATE TABLE `f_sex` (
  `f_sex_id` int(11) NOT NULL,
  `sex_description` varchar(255) COLLATE utf8_bin DEFAULT NULL,
  `active` varchar(255) COLLATE utf8_bin DEFAULT NULL
) ENGINE=MyISAM DEFAULT CHARSET=utf8 COLLATE=utf8_bin COMMENT='id=210';

--
-- Dumping data for table `f_sex`
--

INSERT INTO `f_sex` (`f_sex_id`, `sex_description`, `active`) VALUES
(1, 'ชาย', '1'),
(2, 'หญิง', '1');

-- --------------------------------------------------------

--
-- Table structure for table `f_visit_service_status`
--

CREATE TABLE `f_visit_service_status` (
  `f_visit_service_status_id` int(11) NOT NULL,
  `visit_service_status_description` varchar(45) DEFAULT NULL
) ENGINE=MyISAM DEFAULT CHARSET=utf8 COMMENT='id=23';

--
-- Dumping data for table `f_visit_service_status`
--

INSERT INTO `f_visit_service_status` (`f_visit_service_status_id`, `visit_service_status_description`) VALUES
(1, 'รอ'),
(2, 'กำลังตรวจ'),
(3, 'เสร็จสิ้น');

-- --------------------------------------------------------

--
-- Table structure for table `f_visit_status`
--

CREATE TABLE `f_visit_status` (
  `f_visit_status_id` int(11) NOT NULL,
  `visit_status_description` varchar(255) DEFAULT NULL
) ENGINE=MyISAM DEFAULT CHARSET=utf8 COMMENT='id=22';

--
-- Dumping data for table `f_visit_status`
--

INSERT INTO `f_visit_status` (`f_visit_status_id`, `visit_status_description`) VALUES
(1, 'เข้าสู่กระบวนการ'),
(2, 'ค้างบันทึก'),
(3, 'จบกระบวนการ'),
(4, 'ยกเลิกการเข้ารับบริการ');

-- --------------------------------------------------------

--
-- Table structure for table `f_visit_type`
--

CREATE TABLE `f_visit_type` (
  `f_visit_type_id` int(11) NOT NULL,
  `visit_type_description` varchar(255) DEFAULT NULL
) ENGINE=MyISAM DEFAULT CHARSET=utf8;

--
-- Dumping data for table `f_visit_type`
--

INSERT INTO `f_visit_type` (`f_visit_type_id`, `visit_type_description`) VALUES
(1, 'Patient'),
(2, 'Donor');

-- --------------------------------------------------------

--
-- Table structure for table `f_zipcodes`
--

CREATE TABLE `f_zipcodes` (
  `id` int(11) NOT NULL,
  `dist_code` varchar(255) COLLATE utf8_bin DEFAULT NULL,
  `zipcode` varchar(255) COLLATE utf8_bin DEFAULT NULL
) ENGINE=MyISAM DEFAULT CHARSET=utf8 COLLATE=utf8_bin COMMENT='id=131';

-- --------------------------------------------------------

--
-- Table structure for table `GroupDrugDetail`
--

CREATE TABLE `GroupDrugDetail` (
  `ID` int(11) NOT NULL,
  `GDID` int(11) DEFAULT NULL,
  `DUID` int(11) DEFAULT NULL,
  `DUName` varchar(250) COLLATE utf8_unicode_ci DEFAULT NULL,
  `QTY` int(11) DEFAULT NULL,
  `active` varchar(45) COLLATE utf8_unicode_ci DEFAULT '1'
) ENGINE=InnoDB DEFAULT CHARSET=utf8 COLLATE=utf8_unicode_ci;

--
-- Dumping data for table `GroupDrugDetail`
--

INSERT INTO `GroupDrugDetail` (`ID`, `GDID`, `DUID`, `DUName`, `QTY`, `active`) VALUES
(19, 6, 61, 'Propofol 20 ml *1', 4, '1'),
(26, 6, 98, 'Xylocaine 2% For Inj ', 1, '1'),
(27, 6, 77, 'CEF 3 1 g.IV ', 1, '1'),
(39, 9, 74, 'Aspirin 81 mg. ', 15, '1'),
(40, 6, 92, 'Tylenol 500 mg. ', 20, '1'),
(43, 6, 73, 'Arcoxia 120 mg.', 1, '1'),
(44, 6, 153, 'Onsia inj.', 1, '1'),
(45, 6, 154, 'Fentanyl inj.', 1, '1'),
(57, 9, 104, 'Folic Acid ', 15, '1'),
(58, 9, 133, 'Vitamin C', 15, '1'),
(59, 13, 74, 'Aspirin 81 mg. ', 15, '1'),
(62, 13, 90, 'Progynova 2 mg.', 45, '1'),
(63, 13, 161, 'Utrogestan (Insert) 200mg', 45, '1'),
(65, 13, 58, 'Duphaston 10 mg ', 45, '1'),
(66, 13, 104, 'Folic Acid ', 15, '1'),
(67, 13, 133, 'Vitamin C', 15, '1'),
(70, 9, 161, 'Utrogestan (Insert) 200mg', 60, '1'),
(71, 9, 58, 'Duphaston 10 mg ', 45, '1'),
(74, 9, 90, 'Progynova 2 mg.', 45, '1'),
(75, 6, 89, 'Ponstan (Neopain 500 mg.)', 10, '1'),
(82, 19, 215, 'Decapeptyl 0.1 mg', 1, '1'),
(83, 19, 196, 'Pregnyl 1500 IU', 1, '1');

-- --------------------------------------------------------

--
-- Table structure for table `GroupDrugHeader`
--

CREATE TABLE `GroupDrugHeader` (
  `GDID` int(11) NOT NULL,
  `GroupName` varchar(250) COLLATE utf8_unicode_ci DEFAULT NULL,
  `active` varchar(45) COLLATE utf8_unicode_ci DEFAULT '1'
) ENGINE=InnoDB DEFAULT CHARSET=utf8 COLLATE=utf8_unicode_ci;

--
-- Dumping data for table `GroupDrugHeader`
--

INSERT INTO `GroupDrugHeader` (`GDID`, `GroupName`, `active`) VALUES
(6, 'Drug for Anesthesia(OPU)', '1'),
(9, 'Package ET, FET (Dr. T)', '1'),
(13, 'Package ET,FET (Dr.Visut)', '1'),
(15, '', '3'),
(16, '', '3'),
(19, 'Drug for Trigger', '1');

-- --------------------------------------------------------

--
-- Table structure for table `Holiday`
--

CREATE TABLE `Holiday` (
  `ID` int(11) NOT NULL,
  `UID` int(11) NOT NULL,
  `Date_Week` tinyint(4) DEFAULT NULL,
  `WDay` varchar(250) COLLATE utf8_unicode_ci DEFAULT NULL,
  `HDate` date DEFAULT NULL,
  `AllDay` tinyint(4) DEFAULT '0',
  `StartTime` time DEFAULT NULL,
  `EndTime` time DEFAULT NULL,
  `FlagUse` tinyint(4) DEFAULT '1',
  `UserName` varchar(250) COLLATE utf8_unicode_ci DEFAULT NULL
) ENGINE=MyISAM DEFAULT CHARSET=utf8 COLLATE=utf8_unicode_ci;

--
-- Dumping data for table `Holiday`
--

INSERT INTO `Holiday` (`ID`, `UID`, `Date_Week`, `WDay`, `HDate`, `AllDay`, `StartTime`, `EndTime`, `FlagUse`, `UserName`) VALUES
(8, 7, 0, 'Monday', '0000-00-00', 0, '07:00:00', '17:30:00', 0, 'DR. Thitikorn'),
(9, 7, 1, NULL, '2014-05-26', 0, '07:00:00', '07:00:00', 0, 'DR. Thitikorn');

-- --------------------------------------------------------

--
-- Table structure for table `Item`
--

CREATE TABLE `Item` (
  `id` int(11) NOT NULL,
  `item_type_id` int(11) DEFAULT NULL,
  `item_type` varchar(255) DEFAULT NULL,
  `item_name` varchar(255) DEFAULT NULL,
  `total_price` decimal(11,2) DEFAULT '0.00',
  `total_qty` int(11) DEFAULT '0',
  `unit_price` decimal(11,2) DEFAULT '0.00',
  `average_price` decimal(11,2) DEFAULT '0.00',
  `DUID` int(11) DEFAULT NULL,
  `DUID_QTY` int(11) DEFAULT NULL,
  `item_code` varchar(45) DEFAULT NULL,
  `active` varchar(45) DEFAULT '1',
  `item_code_ex` varchar(45) DEFAULT NULL,
  `item_common_name` varchar(255) DEFAULT NULL,
  `item_trade_name` varchar(255) DEFAULT NULL,
  `onhand` decimal(17,2) DEFAULT NULL,
  `price` decimal(17,2) DEFAULT NULL COMMENT 'ราคาขาย',
  `purchase_point` decimal(17,2) DEFAULT NULL COMMENT 'จุดสั่งซื้อ',
  `purchase_period` decimal(17,2) DEFAULT NULL COMMENT 'จำนวน สั่งซื้อ',
  `cost` decimal(17,2) DEFAULT NULL COMMENT 'ราคาซื้อ',
  `unit_id` int(11) DEFAULT NULL,
  `barcode` varchar(45) DEFAULT NULL,
  `path_pic` varchar(255) DEFAULT NULL,
  `remark` varchar(255) DEFAULT NULL,
  `date_create` varchar(45) DEFAULT NULL,
  `date_modi` varchar(45) DEFAULT NULL,
  `date_cancel` varchar(45) DEFAULT NULL,
  `user_create` varchar(45) DEFAULT NULL,
  `user_modi` varchar(45) DEFAULT NULL,
  `user_cancel` varchar(45) DEFAULT NULL
) ENGINE=InnoDB DEFAULT CHARSET=utf8;

--
-- Dumping data for table `Item`
--

INSERT INTO `Item` (`id`, `item_type_id`, `item_type`, `item_name`, `total_price`, `total_qty`, `unit_price`, `average_price`, `DUID`, `DUID_QTY`, `item_code`, `active`, `item_code_ex`, `item_common_name`, `item_trade_name`, `onhand`, `price`, `purchase_point`, `purchase_period`, `cost`, `unit_id`, `barcode`, `path_pic`, `remark`, `date_create`, `date_modi`, `date_cancel`, `user_create`, `user_modi`, `user_cancel`) VALUES
(1, 1, 'ค่าเครื่องเขียนแบบพิมพ์', 'ปากกา น้ำเงิน', '0.00', 18, '2.80', '0.00', NULL, NULL, '', '1', '', '', NULL, NULL, '2.80', '2.00', '20.00', '1.00', 40100000, '', NULL, NULL, NULL, '2019-03-12 00:32:18', NULL, NULL, NULL, NULL),
(2, 1, 'ค่าเครื่องเขียนแบบพิมพ์', 'ยางลบ', '0.00', 0, '2.50', '0.00', NULL, NULL, NULL, '1', NULL, NULL, NULL, NULL, NULL, NULL, NULL, NULL, NULL, NULL, NULL, NULL, NULL, NULL, NULL, NULL, NULL, NULL),
(3, 4, 'ค่ายา', 'Aspirin 81mg ', '156513.50', 536, '275.50', '292.00', 209, 1000, NULL, '1', NULL, NULL, NULL, NULL, NULL, NULL, NULL, NULL, NULL, NULL, NULL, NULL, NULL, NULL, NULL, NULL, NULL, NULL),
(4, 3, 'ค่าโทรศัพท์', 'เบอร์ 02-6634577', '0.00', 0, '0.00', '0.00', NULL, NULL, NULL, '1', NULL, NULL, NULL, NULL, NULL, NULL, NULL, NULL, NULL, NULL, NULL, NULL, NULL, NULL, NULL, NULL, NULL, NULL),
(5, 4, 'ค่ายา', 'Amoxicillin 500mg', '58706.40', 45, '550.00', '1304.59', 83, 100, NULL, '1', NULL, NULL, NULL, NULL, NULL, NULL, NULL, NULL, NULL, NULL, NULL, NULL, NULL, NULL, NULL, NULL, NULL, NULL),
(6, 2, 'ค่าเวชภัณฑ์', 'Glove Ster Line No.6.5', '0.00', 0, '1260.00', '0.00', NULL, NULL, NULL, '1', NULL, NULL, NULL, NULL, NULL, NULL, NULL, NULL, NULL, NULL, NULL, NULL, NULL, NULL, NULL, NULL, NULL, NULL),
(7, 2, 'ค่าเวชภัณฑ์', 'Glove Ster Line No.7', '0.00', 0, '1260.00', '0.00', NULL, NULL, NULL, '1', NULL, NULL, NULL, NULL, NULL, NULL, NULL, NULL, NULL, NULL, NULL, NULL, NULL, NULL, NULL, NULL, NULL, NULL),
(8, 2, 'ค่าเวชภัณฑ์', 'Glove Ster Line No.7.5', '0.00', 0, '1260.00', '0.00', NULL, NULL, NULL, '1', NULL, NULL, NULL, NULL, NULL, NULL, NULL, NULL, NULL, NULL, NULL, NULL, NULL, NULL, NULL, NULL, NULL, NULL),
(9, 2, 'ค่าเวชภัณฑ์', 'ถุงมือชนิดไม่มีแป้ง Size M', '0.00', 0, '155.00', '0.00', NULL, NULL, NULL, '1', NULL, NULL, NULL, NULL, NULL, NULL, NULL, NULL, NULL, NULL, NULL, NULL, NULL, NULL, NULL, NULL, NULL, NULL),
(10, 2, 'ค่าเวชภัณฑ์', 'ถุงมือชนิดมีแป้ง Size M', '200.00', 2, '155.00', '100.00', NULL, NULL, NULL, '1', NULL, NULL, NULL, NULL, NULL, NULL, NULL, NULL, NULL, NULL, NULL, NULL, NULL, NULL, NULL, NULL, NULL, NULL),
(18, 2, 'ค่าเวชภัณฑ์', 'Syring3ml', '0.00', 0, '138.00', '0.00', NULL, NULL, NULL, '1', NULL, NULL, NULL, NULL, NULL, NULL, NULL, NULL, NULL, NULL, NULL, NULL, NULL, NULL, NULL, NULL, NULL, NULL),
(19, 2, 'ค่าเวชภัณฑ์', 'Syring5ml', '0.00', 0, '170.00', '0.00', NULL, NULL, NULL, '1', NULL, NULL, NULL, NULL, NULL, NULL, NULL, NULL, NULL, NULL, NULL, NULL, NULL, NULL, NULL, NULL, NULL, NULL),
(20, 2, 'ค่าเวชภัณฑ์', 'Syring10ml', '920.00', 4, '230.00', '230.00', NULL, NULL, NULL, '1', NULL, NULL, NULL, NULL, NULL, NULL, NULL, NULL, NULL, NULL, NULL, NULL, NULL, NULL, NULL, NULL, NULL, NULL),
(21, 2, 'ค่าเวชภัณฑ์', 'Needle 18x1 1/2', '0.00', 0, '60.00', '0.00', NULL, NULL, NULL, '1', NULL, NULL, NULL, NULL, NULL, NULL, NULL, NULL, NULL, NULL, NULL, NULL, NULL, NULL, NULL, NULL, NULL, NULL),
(22, 2, 'ค่าเวชภัณฑ์', 'Needle 21x1 1/2', '0.00', 0, '55.00', '0.00', NULL, NULL, NULL, '1', NULL, NULL, NULL, NULL, NULL, NULL, NULL, NULL, NULL, NULL, NULL, NULL, NULL, NULL, NULL, NULL, NULL, NULL),
(23, 1, 'ค่าเครื่องเขียนแบบพิมพ์', 'กระดาษถ่ายเอกสาร A4/80g', '0.00', 0, '110.00', '0.00', NULL, NULL, NULL, '1', NULL, NULL, NULL, NULL, NULL, NULL, NULL, NULL, NULL, NULL, NULL, NULL, NULL, NULL, NULL, NULL, NULL, NULL),
(24, 2, 'ค่าเวชภัณฑ์', 'Autocape Tape 3/4', '0.00', 0, '285.00', '0.00', NULL, NULL, NULL, '1', NULL, NULL, NULL, NULL, NULL, NULL, NULL, NULL, NULL, NULL, NULL, NULL, NULL, NULL, NULL, NULL, NULL, NULL),
(25, 2, 'ค่าเวชภัณฑ์', 'Sodium Chloride 1x100 Amps', '0.00', 0, '475.00', '0.00', NULL, NULL, NULL, '1', NULL, NULL, NULL, NULL, NULL, NULL, NULL, NULL, NULL, NULL, NULL, NULL, NULL, NULL, NULL, NULL, NULL, NULL),
(26, 2, 'ค่าเวชภัณฑ์', 'ถุงขยะสีแดง 18x20', '0.00', 0, '50.00', '0.00', NULL, NULL, NULL, '1', NULL, NULL, NULL, NULL, NULL, NULL, NULL, NULL, NULL, NULL, NULL, NULL, NULL, NULL, NULL, NULL, NULL, NULL),
(27, 2, 'ค่าเวชภัณฑ์', 'กระดาษเช็ดมือ panda 2ชั้น 200แผ่น', '0.00', 0, '37.50', '0.00', NULL, NULL, NULL, '1', NULL, NULL, NULL, NULL, NULL, NULL, NULL, NULL, NULL, NULL, NULL, NULL, NULL, NULL, NULL, NULL, NULL, NULL),
(28, 3, 'ค่าโทรศัพท์', 'เบอร์ 02-6634578', '0.00', 0, '0.00', '0.00', NULL, NULL, NULL, '1', NULL, NULL, NULL, NULL, NULL, NULL, NULL, NULL, NULL, NULL, NULL, NULL, NULL, NULL, NULL, NULL, NULL, NULL),
(29, 3, 'ค่าโทรศัพท์', 'เบอร์ 02-6634579', '0.00', 0, '0.00', '0.00', NULL, NULL, NULL, '1', NULL, NULL, NULL, NULL, NULL, NULL, NULL, NULL, NULL, NULL, NULL, NULL, NULL, NULL, NULL, NULL, NULL, NULL),
(30, 3, 'ค่าโทรศัพท์', 'เบอร์ 081-7334577', '0.00', 0, '0.00', '0.00', NULL, NULL, NULL, '1', NULL, NULL, NULL, NULL, NULL, NULL, NULL, NULL, NULL, NULL, NULL, NULL, NULL, NULL, NULL, NULL, NULL, NULL),
(31, 3, 'ค่าโทรศัพท์', 'เบอร์ 02-2595613', '0.00', 0, '0.00', '0.00', NULL, NULL, NULL, '1', NULL, NULL, NULL, NULL, NULL, NULL, NULL, NULL, NULL, NULL, NULL, NULL, NULL, NULL, NULL, NULL, NULL, NULL),
(33, 3, 'ค่าโทรศัพท์', 'เบอร์ 085-6614577', '0.00', 0, '0.00', '0.00', NULL, NULL, NULL, '1', NULL, NULL, NULL, NULL, NULL, NULL, NULL, NULL, NULL, NULL, NULL, NULL, NULL, NULL, NULL, NULL, NULL, NULL),
(34, 2, 'ค่าเวชภัณฑ์', 'Needle 24x1', '0.00', 0, '55.00', '0.00', NULL, NULL, NULL, '1', NULL, NULL, NULL, NULL, NULL, NULL, NULL, NULL, NULL, NULL, NULL, NULL, NULL, NULL, NULL, NULL, NULL, NULL),
(35, 2, 'ค่าเวชภัณฑ์', 'Needle 25x1 1/2', '0.00', 0, '55.00', '0.00', NULL, NULL, NULL, '1', NULL, NULL, NULL, NULL, NULL, NULL, NULL, NULL, NULL, NULL, NULL, NULL, NULL, NULL, NULL, NULL, NULL, NULL),
(36, 2, 'ค่าเวชภัณฑ์', 'Needle 27x1 1/2', '0.00', 0, '55.00', '0.00', NULL, NULL, NULL, '1', NULL, NULL, NULL, NULL, NULL, NULL, NULL, NULL, NULL, NULL, NULL, NULL, NULL, NULL, NULL, NULL, NULL, NULL),
(40, 2, 'ค่าเวชภัณฑ์', 'หน้ากาก', '0.00', 0, '77.00', '0.00', NULL, NULL, NULL, '1', NULL, NULL, NULL, NULL, NULL, NULL, NULL, NULL, NULL, NULL, NULL, NULL, NULL, NULL, NULL, NULL, NULL, NULL),
(41, 2, 'ค่าเวชภัณฑ์', 'หมวกคลุมผมสีเขียว', '0.00', 0, '75.00', '0.00', NULL, NULL, NULL, '1', NULL, NULL, NULL, NULL, NULL, NULL, NULL, NULL, NULL, NULL, NULL, NULL, NULL, NULL, NULL, NULL, NULL, NULL),
(42, 2, 'ค่าเวชภัณฑ์', 'Alcohol pad', '800.00', 10, '80.00', '80.00', NULL, NULL, NULL, '1', NULL, NULL, NULL, NULL, NULL, NULL, NULL, NULL, NULL, NULL, NULL, NULL, NULL, NULL, NULL, NULL, NULL, NULL),
(43, 2, 'ค่าเวชภัณฑ์', 'พลาสเตอร์ปิดแผล', '0.00', 0, '75.00', '0.00', NULL, NULL, NULL, '1', NULL, NULL, NULL, NULL, NULL, NULL, NULL, NULL, NULL, NULL, NULL, NULL, NULL, NULL, NULL, NULL, NULL, NULL),
(46, 2, 'ค่าเวชภัณฑ์', 'ถุงยางอนามัย', '0.00', 0, '3.72', '0.00', NULL, NULL, NULL, '1', NULL, NULL, NULL, NULL, NULL, NULL, NULL, NULL, NULL, NULL, NULL, NULL, NULL, NULL, NULL, NULL, NULL, NULL),
(49, 2, 'ค่าเวชภัณฑ์', 'sperm cup', '0.00', 0, '1.45', '0.00', NULL, NULL, NULL, '1', NULL, NULL, NULL, NULL, NULL, NULL, NULL, NULL, NULL, NULL, NULL, NULL, NULL, NULL, NULL, NULL, NULL, NULL),
(51, 2, 'ค่าเวชภัณฑ์', 'กระดาษทิชชู่เปียก', '0.00', 0, '59.00', '0.00', NULL, NULL, NULL, '1', NULL, NULL, NULL, NULL, NULL, NULL, NULL, NULL, NULL, NULL, NULL, NULL, NULL, NULL, NULL, NULL, NULL, NULL),
(52, 2, 'ค่าเวชภัณฑ์', 'กระดาษอัลตร้าซาว sony', '0.00', 0, '520.00', '0.00', NULL, NULL, NULL, '1', NULL, NULL, NULL, NULL, NULL, NULL, NULL, NULL, NULL, NULL, NULL, NULL, NULL, NULL, NULL, NULL, NULL, NULL),
(53, 2, 'ค่าเวชภัณฑ์', 'หน้ากากชนิดคล้องหู', '0.00', 0, '55.00', '0.00', NULL, NULL, NULL, '1', NULL, NULL, NULL, NULL, NULL, NULL, NULL, NULL, NULL, NULL, NULL, NULL, NULL, NULL, NULL, NULL, NULL, NULL),
(54, 2, 'ค่าเวชภัณฑ์', '3 Way', '1950.00', 150, '15.00', '13.00', NULL, NULL, NULL, '1', NULL, NULL, NULL, NULL, NULL, NULL, NULL, NULL, NULL, NULL, NULL, NULL, NULL, NULL, NULL, NULL, NULL, NULL),
(55, 1, 'ค่าเครื่องเขียนแบบพิมพ์', 'ปากกา แดง', '0.00', 0, '2.80', '0.00', NULL, NULL, NULL, '1', NULL, NULL, NULL, NULL, NULL, NULL, NULL, NULL, NULL, NULL, NULL, NULL, NULL, NULL, NULL, NULL, NULL, NULL),
(56, 1, 'ค่าเครื่องเขียนแบบพิมพ์', 'ดินสอ', '0.00', 0, '5.00', '0.00', NULL, NULL, NULL, '1', NULL, NULL, NULL, NULL, NULL, NULL, NULL, NULL, NULL, NULL, NULL, NULL, NULL, NULL, NULL, NULL, NULL, NULL),
(57, 1, 'ค่าเครื่องเขียนแบบพิมพ์', 'สมุดปกอ่อน', '0.00', 0, '15.89', '0.00', NULL, NULL, NULL, '1', NULL, NULL, NULL, NULL, NULL, NULL, NULL, NULL, NULL, NULL, NULL, NULL, NULL, NULL, NULL, NULL, NULL, NULL),
(58, 1, 'ค่าเครื่องเขียนแบบพิมพ์', 'ไม้บรรทัด', '0.00', 0, '6.54', '0.00', NULL, NULL, NULL, '1', NULL, NULL, NULL, NULL, NULL, NULL, NULL, NULL, NULL, NULL, NULL, NULL, NULL, NULL, NULL, NULL, NULL, NULL),
(59, 4, 'ค่ายา', 'Crinone gel 8% ', '12748392.00', 6168, '2280.00', '2066.86', 70, 15, NULL, '1', NULL, NULL, NULL, NULL, NULL, NULL, NULL, NULL, NULL, NULL, NULL, NULL, NULL, NULL, NULL, NULL, NULL, NULL),
(60, 4, 'ค่ายา', 'Progynova 2 mg. ', '3720000.00', 8712, '480.00', '427.00', 90, 84, NULL, '1', NULL, NULL, NULL, NULL, NULL, NULL, NULL, NULL, NULL, NULL, NULL, NULL, NULL, NULL, NULL, NULL, NULL, NULL),
(61, 4, 'ค่ายา', 'Utrogestan 100mg 1x30', '693000.00', 2204, '330.00', '314.43', 64, 30, NULL, '1', NULL, NULL, NULL, NULL, NULL, NULL, NULL, NULL, NULL, NULL, NULL, NULL, NULL, NULL, NULL, NULL, NULL, NULL),
(62, 4, 'ค่ายา', 'Tylenol 500 mg.', '7210.50', 44, '166.25', '163.88', 92, 200, NULL, '1', NULL, NULL, NULL, NULL, NULL, NULL, NULL, NULL, NULL, NULL, NULL, NULL, NULL, NULL, NULL, NULL, NULL, NULL),
(63, 2, 'ค่าเวชภัณฑ์', 'ไนโตรเจนเหลว', '0.00', 0, '45.00', '0.00', NULL, NULL, NULL, '1', NULL, NULL, NULL, NULL, NULL, NULL, NULL, NULL, NULL, NULL, NULL, NULL, NULL, NULL, NULL, NULL, NULL, NULL),
(66, 2, 'ค่าเวชภัณฑ์', 'D-5-S/2 No Set 500cc', '600.00', 20, '30.00', '30.00', NULL, NULL, NULL, '1', NULL, NULL, NULL, NULL, NULL, NULL, NULL, NULL, NULL, NULL, NULL, NULL, NULL, NULL, NULL, NULL, NULL, NULL),
(67, 4, 'ค่ายา', 'CEF 3 1G IV Siam', '168459.46', 3908, '64.68', '43.11', 77, 1, NULL, '1', NULL, NULL, NULL, NULL, NULL, NULL, NULL, NULL, NULL, NULL, NULL, NULL, NULL, NULL, NULL, NULL, NULL, NULL),
(69, 4, 'ค่ายา', 'Ovidrel Syring 250มลก. 1 syringe', '1802900.00', 1639, '1210.00', '1100.00', 69, 1, NULL, '1', NULL, NULL, NULL, NULL, NULL, NULL, NULL, NULL, NULL, NULL, NULL, NULL, NULL, NULL, NULL, NULL, NULL, NULL),
(70, 4, 'ค่ายา', 'Cetrotide Inj 0.25mg ', '25695600.00', 2665, '11760.00', '9641.88', 56, 7, NULL, '1', NULL, NULL, NULL, NULL, NULL, NULL, NULL, NULL, NULL, NULL, NULL, NULL, NULL, NULL, NULL, NULL, NULL, NULL),
(71, 4, 'ค่ายา', 'Yasmin 1x21', '55216.00', 205, '382.00', '269.35', 101, 1, NULL, '1', NULL, NULL, NULL, NULL, NULL, NULL, NULL, NULL, NULL, NULL, NULL, NULL, NULL, NULL, NULL, NULL, NULL, NULL),
(72, 4, 'ค่ายา', 'Climara Pad', '1361160.00', 4004, '342.00', '339.95', 0, 0, NULL, '1', NULL, NULL, NULL, NULL, NULL, NULL, NULL, NULL, NULL, NULL, NULL, NULL, NULL, NULL, NULL, NULL, NULL, NULL),
(73, 4, 'ค่ายา', 'Tramal ชนิดฉีด 50มก/มล 5x1ml', '0.00', 0, '188.05', '0.00', NULL, NULL, NULL, '1', NULL, NULL, NULL, NULL, NULL, NULL, NULL, NULL, NULL, NULL, NULL, NULL, NULL, NULL, NULL, NULL, NULL, NULL),
(74, 4, 'ค่ายา', 'Follitrope ชนิดฉีด 150IU', '24411200.00', 16706, '1900.00', '1461.22', 55, 1, NULL, '1', NULL, NULL, NULL, NULL, NULL, NULL, NULL, NULL, NULL, NULL, NULL, NULL, NULL, NULL, NULL, NULL, NULL, NULL),
(75, 2, 'ค่าเวชภัณฑ์', 'กล่องโฟมสีขาว 5กก.', '0.00', 0, '55.00', '0.00', NULL, NULL, NULL, '1', NULL, NULL, NULL, NULL, NULL, NULL, NULL, NULL, NULL, NULL, NULL, NULL, NULL, NULL, NULL, NULL, NULL, NULL),
(76, 2, 'ค่าเวชภัณฑ์', 'ไม้พันสำลี #S', '0.00', 0, '25.00', '0.00', NULL, NULL, NULL, '1', NULL, NULL, NULL, NULL, NULL, NULL, NULL, NULL, NULL, NULL, NULL, NULL, NULL, NULL, NULL, NULL, NULL, NULL),
(77, 2, 'ค่าเวชภัณฑ์', 'สำลีก้อน 0.35 450g.', '0.00', 0, '120.00', '0.00', NULL, NULL, NULL, '1', NULL, NULL, NULL, NULL, NULL, NULL, NULL, NULL, NULL, NULL, NULL, NULL, NULL, NULL, NULL, NULL, NULL, NULL),
(91, 1, 'ค่าเครื่องเขียนแบบพิมพ์', 'เครื่องเย็บกระดาษเบอร์ 10', '0.00', 0, '36.45', '0.00', NULL, NULL, NULL, '1', NULL, NULL, NULL, NULL, NULL, NULL, NULL, NULL, NULL, NULL, NULL, NULL, NULL, NULL, NULL, NULL, NULL, NULL),
(92, 1, 'ค่าเครื่องเขียนแบบพิมพ์', 'ลวดเย็บกระดาษ เบอร์35', '0.00', 0, '8.41', '0.00', NULL, NULL, NULL, '1', NULL, NULL, NULL, NULL, NULL, NULL, NULL, NULL, NULL, NULL, NULL, NULL, NULL, NULL, NULL, NULL, NULL, NULL),
(93, 1, 'ค่าเครื่องเขียนแบบพิมพ์', 'ลวดเย็บกระดาษ เบอร์10', '0.00', 0, '4.50', '0.00', NULL, NULL, NULL, '1', NULL, NULL, NULL, NULL, NULL, NULL, NULL, NULL, NULL, NULL, NULL, NULL, NULL, NULL, NULL, NULL, NULL, NULL),
(94, 1, 'ค่าเครื่องเขียนแบบพิมพ์', 'คัทเตอร์ เล็ก', '0.00', 0, '26.17', '0.00', NULL, NULL, NULL, '1', NULL, NULL, NULL, NULL, NULL, NULL, NULL, NULL, NULL, NULL, NULL, NULL, NULL, NULL, NULL, NULL, NULL, NULL),
(95, 1, 'ค่าเครื่องเขียนแบบพิมพ์', 'แฟ้มสันกว้าง 3', '0.00', 0, '57.00', '0.00', NULL, NULL, NULL, '1', NULL, NULL, NULL, NULL, NULL, NULL, NULL, NULL, NULL, NULL, NULL, NULL, NULL, NULL, NULL, NULL, NULL, NULL),
(96, 1, 'ค่าเครื่องเขียนแบบพิมพ์', 'กระดาษกาวย่น 3M 1\"', '0.00', 0, '20.56', '0.00', NULL, NULL, NULL, '1', NULL, NULL, NULL, NULL, NULL, NULL, NULL, NULL, NULL, NULL, NULL, NULL, NULL, NULL, NULL, NULL, NULL, NULL),
(98, 27, 'ค่าไฟฟ้า', 'ค่าไฟฟ้า', '0.00', 0, '0.00', '0.00', NULL, NULL, NULL, '1', NULL, NULL, NULL, NULL, NULL, NULL, NULL, NULL, NULL, NULL, NULL, NULL, NULL, NULL, NULL, NULL, NULL, NULL),
(99, 25, 'ค่ารักษาพยาบาล', 'ค่ารักษาพยาบาลคนไข้นอก', '0.00', 0, '0.00', '0.00', NULL, NULL, NULL, '1', NULL, NULL, NULL, NULL, NULL, NULL, NULL, NULL, NULL, NULL, NULL, NULL, NULL, NULL, NULL, NULL, NULL, NULL),
(100, 25, 'ค่ารักษาพยาบาล', 'ค่าตรวจเลือด', '0.00', 0, '0.00', '0.00', NULL, NULL, NULL, '1', NULL, NULL, NULL, NULL, NULL, NULL, NULL, NULL, NULL, NULL, NULL, NULL, NULL, NULL, NULL, NULL, NULL, NULL),
(102, 4, 'ค่ายา', 'Proluton Depot 500 mg inj.', '819805.00', 397, '2065.00', '2065.00', 100, 20, NULL, '1', NULL, NULL, NULL, NULL, NULL, NULL, NULL, NULL, NULL, NULL, NULL, NULL, NULL, NULL, NULL, NULL, NULL, NULL),
(103, 4, 'ค่ายา', 'IVF-M 75IU', '2178385.00', 4686, '550.00', '464.87', 120, 1, NULL, '1', NULL, NULL, NULL, NULL, NULL, NULL, NULL, NULL, NULL, NULL, NULL, NULL, NULL, NULL, NULL, NULL, NULL, NULL),
(104, 4, 'ค่ายา', 'IVF-M 150IU', '6260000.00', 7502, '1000.00', '834.44', 119, 1, NULL, '1', NULL, NULL, NULL, NULL, NULL, NULL, NULL, NULL, NULL, NULL, NULL, NULL, NULL, NULL, NULL, NULL, NULL, NULL),
(105, 4, 'ค่ายา', 'Xylocain 2% สำหรับฉีด 10x20ML', '3367.00', 7, '514.67', '481.00', NULL, NULL, NULL, '1', NULL, NULL, NULL, NULL, NULL, NULL, NULL, NULL, NULL, NULL, NULL, NULL, NULL, NULL, NULL, NULL, NULL, NULL),
(106, 4, 'ค่ายา', 'Gonal F 300IU/0.5ML', '35748000.00', 9468, '6000.00', '3775.67', 57, 1, NULL, '1', NULL, NULL, NULL, NULL, NULL, NULL, NULL, NULL, NULL, NULL, NULL, NULL, NULL, NULL, NULL, NULL, NULL, NULL),
(107, 4, 'ค่ายา', 'Propofol Lipuro 1% 20ML', '216900.00', 2410, '90.00', '90.00', 61, 1, NULL, '1', NULL, NULL, NULL, NULL, NULL, NULL, NULL, NULL, NULL, NULL, NULL, NULL, NULL, NULL, NULL, NULL, NULL, NULL),
(108, 1, 'ค่าเครื่องเขียนแบบพิมพ์', 'ลวดเสียบกระดาษ', '0.00', 0, '9.00', '0.00', NULL, NULL, NULL, '1', NULL, NULL, NULL, NULL, NULL, NULL, NULL, NULL, NULL, NULL, NULL, NULL, NULL, NULL, NULL, NULL, NULL, NULL),
(109, 1, 'ค่าเครื่องเขียนแบบพิมพ์', 'ปากกาเน้นข้อความ', '0.00', 0, '20.56', '0.00', NULL, NULL, NULL, '1', NULL, NULL, NULL, NULL, NULL, NULL, NULL, NULL, NULL, NULL, NULL, NULL, NULL, NULL, NULL, NULL, NULL, NULL),
(112, 4, 'ค่ายา', 'Zalain Vaginal Tabs 500mg', '7380.00', 48, '140.00', '153.75', 66, 1, NULL, '1', NULL, NULL, NULL, NULL, NULL, NULL, NULL, NULL, NULL, NULL, NULL, NULL, NULL, NULL, NULL, NULL, NULL, NULL),
(113, 4, 'ค่ายา', 'Follitrope inj.75 IU', '2290000.00', 2911, '1000.00', '786.67', NULL, NULL, NULL, '1', NULL, NULL, NULL, NULL, NULL, NULL, NULL, NULL, NULL, NULL, NULL, NULL, NULL, NULL, NULL, NULL, NULL, NULL),
(115, 4, 'ค่ายา', 'Acroxia 90 mg 10x5\'s', '10196.75', 8, '1828.75', '1274.59', 164, 1, NULL, '1', NULL, NULL, NULL, NULL, NULL, NULL, NULL, NULL, NULL, NULL, NULL, NULL, NULL, NULL, NULL, NULL, NULL, NULL),
(116, 4, 'ค่ายา', 'Acroxia 120 mg ', '11666.00', 6, '1330.00', '1944.33', 73, 50, NULL, '1', NULL, NULL, NULL, NULL, NULL, NULL, NULL, NULL, NULL, NULL, NULL, NULL, NULL, NULL, NULL, NULL, NULL, NULL),
(117, 4, 'ค่ายา', 'Neopain 250 mg(Ponstan)1000\'c', '1159.00', 4, '289.75', '289.75', NULL, NULL, NULL, '1', NULL, NULL, NULL, NULL, NULL, NULL, NULL, NULL, NULL, NULL, NULL, NULL, NULL, NULL, NULL, NULL, NULL, NULL),
(118, 4, 'ค่ายา', 'Duphaston 10mg 20 tablets', '370800.00', 1949, '360.00', '190.25', 58, 20, NULL, '1', NULL, NULL, NULL, NULL, NULL, NULL, NULL, NULL, NULL, NULL, NULL, NULL, NULL, NULL, NULL, NULL, NULL, NULL),
(119, 4, 'ค่ายา', 'IVF-C 5000 IU 3 Vial/Box', '46500.00', 36, '1658.50', '1291.67', NULL, NULL, NULL, '1', NULL, NULL, NULL, NULL, NULL, NULL, NULL, NULL, NULL, NULL, NULL, NULL, NULL, NULL, NULL, NULL, NULL, NULL),
(120, 4, 'ค่ายา', 'Bromocriptine 2.5 mg (Suplac)', '32739.36', 834, '860.00', '39.26', 65, 100, NULL, '1', NULL, NULL, NULL, NULL, NULL, NULL, NULL, NULL, NULL, NULL, NULL, NULL, NULL, NULL, NULL, NULL, NULL, NULL),
(121, 4, 'ค่ายา', 'Primolut N  10x10', '38360.00', 80, '520.00', '479.50', NULL, NULL, NULL, '1', NULL, NULL, NULL, NULL, NULL, NULL, NULL, NULL, NULL, NULL, NULL, NULL, NULL, NULL, NULL, NULL, NULL, NULL),
(122, 4, 'ค่ายา', 'Orgalutran 1 syringe', '1006400.00', 701, '1520.00', '1435.66', 137, 1, NULL, '1', NULL, NULL, NULL, NULL, NULL, NULL, NULL, NULL, NULL, NULL, NULL, NULL, NULL, NULL, NULL, NULL, NULL, NULL),
(123, 4, 'ค่ายา', 'Diphereline 0.1 mg 7 vial', '295000.00', 54, '5900.00', '5462.96', 128, 1, NULL, '1', NULL, NULL, NULL, NULL, NULL, NULL, NULL, NULL, NULL, NULL, NULL, NULL, NULL, NULL, NULL, NULL, NULL, NULL),
(124, 4, 'ค่ายา', 'Utrogestan 200 mg 1x15', '577500.00', 1920, '330.00', '300.78', 161, 15, NULL, '1', NULL, NULL, NULL, NULL, NULL, NULL, NULL, NULL, NULL, NULL, NULL, NULL, NULL, NULL, NULL, NULL, NULL, NULL),
(125, 4, 'ค่ายา', 'Proctosedyl suppo 1x15', '0.00', 0, '73.19', '0.00', NULL, NULL, NULL, '1', NULL, NULL, NULL, NULL, NULL, NULL, NULL, NULL, NULL, NULL, NULL, NULL, NULL, NULL, NULL, NULL, NULL, NULL),
(126, 4, 'ค่ายา', 'Suprefact E nasal spray', '2040.00', 1, '2040.00', '2040.00', NULL, NULL, NULL, '1', NULL, NULL, NULL, NULL, NULL, NULL, NULL, NULL, NULL, NULL, NULL, NULL, NULL, NULL, NULL, NULL, NULL, NULL),
(127, 4, 'ค่ายา', 'Cyclogest 400 mg 1x15', '24600.00', 30, '898.80', '820.00', 162, 15, NULL, '1', NULL, NULL, NULL, NULL, NULL, NULL, NULL, NULL, NULL, NULL, NULL, NULL, NULL, NULL, NULL, NULL, NULL, NULL),
(128, 4, 'ค่ายา', 'growth hormone', '0.00', 0, '10000.00', '0.00', NULL, NULL, NULL, '1', NULL, NULL, NULL, NULL, NULL, NULL, NULL, NULL, NULL, NULL, NULL, NULL, NULL, NULL, NULL, NULL, NULL, NULL),
(129, 2, 'ค่าเวชภัณฑ์', 'St.water 1000 cc', '370.00', 10, '0.00', '37.00', NULL, NULL, NULL, '1', NULL, NULL, NULL, NULL, NULL, NULL, NULL, NULL, NULL, NULL, NULL, NULL, NULL, NULL, NULL, NULL, NULL, NULL),
(130, 2, 'ค่าเวชภัณฑ์', 'Syringe 1 cc+เข็ม27x1/2\"', '1000.00', 4, '0.00', '250.00', NULL, NULL, NULL, '1', NULL, NULL, NULL, NULL, NULL, NULL, NULL, NULL, NULL, NULL, NULL, NULL, NULL, NULL, NULL, NULL, NULL, NULL),
(131, 4, 'ค่ายา', 'CPM 4 mg', '54.00', 2, '0.00', '27.00', 79, 1000, NULL, '1', NULL, NULL, NULL, NULL, NULL, NULL, NULL, NULL, NULL, NULL, NULL, NULL, NULL, NULL, NULL, NULL, NULL, NULL),
(132, 4, 'ค่ายา', 'Dimen', '130.00', 1, '0.00', '130.00', NULL, NULL, NULL, '1', NULL, NULL, NULL, NULL, NULL, NULL, NULL, NULL, NULL, NULL, NULL, NULL, NULL, NULL, NULL, NULL, NULL, NULL),
(133, 4, 'ค่ายา', 'Folic acid 1000 tablets', '2510.90', 15, '133.00', '167.39', 104, 1000, NULL, '1', NULL, NULL, NULL, NULL, NULL, NULL, NULL, NULL, NULL, NULL, NULL, NULL, NULL, NULL, NULL, NULL, NULL, NULL),
(134, 4, 'ค่ายา', 'Meiact 100 mg', '3020.00', 1, '0.00', '3020.00', NULL, NULL, NULL, '1', NULL, NULL, NULL, NULL, NULL, NULL, NULL, NULL, NULL, NULL, NULL, NULL, NULL, NULL, NULL, NULL, NULL, NULL),
(135, 4, 'ค่ายา', 'Obimin-AZ', '1296.00', 6, '0.00', '216.00', NULL, NULL, NULL, '1', NULL, NULL, NULL, NULL, NULL, NULL, NULL, NULL, NULL, NULL, NULL, NULL, NULL, NULL, NULL, NULL, NULL, NULL),
(136, 4, 'ค่ายา', 'Clindavid 300 mg', '310.00', 1, '310.00', '310.00', NULL, NULL, NULL, '1', NULL, NULL, NULL, NULL, NULL, NULL, NULL, NULL, NULL, NULL, NULL, NULL, NULL, NULL, NULL, NULL, NULL, NULL),
(137, 4, 'ค่ายา', 'Follitrope ฉนิดฉีด 75 IU', '390000.00', 573, '1000.00', '680.63', 54, 1, NULL, '1', NULL, NULL, NULL, NULL, NULL, NULL, NULL, NULL, NULL, NULL, NULL, NULL, NULL, NULL, NULL, NULL, NULL, NULL),
(139, 4, 'ค่ายา', 'Onsia 8 mg inj.5x4 ml', '142266.40', 809, '319.48', '175.85', 153, 5, NULL, '1', NULL, NULL, NULL, NULL, NULL, NULL, NULL, NULL, NULL, NULL, NULL, NULL, NULL, NULL, NULL, NULL, NULL, NULL),
(140, 4, 'ค่ายา', 'Follitrope Prefilled syringe 75 IU', '12000.00', 15, '1200.00', '800.00', NULL, NULL, NULL, '1', NULL, NULL, NULL, NULL, NULL, NULL, NULL, NULL, NULL, NULL, NULL, NULL, NULL, NULL, NULL, NULL, NULL, NULL),
(141, 4, 'ค่ายา', 'Follitrope Prefilled syringe 150 IU', '6633000.00', 4140, '2400.00', '1602.17', 192, 1, NULL, '1', NULL, NULL, NULL, NULL, NULL, NULL, NULL, NULL, NULL, NULL, NULL, NULL, NULL, NULL, NULL, NULL, NULL, NULL),
(142, 4, 'ค่ายา', 'Follitrope Prefilled syringe 225 IU', '54936000.00', 22850, '3600.00', '2404.20', 193, 1, NULL, '1', NULL, NULL, NULL, NULL, NULL, NULL, NULL, NULL, NULL, NULL, NULL, NULL, NULL, NULL, NULL, NULL, NULL, NULL),
(143, 4, 'ค่ายา', 'Follitrope Prefilled syringe 300IU', '48000.00', 15, '4800.00', '3200.00', NULL, NULL, NULL, '1', NULL, NULL, NULL, NULL, NULL, NULL, NULL, NULL, NULL, NULL, NULL, NULL, NULL, NULL, NULL, NULL, NULL, NULL),
(145, 4, 'ค่ายา', 'IVF-C inj.1000 IU', '3400.00', 20, '170.00', '170.00', NULL, NULL, NULL, '1', NULL, NULL, NULL, NULL, NULL, NULL, NULL, NULL, NULL, NULL, NULL, NULL, NULL, NULL, NULL, NULL, NULL, NULL),
(147, 4, 'ค่ายา', 'Activated Charcoal', '0.00', 0, '0.00', '0.00', NULL, NULL, NULL, '1', NULL, NULL, NULL, NULL, NULL, NULL, NULL, NULL, NULL, NULL, NULL, NULL, NULL, NULL, NULL, NULL, NULL, NULL),
(148, 4, 'ค่ายา', 'Fraxiparine pre-filled syringes', '0.00', 0, '850.00', '0.00', 183, 10, NULL, '1', NULL, NULL, NULL, NULL, NULL, NULL, NULL, NULL, NULL, NULL, NULL, NULL, NULL, NULL, NULL, NULL, NULL, NULL),
(151, 4, 'ค่ายา', 'Pregnyl 1500 IU 1x3 amp.', '160404.88', 272, '636.78', '589.72', 196, 3, NULL, '1', NULL, NULL, NULL, NULL, NULL, NULL, NULL, NULL, NULL, NULL, NULL, NULL, NULL, NULL, NULL, NULL, NULL, NULL),
(152, 4, 'ค่ายา', 'Pregnyl 5000 IU x 1 ', '63211.62', 102, '620.33', '619.72', 197, 1, NULL, '1', NULL, NULL, NULL, NULL, NULL, NULL, NULL, NULL, NULL, NULL, NULL, NULL, NULL, NULL, NULL, NULL, NULL, NULL),
(153, 4, 'ค่ายา', 'Testoviron 250 mg inj.', '8130.00', 3, '2710.00', '2710.00', 198, 1, NULL, '1', NULL, NULL, NULL, NULL, NULL, NULL, NULL, NULL, NULL, NULL, NULL, NULL, NULL, NULL, NULL, NULL, NULL, NULL),
(154, 4, 'ค่ายา', 'Clexane ( 4000 IU/0.4 ml) 2 syringes', '3723408.00', 6915, '540.80', '538.45', 188, 2, NULL, '1', NULL, NULL, NULL, NULL, NULL, NULL, NULL, NULL, NULL, NULL, NULL, NULL, NULL, NULL, NULL, NULL, NULL, NULL),
(155, 4, 'ค่ายา', 'Air-X', '0.00', 0, '0.00', '0.00', NULL, NULL, NULL, '1', NULL, NULL, NULL, NULL, NULL, NULL, NULL, NULL, NULL, NULL, NULL, NULL, NULL, NULL, NULL, NULL, NULL, NULL),
(156, 4, 'ค่ายา', 'Androgel 50 mg 30 sachets', '0.00', 0, '130.00', '0.00', 181, 30, NULL, '1', NULL, NULL, NULL, NULL, NULL, NULL, NULL, NULL, NULL, NULL, NULL, NULL, NULL, NULL, NULL, NULL, NULL, NULL),
(157, 4, 'ค่ายา', 'Antacil gel', '0.00', 0, '0.00', '0.00', NULL, NULL, NULL, '1', NULL, NULL, NULL, NULL, NULL, NULL, NULL, NULL, NULL, NULL, NULL, NULL, NULL, NULL, NULL, NULL, NULL, NULL),
(158, 4, 'ค่ายา', 'Bisolvon', '0.00', 0, '0.00', '0.00', NULL, NULL, NULL, '1', NULL, NULL, NULL, NULL, NULL, NULL, NULL, NULL, NULL, NULL, NULL, NULL, NULL, NULL, NULL, NULL, NULL, NULL),
(159, 4, 'ค่ายา', 'Bricanyl (Tanyl 2.5 mg)', '0.00', 0, '0.00', '0.00', NULL, NULL, NULL, '1', NULL, NULL, NULL, NULL, NULL, NULL, NULL, NULL, NULL, NULL, NULL, NULL, NULL, NULL, NULL, NULL, NULL, NULL),
(160, 4, 'ค่ายา', 'Bromocriptine (Suplac)', '3440.00', 4, '860.00', '860.00', 0, 0, NULL, '1', NULL, NULL, NULL, NULL, NULL, NULL, NULL, NULL, NULL, NULL, NULL, NULL, NULL, NULL, NULL, NULL, NULL, NULL),
(161, 4, 'ค่ายา', 'Ceftrex 1 g', '2175.60', 60, '36.26', '36.26', 199, 1, NULL, '1', NULL, NULL, NULL, NULL, NULL, NULL, NULL, NULL, NULL, NULL, NULL, NULL, NULL, NULL, NULL, NULL, NULL, NULL),
(162, 4, 'ค่ายา', 'Oestrogel 1 x80gm', '97375.00', 475, '205.00', '205.00', 173, 1, NULL, '1', NULL, NULL, NULL, NULL, NULL, NULL, NULL, NULL, NULL, NULL, NULL, NULL, NULL, NULL, NULL, NULL, NULL, NULL),
(163, 4, 'ค่ายา', 'Travocort cream', '3484.00', 67, '52.00', '52.00', 124, 1, NULL, '1', NULL, NULL, NULL, NULL, NULL, NULL, NULL, NULL, NULL, NULL, NULL, NULL, NULL, NULL, NULL, NULL, NULL, NULL),
(164, 4, 'ค่ายา', 'Menopur inj.10x75IU', '1976000.00', 932, '7600.00', '2120.17', 67, 10, NULL, '1', NULL, NULL, NULL, NULL, NULL, NULL, NULL, NULL, NULL, NULL, NULL, NULL, NULL, NULL, NULL, NULL, NULL, NULL),
(165, 4, 'ค่ายา', 'Menogon 75 IU', '56000.00', 110, '1600.00', '509.09', 200, 1, NULL, '1', NULL, NULL, NULL, NULL, NULL, NULL, NULL, NULL, NULL, NULL, NULL, NULL, NULL, NULL, NULL, NULL, NULL, NULL),
(166, 4, 'ค่ายา', 'Primolut N 10x10 tablets', '10000.00', 21, '480.00', '476.19', 126, 100, NULL, '1', NULL, NULL, NULL, NULL, NULL, NULL, NULL, NULL, NULL, NULL, NULL, NULL, NULL, NULL, NULL, NULL, NULL, NULL),
(167, 4, 'ค่ายา', 'Z-BEC', '4190.48', 2, '2095.24', '2095.24', 127, 500, NULL, '1', NULL, NULL, NULL, NULL, NULL, NULL, NULL, NULL, NULL, NULL, NULL, NULL, NULL, NULL, NULL, NULL, NULL, NULL),
(168, 4, 'ค่ายา', 'Dalacin C', '7020.00', 26, '270.00', '270.00', 136, 1, NULL, '1', NULL, NULL, NULL, NULL, NULL, NULL, NULL, NULL, NULL, NULL, NULL, NULL, NULL, NULL, NULL, NULL, NULL, NULL),
(169, 4, 'ค่ายา', 'SIA-MOX', '782.04', 3, '391.02', '260.68', NULL, NULL, NULL, '1', NULL, NULL, NULL, NULL, NULL, NULL, NULL, NULL, NULL, NULL, NULL, NULL, NULL, NULL, NULL, NULL, NULL, NULL),
(170, 4, 'ค่ายา', 'Organ Peptid ', '1040187.00', 760, '1500.00', '1368.67', 189, 1, NULL, '1', NULL, NULL, NULL, NULL, NULL, NULL, NULL, NULL, NULL, NULL, NULL, NULL, NULL, NULL, NULL, NULL, NULL, NULL),
(171, 4, 'ค่ายา', 'Podophilline 25% 15 cc', '0.00', 0, '232.75', '0.00', NULL, NULL, NULL, '1', NULL, NULL, NULL, NULL, NULL, NULL, NULL, NULL, NULL, NULL, NULL, NULL, NULL, NULL, NULL, NULL, NULL, NULL),
(172, 4, 'ค่ายา', 'Senokot 3x20\'s', '0.00', 0, '83.60', '0.00', NULL, NULL, NULL, '1', NULL, NULL, NULL, NULL, NULL, NULL, NULL, NULL, NULL, NULL, NULL, NULL, NULL, NULL, NULL, NULL, NULL, NULL),
(173, 4, 'ค่ายา', 'Zalain cream 5 mg', '600.00', 10, '60.00', '60.00', 202, 1, NULL, '1', NULL, NULL, NULL, NULL, NULL, NULL, NULL, NULL, NULL, NULL, NULL, NULL, NULL, NULL, NULL, NULL, NULL, NULL),
(174, 4, 'ค่ายา', 'Vitamin C 100 mg', '1809.75', 11, '171.00', '164.52', 133, 1000, NULL, '1', NULL, NULL, NULL, NULL, NULL, NULL, NULL, NULL, NULL, NULL, NULL, NULL, NULL, NULL, NULL, NULL, NULL, NULL),
(176, 2, 'ค่าเวชภัณฑ์', '9200 Avagard Sol.', '3000.00', 3, '1000.00', '1000.00', NULL, NULL, NULL, '1', NULL, NULL, NULL, NULL, NULL, NULL, NULL, NULL, NULL, NULL, NULL, NULL, NULL, NULL, NULL, NULL, NULL, NULL),
(178, 4, 'ค่ายา', 'Climara 1x4 pad', '109440.00', 320, '342.00', '342.00', 68, 4, NULL, '1', NULL, NULL, NULL, NULL, NULL, NULL, NULL, NULL, NULL, NULL, NULL, NULL, NULL, NULL, NULL, NULL, NULL, NULL),
(179, 4, 'ค่ายา', 'Transamine 250mg 1 amp.', '722.00', 20, '36.10', '36.10', NULL, NULL, NULL, '1', NULL, NULL, NULL, NULL, NULL, NULL, NULL, NULL, NULL, NULL, NULL, NULL, NULL, NULL, NULL, NULL, NULL, NULL),
(180, 4, 'ค่ายา', 'Vomitin inj. 1 amp.', '130.50', 50, '2.61', '2.61', NULL, NULL, NULL, '1', NULL, NULL, NULL, NULL, NULL, NULL, NULL, NULL, NULL, NULL, NULL, NULL, NULL, NULL, NULL, NULL, NULL, NULL),
(181, 4, 'ค่ายา', 'Enantone 1.88 mg x 1', '54197.00', 12, '4927.00', '4516.42', 71, 1, NULL, '1', NULL, NULL, NULL, NULL, NULL, NULL, NULL, NULL, NULL, NULL, NULL, NULL, NULL, NULL, NULL, NULL, NULL, NULL),
(182, 4, 'ค่ายา', 'Zyrrizin (Zytec)', '0.00', 0, '0.00', '0.00', 95, 100, NULL, '1', NULL, NULL, NULL, NULL, NULL, NULL, NULL, NULL, NULL, NULL, NULL, NULL, NULL, NULL, NULL, NULL, NULL, NULL),
(183, 4, 'ค่ายา', 'Prednisolone 5 mg ', '0.00', 0, '0.00', '0.00', 203, 1000, NULL, '1', NULL, NULL, NULL, NULL, NULL, NULL, NULL, NULL, NULL, NULL, NULL, NULL, NULL, NULL, NULL, NULL, NULL, NULL),
(184, 4, 'ค่ายา', 'Ponstan (Neopain 500 mg)', '579.50', 2, '265.00', '289.75', 89, 1000, NULL, '1', NULL, NULL, NULL, NULL, NULL, NULL, NULL, NULL, NULL, NULL, NULL, NULL, NULL, NULL, NULL, NULL, NULL, NULL),
(186, 4, 'ค่ายา', 'Dalacin C (Clinda GPO)', '0.00', 0, '0.00', '0.00', 78, 100, NULL, '1', NULL, NULL, NULL, NULL, NULL, NULL, NULL, NULL, NULL, NULL, NULL, NULL, NULL, NULL, NULL, NULL, NULL, NULL),
(187, 4, 'ค่ายา', 'Premium Royal Jelly', '17831.80', 20, '1800.00', '891.59', 205, 1, NULL, '1', NULL, NULL, NULL, NULL, NULL, NULL, NULL, NULL, NULL, NULL, NULL, NULL, NULL, NULL, NULL, NULL, NULL, NULL),
(188, 4, 'ค่ายา', 'Viagra tablet 100 mg(Sidegra)', '3409.50', 30, '200.00', '113.65', 201, 4, NULL, '1', NULL, NULL, NULL, NULL, NULL, NULL, NULL, NULL, NULL, NULL, NULL, NULL, NULL, NULL, NULL, NULL, NULL, NULL),
(189, 4, 'ค่ายา', 'Doxy Cap 100 mg ', '0.00', 0, '270.75', '0.00', NULL, NULL, NULL, '1', NULL, NULL, NULL, NULL, NULL, NULL, NULL, NULL, NULL, NULL, NULL, NULL, NULL, NULL, NULL, NULL, NULL, NULL),
(190, 4, 'ค่ายา', 'Norflox (Norfloxacin 400 mg)', '0.00', 0, '10.00', '0.00', NULL, NULL, NULL, '1', NULL, NULL, NULL, NULL, NULL, NULL, NULL, NULL, NULL, NULL, NULL, NULL, NULL, NULL, NULL, NULL, NULL, NULL),
(191, 4, 'ค่ายา', 'DMPA IM. Injection (150mg/3ml)', '0.00', 0, '400.00', '0.00', NULL, NULL, NULL, '1', NULL, NULL, NULL, NULL, NULL, NULL, NULL, NULL, NULL, NULL, NULL, NULL, NULL, NULL, NULL, NULL, NULL, NULL),
(192, 4, 'ค่ายา', 'Gonal - F 450 IU', '0.00', 0, '12.00', '0.00', NULL, NULL, NULL, '1', NULL, NULL, NULL, NULL, NULL, NULL, NULL, NULL, NULL, NULL, NULL, NULL, NULL, NULL, NULL, NULL, NULL, NULL),
(193, 4, 'ค่ายา', 'Human Albumin 20% inj.(50 ml)', '0.00', 0, '1412.00', '0.00', NULL, NULL, NULL, '1', NULL, NULL, NULL, NULL, NULL, NULL, NULL, NULL, NULL, NULL, NULL, NULL, NULL, NULL, NULL, NULL, NULL, NULL),
(194, 4, 'ค่ายา', 'Premium Royal Jelly', '99858.08', 112, '891.59', '891.59', NULL, NULL, NULL, '1', NULL, NULL, NULL, NULL, NULL, NULL, NULL, NULL, NULL, NULL, NULL, NULL, NULL, NULL, NULL, NULL, NULL, NULL),
(195, 4, 'ค่ายา', 'Gonal F 450 IU', '28125.00', 5, '5625.00', '5625.00', NULL, NULL, NULL, '1', NULL, NULL, NULL, NULL, NULL, NULL, NULL, NULL, NULL, NULL, NULL, NULL, NULL, NULL, NULL, NULL, NULL, NULL),
(196, 4, 'ค่ายา', 'Xylocaine Jelly 2%30 gm', '2394.00', 18, '133.00', '133.00', NULL, NULL, NULL, '1', NULL, NULL, NULL, NULL, NULL, NULL, NULL, NULL, NULL, NULL, NULL, NULL, NULL, NULL, NULL, NULL, NULL, NULL),
(197, 4, 'ค่ายา', 'Tractocile inj.7.5 mg/ml', '26400.00', 6, '4400.00', '4400.00', NULL, NULL, NULL, '1', NULL, NULL, NULL, NULL, NULL, NULL, NULL, NULL, NULL, NULL, NULL, NULL, NULL, NULL, NULL, NULL, NULL, NULL),
(199, 4, 'ค่ายา', 'Xylocaine 2% w adrenaline', '1749.00', 3, '583.00', '583.00', NULL, NULL, NULL, '1', NULL, NULL, NULL, NULL, NULL, NULL, NULL, NULL, NULL, NULL, NULL, NULL, NULL, NULL, NULL, NULL, NULL, NULL),
(200, 4, 'ค่ายา', 'Intralipid 20% 100ml', '339296.00', 736, '461.00', '461.00', NULL, NULL, NULL, '1', NULL, NULL, NULL, NULL, NULL, NULL, NULL, NULL, NULL, NULL, NULL, NULL, NULL, NULL, NULL, NULL, NULL, NULL),
(201, 4, 'ค่ายา', 'Ceftrex 1 g', '1087.80', 30, '36.26', '36.26', NULL, NULL, NULL, '1', NULL, NULL, NULL, NULL, NULL, NULL, NULL, NULL, NULL, NULL, NULL, NULL, NULL, NULL, NULL, NULL, NULL, NULL),
(202, 4, 'ค่ายา', 'Aspent-M ', '275.50', 1, '275.50', '275.50', 0, 0, NULL, '1', NULL, NULL, NULL, NULL, NULL, NULL, NULL, NULL, NULL, NULL, NULL, NULL, NULL, NULL, NULL, NULL, NULL, NULL),
(203, 4, 'ค่ายา', 'Kamillosan-M', '535.80', 4, '133.95', '133.95', 122, 4, NULL, '1', NULL, NULL, NULL, NULL, NULL, NULL, NULL, NULL, NULL, NULL, NULL, NULL, NULL, NULL, NULL, NULL, NULL, NULL),
(204, 4, 'ค่ายา', 'Viagra tablet 50 mg(Sidegra)', '299.05', 5, '59.81', '59.81', NULL, NULL, NULL, '1', NULL, NULL, NULL, NULL, NULL, NULL, NULL, NULL, NULL, NULL, NULL, NULL, NULL, NULL, NULL, NULL, NULL, NULL),
(205, 4, 'ค่ายา', 'Albutein 20%x50ml', '1463000.00', 1120, '1300.00', '1306.25', NULL, NULL, NULL, '1', NULL, NULL, NULL, NULL, NULL, NULL, NULL, NULL, NULL, NULL, NULL, NULL, NULL, NULL, NULL, NULL, NULL, NULL),
(206, 4, 'ค่ายา', 'Propofol-Lipuro 1% 50ml', '320000.00', 1600, '200.00', '200.00', NULL, NULL, NULL, '1', NULL, NULL, NULL, NULL, NULL, NULL, NULL, NULL, NULL, NULL, NULL, NULL, NULL, NULL, NULL, NULL, NULL, NULL),
(208, 4, 'ค่ายา', 'Metrolex 400mg', '225.40', 2, '112.70', '112.70', NULL, NULL, NULL, '1', NULL, NULL, NULL, NULL, NULL, NULL, NULL, NULL, NULL, NULL, NULL, NULL, NULL, NULL, NULL, NULL, NULL, NULL),
(209, 2, 'ค่าเวชภัณฑ์', '9200 Avagard Sol.', '2000.00', 2, '1000.00', '1000.00', NULL, NULL, NULL, '1', NULL, NULL, NULL, NULL, NULL, NULL, NULL, NULL, NULL, NULL, NULL, NULL, NULL, NULL, NULL, NULL, NULL, NULL),
(210, 4, 'ค่ายา', 'แคล-ออส พลัส ดี ', '0.00', 1, '0.00', '0.00', NULL, NULL, NULL, '1', NULL, NULL, NULL, NULL, NULL, NULL, NULL, NULL, NULL, NULL, NULL, NULL, NULL, NULL, NULL, NULL, NULL, NULL),
(211, 4, 'ค่ายา', 'Cyclo-Progynova', '25600.00', 167, '160.00', '153.29', 211, 0, NULL, '1', NULL, NULL, NULL, NULL, NULL, NULL, NULL, NULL, NULL, NULL, NULL, NULL, NULL, NULL, NULL, NULL, NULL, NULL),
(212, 4, 'ค่ายา', 'Plasil(Seapcosil) tablet', '0.00', 0, '145.00', '0.00', 212, 0, NULL, '1', NULL, NULL, NULL, NULL, NULL, NULL, NULL, NULL, NULL, NULL, NULL, NULL, NULL, NULL, NULL, NULL, NULL, NULL),
(213, 4, 'ค่ายา', 'Folic acid 5 mg', '0.00', 2, '0.00', '0.00', NULL, NULL, NULL, '1', NULL, NULL, NULL, NULL, NULL, NULL, NULL, NULL, NULL, NULL, NULL, NULL, NULL, NULL, NULL, NULL, NULL, NULL),
(214, 4, 'ค่ายา', 'Folic acid (100x10 tablets)', '0.00', 9, '0.00', '0.00', NULL, NULL, NULL, '1', NULL, NULL, NULL, NULL, NULL, NULL, NULL, NULL, NULL, NULL, NULL, NULL, NULL, NULL, NULL, NULL, NULL, NULL),
(215, 4, 'ค่ายา', 'Cyclogest 400 Pessaries', '8200.00', 10, '820.00', '820.00', NULL, NULL, NULL, '1', NULL, NULL, NULL, NULL, NULL, NULL, NULL, NULL, NULL, NULL, NULL, NULL, NULL, NULL, NULL, NULL, NULL, NULL),
(216, 4, 'ค่ายา', 'CEREBRUM COMPOS.2.2 ml', '3000.00', 1, '3000.00', '3000.00', NULL, NULL, NULL, '1', NULL, NULL, NULL, NULL, NULL, NULL, NULL, NULL, NULL, NULL, NULL, NULL, NULL, NULL, NULL, NULL, NULL, NULL),
(217, 4, 'ค่ายา', 'THALAMUS COMPOS.2.2 ml', '3000.00', 1, '3000.00', '3000.00', NULL, NULL, NULL, '1', NULL, NULL, NULL, NULL, NULL, NULL, NULL, NULL, NULL, NULL, NULL, NULL, NULL, NULL, NULL, NULL, NULL, NULL),
(218, 4, 'ค่ายา', 'COENZYME COMPOS.2.2 ml', '2500.00', 1, '2500.00', '2500.00', NULL, NULL, NULL, '1', NULL, NULL, NULL, NULL, NULL, NULL, NULL, NULL, NULL, NULL, NULL, NULL, NULL, NULL, NULL, NULL, NULL, NULL),
(219, 4, 'ค่ายา', 'UBICHINON COMPOS.2.2 ml', '2500.00', 1, '2500.00', '2500.00', NULL, NULL, NULL, '1', NULL, NULL, NULL, NULL, NULL, NULL, NULL, NULL, NULL, NULL, NULL, NULL, NULL, NULL, NULL, NULL, NULL, NULL),
(220, 4, 'ค่ายา', 'MIRACELE REVITALIZATION', '128000.00', 8, '16000.00', '16000.00', NULL, NULL, NULL, '1', NULL, NULL, NULL, NULL, NULL, NULL, NULL, NULL, NULL, NULL, NULL, NULL, NULL, NULL, NULL, NULL, NULL, NULL),
(221, 4, 'ค่ายา', 'Predsomed 5 mg(100x10\'s)', '8800.00', 22, '400.00', '400.00', NULL, NULL, NULL, '1', NULL, NULL, NULL, NULL, NULL, NULL, NULL, NULL, NULL, NULL, NULL, NULL, NULL, NULL, NULL, NULL, NULL, NULL),
(222, 4, 'ค่ายา', 'Dynastat', '0.00', 0, '1123.50', '0.00', 213, 0, NULL, '1', NULL, NULL, NULL, NULL, NULL, NULL, NULL, NULL, NULL, NULL, NULL, NULL, NULL, NULL, NULL, NULL, NULL, NULL),
(223, 4, 'ค่ายา', 'Oestrodose', '0.00', 0, '480.00', '0.00', NULL, NULL, NULL, '1', NULL, NULL, NULL, NULL, NULL, NULL, NULL, NULL, NULL, NULL, NULL, NULL, NULL, NULL, NULL, NULL, NULL, NULL),
(224, 4, 'ค่ายา', '์Neuviplex', '0.00', 7, '0.00', '0.00', NULL, NULL, NULL, '1', NULL, NULL, NULL, NULL, NULL, NULL, NULL, NULL, NULL, NULL, NULL, NULL, NULL, NULL, NULL, NULL, NULL, NULL),
(225, 4, 'ค่ายา', 'Intralipid 20% 250 ml', '11640.00', 20, '582.00', '582.00', NULL, NULL, NULL, '1', NULL, NULL, NULL, NULL, NULL, NULL, NULL, NULL, NULL, NULL, NULL, NULL, NULL, NULL, NULL, NULL, NULL, NULL),
(226, 4, 'ค่ายา', 'Onsia 4 mg (Blister)', '0.00', 2, '0.00', '0.00', NULL, NULL, NULL, '1', NULL, NULL, NULL, NULL, NULL, NULL, NULL, NULL, NULL, NULL, NULL, NULL, NULL, NULL, NULL, NULL, NULL, NULL),
(227, 4, 'ค่ายา', 'Cavumox 625 mg', '0.00', 3, '0.00', '0.00', NULL, NULL, NULL, '1', NULL, NULL, NULL, NULL, NULL, NULL, NULL, NULL, NULL, NULL, NULL, NULL, NULL, NULL, NULL, NULL, NULL, NULL),
(228, 4, 'ค่ายา', 'B-Aspirin ectab 81 mg(Yellow)', '4299.00', 20, '214.95', '214.95', NULL, NULL, NULL, '1', NULL, NULL, NULL, NULL, NULL, NULL, NULL, NULL, NULL, NULL, NULL, NULL, NULL, NULL, NULL, NULL, NULL, NULL),
(229, 4, 'ค่ายา', 'Decapeptyl 0.1 mg', '0.00', 0, '7000.00', '0.00', NULL, NULL, NULL, '1', NULL, NULL, NULL, NULL, NULL, NULL, NULL, NULL, NULL, NULL, NULL, NULL, NULL, NULL, NULL, NULL, NULL, NULL),
(230, 4, 'ค่ายา', 'Dixocillin 500 mg', '0.00', 1, '0.00', '0.00', NULL, NULL, NULL, '1', NULL, NULL, NULL, NULL, NULL, NULL, NULL, NULL, NULL, NULL, NULL, NULL, NULL, NULL, NULL, NULL, NULL, NULL),
(231, 4, 'ค่ายา', 'Norxacin 400 mg', '0.00', 1, '0.00', '0.00', NULL, NULL, NULL, '1', NULL, NULL, NULL, NULL, NULL, NULL, NULL, NULL, NULL, NULL, NULL, NULL, NULL, NULL, NULL, NULL, NULL, NULL),
(232, 4, 'ค่ายา', 'Rosil 300 mg', '0.00', 1, '0.00', '0.00', NULL, NULL, NULL, '1', NULL, NULL, NULL, NULL, NULL, NULL, NULL, NULL, NULL, NULL, NULL, NULL, NULL, NULL, NULL, NULL, NULL, NULL),
(233, 26, NULL, 'test', '0.00', 0, '0.00', '0.00', NULL, NULL, '', '1', '', '', NULL, NULL, '2.00', '4.00', '5.00', '1.00', 40100001, '3', NULL, NULL, '2019-03-12 00:33:10', NULL, NULL, NULL, NULL, NULL);

-- --------------------------------------------------------

--
-- Table structure for table `ItemType`
--

CREATE TABLE `ItemType` (
  `id` int(11) NOT NULL,
  `item_type` varchar(255) NOT NULL
) ENGINE=InnoDB DEFAULT CHARSET=utf8;

--
-- Dumping data for table `ItemType`
--

INSERT INTO `ItemType` (`id`, `item_type`) VALUES
(1, 'ค่าเครื่องเขียนแบบพิมพ์'),
(2, 'ค่าเวชภัณฑ์'),
(3, 'ค่าโทรศัพท์'),
(4, 'ค่ายา'),
(10, 'ค่าเช่าสำนักงาน'),
(11, 'ค่าจ้างและบริการ'),
(12, 'ค่าใช้จ่ายในการเดินทาง'),
(13, 'ค่าใช้จ่ายเบ็ดเตล็ด'),
(18, 'ค่าน้ำประปา'),
(22, 'ค่าอุปกรณ์สำนักงาน'),
(25, 'ค่ารักษาพยาบาล'),
(26, 'ค่าน้ำประปา'),
(27, 'ค่าไฟฟ้า'),
(28, 'ค่าส่วนกลางสำนักงาน'),
(29, 'ค่าจ้างแพทย์'),
(30, 'เงินเดือน'),
(31, 'ค่าใช้จ่ายคอมพิวเตอร์');

-- --------------------------------------------------------

--
-- Table structure for table `JobConsulting`
--

CREATE TABLE `JobConsulting` (
  `VN` bigint(11) NOT NULL,
  `CID` int(11) DEFAULT NULL,
  `CName` varchar(250) COLLATE utf8_unicode_ci DEFAULT NULL,
  `Date` date DEFAULT NULL,
  `Status` int(11) DEFAULT NULL
) ENGINE=MyISAM DEFAULT CHARSET=utf8 COLLATE=utf8_unicode_ci;

-- --------------------------------------------------------

--
-- Table structure for table `JobDoctor`
--

CREATE TABLE `JobDoctor` (
  `VN` bigint(11) NOT NULL,
  `DID` int(11) DEFAULT NULL,
  `DName` varchar(250) COLLATE utf8_unicode_ci DEFAULT NULL,
  `Date` date DEFAULT NULL,
  `Status` int(11) DEFAULT NULL
) ENGINE=MyISAM DEFAULT CHARSET=utf8 COLLATE=utf8_unicode_ci;

-- --------------------------------------------------------

--
-- Table structure for table `JobFETEmDev`
--

CREATE TABLE `JobFETEmDev` (
  `EmDevID` int(11) NOT NULL,
  `JobLabDetailID` int(11) NOT NULL,
  `Date` date DEFAULT NULL,
  `Time` varchar(20) DEFAULT NULL,
  `Day` int(11) DEFAULT NULL
) ENGINE=InnoDB DEFAULT CHARSET=utf8;

-- --------------------------------------------------------

--
-- Table structure for table `JobFETEmDevNo`
--

CREATE TABLE `JobFETEmDevNo` (
  `ID` int(11) NOT NULL,
  `JobLabDetailID` int(11) NOT NULL,
  `EmDevID` int(11) NOT NULL,
  `DevNo` int(11) NOT NULL,
  `DevDetail` varchar(255) DEFAULT NULL,
  `DevPhotoDetail` varchar(255) DEFAULT NULL,
  `Filename` varchar(255) DEFAULT NULL
) ENGINE=InnoDB DEFAULT CHARSET=utf8;

-- --------------------------------------------------------

--
-- Table structure for table `JobFETEmET`
--

CREATE TABLE `JobFETEmET` (
  `JobLabDetailID` int(11) NOT NULL,
  `NoOfET` varchar(255) DEFAULT NULL,
  `Date` date DEFAULT NULL,
  `Time` varchar(20) DEFAULT NULL,
  `Day` varchar(255) DEFAULT NULL,
  `AssistHatching` varchar(255) DEFAULT NULL,
  `ETVolume` varchar(255) DEFAULT NULL,
  `ETCatheter` varchar(255) DEFAULT NULL,
  `ETDoctorID` int(11) DEFAULT NULL,
  `ETDoctor` varchar(255) DEFAULT NULL,
  `ETEmgistID` int(11) DEFAULT NULL,
  `ETEmgist` varchar(255) DEFAULT NULL,
  `NoOfTransfer` varchar(255) DEFAULT NULL,
  `NoOfFreeze` varchar(255) DEFAULT NULL,
  `NoOfDiscard` varchar(255) DEFAULT NULL,
  `EmgistReportID` int(11) DEFAULT NULL,
  `EmgistReport` varchar(255) DEFAULT NULL,
  `EmgistApprvID` int(11) DEFAULT NULL,
  `EmgistApprv` varchar(255) DEFAULT NULL,
  `Remark` varchar(255) DEFAULT NULL
) ENGINE=InnoDB DEFAULT CHARSET=utf8;

-- --------------------------------------------------------

--
-- Table structure for table `JobFETEmThaw`
--

CREATE TABLE `JobFETEmThaw` (
  `JobLabDetailID` int(11) NOT NULL,
  `DateOfFreeze` date DEFAULT NULL,
  `TimeOfFreeze` varchar(20) DEFAULT NULL,
  `NoOfFreeze` varchar(255) DEFAULT NULL,
  `StageOfFreeze` varchar(255) DEFAULT NULL,
  `DateOfThaw` date DEFAULT NULL,
  `TimeOfThaw` varchar(20) DEFAULT NULL,
  `NoOfThaw` varchar(255) DEFAULT NULL,
  `NoOfSurvival` varchar(255) DEFAULT NULL,
  `NoOfRemaining` varchar(255) DEFAULT NULL,
  `ThawMedia` varchar(255) DEFAULT NULL,
  `LotNo` varchar(255) DEFAULT NULL,
  `Exp` varchar(255) DEFAULT NULL
) ENGINE=InnoDB DEFAULT CHARSET=utf8;

-- --------------------------------------------------------

--
-- Table structure for table `JobLab`
--

CREATE TABLE `JobLab` (
  `VN` bigint(20) NOT NULL,
  `Status` int(11) DEFAULT NULL,
  `Include_Pkg_Price` decimal(10,2) DEFAULT NULL,
  `Extra_Pkg_Price` decimal(10,2) DEFAULT NULL,
  `Total_Price` decimal(10,2) DEFAULT NULL,
  `Date` date DEFAULT NULL,
  `PID` bigint(20) DEFAULT NULL,
  `PIDS` varchar(250) COLLATE utf8_unicode_ci DEFAULT NULL
) ENGINE=MyISAM DEFAULT CHARSET=utf8 COLLATE=utf8_unicode_ci;

--
-- Dumping data for table `JobLab`
--

INSERT INTO `JobLab` (`VN`, `Status`, `Include_Pkg_Price`, `Extra_Pkg_Price`, `Total_Price`, `Date`, `PID`, `PIDS`) VALUES
(2019012, 114, '15000.00', '154600.00', '169600.00', '2019-03-21', 20190014, 'HN-90014/62'),
(2019009, 114, '112200.00', '43000.00', '155200.00', '2019-03-21', 20190014, 'HN-90014/62'),
(2019011, 114, '62800.00', '74000.00', '136800.00', '2019-03-21', 20190010, 'HN-90010/62'),
(2019001, 114, NULL, NULL, NULL, '2019-03-21', 20190004, 'HN-90004/62'),
(2019010, 114, NULL, NULL, NULL, '2019-03-22', 20190015, 'HN-90015/62'),
(2019014, 114, NULL, NULL, NULL, '2019-03-22', 20190016, 'HN-90016/62'),
(20190323004, 114, '0.00', '0.00', '0.00', '2019-03-23', 20190019, 'HN-90019/62'),
(2019005, 114, '0.00', '0.00', '0.00', '2019-03-24', 20190011, 'HN-90011/62'),
(20190325002, 114, '0.00', '93500.00', '93500.00', '2019-04-19', 20190013, 'HN-90013/62'),
(20190328001, 114, '0.00', '21400.00', '21400.00', '2019-04-19', 20190012, 'HN-90012/62'),
(20190328002, 114, NULL, NULL, NULL, '2019-04-19', 20190014, 'HN-90014/62'),
(20190325006, 114, NULL, NULL, NULL, '2019-04-19', 20190019, 'HN-90019/62'),
(20190324004, 114, '0.00', '6000.00', '6000.00', '2019-04-19', 20190022, 'HN-90022/62'),
(20190324003, 114, NULL, NULL, NULL, '2019-04-19', 20190022, 'HN-90022/62'),
(2019020, 114, NULL, NULL, NULL, '2019-04-19', 20190018, 'HN-90018/62'),
(20190423001, 114, '0.00', '28000.00', '28000.00', '2019-04-23', 20190001, 'HN-90001/62');

-- --------------------------------------------------------

--
-- Table structure for table `JobLabDetail`
--

CREATE TABLE `JobLabDetail` (
  `ID` int(11) NOT NULL,
  `VN` bigint(20) DEFAULT NULL,
  `LID` int(11) DEFAULT NULL,
  `Extra` tinyint(4) DEFAULT '1',
  `Price` decimal(10,2) DEFAULT NULL,
  `Status` tinyint(4) DEFAULT NULL,
  `PID` bigint(20) DEFAULT NULL,
  `PIDS` varchar(250) COLLATE utf8_unicode_ci DEFAULT NULL,
  `LName` varchar(250) COLLATE utf8_unicode_ci DEFAULT NULL,
  `SP1V` varchar(255) COLLATE utf8_unicode_ci DEFAULT NULL,
  `SP2V` varchar(255) COLLATE utf8_unicode_ci DEFAULT NULL,
  `SP3V` varchar(255) COLLATE utf8_unicode_ci DEFAULT NULL,
  `SP4V` varchar(255) COLLATE utf8_unicode_ci DEFAULT NULL,
  `SP5V` varchar(255) COLLATE utf8_unicode_ci DEFAULT NULL,
  `SP6V` varchar(255) COLLATE utf8_unicode_ci DEFAULT NULL,
  `SP7V` varchar(255) COLLATE utf8_unicode_ci DEFAULT NULL,
  `SubItem` int(11) DEFAULT NULL,
  `FileName` varchar(250) COLLATE utf8_unicode_ci DEFAULT NULL,
  `Worker1` varchar(40) COLLATE utf8_unicode_ci DEFAULT NULL,
  `Worker2` varchar(40) COLLATE utf8_unicode_ci DEFAULT NULL,
  `Worker3` varchar(40) COLLATE utf8_unicode_ci DEFAULT NULL,
  `Worker4` varchar(40) COLLATE utf8_unicode_ci DEFAULT NULL,
  `LGID` int(11) DEFAULT NULL,
  `QTY` int(11) DEFAULT '1',
  `active` varchar(45) COLLATE utf8_unicode_ci DEFAULT '1',
  `row1` int(11) DEFAULT NULL
) ENGINE=MyISAM DEFAULT CHARSET=utf8 COLLATE=utf8_unicode_ci;

--
-- Dumping data for table `JobLabDetail`
--

INSERT INTO `JobLabDetail` (`ID`, `VN`, `LID`, `Extra`, `Price`, `Status`, `PID`, `PIDS`, `LName`, `SP1V`, `SP2V`, `SP3V`, `SP4V`, `SP5V`, `SP6V`, `SP7V`, `SubItem`, `FileName`, `Worker1`, `Worker2`, `Worker3`, `Worker4`, `LGID`, `QTY`, `active`, `row1`) VALUES
(95537, 2019009, 96, 0, '1000.00', 1, 20190014, 'HN-90014/62', 'ANA (ANF,FANA)', '', '', '', '', '', '', '', NULL, '', 'NULL', 'NULL', 'NULL', 'NULL', 1, 1, '1', 3),
(95536, 2019009, 10, 1, '3000.00', 1, 20190014, 'HN-90014/62', 'AMH', '', '', '', '', '', '', '', NULL, '', '104', '104', '104', '104', 1, 1, '1', 1),
(95535, 2019012, 142, 1, '2800.00', 1, 20190014, 'HN-90014/62', 'Anti Cardiolipin Ab(IgG,IgM)', '', '', '', '', '', '', '', NULL, '', 'NULL', 'NULL', 'NULL', 'NULL', 1, 1, '1', 6),
(95534, 2019012, 144, 1, '1400.00', 1, 20190014, 'HN-90014/62', 'Anti Cardiolipin Ab IgM', '', '', '', '', '', '', '', NULL, '', 'NULL', 'NULL', 'NULL', 'NULL', 1, 1, '1', 5),
(95533, 2019012, 143, 1, '1400.00', 1, 20190014, 'HN-90014/62', 'Anti Cardiolipin Ab IgG', '', '', '', '', '', '', '', NULL, '', 'NULL', 'NULL', 'NULL', 'NULL', 1, 1, '1', 4),
(95532, 2019012, 96, 1, '1000.00', 1, 20190014, 'HN-90014/62', 'ANA (ANF,FANA)', '', '', '', '', '', '', '', NULL, '', 'NULL', 'NULL', 'NULL', 'NULL', 1, 1, '1', 3),
(95531, 2019012, 10, 1, '3000.00', 1, 20190014, 'HN-90014/62', 'AMH', '', '', '', '', '', '', '', NULL, '', '104', '104', '104', '104', 1, 1, '1', 1),
(95538, 2019009, 44, 1, '15000.00', 1, 20190014, 'HN-90014/62', 'HA Assist sperm selection', '', '', '', '', '', '', '', NULL, '', 'NULL', 'NULL', 'NULL', 'NULL', 3, 1, '1', 4),
(95539, 2019009, 174, 0, '10000.00', 1, 20190014, 'HN-90014/62', 'Handling for Embryologist (HIV)', '', '', '', '', '', '', '', NULL, '', 'NULL', 'NULL', 'NULL', 'NULL', 3, 3, '1', 5),
(95540, 2019009, 48, 1, '10000.00', 1, 20190014, 'HN-90014/62', 'Embryo Glue', '', '', '', '', '', '', '', NULL, '', 'NULL', 'NULL', 'NULL', 'NULL', 4, 1, '1', 6),
(95541, 2019009, 103, 0, '1200.00', 1, 20190014, 'HN-90014/62', 'Embryo Storage per Embryo per Year', '', '', '', '', '', '', '', NULL, '', 'NULL', 'NULL', 'NULL', 'NULL', 4, 1, '1', 7),
(95542, 2019009, 42, 1, '15000.00', 1, 20190014, 'HN-90014/62', 'a-CGH Extra per Embryo', '', '', '', '', '', '', '', NULL, '', 'NULL', 'NULL', 'NULL', 'NULL', 5, 2, '1', 8),
(95543, 2019009, 24, 0, '100000.00', 1, 20190014, 'HN-90014/62', 'PGD(10embryos)', '', '', '', '', '', '', '', NULL, '', '104', '104', '104', '104', 5, 3, '1', 9),
(95544, 2019011, 10, 1, '3000.00', 1, 20190010, 'HN-90010/62', 'AMH', '', '', '', '', '', '', '', NULL, '', '104', '104', '104', '104', 1, 1, '1', 1),
(95545, 2019011, 96, 1, '1000.00', 1, 20190010, 'HN-90010/62', 'ANA (ANF,FANA)', '', '', '', '', '', '', '', NULL, '', 'NULL', 'NULL', 'NULL', 'NULL', 1, 1, '1', 3),
(95546, 2019011, 143, 0, '1400.00', 1, 20190010, 'HN-90010/62', 'Anti Cardiolipin Ab IgG', '', '', '', '', '', '', '', NULL, '', 'NULL', 'NULL', 'NULL', 'NULL', 1, 3, '1', 4),
(95547, 2019011, 144, 0, '1400.00', 1, 20190010, 'HN-90010/62', 'Anti Cardiolipin Ab IgM', '', '', '', '', '', '', '', NULL, '', 'NULL', 'NULL', 'NULL', 'NULL', 1, 2, '1', 5),
(95548, 2019011, 178, 1, '70000.00', 1, 20190010, 'HN-90010/62', 'Seperate Tank for HIV', '', '', '', '', '', '', '', NULL, '', 'NULL', 'NULL', 'NULL', 'NULL', 3, 1, '1', 6),
(95549, 2019011, 22, 0, '50000.00', 1, 20190010, 'HN-90010/62', 'FET', '', '', '', '', '', '', '', NULL, '', '104', '104', '104', '104', 4, 3, '1', 7),
(95550, 2019011, 59, 0, '10000.00', 1, 20190010, 'HN-90010/62', 'PGD Extra per Embryo', '', '', '', '', '', '', '', NULL, '', 'NULL', 'NULL', 'NULL', 'NULL', 5, 1, '1', 8),
(95556, 2019010, 142, 1, '2800.00', 1, 20190015, 'HN-90015/62', 'Anti Cardiolipin Ab(IgG,IgM)', '', '', '', '', '', '', '', NULL, '', 'NULL', 'NULL', 'NULL', 'NULL', 1, 1, '1', 1),
(95555, 2019012, 22, 1, '50000.00', 1, 20190014, 'HN-90014/62', 'FET', '', '', '', '', '', '', '', NULL, '', '104', '104', '104', '104', 4, 1, '1', 11),
(95557, 2019010, 144, 1, '1400.00', 1, 20190015, 'HN-90015/62', 'Anti Cardiolipin Ab IgM', '', '', '', '', '', '', '', NULL, '', 'NULL', 'NULL', 'NULL', 'NULL', 1, 1, '1', 4),
(95558, 2019010, 169, 1, '1000.00', 1, 20190015, 'HN-90015/62', 'Anti-HAV Igm', '', '', '', '', '', '', '', NULL, '', 'NULL', 'NULL', 'NULL', 'NULL', 1, 1, '1', 3),
(95559, 2019010, 141, 1, '1000.00', 1, 20190015, 'HN-90015/62', 'Anti-Thyroglobulin(Anti-Tg)', '', '', '', '', '', '', '', NULL, '', 'NULL', 'NULL', 'NULL', 'NULL', 1, 3, '1', 6),
(95560, 2019010, 167, 1, '5000.00', 1, 20190015, 'HN-90015/62', 'Sperm Analysis (HIV)', '', '', '', '', '', '', '', NULL, '', 'NULL', 'NULL', 'NULL', 'NULL', 3, 1, '1', 6),
(95561, 20190325006, 165, 0, '1500.00', 1, 20190019, 'HN-90019/62', 'Anti Cardiolipin lgA', '', '', '', '', '', '', '', NULL, '', 'NULL', 'NULL', 'NULL', 'NULL', 1, 1, '1', 4),
(95562, 2019000, 96, 1, '1000.00', 1, 0, 'HN-90003/62', 'ANA (ANF,FANA)', '', '', '', '', '', '', '', NULL, '', 'NULL', 'NULL', 'NULL', 'NULL', 1, 1, '1', 7),
(95563, 2019000, 96, 0, '1000.00', 1, 0, 'HN-90003/62', 'ANA (ANF,FANA)', '', '', '', '', '', '', '', NULL, '', 'NULL', 'NULL', 'NULL', 'NULL', 1, 2, '1', 8),
(95564, 20190328001, 142, 1, '2800.00', 1, 20190012, 'HN-90012/62', 'Anti Cardiolipin Ab(IgG,IgM)', '', '', '', '', '', '', '', NULL, '', 'NULL', 'NULL', 'NULL', 'NULL', 1, 1, '1', 1),
(95565, 20190328001, 142, 1, '2800.00', 1, 20190012, 'HN-90012/62', 'Anti Cardiolipin Ab(IgG,IgM)', '', '', '', '', '', '', '', NULL, '', 'NULL', 'NULL', 'NULL', 'NULL', 1, 2, '1', 2),
(95566, 20190328001, 142, 1, '2800.00', 1, 20190012, 'HN-90012/62', 'Anti Cardiolipin Ab(IgG,IgM)', '', '', '', '', '', '', '', NULL, '', 'NULL', 'NULL', 'NULL', 'NULL', 1, 2, '1', 3),
(95567, 20190328001, 165, 1, '1500.00', 1, 20190012, 'HN-90012/62', 'Anti Cardiolipin lgA', '', '', '', '', '', '', '', NULL, '', 'NULL', 'NULL', 'NULL', 'NULL', 1, 1, '1', 4),
(95568, 20190328001, 165, 1, '1500.00', 1, 20190012, 'HN-90012/62', 'Anti Cardiolipin lgA', '', '', '', '', '', '', '', NULL, '', 'NULL', 'NULL', 'NULL', 'NULL', 1, 1, '1', 5),
(95569, 20190328001, 165, 1, '1500.00', 1, 20190012, 'HN-90012/62', 'Anti Cardiolipin lgA', '', '', '', '', '', '', '', NULL, '', 'NULL', 'NULL', 'NULL', 'NULL', 1, 1, '1', 6),
(95570, 20190328001, 165, 1, '1500.00', 1, 20190012, 'HN-90012/62', 'Anti Cardiolipin lgA', '', '', '', '', '', '', '', NULL, '', 'NULL', 'NULL', 'NULL', 'NULL', 1, 1, '1', 7),
(95571, 20190328001, 165, 1, '1500.00', 1, 20190012, 'HN-90012/62', 'Anti Cardiolipin lgA', '', '', '', '', '', '', '', NULL, '', 'NULL', 'NULL', 'NULL', 'NULL', 1, 1, '1', 8),
(95572, 20190328001, 165, 1, '1500.00', 1, 20190012, 'HN-90012/62', 'Anti Cardiolipin lgA', '', '', '', '', '', '', '', NULL, '', 'NULL', 'NULL', 'NULL', 'NULL', 1, 1, '1', 9),
(95573, 20190324004, 39, 1, '2000.00', 1, 20190022, 'HN-90022/62', 'Freezing : Extra per straw', '', '', '', '', '', '', '', NULL, '', 'NULL', 'NULL', 'NULL', 'NULL', 4, 1, '1', 1),
(95574, 20190324004, 39, 1, '2000.00', 1, 20190022, 'HN-90022/62', 'Freezing : Extra per straw', '', '', '', '', '', '', '', NULL, '', 'NULL', 'NULL', 'NULL', 'NULL', 4, 1, '1', 2),
(95575, 20190324004, 62, 1, '2000.00', 1, 20190022, 'HN-90022/62', 'Freezing Embryo/Oocyte per straw', '', '', '', '', '', '', '', NULL, '', 'NULL', 'NULL', 'NULL', 'NULL', 4, 1, '1', 3),
(95576, 20190328001, 10, 1, '3000.00', 1, 20190012, 'HN-90012/62', 'AMH', '', '', '', '', '', '', '', NULL, '', '104', '104', '104', '104', 1, 2, '1', 10),
(95577, 20190328001, 96, 1, '1000.00', 1, 20190012, 'HN-90012/62', 'ANA (ANF,FANA)', '', '', '', '', '', '', '', NULL, '', 'NULL', 'NULL', 'NULL', 'NULL', 1, 3, '1', 11),
(95578, 20190325002, 168, 1, '1000.00', 1, 20190013, 'HN-90013/62', 'Anti-HAV', '', '', '', '', '', '', '', NULL, '', 'NULL', 'NULL', 'NULL', 'NULL', 1, 1, '1', 2),
(95579, 20190325002, 33, 1, '70000.00', 1, 20190013, 'HN-90013/62', 'FET with Assisted Hatching', '', '', '', '', '', '', '', NULL, '', 'NULL', 'NULL', 'NULL', 'NULL', 4, 1, '1', 3),
(95580, 20190325002, 59, 1, '10000.00', 1, 20190013, 'HN-90013/62', 'PGD Extra per Embryo', '', '', '', '', '', '', '', NULL, '', 'NULL', 'NULL', 'NULL', 'NULL', 5, 1, '1', 4),
(95581, 20190325002, 172, 1, '12000.00', 1, 20190013, 'HN-90013/62', 'NGS extra per embryo', '', '', '', '', '', '', '', NULL, '', 'NULL', 'NULL', 'NULL', 'NULL', 5, 1, '1', 5),
(95582, 20190325002, 115, 1, '500.00', 1, 20190013, 'HN-90013/62', 'Electrolyte', '', '', '', '', '', '', '', NULL, '', 'NULL', 'NULL', 'NULL', 'NULL', 1, 1, '1', 6),
(95583, 20190325006, 57, 1, '0.00', 1, 20190019, 'HN-90019/62', '', '', '', '', '', '', '', '', NULL, '', '', '', '', '', 0, 1, '1', 4),
(95584, 20190325006, 172, 1, '12000.00', 1, 20190019, 'HN-90019/62', 'NGS extra per embryo', '', '', '', '', '', '', '', NULL, '', 'NULL', 'NULL', 'NULL', 'NULL', 5, 1, '1', 5),
(95585, 20190325006, 21, 1, '15000.00', 1, 20190019, 'HN-90019/62', 'Embryo-Fresh cycle', '', '', '', '', '', '', '', NULL, '', '104', '104', '104', '104', 4, 1, '1', 6),
(95586, 20190325006, 40, 1, '0.00', 1, 20190019, 'HN-90019/62', '', '', '', '', '', '', '', '', NULL, '', '', '', '', '', 0, 1, '1', 7),
(95587, 20190325006, 62, 1, '2000.00', 1, 20190019, 'HN-90019/62', 'Freezing Embryo/Oocyte per straw', '', '', '', '', '', '', '', NULL, '', 'NULL', 'NULL', 'NULL', 'NULL', 4, 1, '1', 8),
(95588, 20190325006, 115, 1, '500.00', 1, 20190019, 'HN-90019/62', 'Electrolyte', '', '', '', '', '', '', '', NULL, '', 'NULL', 'NULL', 'NULL', 'NULL', 1, 1, '1', 9),
(95589, 20190325006, 163, 1, '1500.00', 1, 20190019, 'HN-90019/62', 'Cortisol', '', '', '', '', '', '', '', NULL, '', 'NULL', 'NULL', 'NULL', 'NULL', 1, 1, '1', 10),
(95590, 20190325006, 168, 1, '1000.00', 1, 20190019, 'HN-90019/62', 'Anti-HAV', '', '', '', '', '', '', '', NULL, '', 'NULL', 'NULL', 'NULL', 'NULL', 1, 1, '1', 11),
(95591, 20190325006, 58, 1, '3200.00', 1, 20190019, 'HN-90019/62', 'Screening (No CBC)', '', '', '', '', '', '', '', NULL, '', 'NULL', 'NULL', 'NULL', 'NULL', 1, 1, '1', 12),
(95592, 20190325006, 40, 1, '0.00', 1, 20190019, 'HN-90019/62', '', '', '', '', '', '', '', '', NULL, '', '', '', '', '', 0, 1, '1', 13),
(95593, 20190325006, 155, 1, '0.00', 1, 20190019, 'HN-90019/62', '', '', '', '', '', '', '', '', NULL, '', 'NULL', 'NULL', 'NULL', 'NULL', 1, 1, '1', 14),
(95594, 20190325006, 19, 1, '0.00', 1, 20190019, 'HN-90019/62', '', '', '', '', '', '', '', '', NULL, '', '', '', '', '', 0, 1, '1', 15),
(95595, 20190325006, 174, 1, '10000.00', 1, 20190019, 'HN-90019/62', 'Handling for Embryologist (HIV)', '', '', '', '', '', '', '', NULL, '', 'NULL', 'NULL', 'NULL', 'NULL', 3, 1, '1', 16),
(95596, 20190325006, 82, 1, '1200.00', 1, 20190019, 'HN-90019/62', 'Sperm Storage  per Straw per Year', '', '', '', '', '', '', '', NULL, '', 'NULL', 'NULL', 'NULL', 'NULL', 3, 1, '1', 17),
(95597, 20190325006, 42, 1, '15000.00', 1, 20190019, 'HN-90019/62', 'a-CGH Extra per Embryo', '', '', '', '', '', '', '', NULL, '', 'NULL', 'NULL', 'NULL', 'NULL', 5, 1, '1', 18),
(95598, 20190325006, 136, 1, '800.00', 1, 20190019, 'HN-90019/62', 'Microsomal antibody', '', '', '', '', '', '', '', NULL, '', 'NULL', 'NULL', 'NULL', 'NULL', 1, 1, '1', 19),
(95599, 20190325006, 51, 1, '500.00', 1, 20190019, 'HN-90019/62', 'Other', '', '', '', '', '', '', '', NULL, '', 'NULL', 'NULL', 'NULL', 'NULL', 1, 1, '1', 20),
(95600, 20190325006, 43, 1, '4000.00', 1, 20190019, 'HN-90019/62', 'Sperm Selection XY', '', '', '', '', '', '', '', NULL, '', 'NULL', 'NULL', 'NULL', 'NULL', 3, 1, '1', 21),
(95601, 20190325006, 23, 1, '0.00', 1, 20190019, 'HN-90019/62', '', '', '', '', '', '', '', '', NULL, '', '', '', '', '', 0, 1, '1', 22),
(95602, 2019004, 21, 1, '15000.00', 1, 20190008, 'HN-90008/62', 'Embryo-Fresh cycle', '', '', '', '', '', '', '', NULL, '', '104', '104', '104', '104', 4, 1, '1', 1),
(95603, 2019004, 21, 1, '15000.00', 1, 20190008, 'HN-90008/62', 'Embryo-Fresh cycle', '', '', '', '', '', '', '', NULL, '', '104', '104', '104', '104', 4, 1, '1', 2),
(95604, 20190423001, 10, 1, '3000.00', 1, 20190001, 'HN-90001/62', 'AMH', '', '', '', '', '', '', '', NULL, '', '104', '104', '104', '104', 1, 1, '1', 2),
(95605, 20190423001, 175, 1, '25000.00', 1, 20190001, 'HN-90001/62', 'Doctor Fee for HIV', '', '', '', '', '', '', '', NULL, '', 'NULL', 'NULL', 'NULL', 'NULL', 3, 1, '1', 3),
(95606, 2019020, 142, 1, '2800.00', 1, 20190018, 'HN-90018/62', 'Anti Cardiolipin Ab(IgG,IgM)', '', '', '', '', '', '', '', NULL, '', 'NULL', 'NULL', 'NULL', 'NULL', 1, 1, '1', 1),
(95607, 2019020, 14, 1, '1000.00', 1, 20190018, 'HN-90018/62', 'Sperm Analysis', '', '', '', '', '', '', '', NULL, '', '104', '104', '104', '104', 3, 1, '1', 2),
(95608, 2019020, 21, 1, '15000.00', 1, 20190018, 'HN-90018/62', 'Embryo-Fresh cycle', '', '', '', '', '', '', '', NULL, '', '104', '104', '104', '104', 4, 1, '1', 3),
(95609, 2019020, 181, 1, '25000.00', 1, 20190018, 'HN-90018/62', 'NGS with Thalassemia extra per embryo', '', '', '', '', '', '', '', NULL, '', 'NULL', 'NULL', 'NULL', 'NULL', 5, 1, '1', 4);

-- --------------------------------------------------------

--
-- Table structure for table `JobOPUEmDev`
--

CREATE TABLE `JobOPUEmDev` (
  `EmDevID` int(11) NOT NULL,
  `JobLabDetailID` int(11) NOT NULL,
  `Date` date DEFAULT NULL,
  `Time` varchar(20) DEFAULT NULL,
  `Day` int(11) DEFAULT NULL
) ENGINE=InnoDB DEFAULT CHARSET=utf8;

-- --------------------------------------------------------

--
-- Table structure for table `JobOPUEmDevNo`
--

CREATE TABLE `JobOPUEmDevNo` (
  `ID` int(11) NOT NULL,
  `JobLabDetailID` int(11) NOT NULL,
  `EmDevID` int(11) NOT NULL,
  `DevNo` int(11) NOT NULL,
  `DevDetail` varchar(255) DEFAULT NULL,
  `DevPhotoDetail` varchar(255) DEFAULT NULL,
  `Filename` varchar(255) DEFAULT NULL
) ENGINE=InnoDB DEFAULT CHARSET=utf8;

-- --------------------------------------------------------

--
-- Table structure for table `JobOPUEmET`
--

CREATE TABLE `JobOPUEmET` (
  `JobLabDetailID` int(11) NOT NULL,
  `NoOfET` varchar(255) DEFAULT NULL,
  `Date` date DEFAULT NULL,
  `Time` varchar(20) DEFAULT NULL,
  `Day` varchar(255) DEFAULT NULL,
  `AssistHatching` varchar(255) DEFAULT NULL,
  `ETVolume` varchar(255) DEFAULT NULL,
  `ETCatheter` varchar(255) DEFAULT NULL,
  `ETDoctorID` int(11) DEFAULT NULL,
  `ETDoctor` varchar(255) DEFAULT NULL,
  `ETEmgistID` int(11) DEFAULT NULL,
  `ETEmgist` varchar(255) DEFAULT NULL,
  `NoOfTransfer` varchar(255) DEFAULT NULL,
  `NoOfFreeze` varchar(255) DEFAULT NULL,
  `NoOfDiscard` varchar(255) DEFAULT NULL,
  `EmgistReportID` int(11) DEFAULT NULL,
  `EmgistReport` varchar(255) DEFAULT NULL,
  `EmgistApprvID` int(11) DEFAULT NULL,
  `EmgistApprv` varchar(255) DEFAULT NULL,
  `Remark` varchar(255) DEFAULT NULL
) ENGINE=InnoDB DEFAULT CHARSET=utf8;

-- --------------------------------------------------------

--
-- Table structure for table `JobOPUEmFreeze`
--

CREATE TABLE `JobOPUEmFreeze` (
  `JobLabDetailID` int(11) NOT NULL,
  `Date` date DEFAULT NULL,
  `Time` varchar(20) DEFAULT NULL,
  `Day` varchar(255) DEFAULT NULL,
  `Stage` varchar(255) DEFAULT NULL,
  `NoOfEmbryo` varchar(255) DEFAULT NULL,
  `NoOfStraw` varchar(255) DEFAULT NULL,
  `Position` varchar(255) DEFAULT NULL,
  `Method` varchar(255) DEFAULT NULL,
  `FreezeMedia` varchar(255) DEFAULT NULL
) ENGINE=InnoDB DEFAULT CHARSET=utf8;

-- --------------------------------------------------------

--
-- Table structure for table `JobOPUFertilize`
--

CREATE TABLE `JobOPUFertilize` (
  `JobLabDetailID` int(11) NOT NULL,
  `Date` date DEFAULT NULL,
  `Time` varchar(20) DEFAULT NULL,
  `PN1` varchar(255) DEFAULT NULL,
  `PN2` varchar(255) DEFAULT NULL,
  `PN3` varchar(255) DEFAULT NULL,
  `PN4` varchar(255) DEFAULT NULL,
  `NoPN` varchar(255) DEFAULT NULL,
  `Dead` varchar(255) DEFAULT NULL
) ENGINE=InnoDB DEFAULT CHARSET=utf8;

-- --------------------------------------------------------

--
-- Table structure for table `JobOPUMature`
--

CREATE TABLE `JobOPUMature` (
  `JobLabDetailID` int(11) NOT NULL,
  `NoOfOPU` varchar(255) DEFAULT NULL,
  `Date` date DEFAULT NULL,
  `Time` varchar(20) DEFAULT NULL,
  `M2` varchar(255) DEFAULT NULL,
  `M1` varchar(255) DEFAULT NULL,
  `GV` varchar(255) DEFAULT NULL,
  `PostMature` varchar(255) DEFAULT NULL,
  `Abnormal` varchar(255) DEFAULT NULL,
  `Dead` varchar(255) DEFAULT NULL
) ENGINE=InnoDB DEFAULT CHARSET=utf8;

-- --------------------------------------------------------

--
-- Table structure for table `JobOPUSpermPrep`
--

CREATE TABLE `JobOPUSpermPrep` (
  `JobLabDetailID` int(11) NOT NULL,
  `Date` date DEFAULT NULL,
  `Time` varchar(20) DEFAULT NULL,
  `Volume` varchar(255) DEFAULT NULL,
  `Count` varchar(255) DEFAULT NULL,
  `TotalCount` varchar(255) DEFAULT NULL,
  `Motile` varchar(255) DEFAULT NULL,
  `TotalMotile` varchar(255) DEFAULT NULL,
  `Motility` varchar(255) DEFAULT NULL,
  `FreshSperm` tinyint(1) DEFAULT '0',
  `FrozenSperm` tinyint(1) DEFAULT '0'
) ENGINE=InnoDB DEFAULT CHARSET=utf8;

-- --------------------------------------------------------

--
-- Table structure for table `JobPx`
--

CREATE TABLE `JobPx` (
  `VN` bigint(20) NOT NULL,
  `Status` tinyint(4) DEFAULT NULL,
  `Include_Pkg_Price` decimal(10,2) DEFAULT NULL,
  `Extra_Pkg_Price` decimal(10,2) DEFAULT NULL,
  `Total_Price` decimal(10,2) DEFAULT NULL,
  `Date` date DEFAULT NULL,
  `PID` bigint(20) DEFAULT NULL,
  `PIDS` varchar(250) COLLATE utf8_unicode_ci DEFAULT NULL
) ENGINE=MyISAM DEFAULT CHARSET=utf8 COLLATE=utf8_unicode_ci;

--
-- Dumping data for table `JobPx`
--

INSERT INTO `JobPx` (`VN`, `Status`, `Include_Pkg_Price`, `Extra_Pkg_Price`, `Total_Price`, `Date`, `PID`, `PIDS`) VALUES
(2019009, 2, '600.00', '253.00', '853.00', '2019-03-21', 20190014, 'HN-90014/62'),
(2019011, 1, NULL, NULL, NULL, '2019-03-21', 20190010, 'HN-90010/62'),
(2019006, 1, NULL, NULL, NULL, '2019-03-21', 20190011, 'HN-90011/62'),
(2019001, 1, NULL, NULL, NULL, '2019-03-21', 20190004, 'HN-90004/62'),
(2019003, 1, NULL, NULL, NULL, '2019-03-21', 20190010, 'HN-90010/62'),
(2019010, 1, NULL, NULL, NULL, '2019-03-22', 20190015, 'HN-90015/62'),
(2019014, 1, NULL, NULL, NULL, '2019-03-22', 20190016, 'HN-90016/62'),
(20190323004, 2, '0.00', '0.00', '0.00', '2019-03-23', 20190019, 'HN-90019/62'),
(2019018, 1, NULL, NULL, NULL, '2019-03-24', 20190018, 'HN-90018/62'),
(2019005, 2, '0.00', '3163.00', '3163.00', '2019-03-24', 20190011, 'HN-90011/62'),
(20190325002, 2, '0.00', '170.00', '170.00', '2019-04-19', 20190013, 'HN-90013/62'),
(20190328001, 2, '0.00', '0.00', '0.00', '2019-04-19', 20190012, 'HN-90012/62'),
(20190324004, 2, '0.00', '0.00', '0.00', '2019-04-19', 20190022, 'HN-90022/62'),
(2019020, 1, NULL, NULL, NULL, '2019-04-23', 20190018, 'HN-90018/62');

-- --------------------------------------------------------

--
-- Table structure for table `JobPxDetail`
--

CREATE TABLE `JobPxDetail` (
  `ID` int(11) NOT NULL,
  `VN` bigint(20) DEFAULT NULL,
  `DUID` int(11) DEFAULT NULL,
  `QTY` int(11) DEFAULT NULL,
  `Extra` tinyint(4) DEFAULT '1',
  `Price` decimal(10,2) DEFAULT NULL,
  `Status` tinyint(4) DEFAULT NULL,
  `PID` bigint(20) DEFAULT NULL,
  `PIDS` varchar(250) COLLATE utf8_unicode_ci DEFAULT NULL,
  `DUName` varchar(250) COLLATE utf8_unicode_ci DEFAULT NULL,
  `Comment` varchar(250) COLLATE utf8_unicode_ci DEFAULT 'NULL',
  `TUsage` varchar(255) COLLATE utf8_unicode_ci DEFAULT NULL,
  `EUsage` varchar(255) COLLATE utf8_unicode_ci DEFAULT NULL,
  `row1` int(11) DEFAULT NULL
) ENGINE=MyISAM DEFAULT CHARSET=utf8 COLLATE=utf8_unicode_ci;

--
-- Dumping data for table `JobPxDetail`
--

INSERT INTO `JobPxDetail` (`ID`, `VN`, `DUID`, `QTY`, `Extra`, `Price`, `Status`, `PID`, `PIDS`, `DUName`, `Comment`, `TUsage`, `EUsage`, `row1`) VALUES
(147442, 2019009, 72, 1, 1, '150.00', 1, 20190014, 'HN-90014/62', 'Adrenaline Inj.', '', 'ฉีดยาตามแพทย์สั่ง', 'as directed by Dr.', 12),
(147443, 2019009, 148, 20, 0, '600.00', 1, 20190014, 'HN-90014/62', '5%D/N/1/2', '', 'ใช้ตามแพทย์สั่ง', 'as directed by doctor', 13),
(147444, 2019009, 74, 15, 1, '3.00', 1, 20190014, 'HN-90014/62', 'Aspirin 81 mg. ', '', 'รับประทานครั้งละ 1 เม็ดวันละ 1 ครั้งหลังอาหารเช้าทันที', '1 tablet once daily take immediately after breakfast with a lot of water', 14),
(147445, 2019009, 58, 45, 1, '35.00', 1, 20190014, 'HN-90014/62', 'Duphaston 10 mg ', '', 'รับประทานครั้งละ 1 เม็ด วันละ 3 ครั้ง หลังอาหาร เช้า กลางวัน เย็น', '1 tablet three times daily after meals morning lunch and evening', 14),
(147446, 2019009, 104, 15, 1, '10.00', 1, 20190014, 'HN-90014/62', 'Folic Acid ', '', 'รับประทานครั้งละ 1 เม็ด วันละ 1 ครั้งหลังอาหารเช้า\n', '1 tablet once daily after breakfast', 14),
(147447, 2019009, 90, 45, 1, '10.00', 1, 20190014, 'HN-90014/62', 'Progynova 2 mg.', '', 'รับประทานครั้งละ 1 เม็ด วันละ 3 ครั้ง หลังอาหารเช้า กลางวัน เย็น', '1 tablet three times daily after breakfast lunch and dinner', 14),
(147448, 2019009, 161, 60, 1, '40.00', 1, 20190014, 'HN-90014/62', 'Utrogestan (Insert) 200mg', '', 'สอดยาครั้งละ 1 แคปซูลเข้าไปในช่องคลอดให้ลึกพอ วันละ 3 ครั้ง เช้า เย็นและ ก่อนนอน', 'Insert 1 capsule deeply in the vagina three times daily in the morning evening and at bedtime', 14),
(147449, 2019009, 133, 15, 1, '5.00', 1, 20190014, 'HN-90014/62', 'Vitamin C', '', 'รับประทานครั้งละ 1 เม็ด วันละ 1 ครั้ง', '1 tablet once daily', 14),
(147450, 2019011, 76, 1, 1, '8.00', 1, 20190010, 'HN-90010/62', 'Calcium Plus (Calvin plus)', '', 'รับประทานครั้งละ 1 เม็ด วันละ 1 ครั้ง หลังอาหารเย็น', '1 tablet once daily after dinner ', 10),
(147451, 2019011, 77, 1, 1, '500.00', 1, 20190010, 'HN-90010/62', 'CEF 3 1 g.IV ', '', 'ใช้ตามแพทย์สั่ง', 'as directed by Doctor', 11),
(147452, 2019011, 74, 15, 1, '3.00', 1, 20190010, 'HN-90010/62', 'Aspirin 81 mg. ', '', 'รับประทานครั้งละ 1 เม็ดวันละ 1 ครั้งหลังอาหารเช้าทันที', '1 tablet once daily take immediately after breakfast with a lot of water', 12),
(147453, 2019011, 58, 45, 1, '35.00', 1, 20190010, 'HN-90010/62', 'Duphaston 10 mg ', '', 'รับประทานครั้งละ 1 เม็ด วันละ 3 ครั้ง หลังอาหาร เช้า กลางวัน เย็น', '1 tablet three times daily after meals morning lunch and evening', 12),
(147454, 2019011, 104, 15, 1, '10.00', 1, 20190010, 'HN-90010/62', 'Folic Acid ', '', 'รับประทานครั้งละ 1 เม็ด วันละ 1 ครั้งหลังอาหารเช้า\n', '1 tablet once daily after breakfast', 12),
(147455, 2019011, 90, 45, 1, '10.00', 1, 20190010, 'HN-90010/62', 'Progynova 2 mg.', '', 'รับประทานครั้งละ 1 เม็ด วันละ 3 ครั้ง หลังอาหารเช้า กลางวัน เย็น', '1 tablet three times daily after breakfast lunch and dinner', 12),
(147456, 2019011, 161, 45, 1, '40.00', 1, 20190010, 'HN-90010/62', 'Utrogestan (Insert) 200mg', '', 'สอดยาครั้งละ 1 แคปซูลเข้าไปในช่องคลอดให้ลึกพอ วันละ 3 ครั้ง เช้า เย็นและ ก่อนนอน', 'Insert 1 capsule deeply in the vagina three times daily in the morning evening and at bedtime', 12),
(147457, 2019011, 133, 15, 1, '5.00', 1, 20190010, 'HN-90010/62', 'Vitamin C', '', 'รับประทานครั้งละ 1 เม็ด วันละ 1 ครั้ง', '1 tablet once daily', 12),
(147490, 20190426001, 72, 1, 1, '150.00', 1, 20190031, 'HN-90031/62', 'Adrenaline Inj.', '', 'ฉีดยาตามแพทย์สั่ง', 'as directed by Dr.', 4),
(147488, 20190426001, 75, 1, 1, '200.00', 1, 20190031, 'HN-90031/62', 'Atropine Inj. (1 cc.)', '', 'ตามแพทย์สั่ง', 'as directed by Dr.', 2),
(147489, 20190426001, 74, 1, 1, '3.00', 1, 20190031, 'HN-90031/62', 'Aspirin 81 mg. ', '', 'รับประทานครั้งละ 1 เม็ดวันละ 1 ครั้งหลังอาหารเช้าทันที', '1 tablet once daily take immediately after breakfast with a lot of water', 3),
(147476, 2019010, 74, 1, 1, '3.00', 1, 20190015, 'HN-90015/62', 'Aspirin 81 mg. ', '', '0', '1 tablet once daily take immediately after breakfast with a lot of water', 8),
(147477, 2019010, 91, 1, 1, '10.00', 1, 20190015, 'HN-90015/62', 'Atarax (Taraxin10 mg)', '', '0', '1 tablet three times daily after meals morning noon and evening', 9),
(147478, 2019010, 75, 1, 1, '200.00', 1, 20190015, 'HN-90015/62', 'Atropine Inj. (1 cc.)', '', '0', 'as directed by Dr.', 10),
(147479, 2019005, 209, 1, 1, '3.00', 1, 20190011, 'HN-90011/62', 'Aspirin 81 mg', '', '0', '1 tablet once daily take immediately after breakfast with a lot of water', 1),
(147480, 2019005, 115, 1, 1, '80.00', 1, 20190011, 'HN-90011/62', 'Antacil gel', '', '0', 'Take medicine 2 tablespoonful 4 times daily after meals and at bedtime', 3),
(147481, 2019005, 115, 1, 1, '80.00', 1, 20190011, 'HN-90011/62', 'Antacil gel', '', 'qqqqqqqqq', 'Take medicine 2 tablespoonful 4 times daily after meals and at bedtime', 3),
(147482, 2019005, 215, 1, 1, '2000.00', 1, 20190011, 'HN-90011/62', 'Decapeptyl 0.1 mg', '', 'Use as directed by doctor', 'Use as directed by doctor', 5),
(147483, 2019005, 196, 1, 1, '1000.00', 1, 20190011, 'HN-90011/62', 'Pregnyl 1500 IU', '', 'as directed by doctor ', 'as directed by doctor ', 5),
(147484, 20190325002, 73, 1, 1, '90.00', 1, 20190013, 'HN-90013/62', 'Arcoxia 120 mg.', '', 'รับประทานครั้งละ 1 เม็ด หลังอาหาร', '1 tablet before enter OR', 7),
(147485, 20190325002, 164, 5, 1, '80.00', 1, 20190013, 'HN-90013/62', 'Arcoxia 90 mg.', '', 'รับประทานยาครั้งละ 1 เม็ด วันละ 2 ครั้งหลังอาหาร เช้า เย็น', 'one tablet two times daily after meals morning and evening', 8),
(147486, 2019020, 73, 1, 1, '90.00', 1, 20190018, 'HN-90018/62', 'Arcoxia 120 mg.', '', 'รับประทานครั้งละ 1 เม็ด หลังอาหาร', '1 tablet before enter OR', 6),
(147487, 20190426001, 150, 1, 1, '5.00', 1, 20190031, 'HN-90031/62', 'Bricanyl (Tanyl 2.5mg)', '', 'รับประทานครั้งละ 1 เม็ด วันละ 3 ครั้ง\nเช้า กลางวัน เย็น', '1 tablet three times daily \nDo not exceed 6 tablets in 24 hours', 1);

-- --------------------------------------------------------

--
-- Table structure for table `JobSpecial`
--

CREATE TABLE `JobSpecial` (
  `VN` bigint(20) NOT NULL,
  `Status` tinyint(4) DEFAULT NULL,
  `Include_Pkg_Price` decimal(10,2) DEFAULT NULL,
  `Extra_Pkg_Price` decimal(10,2) DEFAULT NULL,
  `Total_Price` decimal(10,2) DEFAULT NULL,
  `Date` date DEFAULT NULL,
  `PID` bigint(20) DEFAULT NULL,
  `PIDS` varchar(250) COLLATE utf8_unicode_ci DEFAULT NULL,
  `status_req` varchar(45) COLLATE utf8_unicode_ci DEFAULT '0'
) ENGINE=MyISAM DEFAULT CHARSET=utf8 COLLATE=utf8_unicode_ci;

--
-- Dumping data for table `JobSpecial`
--

INSERT INTO `JobSpecial` (`VN`, `Status`, `Include_Pkg_Price`, `Extra_Pkg_Price`, `Total_Price`, `Date`, `PID`, `PIDS`, `status_req`) VALUES
(2019009, 1, '5000.00', '1800.00', '6800.00', '2019-03-21', 20190014, 'HN-90014/62', '0'),
(2019011, 1, NULL, NULL, NULL, '2019-03-21', 20190010, 'HN-90010/62', '0'),
(2019012, 1, NULL, NULL, NULL, '2019-03-21', 20190014, 'HN-90014/62', '0'),
(2019010, 1, NULL, NULL, NULL, '2019-03-22', 20190015, 'HN-90015/62', '0'),
(20190323004, 1, '0.00', '2500.00', '2500.00', '2019-03-23', 20190019, 'HN-90019/62', '0'),
(2019005, 1, '0.00', '0.00', '0.00', '2019-03-24', 20190011, 'HN-90011/62', '0'),
(20190325002, 1, '0.00', '0.00', '0.00', '2019-04-19', 20190013, 'HN-90013/62', '0'),
(20190328001, 1, '0.00', '0.00', '0.00', '2019-04-19', 20190012, 'HN-90012/62', '0'),
(20190324004, 1, '0.00', '0.00', '0.00', '2019-04-19', 20190022, 'HN-90022/62', '0'),
(20190324003, 1, NULL, NULL, NULL, '2019-04-19', 20190022, 'HN-90022/62', '0'),
(20190325006, 1, NULL, NULL, NULL, '2019-04-19', 20190019, 'HN-90019/62', '0'),
(2019004, 1, NULL, NULL, NULL, '2019-04-19', 20190008, 'HN-90008/62', '0'),
(2019020, 1, NULL, NULL, NULL, '2019-04-23', 20190018, 'HN-90018/62', '0');

-- --------------------------------------------------------

--
-- Table structure for table `JobSpecialDetail`
--

CREATE TABLE `JobSpecialDetail` (
  `ID` int(11) NOT NULL,
  `VN` bigint(20) DEFAULT NULL,
  `SID` int(11) DEFAULT NULL,
  `SName` varchar(250) COLLATE utf8_unicode_ci DEFAULT NULL,
  `Extra` tinyint(4) DEFAULT '1',
  `Price` decimal(10,2) DEFAULT NULL,
  `Status` tinyint(4) DEFAULT NULL,
  `PID` bigint(20) DEFAULT NULL,
  `PIDS` varchar(250) COLLATE utf8_unicode_ci DEFAULT NULL,
  `W1UID` int(11) DEFAULT NULL,
  `W2UID` int(11) DEFAULT NULL,
  `W3UID` int(11) DEFAULT NULL,
  `W4UID` int(11) DEFAULT NULL,
  `FileName` varchar(250) COLLATE utf8_unicode_ci DEFAULT NULL,
  `status_req_accept` varchar(255) COLLATE utf8_unicode_ci DEFAULT '0',
  `req_id` int(11) DEFAULT NULL,
  `row1` int(11) DEFAULT NULL,
  `qty` int(11) DEFAULT NULL
) ENGINE=MyISAM DEFAULT CHARSET=utf8 COLLATE=utf8_unicode_ci;

--
-- Dumping data for table `JobSpecialDetail`
--

INSERT INTO `JobSpecialDetail` (`ID`, `VN`, `SID`, `SName`, `Extra`, `Price`, `Status`, `PID`, `PIDS`, `W1UID`, `W2UID`, `W3UID`, `W4UID`, `FileName`, `status_req_accept`, `req_id`, `row1`, `qty`) VALUES
(41515, 2019009, 64, '1st Trimaster Screening', 1, '1800.00', 1, 20190014, '0', 0, 0, 0, 0, '', '0', 0, 10, 1),
(41516, 2019009, 29, 'Acupuncture', 0, '5000.00', 1, 20190014, '0', 0, 0, 0, 0, '', '0', 0, 11, 2),
(41517, 2019011, 138, 'Amniotic DNA', 1, '30000.00', 1, 20190010, '0', 0, 0, 0, 0, '', '0', 0, 9, 1),
(41518, 2019012, 155, 'DF', 1, '10000.00', 1, 20190014, '0', 0, 0, 0, 0, '', '0', 0, 8, 1),
(41519, 2019012, 124, 'Dr.Fee Precaution', 1, '25000.00', 1, 20190014, '0', 0, 0, 0, 0, '', '0', 0, 9, 1),
(41520, 2019012, 144, 'เครื่องมือแพทย์+ค่าหัถตการ', 1, '10000.00', 1, 20190014, '0', 0, 0, 0, 0, '', '0', 0, 10, 1),
(41524, 2019012, 150, 'Injection fee for nurse', 1, '5000.00', 1, 20190014, '0', 0, 0, 0, 0, '', '0', 0, 12, 1),
(41525, 2019010, 44, 'DF 2500', 0, '2500.00', 1, 20190015, '0', 0, 0, 0, 0, '', '0', 0, 0, 1),
(41528, 20190323004, 24, 'TAS 2000', 1, '2000.00', 1, 20190019, '0', 0, 0, 0, 0, '', '0', 0, 5, 1),
(41529, 20190323004, 18, 'DF 500', 1, '500.00', 1, 20190019, '0', 0, 0, 0, 0, '', '0', 0, 6, 1),
(41530, 2019000, 18, 'DF 500', 1, '500.00', 1, 0, '0', 0, 0, 0, 0, '', '0', 0, 5, 0),
(41531, 2019000, 20, 'DF 1500', 1, '1500.00', 1, 0, '0', 0, 0, 0, 0, '', '0', 0, 6, 1),
(41532, 2019004, 20, 'DF 1500', 1, '1500.00', 1, 20190008, '0', 0, 0, 0, 0, '', '0', 0, 3, 1),
(41533, 2019004, 21, 'DF 2000', 1, '2000.00', 1, 20190008, '0', 0, 0, 0, 0, '', '0', 0, 4, 1),
(41534, 2019004, 21, 'DF 2000', 1, '2000.00', 1, 20190008, '0', 0, 0, 0, 0, '', '0', 0, 5, 2),
(41535, 2019004, 21, 'DF 2000', 1, '2000.00', 1, 20190008, '0', 0, 0, 0, 0, '', '0', 0, 6, 2),
(41536, 2019020, 82, 'Amniotic fluid CGH', 1, '35000.00', 1, 20190018, '0', 0, 0, 0, 0, '', '0', 0, 5, 1);

-- --------------------------------------------------------

--
-- Table structure for table `JobSperm`
--

CREATE TABLE `JobSperm` (
  `JobLabDetailID` int(11) NOT NULL,
  `WifeName` varchar(255) DEFAULT NULL,
  `PIDS` varchar(255) DEFAULT NULL,
  `AbstinenceDay` varchar(255) DEFAULT NULL,
  `Appearance` varchar(255) DEFAULT NULL,
  `Liquefaction` varchar(255) DEFAULT NULL,
  `Viscosity` varchar(255) DEFAULT NULL,
  `Ph` varchar(255) DEFAULT NULL,
  `Viability` varchar(255) DEFAULT NULL,
  `Volume` varchar(255) DEFAULT NULL,
  `Count` varchar(255) DEFAULT NULL,
  `TotalCount` varchar(255) DEFAULT NULL,
  `Motile` varchar(255) DEFAULT NULL,
  `TotalMotile` varchar(255) DEFAULT NULL,
  `Motility` varchar(255) DEFAULT NULL,
  `Motility4` varchar(255) DEFAULT NULL,
  `Motility3` varchar(255) DEFAULT NULL,
  `Motility2` varchar(255) DEFAULT NULL,
  `Motility1` varchar(255) DEFAULT NULL,
  `NoOfVial` varchar(255) DEFAULT NULL,
  `WBC` varchar(255) DEFAULT NULL,
  `MorNormal` varchar(255) DEFAULT NULL,
  `MorAbnormal` varchar(255) DEFAULT NULL,
  `HeadDefect` varchar(255) DEFAULT NULL,
  `NeckDefect` varchar(255) DEFAULT NULL,
  `TailDefect` varchar(255) DEFAULT NULL,
  `EjaculateTime` varchar(255) DEFAULT NULL,
  `ExamTime` varchar(255) DEFAULT NULL,
  `ReciveTime` varchar(255) DEFAULT NULL,
  `FinishTime` varchar(255) DEFAULT NULL,
  `Remark` varchar(255) DEFAULT NULL,
  `ReportID` varchar(255) DEFAULT NULL,
  `ReportName` varchar(255) DEFAULT NULL,
  `ReportDate` varchar(255) DEFAULT NULL,
  `ReportTime` varchar(255) DEFAULT NULL,
  `ApproveID` varchar(255) DEFAULT NULL,
  `ApproveName` varchar(255) DEFAULT NULL,
  `ApproveDate` varchar(255) DEFAULT NULL,
  `ApproveTime` varchar(255) DEFAULT NULL
) ENGINE=InnoDB DEFAULT CHARSET=utf8;

-- --------------------------------------------------------

--
-- Table structure for table `JobSpermPrep`
--

CREATE TABLE `JobSpermPrep` (
  `JobLabDetailID` int(11) NOT NULL,
  `WifeName` varchar(255) DEFAULT NULL,
  `PIDS` varchar(255) DEFAULT NULL,
  `OwnerSperm` tinyint(1) DEFAULT NULL,
  `DonorSperm` tinyint(1) DEFAULT NULL,
  `FreshSperm` tinyint(1) DEFAULT NULL,
  `FrozenSperm` tinyint(1) DEFAULT NULL,
  `FrozenSpermVial` varchar(255) DEFAULT NULL,
  `AbstinenceDay` varchar(255) DEFAULT NULL,
  `Appearance` varchar(255) DEFAULT NULL,
  `Liquefaction` varchar(255) DEFAULT NULL,
  `Viscosity` varchar(255) DEFAULT NULL,
  `VolumePre` varchar(255) DEFAULT NULL,
  `VolumePost` varchar(255) DEFAULT NULL,
  `CountPre` varchar(255) DEFAULT NULL,
  `CountPost` varchar(255) DEFAULT NULL,
  `TotalCountPre` varchar(255) DEFAULT NULL,
  `TotalCountPost` varchar(255) DEFAULT NULL,
  `MotilePre` varchar(255) DEFAULT NULL,
  `MotilePost` varchar(255) DEFAULT NULL,
  `TotalMotilePre` varchar(255) DEFAULT NULL,
  `TotalMotilePost` varchar(255) DEFAULT NULL,
  `MotilityPre` varchar(255) DEFAULT NULL,
  `MotilityPost` varchar(255) DEFAULT NULL,
  `Motility4Pre` varchar(255) DEFAULT NULL,
  `Motility4Post` varchar(255) DEFAULT NULL,
  `Motility3Pre` varchar(255) DEFAULT NULL,
  `Motility3Post` varchar(255) DEFAULT NULL,
  `Motility2Pre` varchar(255) DEFAULT NULL,
  `Motility2Post` varchar(255) DEFAULT NULL,
  `Motility1Pre` varchar(255) DEFAULT NULL,
  `Motility1Post` varchar(255) DEFAULT NULL,
  `EjaculateTime` varchar(255) DEFAULT NULL,
  `ExamTime` varchar(255) DEFAULT NULL,
  `ReciveTime` varchar(255) DEFAULT NULL,
  `FinishTime` varchar(255) DEFAULT NULL,
  `Remark` varchar(255) DEFAULT NULL,
  `ReportID` varchar(255) DEFAULT NULL,
  `ReportName` varchar(255) DEFAULT NULL,
  `ReportDate` varchar(255) DEFAULT NULL,
  `ReportTime` varchar(255) DEFAULT NULL,
  `ApproveID` varchar(255) DEFAULT NULL,
  `ApproveName` varchar(255) DEFAULT NULL,
  `ApproveDate` varchar(255) DEFAULT NULL,
  `ApproveTime` varchar(255) DEFAULT NULL
) ENGINE=InnoDB DEFAULT CHARSET=utf8;

-- --------------------------------------------------------

--
-- Table structure for table `LabItem`
--

CREATE TABLE `LabItem` (
  `LID` int(11) NOT NULL,
  `LGID` int(11) NOT NULL,
  `LName` varchar(250) COLLATE utf8_unicode_ci DEFAULT NULL,
  `WorkTime` int(11) DEFAULT NULL,
  `Price` decimal(10,2) DEFAULT NULL,
  `SP1N` varchar(250) COLLATE utf8_unicode_ci DEFAULT 'NULL',
  `SP1T` varchar(255) COLLATE utf8_unicode_ci DEFAULT NULL,
  `SP2N` varchar(250) COLLATE utf8_unicode_ci DEFAULT 'NULL',
  `SP2T` varchar(255) COLLATE utf8_unicode_ci DEFAULT NULL,
  `SP3N` varchar(250) COLLATE utf8_unicode_ci DEFAULT 'NULL',
  `SP3T` varchar(255) COLLATE utf8_unicode_ci DEFAULT NULL,
  `SP4N` varchar(250) COLLATE utf8_unicode_ci DEFAULT 'NULL',
  `SP4T` varchar(255) COLLATE utf8_unicode_ci DEFAULT NULL,
  `SP5N` varchar(250) COLLATE utf8_unicode_ci DEFAULT 'NULL',
  `SP5T` varchar(255) COLLATE utf8_unicode_ci DEFAULT NULL,
  `SP6N` varchar(250) COLLATE utf8_unicode_ci DEFAULT 'NULL',
  `SP6T` varchar(255) COLLATE utf8_unicode_ci DEFAULT NULL,
  `SP7N` varchar(250) COLLATE utf8_unicode_ci DEFAULT 'NULL',
  `SP7T` varchar(255) COLLATE utf8_unicode_ci DEFAULT NULL,
  `SubItem` int(11) DEFAULT '0',
  `WorkerGroup1` varchar(20) COLLATE utf8_unicode_ci DEFAULT '104',
  `WorkerGroup2` varchar(20) COLLATE utf8_unicode_ci DEFAULT '104',
  `WorkerGroup3` varchar(20) COLLATE utf8_unicode_ci DEFAULT '104',
  `WorkerGroup4` varchar(20) COLLATE utf8_unicode_ci DEFAULT '104',
  `QTY` tinyint(1) DEFAULT '0',
  `active` varchar(45) COLLATE utf8_unicode_ci DEFAULT '1'
) ENGINE=MyISAM DEFAULT CHARSET=utf8 COLLATE=utf8_unicode_ci;

--
-- Dumping data for table `LabItem`
--

INSERT INTO `LabItem` (`LID`, `LGID`, `LName`, `WorkTime`, `Price`, `SP1N`, `SP1T`, `SP2N`, `SP2T`, `SP3N`, `SP3T`, `SP4N`, `SP4T`, `SP5N`, `SP5T`, `SP6N`, `SP6T`, `SP7N`, `SP7T`, `SubItem`, `WorkerGroup1`, `WorkerGroup2`, `WorkerGroup3`, `WorkerGroup4`, `QTY`, `active`) VALUES
(7, 1, 'LH', 24, '500.00', 'NULL', 'TE', 'NULL', 'TE', 'NULL', 'TE', 'NULL', 'TE', 'NULL', 'TE', 'NULL', 'TE', 'NULL', 'TE', 0, '104', '104', '104', '104', 1, '1'),
(6, 1, 'E2', 24, '500.00', 'NULL', 'TE', 'NULL', 'TE', 'NULL', 'TE', 'NULL', 'TE', 'NULL', 'TE', 'NULL', 'TE', 'NULL', 'TE', 0, '104', '104', '104', '104', 1, '1'),
(5, 1, 'Screening', 24, '3500.00', 'NULL', 'TF', 'NULL', 'TE', 'NULL', 'TE', 'NULL', 'TE', 'NULL', 'TE', 'NULL', 'TE', 'NULL', 'TE', 0, '104', '104', 'NULL', 'NULL', 0, '1'),
(8, 1, 'FSH', 24, '500.00', 'NULL', 'TE', 'NULL', 'TE', 'NULL', 'TE', 'NULL', 'TE', 'NULL', 'TE', 'NULL', 'TE', 'NULL', 'TE', 0, '104', '104', '104', '104', 1, '1'),
(9, 1, 'PROLACTIN', 24, '500.00', 'NULL', 'TE', 'NULL', 'TE', 'NULL', 'TE', 'NULL', 'TE', 'NULL', 'TE', 'NULL', 'TE', 'NULL', 'TE', 0, '104', '104', '104', '104', 1, '1'),
(10, 1, 'AMH', 24, '3000.00', 'NULL', 'TE', 'NULL', 'TE', 'NULL', 'TE', 'NULL', 'TE', 'NULL', 'TE', 'NULL', 'TE', 'NULL', 'TE', 0, '104', '104', '104', '104', 0, '1'),
(11, 1, 'Beta HCG', 24, '500.00', 'Name', 'TE', 'NULL', 'TE', 'NULL', 'TE', 'NULL', 'TE', 'NULL', 'TE', 'NULL', 'TE', 'NULL', 'TE', 0, '104', '104', '104', '104', 0, '1'),
(13, 4, 'Fresh Sperm collection for OPU', 24, '1500.00', 'Starting time', 'TE', 'Finish time', 'TE', 'NULL', 'TE', 'NULL', 'TE', 'NULL', 'TE', 'NULL', 'TE', 'NULL', 'TE', 0, '104', '104', '104', '104', 0, '1'),
(14, 3, 'Sperm Analysis', 24, '1000.00', 'Starting time', 'TE', 'Finish time', 'TE', 'NULL', 'TE', 'NULL', 'TE', 'NULL', 'TE', 'NULL', 'TE', 'NULL', 'TE', 0, '104', '104', '104', '104', 0, '1'),
(178, 3, 'Seperate Tank for HIV', 0, '70000.00', 'NULL', 'TE', 'NULL', 'TE', 'NULL', 'TE', 'NULL', 'TE', 'NULL', 'TE', 'NULL', 'TE', 'NULL', 'TE', 0, 'NULL', 'NULL', 'NULL', 'NULL', 0, '1'),
(177, 3, 'Sperm washing for Precaution', 0, '20000.00', 'NULL', 'TE', 'NULL', 'TE', 'NULL', 'TE', 'NULL', 'TE', 'NULL', 'TE', 'NULL', 'TE', 'NULL', 'TE', 0, 'NULL', 'NULL', 'NULL', 'NULL', 0, '1'),
(18, 3, 'Sperm Freezing', 24, '5000.00', 'Starting time', 'TE', 'Finish time', 'TE', 'NULL', 'TE', 'NULL', 'TE', 'NULL', 'TE', 'NULL', 'TE', 'NULL', 'TE', 0, '104', '104', '104', '104', 0, '1'),
(179, 1, 'Rubella IgG', 0, '500.00', 'NULL', 'TE', 'NULL', 'TE', 'NULL', 'TE', 'NULL', 'TE', 'NULL', 'TE', 'NULL', 'TE', 'NULL', 'TE', 0, 'NULL', 'NULL', 'NULL', 'NULL', 0, '1'),
(68, 1, 'HbAC', 0, '500.00', 'NULL', 'TE', 'NULL', 'TE', 'NULL', 'TE', 'NULL', 'TE', 'NULL', 'TE', 'NULL', 'TE', 'NULL', 'TE', 0, 'NULL', 'NULL', 'NULL', 'NULL', 0, '1'),
(21, 4, 'Embryo-Fresh cycle', 120, '15000.00', 'Date of OPU', 'TE', 'Time', 'TE', 'NULL', 'TE', 'NULL', 'TF', 'NULL', 'TF', 'NULL', 'TE', 'NULL', 'TE', 0, '104', '104', '104', '104', 0, '1'),
(22, 4, 'FET', 120, '50000.00', 'Date :', 'TE', 'Time :', 'TE', 'NULL', 'TE', 'NULL', 'TF', 'NULL', 'TE', 'NULL', 'TE', 'NULL', 'TE', 0, '104', '104', '104', '104', 0, '1'),
(133, 1, 'Panorama', 0, '30000.00', 'NULL', 'TE', 'NULL', 'TE', 'NULL', 'TE', 'NULL', 'TE', 'NULL', 'TE', 'NULL', 'TE', 'NULL', 'TE', 0, 'NULL', 'NULL', 'NULL', 'NULL', 0, '1'),
(24, 5, 'PGD(10embryos)', 24, '100000.00', 'Comment', 'TE', 'NULL', 'TE', 'NULL', 'TE', 'NULL', 'TE', 'NULL', 'TE', 'NULL', 'TE', 'NULL', 'TE', 0, '104', '104', '104', '104', 0, '1'),
(102, 1, 'T4', 0, '500.00', 'NULL', 'TE', 'NULL', 'TE', 'NULL', 'TE', 'NULL', 'TE', 'NULL', 'TE', 'NULL', 'TE', 'NULL', 'TE', 0, 'NULL', 'NULL', 'NULL', 'NULL', 0, '1'),
(27, 4, 'Embryo-Fresh cycle Day 1', 24, '0.00', 'NULL', 'TE', 'NULL', 'TE', 'NULL', 'TE', 'NULL', 'TE', 'NULL', 'TE', 'NULL', 'TE', 'NULL', 'TE', 21, '104', '104', '104', '104', 0, '1'),
(28, 4, 'Embryo-Fresh cycle Day 3', 72, '0.00', 'NULL', 'TE', 'NULL', 'TE', 'NULL', 'TE', 'NULL', 'TE', 'NULL', 'TE', 'NULL', 'TE', 'NULL', 'TE', 21, '104', '104', '104', '104', 0, '1'),
(52, 1, 'Thyroid Hormone, Free T3&T4, T3,T4. TSH', 0, '2500.00', 'NULL', 'TE', 'NULL', 'TE', 'NULL', 'TE', 'NULL', 'TE', 'NULL', 'TE', 'NULL', 'TE', 'NULL', 'TE', 0, 'NULL', 'NULL', 'NULL', 'NULL', 0, '1'),
(30, 4, 'FET Day 1', 24, '0.00', 'NULL', 'TE', 'NULL', 'TE', 'NULL', 'TE', 'NULL', 'TE', 'NULL', 'TE', 'NULL', 'TE', 'NULL', 'TE', 22, '104', '104', '104', '104', 0, '1'),
(31, 4, 'FET Day 3', 72, '0.00', 'NULL', 'TE', 'NULL', 'TE', 'NULL', 'TE', 'NULL', 'TE', 'NULL', 'TE', 'NULL', 'TE', 'NULL', 'TE', 22, '104', '104', '104', '104', 0, '1'),
(32, 4, 'FET Day 5', 120, '0.00', 'NULL', 'TE', 'NULL', 'TE', 'NULL', 'TE', 'NULL', 'TE', 'NULL', 'TE', 'NULL', 'TE', 'NULL', 'TE', 22, '104', '104', '104', '104', 0, '1'),
(33, 4, 'FET with Assisted Hatching', 0, '70000.00', 'NULL', 'TE', 'NULL', 'TE', 'NULL', 'TE', 'NULL', 'TE', 'NULL', 'TE', 'NULL', 'TE', 'NULL', 'TE', 0, 'NULL', 'NULL', 'NULL', 'NULL', 0, '1'),
(34, 4, 'Freezing : Embryos Blast(8S)', 0, '30000.00', 'NULL', 'TE', 'NULL', 'TE', 'NULL', 'TE', 'NULL', 'TE', 'NULL', 'TE', 'NULL', 'TE', 'NULL', 'TE', 0, 'NULL', 'NULL', 'NULL', 'NULL', 0, '1'),
(172, 5, 'NGS extra per embryo', 0, '12000.00', 'NULL', 'TE', 'NULL', 'TE', 'NULL', 'TE', 'NULL', 'TE', 'NULL', 'TE', 'NULL', 'TE', 'NULL', 'TE', 0, 'NULL', 'NULL', 'NULL', 'NULL', 1, '1'),
(173, 3, 'Sperm washing for HIV', 0, '50000.00', 'NULL', 'TE', 'NULL', 'TE', 'NULL', 'TE', 'NULL', 'TE', 'NULL', 'TE', 'NULL', 'TE', 'NULL', 'TE', 0, 'NULL', 'NULL', 'NULL', 'NULL', 0, '1'),
(39, 4, 'Freezing : Extra per straw', 0, '2000.00', 'NULL', 'TE', 'NULL', 'TE', 'NULL', 'TE', 'NULL', 'TE', 'NULL', 'TE', 'NULL', 'TE', 'NULL', 'TE', 0, 'NULL', 'NULL', 'NULL', 'NULL', 1, '1'),
(67, 4, 'Frozen Sperm for OPU', 0, '1500.00', 'NULL', 'TE', 'NULL', 'TE', 'NULL', 'TE', 'NULL', 'TE', 'NULL', 'TE', 'NULL', 'TE', 'NULL', 'TE', 0, 'NULL', 'NULL', 'NULL', 'NULL', 0, '1'),
(51, 1, 'Other', 24, '500.00', 'Comment', 'TE', 'NULL', 'TE', 'NULL', 'TE', 'NULL', 'TE', 'NULL', 'TE', 'NULL', 'TE', 'NULL', 'TE', 0, 'NULL', 'NULL', 'NULL', 'NULL', 1, '1'),
(101, 1, 'T3', 0, '500.00', 'NULL', 'TE', 'NULL', 'TE', 'NULL', 'TE', 'NULL', 'TE', 'NULL', 'TE', 'NULL', 'TE', 'NULL', 'TE', 0, 'NULL', 'NULL', 'NULL', 'NULL', 0, '1'),
(134, 1, 'LAB-CA125+CA199', 0, '4000.00', 'NULL', 'TE', 'NULL', 'TE', 'NULL', 'TE', 'NULL', 'TE', 'NULL', 'TE', 'NULL', 'TE', 'NULL', 'TE', 0, 'NULL', 'NULL', 'NULL', 'NULL', 0, '1'),
(42, 5, 'a-CGH Extra per Embryo', 0, '15000.00', 'NULL', 'TE', 'NULL', 'TE', 'NULL', 'TE', 'NULL', 'TE', 'NULL', 'TE', 'NULL', 'TE', 'NULL', 'TE', 0, 'NULL', 'NULL', 'NULL', 'NULL', 1, '1'),
(43, 3, 'Sperm Selection XY', 0, '4000.00', 'NULL', 'TE', 'NULL', 'TE', 'NULL', 'TE', 'NULL', 'TE', 'NULL', 'TE', 'NULL', 'TE', 'NULL', 'TE', 0, 'NULL', 'NULL', 'NULL', 'NULL', 0, '1'),
(44, 3, 'HA Assist sperm selection', 0, '15000.00', 'NULL', 'TE', 'NULL', 'TE', 'NULL', 'TE', 'NULL', 'TE', 'NULL', 'TE', 'NULL', 'TE', 'NULL', 'TE', 0, 'NULL', 'NULL', 'NULL', 'NULL', 0, '1'),
(45, 4, 'Assisted Hatching', 24, '8000.00', 'NULL', 'TE', 'NULL', 'TE', 'NULL', 'TE', 'NULL', 'TE', 'NULL', 'TE', 'NULL', 'TE', 'NULL', 'TE', 0, 'NULL', 'NULL', 'NULL', 'NULL', 0, '1'),
(174, 3, 'Handling for Embryologist (HIV)', 0, '10000.00', 'NULL', 'TE', 'NULL', 'TE', 'NULL', 'TE', 'NULL', 'TE', 'NULL', 'TE', 'NULL', 'TE', 'NULL', 'TE', 0, 'NULL', 'NULL', 'NULL', 'NULL', 0, '1'),
(47, 4, 'Embryo Thawing ', 0, '10000.00', 'NULL', 'TE', 'NULL', 'TE', 'NULL', 'TE', 'NULL', 'TE', 'NULL', 'TE', 'NULL', 'TE', 'NULL', 'TE', 0, 'NULL', 'NULL', 'NULL', 'NULL', 0, '1'),
(48, 4, 'Embryo Glue', 0, '10000.00', 'NULL', 'TE', 'NULL', 'TE', 'NULL', 'TE', 'NULL', 'TE', 'NULL', 'TE', 'NULL', 'TE', 'NULL', 'TE', 0, 'NULL', 'NULL', 'NULL', 'NULL', 0, '1'),
(81, 1, 'Alpha thalassemia 1&2 ', 0, '2000.00', 'NULL', 'TE', 'NULL', 'TE', 'NULL', 'TE', 'NULL', 'TE', 'NULL', 'TE', 'NULL', 'TE', 'NULL', 'TE', 0, 'NULL', 'NULL', 'NULL', 'NULL', 0, '1'),
(54, 5, 'a-CGH (8embryos) on D5', 0, '160000.00', 'NULL', 'TE', 'NULL', 'TE', 'NULL', 'TE', 'NULL', 'TE', 'NULL', 'TE', 'NULL', 'TE', 'NULL', 'TE', 0, 'NULL', 'NULL', 'NULL', 'NULL', 0, '1'),
(55, 1, 'Blood sugar', 0, '300.00', 'NULL', 'TE', 'NULL', 'TE', 'NULL', 'TE', 'NULL', 'TE', 'NULL', 'TE', 'NULL', 'TE', 'NULL', 'TE', 0, 'NULL', 'NULL', 'NULL', 'NULL', 0, '1'),
(58, 1, 'Screening (No CBC)', 0, '3200.00', 'NULL', 'TE', 'NULL', 'TE', 'NULL', 'TE', 'NULL', 'TE', 'NULL', 'TE', 'NULL', 'TE', 'NULL', 'TE', 0, 'NULL', 'NULL', 'NULL', 'NULL', 0, '1'),
(59, 5, 'PGD Extra per Embryo', 0, '10000.00', 'NULL', 'TE', 'NULL', 'TE', 'NULL', 'TE', 'NULL', 'TE', 'NULL', 'TE', 'NULL', 'TE', 'NULL', 'TE', 0, 'NULL', 'NULL', 'NULL', 'NULL', 1, '1'),
(132, 1, 'Quad Test', 0, '5000.00', 'NULL', 'TE', 'NULL', 'TE', 'NULL', 'TE', 'NULL', 'TE', 'NULL', 'TE', 'NULL', 'TE', 'NULL', 'TE', 0, 'NULL', 'NULL', 'NULL', 'NULL', 0, '1'),
(62, 4, 'Freezing Embryo/Oocyte per straw', 0, '2000.00', 'NULL', 'TE', 'NULL', 'TE', 'NULL', 'TE', 'NULL', 'TE', 'NULL', 'TE', 'NULL', 'TE', 'NULL', 'TE', 0, 'NULL', 'NULL', 'NULL', 'NULL', 1, '1'),
(77, 1, 'Niffty test', 0, '28000.00', 'NULL', 'TE', 'NULL', 'TE', 'NULL', 'TE', 'NULL', 'TE', 'NULL', 'TE', 'NULL', 'TE', 'NULL', 'TE', 0, 'NULL', 'NULL', 'NULL', 'NULL', 0, '1'),
(78, 1, 'X Fragile', 0, '4000.00', 'NULL', 'TE', 'NULL', 'TE', 'NULL', 'TE', 'NULL', 'TE', 'NULL', 'TE', 'NULL', 'TE', 'NULL', 'TE', 0, 'NULL', 'NULL', 'NULL', 'NULL', 0, '1'),
(66, 3, 'PESA/TESE', 0, '35000.00', 'NULL', 'TE', 'NULL', 'TE', 'NULL', 'TE', 'NULL', 'TE', 'NULL', 'TE', 'NULL', 'TE', 'NULL', 'TE', 0, 'NULL', 'NULL', 'NULL', 'NULL', 0, '1'),
(69, 1, 'Cholesterol', 0, '500.00', 'NULL', 'TE', 'NULL', 'TE', 'NULL', 'TE', 'NULL', 'TE', 'NULL', 'TE', 'NULL', 'TE', 'NULL', 'TE', 0, 'NULL', 'NULL', 'NULL', 'NULL', 0, '1'),
(70, 1, 'LDL', 0, '500.00', 'NULL', 'TE', 'NULL', 'TE', 'NULL', 'TE', 'NULL', 'TE', 'NULL', 'TE', 'NULL', 'TE', 'NULL', 'TE', 0, 'NULL', 'NULL', 'NULL', 'NULL', 0, '1'),
(71, 1, 'HDL', 0, '500.00', 'NULL', 'TE', 'NULL', 'TE', 'NULL', 'TE', 'NULL', 'TE', 'NULL', 'TE', 'NULL', 'TE', 'NULL', 'TE', 0, 'NULL', 'NULL', 'NULL', 'NULL', 0, '1'),
(72, 1, 'Triglyceride', 0, '500.00', 'NULL', 'TE', 'NULL', 'TE', 'NULL', 'TE', 'NULL', 'TE', 'NULL', 'TE', 'NULL', 'TE', 'NULL', 'TE', 0, 'NULL', 'NULL', 'NULL', 'NULL', 0, '1'),
(80, 1, 'CBC', 0, '500.00', 'NULL', 'TE', 'NULL', 'TE', 'NULL', 'TE', 'NULL', 'TE', 'NULL', 'TE', 'NULL', 'TE', 'NULL', 'TE', 0, 'NULL', 'NULL', 'NULL', 'NULL', 0, '1'),
(74, 1, 'Down\'s syndrome screening (1st trimester screening) ', 0, '1800.00', 'NULL', 'TE', 'NULL', 'TE', 'NULL', 'TE', 'NULL', 'TE', 'NULL', 'TE', 'NULL', 'TE', 'NULL', 'TE', 0, 'NULL', 'NULL', 'NULL', 'NULL', 0, '1'),
(75, 1, 'Testosterone', 0, '500.00', 'NULL', 'TE', 'NULL', 'TE', 'NULL', 'TE', 'NULL', 'TE', 'NULL', 'TE', 'NULL', 'TE', 'NULL', 'TE', 0, 'NULL', 'NULL', 'NULL', 'NULL', 0, '1'),
(76, 1, 'chromosomal  screening', 0, '4000.00', 'NULL', 'TE', 'NULL', 'TE', 'NULL', 'TE', 'NULL', 'TE', 'NULL', 'TE', 'NULL', 'TE', 'NULL', 'TE', 0, 'NULL', 'NULL', 'NULL', 'NULL', 0, '1'),
(79, 1, 'Progesterone', 0, '500.00', 'NULL', 'TE', 'NULL', 'TE', 'NULL', 'TE', 'NULL', 'TE', 'NULL', 'TE', 'NULL', 'TE', 'NULL', 'TE', 0, 'NULL', 'NULL', 'NULL', 'NULL', 0, '1'),
(82, 3, 'Sperm Storage  per Straw per Year', 0, '1200.00', 'NULL', 'TE', 'NULL', 'TE', 'NULL', 'TE', 'NULL', 'TE', 'NULL', 'TE', 'NULL', 'TE', 'NULL', 'TE', 0, 'NULL', 'NULL', 'NULL', 'NULL', 1, '1'),
(181, 5, 'NGS with Thalassemia extra per embryo', 0, '25000.00', 'NULL', 'TE', 'NULL', 'TE', 'NULL', 'TE', 'NULL', 'TE', 'NULL', 'TE', 'NULL', 'TE', 'NULL', 'TE', 0, 'NULL', 'NULL', 'NULL', 'NULL', 0, '1'),
(84, 1, 'Anti-HCV', 0, '500.00', 'NULL', 'TE', 'NULL', 'TE', 'NULL', 'TE', 'NULL', 'TE', 'NULL', 'TE', 'NULL', 'TE', 'NULL', 'TE', 0, 'NULL', 'NULL', 'NULL', 'NULL', 0, '1'),
(85, 1, 'Anti-HBs', 0, '500.00', 'NULL', 'TE', 'NULL', 'TE', 'NULL', 'TE', 'NULL', 'TE', 'NULL', 'TE', 'NULL', 'TE', 'NULL', 'TE', 0, 'NULL', 'NULL', 'NULL', 'NULL', 0, '1'),
(86, 1, 'HBs Ag', 0, '500.00', 'NULL', 'TE', 'NULL', 'TE', 'NULL', 'TE', 'NULL', 'TE', 'NULL', 'TE', 'NULL', 'TE', 'NULL', 'TE', 0, 'NULL', 'NULL', 'NULL', 'NULL', 0, '1'),
(87, 1, 'Anti-HIV', 0, '500.00', 'NULL', 'TE', 'NULL', 'TE', 'NULL', 'TE', 'NULL', 'TE', 'NULL', 'TE', 'NULL', 'TE', 'NULL', 'TE', 0, 'NULL', 'NULL', 'NULL', 'NULL', 0, '1'),
(88, 1, 'VDRL (TPHA)', 0, '500.00', 'NULL', 'TE', 'NULL', 'TE', 'NULL', 'TE', 'NULL', 'TE', 'NULL', 'TE', 'NULL', 'TE', 'NULL', 'TE', 0, 'NULL', 'NULL', 'NULL', 'NULL', 0, '1'),
(89, 1, 'VDRL (FTA -ABs-IGg)', 0, '500.00', 'NULL', 'TE', 'NULL', 'TE', 'NULL', 'TE', 'NULL', 'TE', 'NULL', 'TE', 'NULL', 'TE', 'NULL', 'TE', 0, 'NULL', 'NULL', 'NULL', 'NULL', 0, '1'),
(90, 1, 'VDRL (FTA -ABs-IgM)', 0, '500.00', 'NULL', 'TE', 'NULL', 'TE', 'NULL', 'TE', 'NULL', 'TE', 'NULL', 'TE', 'NULL', 'TE', 'NULL', 'TE', 0, 'NULL', 'NULL', 'NULL', 'NULL', 0, '1'),
(176, 1, 'Seperate Tank for HIV', 0, '75000.00', 'NULL', 'TE', 'NULL', 'TE', 'NULL', 'TE', 'NULL', 'TE', 'NULL', 'TE', 'NULL', 'TE', 'NULL', 'TE', 0, 'NULL', 'NULL', 'NULL', 'NULL', 0, '1'),
(175, 3, 'Doctor Fee for HIV', 0, '25000.00', 'NULL', 'TE', 'NULL', 'TE', 'NULL', 'TE', 'NULL', 'TE', 'NULL', 'TE', 'NULL', 'TE', 'NULL', 'TE', 0, 'NULL', 'NULL', 'NULL', 'NULL', 0, '1'),
(95, 1, 'TSH', 0, '500.00', 'NULL', 'TE', 'NULL', 'TE', 'NULL', 'TE', 'NULL', 'TE', 'NULL', 'TE', 'NULL', 'TE', 'NULL', 'TE', 0, 'NULL', 'NULL', 'NULL', 'NULL', 0, '1'),
(96, 1, 'ANA (ANF,FANA)', 0, '1000.00', 'NULL', 'TE', 'NULL', 'TE', 'NULL', 'TE', 'NULL', 'TE', 'NULL', 'TE', 'NULL', 'TE', 'NULL', 'TE', 0, 'NULL', 'NULL', 'NULL', 'NULL', 0, '1'),
(97, 1, 'Thyroglobulin Ab', 0, '600.00', 'NULL', 'TE', 'NULL', 'TE', 'NULL', 'TE', 'NULL', 'TE', 'NULL', 'TE', 'NULL', 'TE', 'NULL', 'TE', 0, 'NULL', 'NULL', 'NULL', 'NULL', 0, '1'),
(98, 1, 'Antiphospholipid Antibody', 0, '1500.00', 'NULL', 'TE', 'NULL', 'TE', 'NULL', 'TE', 'NULL', 'TE', 'NULL', 'TE', 'NULL', 'TE', 'NULL', 'TE', 0, 'NULL', 'NULL', 'NULL', 'NULL', 0, '1'),
(99, 1, 'LE Cell', 0, '500.00', 'NULL', 'TE', 'NULL', 'TE', 'NULL', 'TE', 'NULL', 'TE', 'NULL', 'TE', 'NULL', 'TE', 'NULL', 'TE', 0, 'NULL', 'NULL', 'NULL', 'NULL', 0, '1'),
(103, 4, 'Embryo Storage per Embryo per Year', 0, '1200.00', 'NULL', 'TE', 'NULL', 'TE', 'NULL', 'TE', 'NULL', 'TE', 'NULL', 'TE', 'NULL', 'TE', 'NULL', 'TE', 0, 'NULL', 'NULL', 'NULL', 'NULL', 1, '1'),
(104, 1, 'G6PD', 0, '500.00', 'NULL', 'TE', 'NULL', 'TE', 'NULL', 'TE', 'NULL', 'TE', 'NULL', 'TE', 'NULL', 'TE', 'NULL', 'TE', 0, 'NULL', 'NULL', 'NULL', 'NULL', 0, '1'),
(105, 5, 'a-CGH(4 embryos) report 2 weeks', 48, '120000.00', 'NULL', 'TE', 'NULL', 'TE', 'NULL', 'TE', 'NULL', 'TE', 'NULL', 'TE', 'NULL', 'TE', 'NULL', 'TE', 0, 'NULL', 'NULL', 'NULL', 'NULL', 0, '1'),
(180, 1, 'NK cell', 0, '4000.00', 'NULL', 'TE', 'NULL', 'TE', 'NULL', 'TE', 'NULL', 'TE', 'NULL', 'TE', 'NULL', 'TE', 'NULL', 'TE', 0, 'NULL', 'NULL', 'NULL', 'NULL', 0, '1'),
(107, 4, 'Special Biopsy', 0, '10000.00', 'NULL', 'TE', 'NULL', 'TE', 'NULL', 'TE', 'NULL', 'TE', 'NULL', 'TE', 'NULL', 'TE', 'NULL', 'TE', 0, 'NULL', 'NULL', 'NULL', 'NULL', 0, '1'),
(108, 1, 'BUN', 0, '500.00', 'NULL', 'TE', 'NULL', 'TE', 'NULL', 'TE', 'NULL', 'TE', 'NULL', 'TE', 'NULL', 'TE', 'NULL', 'TE', 0, 'NULL', 'NULL', 'NULL', 'NULL', 0, '1'),
(109, 1, 'Creatinine', 0, '500.00', 'NULL', 'TE', 'NULL', 'TE', 'NULL', 'TE', 'NULL', 'TE', 'NULL', 'TE', 'NULL', 'TE', 'NULL', 'TE', 0, 'NULL', 'NULL', 'NULL', 'NULL', 0, '1'),
(110, 1, 'Lipid Profile', 0, '2000.00', 'NULL', 'TE', 'NULL', 'TE', 'NULL', 'TE', 'NULL', 'TE', 'NULL', 'TE', 'NULL', 'TE', 'NULL', 'TE', 0, 'NULL', 'NULL', 'NULL', 'NULL', 0, '1'),
(111, 1, 'LFT', 0, '2000.00', 'NULL', 'TE', 'NULL', 'TE', 'NULL', 'TE', 'NULL', 'TE', 'NULL', 'TE', 'NULL', 'TE', 'NULL', 'TE', 0, 'NULL', 'NULL', 'NULL', 'NULL', 0, '1'),
(114, 1, 'Hemoglobin typing', 0, '1000.00', 'NULL', 'TE', 'NULL', 'TE', 'NULL', 'TE', 'NULL', 'TE', 'NULL', 'TE', 'NULL', 'TE', 'NULL', 'TE', 0, 'NULL', 'NULL', 'NULL', 'NULL', 0, '1'),
(113, 1, 'Urine test', 24, '200.00', 'NULL', 'TE', 'NULL', 'TE', 'NULL', 'TE', 'NULL', 'TE', 'NULL', 'TE', 'NULL', 'TE', 'NULL', 'TE', 0, 'NULL', 'NULL', 'NULL', 'NULL', 0, '1'),
(115, 1, 'Electrolyte', 0, '500.00', 'NULL', 'TE', 'NULL', 'TE', 'NULL', 'TE', 'NULL', 'TE', 'NULL', 'TE', 'NULL', 'TE', 'NULL', 'TE', 0, 'NULL', 'NULL', 'NULL', 'NULL', 0, '1'),
(116, 1, 'Progesterone', 0, '500.00', 'NULL', 'TE', 'NULL', 'TE', 'NULL', 'TE', 'NULL', 'TE', 'NULL', 'TE', 'NULL', 'TE', 'NULL', 'TE', 0, 'NULL', 'NULL', 'NULL', 'NULL', 0, '1'),
(117, 1, 'ET Catheter', 0, '2000.00', 'NULL', 'TE', 'NULL', 'TE', 'NULL', 'TE', 'NULL', 'TE', 'NULL', 'TE', 'NULL', 'TE', 'NULL', 'TE', 0, 'NULL', 'NULL', 'NULL', 'NULL', 0, '1'),
(118, 1, 'Blood ABO', 0, '300.00', 'NULL', 'TE', 'NULL', 'TE', 'NULL', 'TE', 'NULL', 'TE', 'NULL', 'TE', 'NULL', 'TE', 'NULL', 'TE', 0, 'NULL', 'NULL', 'NULL', 'NULL', 0, '1'),
(119, 1, 'VDRL TPHA', 0, '500.00', 'NULL', 'TE', 'NULL', 'TE', 'NULL', 'TE', 'NULL', 'TE', 'NULL', 'TE', 'NULL', 'TE', 'NULL', 'TE', 0, 'NULL', 'NULL', 'NULL', 'NULL', 0, '1'),
(120, 1, 'STA ABS Igg', 0, '500.00', 'NULL', 'TE', 'NULL', 'TE', 'NULL', 'TE', 'NULL', 'TE', 'NULL', 'TE', 'NULL', 'TE', 'NULL', 'TE', 0, 'NULL', 'NULL', 'NULL', 'NULL', 0, '1'),
(128, 1, 'semia PCR, Beta 21', 0, '4000.00', 'NULL', 'TE', 'NULL', 'TE', 'NULL', 'TE', 'NULL', 'TE', 'NULL', 'TE', 'NULL', 'TE', 'NULL', 'TE', 0, 'NULL', 'NULL', 'NULL', 'NULL', 0, '1'),
(122, 4, 'Freezing oocyte (12E,4S)', 0, '30000.00', 'NULL', 'TE', 'NULL', 'TE', 'NULL', 'TE', 'NULL', 'TE', 'NULL', 'TE', 'NULL', 'TE', 'NULL', 'TE', 0, 'NULL', 'NULL', 'NULL', 'NULL', 0, '1'),
(125, 1, 'Thalassemia PCR, Alpha tal 1', 0, '1000.00', 'NULL', 'TE', 'NULL', 'TE', 'NULL', 'TE', 'NULL', 'TE', 'NULL', 'TE', 'NULL', 'TE', 'NULL', 'TE', 0, 'NULL', 'NULL', 'NULL', 'NULL', 0, '1'),
(135, 1, 'Blood Rh', 0, '300.00', 'NULL', 'TE', 'NULL', 'TE', 'NULL', 'TE', 'NULL', 'TE', 'NULL', 'TE', 'NULL', 'TE', 'NULL', 'TE', 0, 'NULL', 'NULL', 'NULL', 'NULL', 0, '1'),
(136, 1, 'Microsomal antibody', 0, '800.00', 'NULL', 'TE', 'NULL', 'TE', 'NULL', 'TE', 'NULL', 'TE', 'NULL', 'TE', 'NULL', 'TE', 'NULL', 'TE', 0, 'NULL', 'NULL', 'NULL', 'NULL', 0, '1'),
(126, 1, 'Thalassemia PCR, Alpha tal 2', 0, '1500.00', 'NULL', 'TE', 'NULL', 'TE', 'NULL', 'TE', 'NULL', 'TE', 'NULL', 'TE', 'NULL', 'TE', 'NULL', 'TE', 0, 'NULL', 'NULL', 'NULL', 'NULL', 0, '1'),
(127, 1, 'semia PCR, Beta 13', 0, '3000.00', 'NULL', 'TE', 'NULL', 'TE', 'NULL', 'TE', 'NULL', 'TE', 'NULL', 'TE', 'NULL', 'TE', 'NULL', 'TE', 0, 'NULL', 'NULL', 'NULL', 'NULL', 0, '1'),
(129, 4, 'FET from other center', 0, '75000.00', 'NULL', 'TE', 'NULL', 'TE', 'NULL', 'TE', 'NULL', 'TE', 'NULL', 'TE', 'NULL', 'TE', 'NULL', 'TE', 0, 'NULL', 'NULL', 'NULL', 'NULL', 0, '1'),
(130, 1, 'CD4', 0, '2500.00', 'NULL', 'TE', 'NULL', 'TE', 'NULL', 'TE', 'NULL', 'TE', 'NULL', 'TE', 'NULL', 'TE', 'NULL', 'TE', 0, 'NULL', 'NULL', 'NULL', 'NULL', 0, '1'),
(131, 1, 'HIV Viral Load', 0, '5000.00', 'NULL', 'TE', 'NULL', 'TE', 'NULL', 'TE', 'NULL', 'TE', 'NULL', 'TE', 'NULL', 'TE', 'NULL', 'TE', 0, 'NULL', 'NULL', 'NULL', 'NULL', 0, '1'),
(137, 1, 'COAGULOGRAM ', 0, '6500.00', 'NULL', 'TE', 'NULL', 'TE', 'NULL', 'TE', 'NULL', 'TE', 'NULL', 'TE', 'NULL', 'TE', 'NULL', 'TE', 0, 'NULL', 'NULL', 'NULL', 'NULL', 0, '1'),
(138, 1, 'DNA Thalassemia', 0, '4000.00', 'NULL', 'TE', 'NULL', 'TE', 'NULL', 'TE', 'NULL', 'TE', 'NULL', 'TE', 'NULL', 'TE', 'NULL', 'TE', 0, 'NULL', 'NULL', 'NULL', 'NULL', 0, '1'),
(139, 1, 'DNA alpha thal 1&2', 0, '4000.00', 'NULL', 'TE', 'NULL', 'TE', 'NULL', 'TE', 'NULL', 'TE', 'NULL', 'TE', 'NULL', 'TE', 'NULL', 'TE', 0, 'NULL', 'NULL', 'NULL', 'NULL', 0, '1'),
(140, 1, '', 0, '0.00', 'NULL', 'TE', 'NULL', 'TE', 'NULL', 'TE', 'NULL', 'TE', 'NULL', 'TE', 'NULL', 'TE', 'NULL', 'TE', 0, 'NULL', 'NULL', 'NULL', 'NULL', 0, '3'),
(141, 1, 'Anti-Thyroglobulin(Anti-Tg)', 1, '1000.00', 'NULL', 'TE', 'NULL', 'TE', 'NULL', 'TE', 'NULL', 'TE', 'NULL', 'TE', 'NULL', 'TE', 'NULL', 'TE', 0, 'NULL', 'NULL', 'NULL', 'NULL', 0, '1'),
(142, 1, 'Anti Cardiolipin Ab(IgG,IgM)', 5, '2800.00', 'NULL', 'TE', 'NULL', 'TE', 'NULL', 'TE', 'NULL', 'TE', 'NULL', 'TE', 'NULL', 'TE', 'NULL', 'TE', 0, 'NULL', 'NULL', 'NULL', 'NULL', 0, '1'),
(143, 1, 'Anti Cardiolipin Ab IgG', 5, '1400.00', 'NULL', 'TE', 'NULL', 'TE', 'NULL', 'TE', 'NULL', 'TE', 'NULL', 'TE', 'NULL', 'TE', 'NULL', 'TE', 0, 'NULL', 'NULL', 'NULL', 'NULL', 0, '1'),
(144, 1, 'Anti Cardiolipin Ab IgM', 5, '1400.00', 'NULL', 'TE', 'NULL', 'TE', 'NULL', 'TE', 'NULL', 'TE', 'NULL', 'TE', 'NULL', 'TE', 'NULL', 'TE', 0, 'NULL', 'NULL', 'NULL', 'NULL', 0, '1'),
(145, 1, 'Lupus anticoagulat', 5, '2700.00', 'NULL', 'TE', 'NULL', 'TE', 'NULL', 'TE', 'NULL', 'TE', 'NULL', 'TE', 'NULL', 'TE', 'NULL', 'TE', 0, 'NULL', 'NULL', 'NULL', 'NULL', 0, '1'),
(146, 1, 'Mycoplasma IgM', 7, '1100.00', 'NULL', 'TE', 'NULL', 'TE', 'NULL', 'TE', 'NULL', 'TE', 'NULL', 'TE', 'NULL', 'TE', 'NULL', 'TE', 0, 'NULL', 'NULL', 'NULL', 'NULL', 0, '1'),
(147, 1, 'Anti-TPO', 1, '1000.00', 'NULL', 'TE', 'NULL', 'TE', 'NULL', 'TE', 'NULL', 'TE', 'NULL', 'TE', 'NULL', 'TE', 'NULL', 'TE', 0, 'NULL', 'NULL', 'NULL', 'NULL', 0, '1'),
(148, 1, 'Anti-Beta 2 glycoprotein I IgG', 5, '1400.00', 'NULL', 'TE', 'NULL', 'TE', 'NULL', 'TE', 'NULL', 'TE', 'NULL', 'TE', 'NULL', 'TE', 'NULL', 'TE', 0, 'NULL', 'NULL', 'NULL', 'NULL', 0, '1'),
(149, 1, 'Anti-Beta 2 glycoprotein I IgM', 5, '1400.00', 'NULL', 'TE', 'NULL', 'TE', 'NULL', 'TE', 'NULL', 'TE', 'NULL', 'TE', 'NULL', 'TE', 'NULL', 'TE', 0, 'NULL', 'NULL', 'NULL', 'NULL', 0, '1'),
(150, 1, 'HSV-IgG', 0, '1000.00', 'NULL', 'TE', 'NULL', 'TE', 'NULL', 'TE', 'NULL', 'TE', 'NULL', 'TE', 'NULL', 'TE', 'NULL', 'TE', 0, 'NULL', 'NULL', 'NULL', 'NULL', 0, '1'),
(151, 1, 'HSV-IgM', 0, '600.00', 'NULL', 'TE', 'NULL', 'TE', 'NULL', 'TE', 'NULL', 'TE', 'NULL', 'TE', 'NULL', 'TE', 'NULL', 'TE', 0, 'NULL', 'NULL', 'NULL', 'NULL', 0, '1'),
(152, 1, 'CA-12-5', 0, '2000.00', 'NULL', 'TE', 'NULL', 'TE', 'NULL', 'TE', 'NULL', 'TE', 'NULL', 'TE', 'NULL', 'TE', 'NULL', 'TE', 0, 'NULL', 'NULL', 'NULL', 'NULL', 0, '1'),
(153, 1, 'CA-19-9', 0, '2000.00', 'NULL', 'TE', 'NULL', 'TE', 'NULL', 'TE', 'NULL', 'TE', 'NULL', 'TE', 'NULL', 'TE', 'NULL', 'TE', 0, 'NULL', 'NULL', 'NULL', 'NULL', 0, '1'),
(154, 4, 'Embryo Transfer', 0, '0.00', 'NULL', 'TE', 'NULL', 'TE', 'NULL', 'TE', 'NULL', 'TE', 'NULL', 'TE', 'NULL', 'TE', 'NULL', 'TE', 0, 'NULL', 'NULL', 'NULL', 'NULL', 0, '1'),
(155, 1, '', 0, '0.00', 'NULL', 'TE', 'NULL', 'TE', 'NULL', 'TE', 'NULL', 'TE', 'NULL', 'TE', 'NULL', 'TE', 'NULL', 'TE', 0, 'NULL', 'NULL', 'NULL', 'NULL', 0, '3'),
(156, 1, 'D-Dimer', 0, '1000.00', 'NULL', 'TE', 'NULL', 'TE', 'NULL', 'TE', 'NULL', 'TE', 'NULL', 'TE', 'NULL', 'TE', 'NULL', 'TE', 0, 'NULL', 'NULL', 'NULL', 'NULL', 0, '1'),
(157, 1, 'Solution for biopsy (day 6)', 0, '5000.00', 'NULL', 'TE', 'NULL', 'TE', 'NULL', 'TE', 'NULL', 'TE', 'NULL', 'TE', 'NULL', 'TE', 'NULL', 'TE', 0, 'NULL', 'NULL', 'NULL', 'NULL', 0, '1'),
(158, 1, 'Antibody screening', 0, '4900.00', 'NULL', 'TE', 'NULL', 'TE', 'NULL', 'TE', 'NULL', 'TE', 'NULL', 'TE', 'NULL', 'TE', 'NULL', 'TE', 0, 'NULL', 'NULL', 'NULL', 'NULL', 0, '1'),
(159, 1, 'FBS', 0, '500.00', 'NULL', 'TE', 'NULL', 'TE', 'NULL', 'TE', 'NULL', 'TE', 'NULL', 'TE', 'NULL', 'TE', 'NULL', 'TE', 0, 'NULL', 'NULL', 'NULL', 'NULL', 0, '1'),
(160, 1, 'ESR', 0, '500.00', 'NULL', 'TE', 'NULL', 'TE', 'NULL', 'TE', 'NULL', 'TE', 'NULL', 'TE', 'NULL', 'TE', 'NULL', 'TE', 0, 'NULL', 'NULL', 'NULL', 'NULL', 0, '1'),
(161, 1, 'Homocystein', 0, '2000.00', 'NULL', 'TE', 'NULL', 'TE', 'NULL', 'TE', 'NULL', 'TE', 'NULL', 'TE', 'NULL', 'TE', 'NULL', 'TE', 0, 'NULL', 'NULL', 'NULL', 'NULL', 0, '1'),
(162, 1, 'CRT ( C-Reactive Protine)', 0, '1500.00', 'NULL', 'TE', 'NULL', 'TE', 'NULL', 'TE', 'NULL', 'TE', 'NULL', 'TE', 'NULL', 'TE', 'NULL', 'TE', 0, 'NULL', 'NULL', 'NULL', 'NULL', 0, '1'),
(163, 1, 'Cortisol', 0, '1500.00', 'NULL', 'TE', 'NULL', 'TE', 'NULL', 'TE', 'NULL', 'TE', 'NULL', 'TE', 'NULL', 'TE', 'NULL', 'TE', 0, 'NULL', 'NULL', 'NULL', 'NULL', 0, '1'),
(164, 1, 'PSA', 0, '2000.00', 'NULL', 'TE', 'NULL', 'TE', 'NULL', 'TE', 'NULL', 'TE', 'NULL', 'TE', 'NULL', 'TE', 'NULL', 'TE', 0, 'NULL', 'NULL', 'NULL', 'NULL', 0, '1'),
(165, 1, 'Anti Cardiolipin lgA', 0, '1500.00', 'NULL', 'TE', 'NULL', 'TE', 'NULL', 'TE', 'NULL', 'TE', 'NULL', 'TE', 'NULL', 'TE', 'NULL', 'TE', 0, 'NULL', 'NULL', 'NULL', 'NULL', 0, '1'),
(168, 1, 'Anti-HAV', 0, '1000.00', 'NULL', 'TE', 'NULL', 'TE', 'NULL', 'TE', 'NULL', 'TE', 'NULL', 'TE', 'NULL', 'TE', 'NULL', 'TE', 0, 'NULL', 'NULL', 'NULL', 'NULL', 0, '1'),
(167, 3, 'Sperm Analysis (HIV)', 0, '5000.00', 'NULL', 'TE', 'NULL', 'TE', 'NULL', 'TE', 'NULL', 'TE', 'NULL', 'TE', 'NULL', 'TE', 'NULL', 'TE', 0, 'NULL', 'NULL', 'NULL', 'NULL', 0, '1'),
(169, 1, 'Anti-HAV Igm', 0, '1000.00', 'NULL', 'TE', 'NULL', 'TE', 'NULL', 'TE', 'NULL', 'TE', 'NULL', 'TE', 'NULL', 'TE', 'NULL', 'TE', 0, 'NULL', 'NULL', 'NULL', 'NULL', 0, '1'),
(170, 1, 'Anti-HAV IgG', 0, '1000.00', 'NULL', 'TE', 'NULL', 'TE', 'NULL', 'TE', 'NULL', 'TE', 'NULL', 'TE', 'NULL', 'TE', 'NULL', 'TE', 0, 'NULL', 'NULL', 'NULL', 'NULL', 0, '1'),
(182, 1, 'FT4', 1, '500.00', 'NULL', 'TE', 'NULL', 'TE', 'NULL', 'TE', 'NULL', 'TE', 'NULL', 'TE', 'NULL', 'TE', 'NULL', 'TE', 0, 'NULL', 'NULL', 'NULL', 'NULL', 0, '1'),
(183, 1, 'Growth Hormone', 0, '2000.00', 'NULL', 'TE', 'NULL', 'TE', 'NULL', 'TE', 'NULL', 'TE', 'NULL', 'TE', 'NULL', 'TE', 'NULL', 'TE', 0, 'NULL', 'NULL', 'NULL', 'NULL', 0, '1'),
(184, 1, 'FreeT3', 0, '500.00', 'NULL', 'TE', 'NULL', 'TE', 'NULL', 'TE', 'NULL', 'TE', 'NULL', 'TE', 'NULL', 'TE', 'NULL', 'TE', 0, 'NULL', 'NULL', 'NULL', 'NULL', 0, '1'),
(185, 1, 'test aaaaaa', 24, '100.00', 'NULL', 'TE', 'NULL', 'TE', 'NULL', 'TE', 'NULL', 'TE', 'NULL', 'TE', 'NULL', 'TE', 'NULL', 'TE', 0, 'NULL', 'NULL', 'NULL', 'NULL', 0, '1');

-- --------------------------------------------------------

--
-- Table structure for table `LabItemGroup`
--

CREATE TABLE `LabItemGroup` (
  `LGID` int(11) NOT NULL,
  `LGName` varchar(250) COLLATE utf8_unicode_ci DEFAULT NULL,
  `active` varchar(45) COLLATE utf8_unicode_ci DEFAULT '1'
) ENGINE=MyISAM DEFAULT CHARSET=utf8 COLLATE=utf8_unicode_ci;

--
-- Dumping data for table `LabItemGroup`
--

INSERT INTO `LabItemGroup` (`LGID`, `LGName`, `active`) VALUES
(1, 'Blood Lab', '1'),
(3, 'Sperm Lab', '1'),
(4, 'Embryo Lab', '1'),
(5, 'Genetic Lab', '1');

-- --------------------------------------------------------

--
-- Table structure for table `lab_b_procedure`
--

CREATE TABLE `lab_b_procedure` (
  `proce_id` int(11) NOT NULL,
  `proce_code` varchar(255) COLLATE utf8_bin DEFAULT NULL,
  `proce_name_t` varchar(255) COLLATE utf8_bin DEFAULT NULL,
  `proce_name_e` varchar(255) COLLATE utf8_bin DEFAULT NULL,
  `remark` varchar(255) COLLATE utf8_bin DEFAULT NULL,
  `active` varchar(255) COLLATE utf8_bin DEFAULT NULL,
  `date_create` varchar(255) COLLATE utf8_bin DEFAULT NULL,
  `date_modi` varchar(255) COLLATE utf8_bin DEFAULT NULL,
  `date_cancel` varchar(255) COLLATE utf8_bin DEFAULT NULL,
  `user_create` varchar(255) COLLATE utf8_bin DEFAULT NULL,
  `user_modi` varchar(255) COLLATE utf8_bin DEFAULT NULL,
  `user_cancel` varchar(255) COLLATE utf8_bin DEFAULT NULL,
  `sort1` varchar(255) COLLATE utf8_bin DEFAULT NULL,
  `status_lab` varchar(255) COLLATE utf8_bin DEFAULT NULL
) ENGINE=MyISAM DEFAULT CHARSET=utf8 COLLATE=utf8_bin COMMENT='id=301';

--
-- Dumping data for table `lab_b_procedure`
--

INSERT INTO `lab_b_procedure` (`proce_id`, `proce_code`, `proce_name_t`, `proce_name_e`, `remark`, `active`, `date_create`, `date_modi`, `date_cancel`, `user_create`, `user_modi`, `user_cancel`, `sort1`, `status_lab`) VALUES
(1, 'OPU001', 'OPU-ICSI', NULL, NULL, '1', NULL, NULL, NULL, NULL, NULL, NULL, NULL, 'OPU'),
(2, 'OPU002', 'OPU-ICSI-PGS day 3', NULL, NULL, '1', NULL, NULL, NULL, NULL, NULL, NULL, NULL, 'OPU'),
(3, 'OPU003', 'OPU-ICSI-NGS day 5', NULL, NULL, '1', NULL, NULL, NULL, NULL, NULL, NULL, NULL, 'OPU'),
(4, 'OPU004', 'OPU-ICSI-NGS day5,6', NULL, NULL, '1', NULL, NULL, NULL, NULL, NULL, NULL, NULL, 'OPU'),
(5, 'OPU005', 'OPU-ICSI-Freezing day1', NULL, NULL, '1', NULL, NULL, NULL, NULL, NULL, NULL, NULL, 'OPU'),
(6, 'OPU006', 'OPU-ICSI-Freezing day2', NULL, NULL, '1', NULL, NULL, NULL, NULL, NULL, NULL, NULL, 'OPU'),
(7, 'OPU007', 'OPU-ICSI-Freezing day3', NULL, NULL, '1', NULL, NULL, NULL, NULL, NULL, NULL, NULL, 'OPU'),
(8, 'OPU008', 'OPU-Freezing oocyte', NULL, NULL, '1', NULL, NULL, NULL, NULL, NULL, NULL, NULL, 'OPU'),
(9, 'OPU009', 'OPU-Thawing oocyte-ICSI', NULL, NULL, '1', NULL, NULL, NULL, NULL, NULL, NULL, NULL, 'OPU'),
(10, 'OPU010', 'OPU-Thawing oocyte-ICSI-PGS day3', NULL, NULL, '1', NULL, NULL, NULL, NULL, NULL, NULL, NULL, 'OPU'),
(11, 'OPU011', 'OPU-Thawing oocyte-ICSI-NGS day5', NULL, NULL, '1', NULL, NULL, NULL, NULL, NULL, NULL, NULL, 'OPU'),
(12, 'OPU012', 'OPU-Thawing oocyte-ICSI-NGS day5,6', NULL, NULL, '1', NULL, NULL, NULL, NULL, NULL, NULL, NULL, 'OPU'),
(13, 'FET01', 'FET', NULL, NULL, '1', NULL, NULL, NULL, NULL, NULL, NULL, NULL, 'FET'),
(14, 'DAY301', 'Compacted', NULL, NULL, '1', NULL, NULL, NULL, NULL, NULL, NULL, NULL, 'DAY3'),
(15, 'DAY302', 'Early compact', NULL, NULL, '1', NULL, NULL, NULL, NULL, NULL, NULL, NULL, 'DAY3');

-- --------------------------------------------------------

--
-- Table structure for table `lab_t_fet`
--

CREATE TABLE `lab_t_fet` (
  `fet_id` int(11) NOT NULL,
  `fet_code` varchar(255) COLLATE utf8_bin DEFAULT NULL,
  `hn_male` varchar(255) COLLATE utf8_bin DEFAULT NULL,
  `hn_female` varchar(255) COLLATE utf8_bin DEFAULT NULL,
  `name_male` varchar(255) COLLATE utf8_bin DEFAULT NULL,
  `name_female` varchar(255) COLLATE utf8_bin DEFAULT NULL,
  `dob_male` varchar(255) COLLATE utf8_bin DEFAULT NULL,
  `dob_female` varchar(255) COLLATE utf8_bin DEFAULT NULL,
  `doctor_id` int(11) DEFAULT NULL,
  `proce_id` int(11) DEFAULT NULL,
  `fet_date` varchar(255) COLLATE utf8_bin DEFAULT NULL,
  `freeze_date` varchar(255) COLLATE utf8_bin DEFAULT NULL,
  `freeze_no_of_freeze` varchar(255) COLLATE utf8_bin DEFAULT NULL,
  `freeze_stage_of_freeze` varchar(255) COLLATE utf8_bin DEFAULT NULL,
  `thaw_date` varchar(255) COLLATE utf8_bin DEFAULT NULL,
  `thaw_no_of_thaw` varchar(255) COLLATE utf8_bin DEFAULT NULL,
  `thaw_no_of_survival` varchar(255) COLLATE utf8_bin DEFAULT NULL,
  `thaw_no_of_remaining` varchar(255) COLLATE utf8_bin DEFAULT NULL,
  `media_date` varchar(255) COLLATE utf8_bin DEFAULT NULL,
  `media_lot_no` varchar(255) COLLATE utf8_bin DEFAULT NULL,
  `media_exp` varchar(255) COLLATE utf8_bin DEFAULT NULL,
  `media_thawing` varchar(255) COLLATE utf8_bin DEFAULT NULL,
  `embryo_for_et_no_of_et` varchar(255) COLLATE utf8_bin DEFAULT NULL,
  `embryo_for_et_day` varchar(255) COLLATE utf8_bin DEFAULT NULL,
  `embryo_for_et_date` varchar(255) COLLATE utf8_bin DEFAULT NULL,
  `embryo_for_et_assisted` varchar(255) COLLATE utf8_bin DEFAULT NULL,
  `embryo_for_et_remark` varchar(255) COLLATE utf8_bin DEFAULT NULL,
  `embryo_for_et_volume` varchar(255) COLLATE utf8_bin DEFAULT NULL,
  `embryo_for_et_catheter` varchar(255) COLLATE utf8_bin DEFAULT NULL,
  `embryo_for_et_doctor` varchar(255) COLLATE utf8_bin DEFAULT NULL,
  `embryo_for_et_embryologist_id` int(11) DEFAULT NULL,
  `embryo_for_et_number_of_transfer` varchar(255) COLLATE utf8_bin DEFAULT NULL,
  `embryo_for_et_number_of_freeze` varchar(255) COLLATE utf8_bin DEFAULT NULL,
  `embryo_for_et_number_of_discard` varchar(255) COLLATE utf8_bin DEFAULT NULL,
  `embryologist_report_id` int(11) DEFAULT NULL,
  `embryologist_approve_id` int(11) DEFAULT NULL,
  `date_create` varchar(55) COLLATE utf8_bin DEFAULT NULL,
  `date_modi` varchar(55) COLLATE utf8_bin DEFAULT NULL,
  `date_cancel` varchar(55) COLLATE utf8_bin DEFAULT NULL,
  `user_create` varchar(155) COLLATE utf8_bin DEFAULT NULL,
  `user_modi` varchar(155) COLLATE utf8_bin DEFAULT NULL,
  `user_cancel` varchar(155) COLLATE utf8_bin DEFAULT NULL,
  `active` varchar(155) COLLATE utf8_bin DEFAULT NULL,
  `remark` varchar(255) COLLATE utf8_bin DEFAULT NULL,
  `req_id` int(11) DEFAULT NULL,
  `status_fet` varchar(5) COLLATE utf8_bin DEFAULT NULL COMMENT '1=start;2=',
  `save_patient_staff_id` int(11) DEFAULT NULL,
  `save_maturation_staff_id` int(11) DEFAULT NULL,
  `save_fetilization_staff_id` int(11) DEFAULT NULL,
  `save_sperm_prepa_staff_id` int(11) DEFAULT NULL,
  `save_embryo_freezing_day_0_staff_id` int(11) DEFAULT NULL,
  `save_embryo_freezing_day_1_staff_id` int(11) DEFAULT NULL,
  `save_embbryo_for_et_staff_id` int(11) DEFAULT NULL,
  `date_pic_embryo` varchar(45) COLLATE utf8_bin DEFAULT NULL COMMENT 'วันที่ใส่รูป',
  `hn_donor` varchar(45) COLLATE utf8_bin DEFAULT NULL,
  `name_donor` varchar(255) COLLATE utf8_bin DEFAULT NULL
) ENGINE=MyISAM DEFAULT CHARSET=utf8 COLLATE=utf8_bin COMMENT='id=219';

-- --------------------------------------------------------

--
-- Table structure for table `lab_t_form_a`
--

CREATE TABLE `lab_t_form_a` (
  `form_a_id` int(11) NOT NULL,
  `t_patient_id` int(11) DEFAULT NULL,
  `t_visit_id` int(11) DEFAULT NULL,
  `opu_date` varchar(45) COLLATE utf8_bin DEFAULT NULL,
  `no_of_oocyte_rt` varchar(45) COLLATE utf8_bin DEFAULT NULL,
  `no_of_oocyte_lt` varchar(45) COLLATE utf8_bin DEFAULT NULL,
  `status_fresh_sperm` varchar(45) COLLATE utf8_bin DEFAULT NULL,
  `status_frozen_sperm` varchar(45) COLLATE utf8_bin DEFAULT NULL,
  `status_sperm_ha` varchar(45) COLLATE utf8_bin DEFAULT NULL,
  `status_pgs` varchar(45) COLLATE utf8_bin DEFAULT NULL,
  `status_ngs` varchar(45) COLLATE utf8_bin DEFAULT NULL,
  `ngs_day` varchar(45) COLLATE utf8_bin DEFAULT NULL,
  `status_embryo_tranfer` varchar(45) COLLATE utf8_bin DEFAULT NULL,
  `embryo_tranfer_fresh_cycle` varchar(45) COLLATE utf8_bin DEFAULT NULL,
  `embryo_tranfer_frozen_cycle` varchar(45) COLLATE utf8_bin DEFAULT NULL,
  `status_embryo_freezing` varchar(45) COLLATE utf8_bin DEFAULT NULL,
  `embryo_freezing_day` varchar(45) COLLATE utf8_bin DEFAULT NULL,
  `embryo_tranfer_date` varchar(45) COLLATE utf8_bin DEFAULT NULL,
  `status_et_no_to_tranfer` varchar(45) COLLATE utf8_bin DEFAULT NULL,
  `status_fet` varchar(45) COLLATE utf8_bin DEFAULT NULL,
  `fet_no` varchar(45) COLLATE utf8_bin DEFAULT NULL,
  `fet_no_date_freezing` varchar(45) COLLATE utf8_bin DEFAULT NULL,
  `status_embryo_glue` varchar(45) COLLATE utf8_bin DEFAULT NULL,
  `status_fet1` varchar(45) COLLATE utf8_bin DEFAULT NULL,
  `fet1_no` varchar(45) COLLATE utf8_bin DEFAULT NULL,
  `fet1_no_date_freezing` varchar(45) COLLATE utf8_bin DEFAULT NULL,
  `status_sperm_analysis` varchar(45) COLLATE utf8_bin DEFAULT NULL,
  `status_spern_freezing` varchar(45) COLLATE utf8_bin DEFAULT NULL,
  `pasa_tese_date` varchar(45) COLLATE utf8_bin DEFAULT NULL,
  `iui_date` varchar(45) COLLATE utf8_bin DEFAULT NULL,
  `lab_t_form_acol` varchar(45) COLLATE utf8_bin DEFAULT NULL,
  `sperm_analysis_date_start` varchar(45) COLLATE utf8_bin DEFAULT NULL,
  `sperm_analysis_date_end` varchar(45) COLLATE utf8_bin DEFAULT NULL,
  `spern_freezing_date_start` varchar(45) COLLATE utf8_bin DEFAULT NULL,
  `spern_freezing_date_end` varchar(45) COLLATE utf8_bin DEFAULT NULL,
  `active` varchar(45) COLLATE utf8_bin DEFAULT NULL,
  `remark` varchar(255) COLLATE utf8_bin DEFAULT NULL,
  `date_create` varchar(45) COLLATE utf8_bin DEFAULT NULL,
  `date_modi` varchar(45) COLLATE utf8_bin DEFAULT NULL,
  `date_cancel` varchar(45) COLLATE utf8_bin DEFAULT NULL,
  `user_create` varchar(45) COLLATE utf8_bin DEFAULT NULL,
  `user_modi` varchar(45) COLLATE utf8_bin DEFAULT NULL,
  `user_cancel` varchar(45) COLLATE utf8_bin DEFAULT NULL,
  `vn_old` varchar(45) COLLATE utf8_bin DEFAULT NULL,
  `hn_old` varchar(45) COLLATE utf8_bin DEFAULT NULL,
  `fresh_sperm_collect_time` varchar(45) COLLATE utf8_bin DEFAULT NULL,
  `fresh_sperm_end_time` varchar(45) COLLATE utf8_bin DEFAULT NULL,
  `form_a_code` varchar(45) COLLATE utf8_bin DEFAULT NULL,
  `status_assist_hatching` varchar(45) COLLATE utf8_bin DEFAULT NULL,
  `hn_male` varchar(45) COLLATE utf8_bin DEFAULT NULL,
  `hn_female` varchar(45) COLLATE utf8_bin DEFAULT NULL,
  `name_male` varchar(45) COLLATE utf8_bin DEFAULT NULL,
  `name_female` varchar(45) COLLATE utf8_bin DEFAULT NULL,
  `doctor_id` int(11) DEFAULT NULL,
  `form_a_date` varchar(45) COLLATE utf8_bin DEFAULT NULL,
  `hn_donor` varchar(45) COLLATE utf8_bin DEFAULT NULL,
  `name_donor` varchar(255) COLLATE utf8_bin DEFAULT NULL,
  `dob_donor` varchar(45) COLLATE utf8_bin DEFAULT NULL,
  `opu_remark` varchar(255) COLLATE utf8_bin DEFAULT NULL,
  `fet_remark` varchar(255) COLLATE utf8_bin DEFAULT NULL,
  `dob_female` varchar(45) COLLATE utf8_bin DEFAULT NULL,
  `dob_male` varchar(45) COLLATE utf8_bin DEFAULT NULL,
  `y_selection` varchar(45) COLLATE utf8_bin DEFAULT NULL,
  `x_selection` varchar(45) COLLATE utf8_bin DEFAULT NULL,
  `status_wait_confirm_day1` varchar(45) COLLATE utf8_bin DEFAULT NULL,
  `status_wait_confirm_opu_date` varchar(45) COLLATE utf8_bin DEFAULT NULL,
  `req_id_opu` int(11) DEFAULT NULL,
  `req_id_et` int(11) DEFAULT NULL,
  `req_id_fet` int(11) DEFAULT NULL,
  `req_id_iui` int(11) DEFAULT NULL,
  `req_id_pesa_tese` int(11) DEFAULT NULL,
  `opu_time` varchar(45) COLLATE utf8_bin DEFAULT NULL,
  `status_opu_active` varchar(45) COLLATE utf8_bin DEFAULT NULL COMMENT '0=default;1=actuve;3=un active',
  `opu_wait_remark` varchar(255) COLLATE utf8_bin DEFAULT NULL,
  `status_fet_active` varchar(45) COLLATE utf8_bin DEFAULT NULL,
  `fet_wait_remark` varchar(255) COLLATE utf8_bin DEFAULT NULL,
  `status_wait_confirm_fet_date` varchar(45) COLLATE utf8_bin DEFAULT NULL,
  `opu_time_modi` varchar(255) COLLATE utf8_bin DEFAULT NULL,
  `status_opu_time_modi` varchar(45) COLLATE utf8_bin DEFAULT NULL COMMENT '0=default;1=มีการแก้ไขเวลา;2= ทาง lab ได้รับทราบการแก้ไขเวลา',
  `fet_day` varchar(45) COLLATE utf8_bin DEFAULT NULL,
  `fet1_day` varchar(45) COLLATE utf8_bin DEFAULT NULL,
  `frozen_sperm_date` varchar(45) COLLATE utf8_bin DEFAULT NULL,
  `staff_req_id` int(11) DEFAULT NULL
) ENGINE=MyISAM DEFAULT CHARSET=utf8 COLLATE=utf8_bin COMMENT='id=218';

-- --------------------------------------------------------

--
-- Table structure for table `lab_t_opu`
--

CREATE TABLE `lab_t_opu` (
  `opu_id` int(11) NOT NULL,
  `opu_code` varchar(255) COLLATE utf8_bin DEFAULT NULL,
  `embryo_freez_stage` int(11) DEFAULT NULL,
  `embryoid_freez_position` varchar(255) COLLATE utf8_bin DEFAULT NULL,
  `hn_male` varchar(255) COLLATE utf8_bin DEFAULT NULL,
  `hn_female` varchar(255) COLLATE utf8_bin DEFAULT NULL,
  `name_male` varchar(255) COLLATE utf8_bin DEFAULT NULL,
  `name_female` varchar(255) COLLATE utf8_bin DEFAULT NULL,
  `dob_male` varchar(255) COLLATE utf8_bin DEFAULT NULL,
  `dob_female` varchar(255) COLLATE utf8_bin DEFAULT NULL,
  `doctor_id` int(11) DEFAULT NULL,
  `proce_id` int(11) DEFAULT NULL,
  `opu_date` varchar(255) COLLATE utf8_bin DEFAULT NULL,
  `matura_no_of_opu` varchar(255) COLLATE utf8_bin DEFAULT NULL,
  `matura_date` varchar(255) COLLATE utf8_bin DEFAULT NULL,
  `matura_m_ii` varchar(255) COLLATE utf8_bin DEFAULT NULL,
  `matura_m_i` varchar(255) COLLATE utf8_bin DEFAULT NULL,
  `matura_gv` varchar(255) COLLATE utf8_bin DEFAULT NULL,
  `matura_post_mat` varchar(255) COLLATE utf8_bin DEFAULT NULL,
  `matura_abnormal` varchar(255) COLLATE utf8_bin DEFAULT NULL,
  `matura_dead` varchar(255) COLLATE utf8_bin DEFAULT NULL,
  `fertili_date` varchar(255) COLLATE utf8_bin DEFAULT NULL,
  `fertili_2_pn` varchar(255) COLLATE utf8_bin DEFAULT NULL,
  `fertili_1_pn` varchar(255) COLLATE utf8_bin DEFAULT NULL,
  `fertili_3_pn` varchar(255) COLLATE utf8_bin DEFAULT NULL,
  `fertili_4_pn` varchar(255) COLLATE utf8_bin DEFAULT NULL,
  `fertili_no_pn` varchar(255) COLLATE utf8_bin DEFAULT NULL,
  `fertili_dead` varchar(255) COLLATE utf8_bin DEFAULT NULL,
  `sperm_date` varchar(255) COLLATE utf8_bin DEFAULT NULL,
  `sperm_volume` varchar(255) COLLATE utf8_bin DEFAULT NULL,
  `sperm_count` varchar(255) COLLATE utf8_bin DEFAULT NULL,
  `sperm_count_total` varchar(255) COLLATE utf8_bin DEFAULT NULL,
  `sperm_motile` varchar(255) COLLATE utf8_bin DEFAULT NULL,
  `sperm_motile_total` varchar(255) COLLATE utf8_bin DEFAULT NULL,
  `sperm_motility` varchar(255) COLLATE utf8_bin DEFAULT NULL,
  `sperm_fresh_sperm` varchar(255) COLLATE utf8_bin DEFAULT NULL,
  `sperm_frozen_sperm` varchar(255) COLLATE utf8_bin DEFAULT NULL,
  `embryo_freez_date_0` varchar(155) COLLATE utf8_bin DEFAULT NULL,
  `embryo_freez_day_0` varchar(155) COLLATE utf8_bin DEFAULT NULL,
  `embryo_freez_no_og_0` varchar(155) COLLATE utf8_bin DEFAULT NULL,
  `embryo_freez_no_of_straw_0` varchar(155) COLLATE utf8_bin DEFAULT NULL,
  `embryo_freez_mothod_0` varchar(155) COLLATE utf8_bin DEFAULT NULL,
  `embryo_freez_freeze_media_0` varchar(155) COLLATE utf8_bin DEFAULT NULL,
  `embryo_freez_position_0` varchar(155) COLLATE utf8_bin DEFAULT NULL,
  `embryo_freez_stage_0` varchar(155) COLLATE utf8_bin DEFAULT NULL,
  `embryo_for_et_no_of_et` varchar(255) COLLATE utf8_bin DEFAULT NULL,
  `embryo_for_et_day` varchar(255) COLLATE utf8_bin DEFAULT NULL,
  `embryo_for_et_date` varchar(255) COLLATE utf8_bin DEFAULT NULL,
  `embryo_for_et_assisted` varchar(255) COLLATE utf8_bin DEFAULT NULL,
  `embryo_for_et_remark` varchar(255) COLLATE utf8_bin DEFAULT NULL,
  `embryo_for_et_volume` varchar(255) COLLATE utf8_bin DEFAULT NULL,
  `embryo_for_et_catheter` varchar(255) COLLATE utf8_bin DEFAULT NULL,
  `embryo_for_et_doctor` varchar(255) COLLATE utf8_bin DEFAULT NULL,
  `embryo_for_et_embryologist_id` int(11) DEFAULT NULL,
  `embryo_for_et_number_of_transfer` varchar(255) COLLATE utf8_bin DEFAULT NULL,
  `embryo_for_et_number_of_freeze` varchar(255) COLLATE utf8_bin DEFAULT NULL,
  `embryo_for_et_number_of_discard` varchar(255) COLLATE utf8_bin DEFAULT NULL,
  `embryologist_report_id` int(11) DEFAULT NULL,
  `embryologist_approve_id` int(11) DEFAULT NULL,
  `date_create` varchar(55) COLLATE utf8_bin DEFAULT NULL,
  `date_modi` varchar(55) COLLATE utf8_bin DEFAULT NULL,
  `date_cancel` varchar(55) COLLATE utf8_bin DEFAULT NULL,
  `user_create` varchar(155) COLLATE utf8_bin DEFAULT NULL,
  `user_modi` varchar(155) COLLATE utf8_bin DEFAULT NULL,
  `user_cancel` varchar(155) COLLATE utf8_bin DEFAULT NULL,
  `active` varchar(155) COLLATE utf8_bin DEFAULT NULL,
  `remark` varchar(255) COLLATE utf8_bin DEFAULT NULL,
  `embryo_freez_date_1` varchar(155) COLLATE utf8_bin DEFAULT NULL,
  `embryo_freez_day_1` varchar(155) COLLATE utf8_bin DEFAULT NULL,
  `embryo_freez_no_og_1` varchar(155) COLLATE utf8_bin DEFAULT NULL,
  `embryo_freez_no_of_straw_1` varchar(155) COLLATE utf8_bin DEFAULT NULL,
  `embryo_freez_mothod_1` varchar(155) COLLATE utf8_bin DEFAULT NULL,
  `embryo_freez_freeze_media_1` varchar(155) COLLATE utf8_bin DEFAULT NULL,
  `embryo_freez_stage_1` varchar(155) COLLATE utf8_bin DEFAULT NULL,
  `embryo_freez_position_1` varchar(155) COLLATE utf8_bin DEFAULT NULL,
  `embryo_freez_date_2` varchar(155) COLLATE utf8_bin DEFAULT NULL,
  `embryo_freez_day_2` varchar(155) COLLATE utf8_bin DEFAULT NULL,
  `embryo_freez_no_og_2` varchar(155) COLLATE utf8_bin DEFAULT NULL,
  `embryo_freez_no_of_straw_2` varchar(155) COLLATE utf8_bin DEFAULT NULL,
  `embryo_freez_mothod_2` varchar(155) COLLATE utf8_bin DEFAULT NULL,
  `embryo_freez_freeze_media_2` varchar(155) COLLATE utf8_bin DEFAULT NULL,
  `embryo_freez_stage_2` varchar(155) COLLATE utf8_bin DEFAULT NULL,
  `embryo_freez_position_2` varchar(155) COLLATE utf8_bin DEFAULT NULL,
  `embryo_freez_date_3` varchar(155) COLLATE utf8_bin DEFAULT NULL,
  `embryo_freez_day_3` varchar(155) COLLATE utf8_bin DEFAULT NULL,
  `embryo_freez_no_og_3` varchar(155) COLLATE utf8_bin DEFAULT NULL,
  `embryo_freez_no_of_straw_3` varchar(155) COLLATE utf8_bin DEFAULT NULL,
  `embryo_freez_mothod_3` varchar(155) COLLATE utf8_bin DEFAULT NULL,
  `embryo_freez_freeze_media_3` varchar(155) COLLATE utf8_bin DEFAULT NULL,
  `embryo_freez_stage_3` varchar(155) COLLATE utf8_bin DEFAULT NULL,
  `embryo_freez_position_3` varchar(155) COLLATE utf8_bin DEFAULT NULL,
  `embryo_freez_date_4` varchar(155) COLLATE utf8_bin DEFAULT NULL,
  `embryo_freez_day_4` varchar(155) COLLATE utf8_bin DEFAULT NULL,
  `embryo_freez_no_og_4` varchar(155) COLLATE utf8_bin DEFAULT NULL,
  `embryo_freez_no_of_straw_4` varchar(155) COLLATE utf8_bin DEFAULT NULL,
  `embryo_freez_mothod_4` varchar(155) COLLATE utf8_bin DEFAULT NULL,
  `embryo_freez_freeze_media_4` varchar(155) COLLATE utf8_bin DEFAULT NULL,
  `embryo_freez_stage_4` varchar(155) COLLATE utf8_bin DEFAULT NULL,
  `embryo_freez_position_4` varchar(55) COLLATE utf8_bin DEFAULT NULL,
  `embryo_freez_date_5` varchar(45) COLLATE utf8_bin DEFAULT NULL,
  `embryo_freez_day_5` varchar(45) COLLATE utf8_bin DEFAULT NULL,
  `embryo_freez_no_og_5` varchar(45) COLLATE utf8_bin DEFAULT NULL,
  `embryo_freez_no_of_straw_5` varchar(45) COLLATE utf8_bin DEFAULT NULL,
  `embryo_freez_mothod_5` varchar(45) COLLATE utf8_bin DEFAULT NULL,
  `embryo_freez_freeze_media_5` varchar(45) COLLATE utf8_bin DEFAULT NULL,
  `embryo_freez_stage_5` varchar(45) COLLATE utf8_bin DEFAULT NULL,
  `embryo_freez_position_5` varchar(45) COLLATE utf8_bin DEFAULT NULL,
  `embryo_freez_date_6` varchar(55) COLLATE utf8_bin DEFAULT NULL,
  `embryo_freez_day_6` varchar(55) COLLATE utf8_bin DEFAULT NULL,
  `embryo_freez_no_og_6` varchar(55) COLLATE utf8_bin DEFAULT NULL,
  `embryo_freez_no_of_straw_6` varchar(55) COLLATE utf8_bin DEFAULT NULL,
  `embryo_freez_mothod_6` varchar(55) COLLATE utf8_bin DEFAULT NULL,
  `embryo_freez_freeze_media_6` varchar(55) COLLATE utf8_bin DEFAULT NULL,
  `embryo_freez_stage_6` varchar(55) COLLATE utf8_bin DEFAULT NULL,
  `embryo_freez_position_6` varchar(55) COLLATE utf8_bin DEFAULT NULL,
  `req_id` int(11) DEFAULT NULL,
  `status_opu` varchar(5) COLLATE utf8_bin DEFAULT NULL COMMENT '1=start;2=approve result',
  `save_patient_staff_id` int(11) DEFAULT NULL,
  `save_maturation_staff_id` int(11) DEFAULT NULL,
  `save_fetilization_staff_id` int(11) DEFAULT NULL,
  `save_sperm_prepa_staff_id` int(11) DEFAULT NULL,
  `save_embryo_freezing_day_0_staff_id` int(11) DEFAULT NULL,
  `save_embryo_freezing_day_1_staff_id` int(11) DEFAULT NULL,
  `save_embbryo_for_et_staff_id` int(11) DEFAULT NULL,
  `date_pic_embryo` varchar(45) COLLATE utf8_bin DEFAULT NULL COMMENT 'วันที่ใส่รูป',
  `hn_donor` varchar(45) COLLATE utf8_bin DEFAULT NULL,
  `name_donor` varchar(255) COLLATE utf8_bin DEFAULT NULL,
  `remark_1` varchar(255) COLLATE utf8_bin DEFAULT NULL,
  `dob_donor` varchar(45) COLLATE utf8_bin DEFAULT NULL,
  `approve_result_staff_id` int(11) DEFAULT NULL,
  `status_approve_result_day1` varchar(45) COLLATE utf8_bin DEFAULT NULL,
  `approve_result_day1_staff_id` int(11) DEFAULT NULL,
  `status_approve_result_day3` varchar(45) COLLATE utf8_bin DEFAULT NULL,
  `approve_result_day3_staff_id` int(11) DEFAULT NULL,
  `status_approve_result_day5` varchar(45) COLLATE utf8_bin DEFAULT NULL,
  `approve_result_day5_staff_id` int(11) DEFAULT NULL,
  `approve_result_day1_date` varchar(45) COLLATE utf8_bin DEFAULT NULL,
  `approve_result_day3_date` varchar(45) COLLATE utf8_bin DEFAULT NULL,
  `approve_result_day5_date` varchar(45) COLLATE utf8_bin DEFAULT NULL,
  `opu_time` varchar(45) COLLATE utf8_bin DEFAULT NULL
) ENGINE=MyISAM DEFAULT CHARSET=utf8 COLLATE=utf8_bin COMMENT='id=200';

-- --------------------------------------------------------

--
-- Table structure for table `lab_t_opu_embryo_dev`
--

CREATE TABLE `lab_t_opu_embryo_dev` (
  `opu_embryo_dev_id` int(11) NOT NULL,
  `opu_fet_id` int(11) DEFAULT NULL,
  `day` varchar(255) COLLATE utf8_bin DEFAULT NULL,
  `opu_embryo_dev_no` int(11) DEFAULT NULL,
  `desc0` varchar(2000) COLLATE utf8_bin DEFAULT NULL,
  `active` varchar(255) COLLATE utf8_bin DEFAULT NULL,
  `remark` varchar(255) COLLATE utf8_bin DEFAULT NULL,
  `path_pic` varchar(255) COLLATE utf8_bin DEFAULT NULL,
  `date_create` varchar(255) COLLATE utf8_bin DEFAULT NULL,
  `date_modi` varchar(255) COLLATE utf8_bin DEFAULT NULL,
  `date_cancel` varchar(255) COLLATE utf8_bin DEFAULT NULL,
  `user_create` varchar(255) COLLATE utf8_bin DEFAULT NULL,
  `user_modi` varchar(255) COLLATE utf8_bin DEFAULT NULL,
  `user_cancel` varchar(255) COLLATE utf8_bin DEFAULT NULL,
  `desc1` varchar(255) COLLATE utf8_bin DEFAULT NULL,
  `desc2` varchar(255) COLLATE utf8_bin DEFAULT NULL,
  `desc3` varchar(255) COLLATE utf8_bin DEFAULT NULL,
  `staff_id` int(11) DEFAULT NULL,
  `checked_id` int(11) DEFAULT NULL,
  `embryo_dev_date` varchar(45) COLLATE utf8_bin DEFAULT NULL
) ENGINE=MyISAM DEFAULT CHARSET=utf8 COLLATE=utf8_bin COMMENT='id=202';

-- --------------------------------------------------------

--
-- Table structure for table `lab_t_request`
--

CREATE TABLE `lab_t_request` (
  `req_id` int(11) NOT NULL,
  `req_code` varchar(255) COLLATE utf8_bin DEFAULT NULL,
  `req_date` varchar(255) COLLATE utf8_bin DEFAULT NULL,
  `hn_male` varchar(255) COLLATE utf8_bin DEFAULT NULL,
  `name_male` varchar(255) COLLATE utf8_bin DEFAULT NULL,
  `hn_female` varchar(255) COLLATE utf8_bin DEFAULT NULL,
  `name_female` varchar(255) COLLATE utf8_bin DEFAULT NULL,
  `status_req` varchar(255) COLLATE utf8_bin DEFAULT NULL COMMENT '0=default, 1= req,2=accept req, 4=process req,5=result',
  `accept_date` varchar(255) COLLATE utf8_bin DEFAULT NULL,
  `start_date` varchar(255) COLLATE utf8_bin DEFAULT NULL,
  `result_date` varchar(255) COLLATE utf8_bin DEFAULT NULL,
  `visit_id` varchar(255) COLLATE utf8_bin DEFAULT NULL,
  `vn` varchar(255) COLLATE utf8_bin DEFAULT NULL,
  `active` varchar(255) COLLATE utf8_bin DEFAULT NULL,
  `remark` varchar(255) COLLATE utf8_bin DEFAULT NULL,
  `date_create` varchar(255) COLLATE utf8_bin DEFAULT NULL,
  `date_modi` varchar(255) COLLATE utf8_bin DEFAULT NULL,
  `date_cancel` varchar(255) COLLATE utf8_bin DEFAULT NULL,
  `user_create` varchar(255) COLLATE utf8_bin DEFAULT NULL,
  `user_modi` varchar(255) COLLATE utf8_bin DEFAULT NULL,
  `user_cancel` varchar(255) COLLATE utf8_bin DEFAULT NULL,
  `item_id` int(11) DEFAULT NULL,
  `accept_staff_id` int(11) DEFAULT NULL,
  `start_staff_id` int(11) DEFAULT NULL,
  `result_staff_id` int(11) DEFAULT NULL,
  `doctor_id` int(11) DEFAULT NULL,
  `lab_id` int(11) DEFAULT NULL,
  `dob_female` varchar(45) COLLATE utf8_bin DEFAULT NULL,
  `dob_male` varchar(45) COLLATE utf8_bin DEFAULT NULL,
  `hn_donor` varchar(45) COLLATE utf8_bin DEFAULT NULL,
  `name_donor` varchar(45) COLLATE utf8_bin DEFAULT NULL,
  `dob_donor` varchar(45) COLLATE utf8_bin DEFAULT NULL,
  `request_id` int(11) DEFAULT NULL,
  `form_a_id` int(11) DEFAULT NULL
) ENGINE=MyISAM DEFAULT CHARSET=utf8 COLLATE=utf8_bin COMMENT='id=204';

-- --------------------------------------------------------

--
-- Table structure for table `log_billdetail`
--

CREATE TABLE `log_billdetail` (
  `ID` bigint(20) NOT NULL,
  `VN` bigint(20) DEFAULT NULL,
  `Name` varchar(255) COLLATE utf8_unicode_ci NOT NULL,
  `Extra` int(11) DEFAULT NULL,
  `Price` decimal(10,2) DEFAULT NULL,
  `Total` decimal(10,2) DEFAULT NULL,
  `GroupType` varchar(250) COLLATE utf8_unicode_ci DEFAULT NULL,
  `Comment` text COLLATE utf8_unicode_ci
) ENGINE=MyISAM DEFAULT CHARSET=utf8 COLLATE=utf8_unicode_ci;

--
-- Dumping data for table `log_billdetail`
--

INSERT INTO `log_billdetail` (`ID`, `VN`, `Name`, `Extra`, `Price`, `Total`, `GroupType`, `Comment`) VALUES
(571108, 20181201031, 'Sperm Analysis', 1, '1000.00', '1000.00', 'IVF Laboratory / ค่าตรวจทางห้องปฎิบัติการไอวีเอฟ', NULL),
(571109, 20181201031, 'Sperm Freezing', 1, '5000.00', '5000.00', 'IVF Laboratory / ค่าตรวจทางห้องปฎิบัติการไอวีเอฟ', NULL),
(571118, 20181201019, 'TVS ', 0, '1500.00', '0.00', 'Package', NULL),
(571113, 20181201019, 'Package', 0, '0.00', '0.00', 'Package', NULL),
(571114, 20181201019, 'E2', 0, '500.00', '0.00', 'Laboratory / ค่าตรวจทางห้องปฎิบัติการ', NULL),
(571115, 20181201019, 'LH', 0, '500.00', '0.00', 'Laboratory / ค่าตรวจทางห้องปฎิบัติการ', NULL),
(571116, 20181201019, 'Follitrope Prefilled syringe 225 IU', 0, '22400.00', '0.00', 'Medicine / ค่ายา', NULL),
(571117, 20181201019, 'Cetrotide inj.0.25 mg.', 0, '5600.00', '0.00', 'Medicine / ค่ายา', NULL),
(571139, 20181201023, 'TVS ', 0, '1500.00', '0.00', 'Package', NULL),
(571125, 20181201023, 'Package', 0, '0.00', '0.00', 'Package', NULL),
(571126, 20181201023, 'E2', 0, '500.00', '0.00', 'Laboratory / ค่าตรวจทางห้องปฎิบัติการ', NULL),
(571127, 20181201023, 'LH', 0, '500.00', '0.00', 'Laboratory / ค่าตรวจทางห้องปฎิบัติการ', NULL),
(571128, 20181201023, 'Follitrope Prefilled syringe 150 IU', 0, '3700.00', '0.00', 'Medicine / ค่ายา', NULL),
(571129, 20181201023, 'Propofol 20 ml *1', 0, '2400.00', '0.00', 'Medicine / ค่ายา', NULL),
(571130, 20181201023, 'Xylocaine 2% For Inj ', 0, '400.00', '0.00', 'Medicine / ค่ายา', NULL),
(571131, 20181201023, 'CEF 3 1 g.IV ', 0, '500.00', '0.00', 'Medicine / ค่ายา', NULL),
(571132, 20181201023, 'Tylenol 500 mg. ', 0, '100.00', '0.00', 'Medicine / ค่ายา', NULL),
(571133, 20181201023, 'Arcoxia 120 mg.', 0, '90.00', '0.00', 'Medicine / ค่ายา', NULL),
(571134, 20181201023, 'Onsia inj.', 0, '350.00', '0.00', 'Medicine / ค่ายา', NULL),
(571135, 20181201023, 'Fentanyl inj.', 0, '1000.00', '0.00', 'Medicine / ค่ายา', NULL),
(571136, 20181201023, 'Ponstan (Neopain 500 mg.)', 0, '100.00', '0.00', 'Medicine / ค่ายา', NULL),
(571137, 20181201023, 'Diphereline 0.1 mg', 0, '2000.00', '0.00', 'Medicine / ค่ายา', NULL),
(571138, 20181201023, 'Pregnyl 1500 IU', 0, '1000.00', '0.00', 'Medicine / ค่ายา', NULL),
(571155, 20181201052, 'Beta HCG', 0, '500.00', '0.00', 'Laboratory / ค่าตรวจทางห้องปฎิบัติการ', NULL),
(571156, 20181201052, 'Progesterone', 1, '500.00', '500.00', 'Laboratory / ค่าตรวจทางห้องปฎิบัติการ', NULL),
(571157, 20181201052, 'Progynova 2 mg.', 1, '280.00', '280.00', 'Medicine / ค่ายา', NULL),
(571158, 20181201052, 'Duphaston 10 mg ', 1, '980.00', '980.00', 'Medicine / ค่ายา', NULL),
(571159, 20181201052, 'Utrogestan (Insert) 200mg', 1, '1200.00', '1200.00', 'Medicine / ค่ายา', NULL),
(571160, 20181201052, 'Folic Acid ', 1, '100.00', '100.00', 'Medicine / ค่ายา', NULL),
(571161, 20181201052, 'Vitamin C', 1, '50.00', '50.00', 'Medicine / ค่ายา', NULL),
(571162, 20181201052, 'Proluton Depot', 1, '750.00', '750.00', 'Medicine / ค่ายา', NULL),
(571176, 20181201022, 'TVS ', 0, '1500.00', '0.00', 'Package', NULL),
(571173, 20181201022, 'Package', 0, '0.00', '0.00', 'Package', NULL),
(571174, 20181201022, 'E2', 0, '500.00', '0.00', 'Laboratory / ค่าตรวจทางห้องปฎิบัติการ', NULL),
(571175, 20181201022, 'LH', 0, '500.00', '0.00', 'Laboratory / ค่าตรวจทางห้องปฎิบัติการ', NULL),
(571187, 20181201017, 'TVS ', 0, '1500.00', '0.00', 'Package', NULL),
(571181, 20181201017, 'Package', 0, '0.00', '0.00', 'Package', NULL),
(571182, 20181201017, 'E2', 0, '500.00', '0.00', 'Laboratory / ค่าตรวจทางห้องปฎิบัติการ', NULL),
(571183, 20181201017, 'LH', 0, '500.00', '0.00', 'Laboratory / ค่าตรวจทางห้องปฎิบัติการ', NULL),
(571184, 20181201017, 'Gonal -F 300IU', 0, '34000.00', '0.00', 'Medicine / ค่ายา', NULL),
(571185, 20181201017, 'IVF-M 150 IU', 0, '10000.00', '0.00', 'Medicine / ค่ายา', NULL),
(571186, 20181201017, 'Cetrotide inj.0.25 mg.', 0, '5600.00', '0.00', 'Medicine / ค่ายา', NULL),
(571188, 20181201017, 'ICSI stimulation OPU, ET, B-HCG age upper 40 years', 1, '310000.00', '310000.00', 'Package', ''),
(571194, 20181201017, 'TVS ', 0, '1500.00', '0.00', 'Package', NULL),
(571199, 20181201057, 'Prednisolone 5 mg ', 1, '300.00', '300.00', 'Medicine / ค่ายา', NULL),
(571202, 20181201053, 'Beta HCG', 1, '500.00', '500.00', 'Laboratory / ค่าตรวจทางห้องปฎิบัติการ', NULL),
(571203, 20181201053, 'Progesterone', 1, '500.00', '500.00', 'Laboratory / ค่าตรวจทางห้องปฎิบัติการ', NULL),
(571204, 20181201053, 'Proluton Depot', 1, '750.00', '750.00', 'Medicine / ค่ายา', NULL),
(571218, 20181201054, 'TVS ', 0, '1500.00', '0.00', 'Package', NULL),
(571210, 20181201054, 'Package', 0, '0.00', '0.00', 'Package', NULL),
(571211, 20181201054, 'Screening', 0, '3500.00', '0.00', 'Laboratory / ค่าตรวจทางห้องปฎิบัติการ', NULL),
(571212, 20181201054, 'E2', 0, '500.00', '0.00', 'Laboratory / ค่าตรวจทางห้องปฎิบัติการ', NULL),
(571213, 20181201054, 'LH', 0, '500.00', '0.00', 'Laboratory / ค่าตรวจทางห้องปฎิบัติการ', NULL),
(571214, 20181201054, 'FSH', 0, '500.00', '0.00', 'Laboratory / ค่าตรวจทางห้องปฎิบัติการ', NULL),
(571215, 20181201054, 'PROLACTIN', 0, '500.00', '0.00', 'Laboratory / ค่าตรวจทางห้องปฎิบัติการ', NULL),
(571216, 20181201054, 'CBC', 0, '500.00', '0.00', 'Laboratory / ค่าตรวจทางห้องปฎิบัติการ', NULL),
(571217, 20181201054, 'Follitrope Prefilled syringe 225 IU', 0, '28000.00', '0.00', 'Medicine / ค่ายา', NULL),
(571227, 20181201054, 'TVS ', 0, '1500.00', '0.00', 'Package', NULL);

-- --------------------------------------------------------

--
-- Table structure for table `log_billheader`
--

CREATE TABLE `log_billheader` (
  `VN` bigint(20) NOT NULL,
  `BillNo` varchar(255) COLLATE utf8_unicode_ci DEFAULT NULL,
  `PName` varchar(255) COLLATE utf8_unicode_ci DEFAULT NULL,
  `Date` date DEFAULT NULL,
  `Time` time DEFAULT NULL,
  `PID` bigint(20) DEFAULT NULL,
  `PIDS` varchar(255) COLLATE utf8_unicode_ci DEFAULT NULL,
  `Include_Pkg_Price` decimal(10,2) DEFAULT NULL,
  `Extra_Pkg_Price` decimal(10,2) DEFAULT NULL,
  `Total` decimal(10,2) DEFAULT NULL,
  `Discount` decimal(10,2) DEFAULT NULL,
  `CreditCardType` int(11) DEFAULT NULL,
  `CreditCardNumber` varchar(255) COLLATE utf8_unicode_ci DEFAULT NULL,
  `Status` int(11) DEFAULT NULL,
  `CreditAgent` int(11) DEFAULT NULL,
  `OName` varchar(250) COLLATE utf8_unicode_ci DEFAULT NULL,
  `BID` bigint(20) DEFAULT NULL,
  `PaymentBy` varchar(255) COLLATE utf8_unicode_ci DEFAULT 'NULL',
  `CashID` int(11) DEFAULT '0',
  `CreditCardID` int(11) DEFAULT '0',
  `SepCash` decimal(10,2) DEFAULT '0.00',
  `SepCredit` decimal(10,2) DEFAULT '0.00',
  `ExtBillNo` varchar(255) COLLATE utf8_unicode_ci DEFAULT NULL,
  `IntLock` int(11) NOT NULL DEFAULT '0'
) ENGINE=MyISAM DEFAULT CHARSET=utf8 COLLATE=utf8_unicode_ci;

--
-- Dumping data for table `log_billheader`
--

INSERT INTO `log_billheader` (`VN`, `BillNo`, `PName`, `Date`, `Time`, `PID`, `PIDS`, `Include_Pkg_Price`, `Extra_Pkg_Price`, `Total`, `Discount`, `CreditCardType`, `CreditCardNumber`, `Status`, `CreditAgent`, `OName`, `BID`, `PaymentBy`, `CashID`, `CreditCardID`, `SepCash`, `SepCredit`, `ExtBillNo`, `IntLock`) VALUES
(20181201031, '61120003', 'Mr. Wei Qinglong ', '2018-12-01', '08:03:49', 20183767, 'HN-83767/61', '0.00', '6000.00', '6000.00', NULL, NULL, NULL, 1, NULL, ' ', NULL, 'NULL', 0, 0, '0.00', '0.00', NULL, 0),
(20181201019, NULL, 'Mrs. Liu Xiaoying ', '2018-12-01', '08:13:35', 20183561, 'HN-83561/61', '30500.00', '0.00', '0.00', NULL, NULL, NULL, 1, NULL, ' ', NULL, 'NULL', 0, 0, '0.00', '0.00', NULL, 0),
(20181201023, NULL, 'Mrs. Ke Jianhui ', '2018-12-01', '08:13:46', 20183718, 'HN-83718/61', '14140.00', '0.00', '0.00', NULL, NULL, NULL, 1, NULL, ' ', NULL, 'NULL', 0, 0, '0.00', '0.00', NULL, 0),
(20181201052, '61120004', 'Mrs. Huang Liuqing ', '2018-12-01', '09:07:02', 20183262, 'HN-83262/61', '500.00', '3860.00', '3860.00', NULL, NULL, NULL, 1, NULL, ' ', NULL, 'NULL', 0, 0, '0.00', '0.00', NULL, 0),
(20181201022, NULL, 'Mrs. Deng Xiaofen ', '2018-12-01', '09:09:56', 20183750, 'HN-83750/61', '2500.00', '0.00', '0.00', NULL, NULL, NULL, 1, NULL, ' ', NULL, 'NULL', 0, 0, '0.00', '0.00', NULL, 0),
(20181201017, NULL, 'Mrs. Li Yujia ', '2018-12-01', '09:38:44', 20183770, 'HN-83770/61', '52100.00', '0.00', '0.00', NULL, NULL, NULL, 1, NULL, ' ', NULL, 'NULL', 0, 0, '0.00', '0.00', NULL, 0),
(20181201057, '61120007', 'Mrs. Huang Liuqing ', '2018-12-01', '09:50:20', 20183262, 'HN-83262/61', '0.00', '300.00', '300.00', NULL, NULL, NULL, 1, NULL, ' ', NULL, 'NULL', 0, 0, '0.00', '0.00', NULL, 0),
(20181201053, '61120008', 'Mrs. Mo Huijuan ', '2018-12-01', '10:07:28', 20181659, 'HN-81659/61', '0.00', '1750.00', '1750.00', NULL, NULL, NULL, 1, NULL, ' ', NULL, 'NULL', 0, 0, '0.00', '0.00', NULL, 0),
(20181201054, NULL, 'Mrs. Chen Lihua ', '2018-12-01', '10:15:24', 20183809, 'HN-83809/61', '35500.00', '0.00', '0.00', NULL, NULL, NULL, 1, NULL, ' ', NULL, 'NULL', 0, 0, '0.00', '0.00', NULL, 0);

-- --------------------------------------------------------

--
-- Table structure for table `MaritalName`
--

CREATE TABLE `MaritalName` (
  `MaritalID` int(11) NOT NULL,
  `MaritalName` varchar(250) COLLATE utf8_unicode_ci DEFAULT NULL
) ENGINE=MyISAM DEFAULT CHARSET=utf8 COLLATE=utf8_unicode_ci;

--
-- Dumping data for table `MaritalName`
--

INSERT INTO `MaritalName` (`MaritalID`, `MaritalName`) VALUES
(1, 'Single'),
(2, 'Married'),
(3, 'Divorced'),
(4, 'Widowed');

-- --------------------------------------------------------

--
-- Table structure for table `MeetingName`
--

CREATE TABLE `MeetingName` (
  `MeetingID` int(11) NOT NULL DEFAULT '0',
  `MeetingName` varchar(250) COLLATE utf8_unicode_ci DEFAULT NULL,
  `Time` tinyint(4) DEFAULT NULL,
  `Comment` tinyint(4) DEFAULT NULL,
  `CommentValue` varchar(250) COLLATE utf8_unicode_ci DEFAULT NULL
) ENGINE=MyISAM DEFAULT CHARSET=utf8 COLLATE=utf8_unicode_ci;

--
-- Dumping data for table `MeetingName`
--

INSERT INTO `MeetingName` (`MeetingID`, `MeetingName`, `Time`, `Comment`, `CommentValue`) VALUES
(1, 'Hormone Test', 0, 0, NULL),
(2, 'TVS', 0, 0, NULL),
(3, 'OPU', 1, 1, 'Not allow to drik or eat from (งดน้ำ งดอาหาร ตั้งแต่เวลา)'),
(4, 'ET/FET', 1, 0, NULL),
(5, 'Beta HCG', 0, 0, NULL),
(6, 'Other', 0, 1, 'NULL');

-- --------------------------------------------------------

--
-- Table structure for table `Menu_Program`
--

CREATE TABLE `Menu_Program` (
  `MID` int(11) NOT NULL,
  `Folder` int(11) DEFAULT NULL,
  `Sub_MID` int(11) DEFAULT NULL,
  `MName` text,
  `Link` text,
  `GID` varchar(250) DEFAULT NULL
) ENGINE=InnoDB DEFAULT CHARSET=utf8;

--
-- Dumping data for table `Menu_Program`
--

INSERT INTO `Menu_Program` (`MID`, `Folder`, `Sub_MID`, `MName`, `Link`, `GID`) VALUES
(12, 0, 9, 'ใบลดหนี้', '#', ':100'),
(13, 0, 9, 'ใบลดหนี้/ใบกำกับภาษี', '#', ':100'),
(14, 0, 9, 'ภาษีซื้อ', '#', ':100'),
(15, 0, 9, 'ภาษีหัก ณ ที่จ่าย', '#', ':100'),
(16, 0, 9, 'ใบสำคัญรับประจำเดือน', '#', ':100'),
(17, 1, 8, 'ระบบลูกค้า', '#', ':100'),
(18, 0, 17, 'ออก Code ลูกค้าใหม่/แก้ไขลูกค้าเก่า', 'http://netfax/index.php/netfax/customer', ':100'),
(19, 0, 17, 'บันทึกโปรโมชั่นลูกค้า', 'http://netfax/index.php/netfax/pcustomer', ':100'),
(20, 0, 17, 'ออกรหัสวิธีการชำระเงิน', '#', ':100'),
(21, 0, 17, 'ออกรหัสธนาคาร', '#', ':100'),
(22, 0, 17, 'บันทึกวันจัดส่งเอกสาร', '#', ':100'),
(23, 1, 8, 'งานพิมพ์', '#', ':100'),
(24, 0, 23, 'พิมพ์ใบแจ้งหนี้', '#', ':100'),
(25, 0, 23, 'พิมพ์ใบกำกับภาษี', '#', ':100'),
(26, 0, 23, 'พิมพ์ใบลดหนี้', '#', ':100'),
(27, 0, 23, 'พิมพ์ใบลดหนี้/ใบกำกับภาษี', '#', ':100'),
(28, 0, 23, 'พิมพ์ใบหัก ณ ที่จ่าย', '#', ':100'),
(29, 1, 8, 'ค่าใช้จ่าย', '#', ':100'),
(30, 0, 29, 'ออกรหัสค่าใช้จ่าย', '#', ':100'),
(31, 0, 29, 'กำหนดกลุ่มค่าใช้จ่ายเข้ารหัส', '#', ':100'),
(32, 1, 8, 'บันทึกค่าใช้จ่าย', '#', ':100'),
(33, 0, 32, 'บันทึกค่าใช้จ่ายประจำวัน', '#', ':100'),
(34, 0, 32, 'สรุปรายงานค่าใช้จ่าย', '#', ':100'),
(35, 1, 0, 'Rx', '#', ':100:103'),
(36, 0, 35, 'View Patient', 'http://ivf/index.php/ivf/view_patient', ':100:103'),
(37, 0, 35, 'Stock', 'http://ivf/index.php/ivf/stockpx', ':100:103'),
(38, 0, 36, 'เพิ่มตำแหน่ง', '#', ':100'),
(39, 0, 36, 'เพิ่มพนักงาน', '#', ':100'),
(40, 1, 35, 'กำหนดตารางวัน', '#', ':100'),
(41, 0, 40, 'กำหนดวันหยุดประจำปี', '#', ':100'),
(42, 0, 40, 'กำหนดประเภทวันทำงาน', '#', ':100'),
(43, 0, 40, 'กำหนดตารางการทำงานพนักงานประจำเดือน', '#', ':100'),
(44, 0, 40, 'กำหนดตารางการทำงานวันเสาร์ประจำเดือน', '#', ':100'),
(45, 0, 40, 'กำหนดเวลาเข้างาน/เลิกงาน ของพนักงาน', '#', ':100'),
(46, 0, 40, 'กำหนดการให้คะแนนประจำเดือน', '#', ':100'),
(47, 1, 35, 'การคำนวณ', '#', ':100'),
(48, 0, 47, 'สร้างตารางประจำเดือนของพนักงาน', '#', ':100'),
(49, 0, 47, 'คำนวณ วัน เวลา ทำงานประจำเดือนของพนักงาน', '#', ':100'),
(50, 0, 47, 'อุนมัติโอทีประจำเดือนของพนักงาน', '#', ':100'),
(51, 0, 47, 'กำหนดรายได้เพิ่มเติ่ม / เงินที่บริษัทหัก', '#', ':100'),
(52, 0, 35, 'รับข้อมูลเข้าจากระบบแสกนนิ้วมือ', '#', ':100'),
(57, 0, 55, 'ระบบที่ติตตั้ง', '#', ':100'),
(58, 0, 55, 'อัพเดทข้อมูลจาดทางโทรศัพท์', '#', ':100'),
(59, 0, 55, 'ข้อมูลอัพเดทจากทาง PRD', '#', ':100'),
(60, 1, 53, 'ส่วนจัดทำเอกสาร', '#', ':100'),
(61, 1, 60, 'ลูค้าติดตั้งใหม่', '#', ':100'),
(62, 0, 61, 'ใบยืมอุปกรณ์', '#', ':100'),
(63, 0, 61, 'หนังสือต้อนรับ', '#', ':100'),
(64, 0, 61, 'ใบรับมอบงาน', '#', ':100'),
(65, 0, 61, 'ใบติดตั้งระบบในตู้ MDF', '#', ':100'),
(66, 1, 60, 'ลูกค้าเก่า', '#', ':100'),
(67, 0, 66, 'จัดทำใบเข้าตรวจสอบระบบลูกค้า', '#', ':100'),
(68, 1, 53, 'จัดพิมพ์เอกสาร', '#', ':100'),
(69, 0, 68, 'เอกสารออกติดตั้งสำหรับลูกค้าใหม่ทั้งหมด', '#', ':100'),
(70, 0, 68, 'เอกสารออกแก้ไขปัญหาลูกค้า', '#', ':100'),
(71, 0, 53, 'เก็บเอกสารการสมัครลูกค้าใหม่โดยการสแกน', '#', ':100'),
(72, 1, 0, 'ฝ่ายผลิต', '#', ':100'),
(73, 0, 72, 'ทำสรุปข้อมูลติดตั้งลูกค้าใหม่', '#', ':100'),
(74, 0, 72, 'ทำสรุปข้อมูลเข้าแก้ปัญหาลูกค้า', '#', ':100'),
(75, 0, 72, 'สรุปลูกค้าเข้าติดตั้งและแก้ไขปัญหาประจำเดือน', '#', ':100'),
(76, 0, 72, 'สรุปการเบิกค่าติดตั้งและค่าเข้าแก้ไขปัญหาประจำเดือน', '#', ':100'),
(77, 0, 72, 'จัดทำใบวิเคราะห์ปัญหาเพื่อกำหนดแผนการออกพบลูกค้า', '#', ':100'),
(78, 0, 72, 'จัดทำสต็อกอุปกรณ์ที่ใช้ในการติดตั้ง', '#', ':100'),
(79, 1, 0, 'ฝ่ายขาย', '#', ':100'),
(80, 1, 79, 'ส่วนการขาย', '#', ':100'),
(81, 0, 80, 'จัดทำเอกสาร Presentation Report', '#', ':100'),
(82, 0, 80, 'จัดทำใบเสนอราคา', '#', ':100'),
(83, 0, 80, 'จัดทำเอกสารเปรียบเทียบค่าใช้จ่าย', '#', ':100'),
(84, 1, 80, 'จัดทำสัญญา', '#', ':100'),
(85, 0, 84, 'สัญญาลูกค้าองค์กร', '#', ':100'),
(86, 0, 84, 'สัญญาลูกค้า SME', '#', ':100'),
(87, 1, 79, 'ส่วนขอติดตั้งใหม่', '#', ':100'),
(88, 0, 87, 'จัดทำเอกสารขอติดตั้งลูกค้าใหม่', '#', ':100'),
(89, 0, 87, 'จัดทำใบเบิกอุปกรณืสำหรับติดตั้ง', '#', ':100'),
(90, 1, 0, 'Report', '#', ':100'),
(91, 1, 90, 'Appointment', '#', ':100'),
(92, 0, 91, 'Today Appointment', 'http://ivf/index.php/ivf/report_today_appointment', ':100'),
(93, 0, 91, 'Monthly Appointment', '#', ':100'),
(96, 1, 90, 'Account', '#', ':100'),
(97, 0, 96, 'ยอกเก็บเงิน ลูกหนี้ค้างจ่าย', '#', ':100'),
(98, 0, 96, 'รายการค่าใช้จ่ายประจำเดือน', '#', ':100'),
(99, 0, 96, 'กราฟเปรียบเทียบต่างๆ', '#', ':100'),
(100, 0, 72, 'Stock Sim Telephone', 'http://netfax/index.php/netfax/simstock', ':100'),
(101, 0, 103, 'กำหนดโปรโมชั่น', 'http://netfax/index.php/netfax/setpromotion', ':100'),
(102, 0, 103, 'กำหนด Rate Price', 'http://netfax/index.php/netfax/setrate', ':100'),
(200, 1, 8, 'ตั้งค่า', '#', ':100'),
(201, 1, 54, 'ข้อมูลต่างๆที่ใช้บริการ', '#', ':100'),
(202, 0, 55, 'ชื่อที่อยู่', '#', ':100'),
(300, 1, 0, 'Patient', '#', ':100:101:102:104:106'),
(310, 0, 300, 'View Description', 'http://ivf/index.php/ivf/view_patient', ':100:101:102:104:106'),
(320, 0, 300, 'Document Upload', 'http://ivf/index.php/ivf/document_upload', ':100:101:102:104:106'),
(330, 0, 300, 'ใบรับรองแพทย์', 'http://ivf/index.php/ivf/certificate', ':100:101:102:104:106'),
(340, 0, 300, 'Record Surrogate History', 'http://ivf/index.php/ivf/record_surrogate_history', ':100'),
(350, 0, 300, 'Report Injection', 'http://ivf/index.php/ivf/inject', ':100:101:102'),
(360, 0, 300, 'Add Translator', 'http://ivf/index.php/ivf/add_agent', ':100:101h'),
(400, 1, 0, 'Appointment ', '#', ':100:101:102:107:103:106'),
(405, 0, 400, 'Make Appointment', 'http://ivf/index.php/ivf/make_appointment', ':100:101:102:107:103:106'),
(406, 0, 400, 'Doctor\'s Holiday', 'http://ivf/index.php/ivf/holiday', ':100:101:102:107:103:106'),
(410, 0, 400, 'Today Appointment', 'http://ivf/index.php/ivf/report_today_appointment', ':100:101:102:107:103:106'),
(420, 0, 400, 'Tomorrow Appointment Report', 'http://ivf/index.php/ivf/report_tomorrow_appointment', ':100:101:102:107:103:106'),
(430, 0, 400, 'Report Appointment', 'http://ivf/index.php/ivf/report_appointment', ':100:101:102:107:103:106'),
(500, 1, 0, 'Package', '#', ':100:102:107:106:105'),
(520, 0, 500, 'Purchase Package', 'http://ivf/index.php/ivf/sellpackage', ':100:102:107:106:105'),
(530, 0, 500, 'Package Status', 'http://ivf/index.php/ivf/packagestatus', ':100:102:107'),
(900, 0, 0, 'Visit Status', 'http://ivf/index.php/ivf/visit_status', ':100:101:102:103:104:105:106'),
(910, 0, 0, 'Special Status', 'http://ivf/index.php/ivf/spc_status', ':100:102'),
(1500, 1, 0, 'Setting', '#', ':100:102'),
(1510, 1, 1500, 'Package', '#', ':100:102'),
(1511, 0, 1510, 'Set Package Item', 'http://ivf/index.php/ivf/setpackageitem', ':100:102'),
(1550, 1, 1500, 'Special', '#', ':100:102'),
(1551, 0, 1550, 'Set Special Item', 'http://ivf/index.php/ivf/setspcitem', ':100:102'),
(1560, 1, 1500, 'Lab', '#', ':100:104:102'),
(1561, 0, 1560, 'Set Lab Item', 'http://ivf/index.php/ivf/setlabitem', ':100:104:102'),
(1570, 1, 1500, 'Rx', '#', ':100:102'),
(1571, 0, 1570, 'Set Group Drug', 'http://ivf/index.php/ivf/setgroupdrug', ':100:102'),
(1600, 0, 0, 'Yesterday Visit', 'http://ivf/index.php/ivf/yesterday_visit', ''),
(1700, 1, 0, 'Setting PR PO', '#', ':100:103:105'),
(1710, 1, 1700, 'Item', '#', ':100:103:105'),
(1711, 0, 1710, 'View Item', 'http://ivf/index.php/ivf/view_item', ':100:103:105'),
(1712, 0, 1710, 'Add Item', 'http://ivf/index.php/ivf/set_item', ':100:103:105'),
(1713, 0, 1710, 'View Item Type', 'http://ivf/index.php/ivf/view_itemtype', ':100:103:105'),
(1714, 0, 1710, 'Add Item Type', 'http://ivf/index.php/ivf/set_itemtype', ':100:103:105'),
(1720, 1, 1700, 'Supplier', '#', ':100:103:105'),
(1721, 0, 1720, 'View Supplier', 'http://ivf/index.php/ivf/view_supplier', ':100:103:105'),
(1722, 0, 1720, 'Add Supplier', 'http://ivf/index.php/ivf/set_supplier', ':100:103:105'),
(1723, 0, 1700, 'PO Accept User', 'http://ivf/index.php/ivf/view_POacceptUser', ':100:103:105'),
(1730, 0, 0, 'PR', 'http://ivf/index.php/ivf/view_pr', ':100:103:105'),
(1740, 0, 0, 'PO', 'http://ivf/index.php/ivf/view_po', ':100:103:105:106'),
(1800, 1, 0, 'Debtor', '#', ':105:106'),
(1810, 0, 1800, 'Translator', 'http://ivf/index.php/ivf/debtor_agent', ':105:106'),
(1820, 0, 1800, 'Outstanding Debts', 'http://ivf/index.php/ivf/outstanding', ':105:106'),
(1830, 0, 1800, 'Inv Translator', '#', ':105'),
(1840, 0, 1800, 'Deposit Translator', '#', ':105'),
(1850, 0, 1800, 'Bill Translator', '#', ':105'),
(2000, 1, 0, 'Report', '#', ':100:101:102:103:104:105:106'),
(2100, 0, 2000, 'Visit Report', 'http://ivf/index.php/ivf/visit_report', ':100:101:102:103:104:105:106'),
(2110, 0, 2000, 'Stock Rx', 'http://ivf/index.php/ivf/stock_rx', ':100:103:105:106'),
(2120, 0, 2000, 'รายงานการจ่ายยา', 'http://ivf/index.php/ivf/dispense', ':100:103:105:106'),
(2200, 0, 2000, 'รายงานรายได้', 'http://ivf/index.php/ivf/income_report', ':106:105:103'),
(2300, 0, 2000, 'รายงานรายได้แยกตามบัญชี', 'http://ivf/index.php/ivf/income_by_account', ':106:105:103'),
(2400, 0, 2000, 'DF Report', 'http://ivf/index.php/ivf/df_report', ':106:105:103'),
(3000, 0, 0, 'OPU Record', 'http://ivf/index.php/ivf/opu_rec', ':100:103:105');

-- --------------------------------------------------------

--
-- Table structure for table `Nationality`
--

CREATE TABLE `Nationality` (
  `NID` int(11) NOT NULL,
  `Nationality` varchar(200) COLLATE utf8_unicode_ci DEFAULT NULL
) ENGINE=MyISAM DEFAULT CHARSET=utf8 COLLATE=utf8_unicode_ci;

--
-- Dumping data for table `Nationality`
--

INSERT INTO `Nationality` (`NID`, `Nationality`) VALUES
(1, 'Thai'),
(2, 'Afghan'),
(3, 'Albanian'),
(4, 'Algerian'),
(5, 'American'),
(6, 'Andorran'),
(7, 'Angolan'),
(8, 'Antiguans'),
(9, 'Argentinean'),
(10, 'Armenian'),
(11, 'Australian'),
(12, 'Austrian'),
(13, 'Azerbaijani'),
(14, 'Bahamian'),
(15, 'Bahraini'),
(16, 'Bangladeshi'),
(17, 'Barbadian'),
(18, 'Barbudans'),
(19, 'Batswana'),
(20, 'Belarusian'),
(21, 'Belgian'),
(22, 'Belizean'),
(23, 'Beninese'),
(24, 'Bhutanese'),
(25, 'Bolivian'),
(26, 'Bosnian'),
(27, 'Brazilian'),
(28, 'British'),
(29, 'Bruneian'),
(30, 'Bulgarian'),
(31, 'Burkinabe'),
(32, 'Burmese'),
(33, 'Burundian'),
(34, 'Cambodian'),
(35, 'Cameroonian'),
(36, 'Canadian'),
(37, 'Cape Verdean'),
(38, 'Central African'),
(39, 'Chadian'),
(40, 'Chilean'),
(41, 'Chinese'),
(42, 'Colombian'),
(43, 'Comoran'),
(44, 'Congolese'),
(45, 'Costa Rican'),
(46, 'Croatian'),
(47, 'Cuban'),
(48, 'Cypriot'),
(49, 'Czech'),
(50, 'Danish'),
(51, 'Djibouti'),
(52, 'Dominican'),
(53, 'Dutch'),
(54, 'East Timorese'),
(55, 'Ecuadorean'),
(56, 'Egyptian'),
(57, 'Emirian'),
(58, 'Equatorial Guinean'),
(59, 'Eritrean'),
(60, 'Estonian'),
(61, 'Ethiopian'),
(62, 'Fijian'),
(63, 'Filipino'),
(64, 'Finnish'),
(65, 'French'),
(66, 'Gabonese'),
(67, 'Gambian'),
(68, 'Georgian'),
(69, 'German'),
(70, 'Ghanaian'),
(71, 'Greek'),
(72, 'Grenadian'),
(73, 'Guatemalan'),
(74, 'Guinea-Bissauan'),
(75, 'Guinean'),
(76, 'Guyanese'),
(77, 'Haitian'),
(78, 'Herzegovinian'),
(79, 'Honduran'),
(80, 'Hungarian'),
(81, 'I-Kiribati'),
(82, 'Icelander'),
(83, 'Indian'),
(84, 'Indonesian'),
(85, 'Iranian'),
(86, 'Iraqi'),
(87, 'Irish'),
(88, 'Israeli'),
(89, 'Italian'),
(90, 'Ivorian'),
(91, 'Jamaican'),
(92, 'Japanese'),
(93, 'Jordanian'),
(94, 'Kazakhstani'),
(95, 'Kenyan'),
(96, 'Kittian and Nevisian'),
(97, 'Kuwaiti'),
(98, 'Kyrgyz'),
(99, 'Laotian'),
(100, 'Latvian'),
(101, 'Lebanese'),
(102, 'Liberian'),
(103, 'Libyan'),
(104, 'Liechtensteiner'),
(105, 'Lithuanian'),
(106, 'Luxembourger'),
(107, 'Macedonian'),
(108, 'Malagasy'),
(109, 'Malawian'),
(110, 'Malaysian'),
(111, 'Maldivan'),
(112, 'Malian'),
(113, 'Maltese'),
(114, 'Marshallese'),
(115, 'Mauritanian'),
(116, 'Mauritian'),
(117, 'Mexican'),
(118, 'Micronesian'),
(119, 'Moldovan'),
(120, 'Monacan'),
(121, 'Mongolian'),
(122, 'Moroccan'),
(123, 'Mosotho'),
(124, 'Motswana'),
(125, 'Mozambican'),
(126, 'Namibian'),
(127, 'Nauruan'),
(128, 'Nepalese'),
(129, 'New Zealander'),
(130, 'Nicaraguan'),
(131, 'Nigerian'),
(132, 'Nigerien'),
(133, 'North Korean'),
(134, 'Northern Irish'),
(135, 'Norwegian'),
(136, 'Omani'),
(137, 'Pakistani'),
(138, 'Palauan'),
(139, 'Panamanian'),
(140, 'Papua New Guinean'),
(141, 'Paraguayan'),
(142, 'Peruvian'),
(143, 'Polish'),
(144, 'Portuguese'),
(145, 'Qatari'),
(146, 'Romanian'),
(147, 'Russian'),
(148, 'Rwandan'),
(149, 'Saint Lucian'),
(150, 'Salvadoran'),
(151, 'Samoan'),
(152, 'San Marinese'),
(153, 'Sao Tomean'),
(154, 'Saudi'),
(155, 'Scottish'),
(156, 'Senegalese'),
(157, 'Serbian'),
(158, 'Seychellois'),
(159, 'Sierra Leonean'),
(160, 'Singaporean'),
(161, 'Slovakian'),
(162, 'Slovenian'),
(163, 'Solomon Islander'),
(164, 'Somali'),
(165, 'South African'),
(166, 'South Korean'),
(167, 'Spanish'),
(168, 'Sri Lankan'),
(169, 'Sudanese'),
(170, 'Surinamer'),
(171, 'Swazi'),
(172, 'Swedish'),
(173, 'Swiss'),
(174, 'Syrian'),
(175, 'Taiwanese'),
(176, 'Tajik'),
(177, 'Tanzanian'),
(178, 'Togolese'),
(179, 'Tongan'),
(180, 'Trinidadian or Tobagonian'),
(181, 'Tunisian'),
(182, 'Turkish'),
(183, 'Tuvaluan'),
(184, 'Ugandan'),
(185, 'Ukrainian'),
(186, 'Uruguayan'),
(187, 'Uzbekistani'),
(188, 'Venezuelan'),
(189, 'Vietnamese'),
(190, 'Welsh'),
(191, 'Yemenite'),
(192, 'Zambian'),
(193, 'Zimbabwean'),
(194, 'Korean'),
(195, 'Hong Kong'),
(196, 'Myanmar');

-- --------------------------------------------------------

--
-- Table structure for table `nurse_t_egg_sti`
--

CREATE TABLE `nurse_t_egg_sti` (
  `egg_sti_id` int(11) NOT NULL,
  `lmp_date` varchar(45) COLLATE utf8_bin DEFAULT NULL,
  `t_patient_id` int(11) DEFAULT NULL,
  `t_visit_id` int(11) DEFAULT NULL,
  `egg_sti_date` varchar(45) COLLATE utf8_bin DEFAULT NULL,
  `nurse_t_egg_sticol` varchar(45) COLLATE utf8_bin DEFAULT NULL,
  `status_g` varchar(45) COLLATE utf8_bin DEFAULT NULL,
  `p` varchar(45) COLLATE utf8_bin DEFAULT NULL,
  `a` varchar(45) COLLATE utf8_bin DEFAULT NULL,
  `g` varchar(45) COLLATE utf8_bin DEFAULT NULL,
  `active` varchar(45) COLLATE utf8_bin DEFAULT NULL,
  `date_create` varchar(45) COLLATE utf8_bin DEFAULT NULL,
  `date_modi` varchar(45) COLLATE utf8_bin DEFAULT NULL,
  `date_cancel` varchar(45) COLLATE utf8_bin DEFAULT NULL,
  `user_create` varchar(45) COLLATE utf8_bin DEFAULT NULL,
  `user_modi` varchar(45) COLLATE utf8_bin DEFAULT NULL,
  `user_cancel` varchar(45) COLLATE utf8_bin DEFAULT NULL,
  `opu_date` varchar(45) COLLATE utf8_bin DEFAULT NULL,
  `opu_time` varchar(45) COLLATE utf8_bin DEFAULT NULL,
  `et` varchar(255) COLLATE utf8_bin DEFAULT NULL,
  `fet` varchar(255) COLLATE utf8_bin DEFAULT NULL,
  `bhcg_test` varchar(255) COLLATE utf8_bin DEFAULT NULL,
  `remark` varchar(255) COLLATE utf8_bin DEFAULT NULL,
  `doctor_id` int(11) DEFAULT NULL,
  `status_abnormal` varchar(45) COLLATE utf8_bin DEFAULT NULL,
  `abnormal1` varchar(255) COLLATE utf8_bin DEFAULT NULL,
  `abnormal2` varchar(255) COLLATE utf8_bin DEFAULT NULL,
  `status_typing` varchar(45) COLLATE utf8_bin DEFAULT NULL,
  `status_typing_other` varchar(45) COLLATE utf8_bin DEFAULT NULL,
  `typing_other` varchar(255) COLLATE utf8_bin DEFAULT NULL,
  `status_infectious` varchar(45) COLLATE utf8_bin DEFAULT NULL,
  `status_add_lab` varchar(45) COLLATE utf8_bin DEFAULT NULL,
  `add_lab` varchar(255) COLLATE utf8_bin DEFAULT NULL
) ENGINE=MyISAM DEFAULT CHARSET=utf8 COLLATE=utf8_bin COMMENT='id=226';

--
-- Dumping data for table `nurse_t_egg_sti`
--

INSERT INTO `nurse_t_egg_sti` (`egg_sti_id`, `lmp_date`, `t_patient_id`, `t_visit_id`, `egg_sti_date`, `nurse_t_egg_sticol`, `status_g`, `p`, `a`, `g`, `active`, `date_create`, `date_modi`, `date_cancel`, `user_create`, `user_modi`, `user_cancel`, `opu_date`, `opu_time`, `et`, `fet`, `bhcg_test`, `remark`, `doctor_id`, `status_abnormal`, `abnormal1`, `abnormal2`, `status_typing`, `status_typing_other`, `typing_other`, `status_infectious`, `status_add_lab`, `add_lab`) VALUES
(1, '2019-04-26', 0, 0, '2019-04-25', '', '', '', '', '', '1', '2019-04-25 02:02:31', NULL, NULL, '', NULL, NULL, '', '', '', '', '', '', NULL, NULL, NULL, NULL, NULL, NULL, NULL, NULL, NULL, NULL),
(22600000, '2019-04-26', 0, 0, '2019-04-25', '', '', '', '', '', '1', '2019-04-25 02:10:00', NULL, NULL, '', NULL, NULL, '', '', '', '', '', '', NULL, NULL, NULL, NULL, NULL, NULL, NULL, NULL, NULL, NULL),
(22600001, '2019-04-26', 2080000055, 0, '2019-04-25', '', '', '', '', '', '1', '2019-04-25 02:13:52', NULL, NULL, '', NULL, NULL, '', '', '', '', '', '', NULL, NULL, NULL, NULL, NULL, NULL, NULL, NULL, NULL, NULL),
(22600002, '2019-04-26', 2080000055, 0, '2019-04-25', '', '', '', '', '', '1', '2019-04-25 03:34:28', NULL, NULL, '', NULL, NULL, '', '', '', '', '', '', 0, NULL, NULL, NULL, NULL, NULL, NULL, NULL, NULL, NULL),
(22600003, '2019-04-26', 2080000055, 0, '2019-04-25', '', '', '', '', '', '1', '2019-04-25 03:35:03', NULL, NULL, '', NULL, NULL, '', '', '', '', '', '', 2, NULL, NULL, NULL, NULL, NULL, NULL, NULL, NULL, NULL),
(22600004, '2019-04-26', 2080000055, 0, '2019-04-25', '', '', '', '', '', '1', '2019-04-25 03:38:29', NULL, NULL, '', NULL, NULL, '', '', '', '', '', '', 0, NULL, NULL, NULL, NULL, NULL, NULL, NULL, NULL, NULL),
(22600005, '2019-04-26', 2080000055, 0, '2019-04-25', '', '', '', '', '', '1', '2019-04-25 03:39:17', NULL, NULL, '', NULL, NULL, '', '', '', '', '', '', 0, NULL, NULL, NULL, NULL, NULL, NULL, NULL, NULL, NULL),
(22600006, '2019-04-27', 2080000051, 0, '2019-04-25', '', '', '', '', '', '1', '2019-04-25 06:45:27', NULL, NULL, '', NULL, NULL, '', '', '', '', '', '', 0, NULL, NULL, NULL, NULL, NULL, NULL, NULL, NULL, NULL),
(22600007, '2019-04-27', 2080000056, 0, '2019-04-26', '', '', '', '', '', '1', '2019-04-26 06:17:03', NULL, NULL, '', NULL, NULL, '', '', '', '', '55555', '', 0, '1', '22', '33', '1', '1', '666666', '1', '1', 'ddfdfdf'),
(22600008, '2019-04-27', 2080000056, 0, '2019-04-26', '', '', '', '', '', '1', '2019-04-26 06:19:42', NULL, NULL, '', NULL, NULL, '', '', '', '', '44444444', '', 0, '1', '11', '22', '1', '0', '', '1', '1', '333333'),
(22600009, '2019-04-27', 2080000056, 0, '2019-04-26', '', '', '', '', '', '1', '2019-04-26 06:20:12', NULL, NULL, '', NULL, NULL, '', '', '', '', '55555', '', 0, '1', '22', '33', '1', '0', '', '1', '1', 'ddfdfdf'),
(22600012, '2019-04-27', 2080000069, 210000061, '2019-04-26', '', '', '4444', '5555', '3333', '1', '2019-04-26 07:07:09', NULL, NULL, '', NULL, NULL, '', '', '', '', '333333333', '', 1, '1', '111', '222', '1', '1', '555', '1', '1', '4444');

-- --------------------------------------------------------

--
-- Table structure for table `nurse_t_egg_sti_day`
--

CREATE TABLE `nurse_t_egg_sti_day` (
  `egg_sti_day_id` int(11) NOT NULL,
  `egg_sti_id` varchar(45) COLLATE utf8_bin DEFAULT NULL,
  `day1` varchar(45) COLLATE utf8_bin DEFAULT NULL,
  `date` varchar(45) COLLATE utf8_bin DEFAULT NULL,
  `e2` varchar(45) COLLATE utf8_bin DEFAULT NULL,
  `lh` varchar(45) COLLATE utf8_bin DEFAULT NULL,
  `fsh` varchar(45) COLLATE utf8_bin DEFAULT NULL,
  `prolactin` varchar(45) COLLATE utf8_bin DEFAULT NULL,
  `rt_ovary_1` varchar(45) COLLATE utf8_bin DEFAULT NULL,
  `rt_ovary_2` varchar(45) COLLATE utf8_bin DEFAULT NULL,
  `lt_ovary_1` varchar(45) COLLATE utf8_bin DEFAULT NULL,
  `lt_ovary_2` varchar(45) COLLATE utf8_bin DEFAULT NULL,
  `endo` varchar(45) COLLATE utf8_bin DEFAULT NULL,
  `medication` varchar(45) COLLATE utf8_bin DEFAULT NULL,
  `active` varchar(45) COLLATE utf8_bin DEFAULT NULL,
  `date_create` varchar(45) COLLATE utf8_bin DEFAULT NULL,
  `date_modi` varchar(45) COLLATE utf8_bin DEFAULT NULL,
  `date_cancel` varchar(45) COLLATE utf8_bin DEFAULT NULL,
  `user_create` varchar(45) COLLATE utf8_bin DEFAULT NULL,
  `user_modi` varchar(45) COLLATE utf8_bin DEFAULT NULL,
  `user_cancel` varchar(45) COLLATE utf8_bin DEFAULT NULL,
  `remark` varchar(255) COLLATE utf8_bin DEFAULT NULL
) ENGINE=MyISAM DEFAULT CHARSET=utf8 COLLATE=utf8_bin COMMENT='id=227';

--
-- Dumping data for table `nurse_t_egg_sti_day`
--

INSERT INTO `nurse_t_egg_sti_day` (`egg_sti_day_id`, `egg_sti_id`, `day1`, `date`, `e2`, `lh`, `fsh`, `prolactin`, `rt_ovary_1`, `rt_ovary_2`, `lt_ovary_1`, `lt_ovary_2`, `endo`, `medication`, `active`, `date_create`, `date_modi`, `date_cancel`, `user_create`, `user_modi`, `user_cancel`, `remark`) VALUES
(22700000, '1', '1', '2019-04-27', '', '', '', '', '', '', '', '', '', '', '1', '2019-04-25 02:06:49', NULL, NULL, '', NULL, NULL, ''),
(22700001, '1', '2', '2019-04-29', '', '', '', '', '', '', '', '', '', '', '1', '2019-04-25 02:08:23', NULL, NULL, '', NULL, NULL, ''),
(22700002, '1', '3', '2019-05-02', '', '', '', '', '', '', '', '', '', '', '1', '2019-04-25 02:08:23', NULL, NULL, '', NULL, NULL, ''),
(22700003, '1', '4', '2019-05-06', '', '', '', '', '', '', '', '', '', '', '1', '2019-04-25 02:08:23', NULL, NULL, '', NULL, NULL, ''),
(22700004, '1', '5', '2019-05-11', '', '', '', '', '', '', '', '', '', '', '1', '2019-04-25 02:08:23', NULL, NULL, '', NULL, NULL, ''),
(22700005, '1', '6', '2019-05-17', '', '', '', '', '', '', '', '', '', '', '1', '2019-04-25 02:08:23', NULL, NULL, '', NULL, NULL, ''),
(22700006, '1', '7', '2019-05-24', '', '', '', '', '', '', '', '', '', '', '1', '2019-04-25 02:08:23', NULL, NULL, '', NULL, NULL, ''),
(22700007, '1', '8', '2019-06-01', '', '', '', '', '', '', '', '', '', '', '1', '2019-04-25 02:08:23', NULL, NULL, '', NULL, NULL, ''),
(22700008, '1', '9', '2019-06-10', '', '', '', '', '', '', '', '', '', '', '1', '2019-04-25 02:08:23', NULL, NULL, '', NULL, NULL, ''),
(22700009, '1', '10', '2019-06-20', '', '', '', '', '', '', '', '', '', '', '1', '2019-04-25 02:08:23', NULL, NULL, '', NULL, NULL, ''),
(22700010, '1', '11', '2019-07-01', '', '', '', '', '', '', '', '', '', '', '1', '2019-04-25 02:08:23', NULL, NULL, '', NULL, NULL, ''),
(22700011, '1', '12', '2019-07-13', '', '', '', '', '', '', '', '', '', '', '1', '2019-04-25 02:08:24', NULL, NULL, '', NULL, NULL, ''),
(22700012, '1', '13', '2019-07-26', '', '', '', '', '', '', '', '', '', '', '1', '2019-04-25 02:08:24', NULL, NULL, '', NULL, NULL, ''),
(22700013, '1', '14', '2019-08-09', '', '', '', '', '', '', '', '', '', '', '1', '2019-04-25 02:08:24', NULL, NULL, '', NULL, NULL, ''),
(22700014, '1', '15', '2019-08-24', '', '', '', '', '', '', '', '', '', '', '1', '2019-04-25 02:08:24', NULL, NULL, '', NULL, NULL, ''),
(22700015, '1', '16', '2019-09-09', '', '', '', '', '', '', '', '', '', '', '1', '2019-04-25 02:08:24', NULL, NULL, '', NULL, NULL, ''),
(22700016, '1', '17', '2019-09-26', '', '', '', '', '', '', '', '', '', '', '1', '2019-04-25 02:08:24', NULL, NULL, '', NULL, NULL, ''),
(22700017, '22600000', '1', '2019-04-27', '', '', '', '', '', '', '', '', '', '', '1', '2019-04-25 02:10:39', NULL, NULL, '', NULL, NULL, ''),
(22700018, '22600000', '2', '2019-04-29', '', '', '', '', '', '', '', '', '', '', '1', '2019-04-25 02:10:45', NULL, NULL, '', NULL, NULL, ''),
(22700019, '22600000', '3', '2019-05-02', '', '', '', '', '', '', '', '', '', '', '1', '2019-04-25 02:11:36', NULL, NULL, '', NULL, NULL, ''),
(22700020, '22600000', '4', '2019-05-06', '', '', '', '', '', '', '', '', '', '', '1', '2019-04-25 02:11:52', NULL, NULL, '', NULL, NULL, ''),
(22700021, '22600000', '5', '2019-05-07', '', '', '', '', '', '', '', '', '', '', '1', '2019-04-25 02:11:52', NULL, NULL, '', NULL, NULL, ''),
(22700022, '22600000', '6', '2019-05-08', '', '', '', '', '', '', '', '', '', '', '1', '2019-04-25 02:11:52', NULL, NULL, '', NULL, NULL, ''),
(22700023, '22600000', '7', '2019-05-09', '', '', '', '', '', '', '', '', '', '', '1', '2019-04-25 02:11:52', NULL, NULL, '', NULL, NULL, ''),
(22700024, '22600000', '8', '2019-05-10', '', '', '', '', '', '', '', '', '', '', '1', '2019-04-25 02:11:52', NULL, NULL, '', NULL, NULL, ''),
(22700025, '22600000', '9', '2019-05-11', '', '', '', '', '', '', '', '', '', '', '1', '2019-04-25 02:11:52', NULL, NULL, '', NULL, NULL, ''),
(22700026, '22600000', '10', '2019-05-12', '', '', '', '', '', '', '', '', '', '', '1', '2019-04-25 02:11:53', NULL, NULL, '', NULL, NULL, ''),
(22700027, '22600000', '11', '2019-05-13', '', '', '', '', '', '', '', '', '', '', '1', '2019-04-25 02:11:53', NULL, NULL, '', NULL, NULL, ''),
(22700028, '22600000', '12', '2019-05-14', '', '', '', '', '', '', '', '', '', '', '1', '2019-04-25 02:11:53', NULL, NULL, '', NULL, NULL, ''),
(22700029, '22600000', '13', '2019-05-15', '', '', '', '', '', '', '', '', '', '', '1', '2019-04-25 02:11:53', NULL, NULL, '', NULL, NULL, ''),
(22700030, '22600000', '14', '2019-05-16', '', '', '', '', '', '', '', '', '', '', '1', '2019-04-25 02:11:53', NULL, NULL, '', NULL, NULL, ''),
(22700031, '22600000', '15', '2019-05-17', '', '', '', '', '', '', '', '', '', '', '1', '2019-04-25 02:11:53', NULL, NULL, '', NULL, NULL, ''),
(22700032, '22600000', '16', '2019-05-18', '', '', '', '', '', '', '', '', '', '', '1', '2019-04-25 02:11:53', NULL, NULL, '', NULL, NULL, ''),
(22700033, '22600000', '17', '2019-05-19', '', '', '', '', '', '', '', '', '', '', '1', '2019-04-25 02:11:53', NULL, NULL, '', NULL, NULL, ''),
(22700034, '22600001', '1', '2019-04-27', '', '', '', '', '', '', '', '', '', '', '1', '2019-04-25 02:13:52', NULL, NULL, '', NULL, NULL, ''),
(22700035, '22600001', '2', '2019-04-28', '', '', '', '', '', '', '', '', '', '', '1', '2019-04-25 02:13:52', NULL, NULL, '', NULL, NULL, ''),
(22700036, '22600001', '3', '2019-04-29', '', '', '', '', '', '', '', '', '', '', '1', '2019-04-25 02:13:52', NULL, NULL, '', NULL, NULL, ''),
(22700037, '22600001', '4', '2019-04-30', '', '', '', '', '', '', '', '', '', '', '1', '2019-04-25 02:13:52', NULL, NULL, '', NULL, NULL, ''),
(22700038, '22600001', '5', '2019-05-01', '', '', '', '', '', '', '', '', '', '', '1', '2019-04-25 02:13:52', NULL, NULL, '', NULL, NULL, ''),
(22700039, '22600001', '6', '2019-05-02', '', '', '', '', '', '', '', '', '', '', '1', '2019-04-25 02:13:52', NULL, NULL, '', NULL, NULL, ''),
(22700040, '22600001', '7', '2019-05-03', '', '', '', '', '', '', '', '', '', '', '1', '2019-04-25 02:13:52', NULL, NULL, '', NULL, NULL, ''),
(22700041, '22600001', '8', '2019-05-04', '', '', '', '', '', '', '', '', '', '', '1', '2019-04-25 02:13:52', NULL, NULL, '', NULL, NULL, ''),
(22700042, '22600001', '9', '2019-05-05', '', '', '', '', '', '', '', '', '', '', '1', '2019-04-25 02:13:52', NULL, NULL, '', NULL, NULL, ''),
(22700043, '22600001', '10', '2019-05-06', '', '', '', '', '', '', '', '', '', '', '1', '2019-04-25 02:13:52', NULL, NULL, '', NULL, NULL, ''),
(22700044, '22600001', '11', '2019-05-07', '', '', '', '', '', '', '', '', '', '', '1', '2019-04-25 02:13:52', NULL, NULL, '', NULL, NULL, ''),
(22700045, '22600001', '12', '2019-05-08', '', '', '', '', '', '', '', '', '', '', '1', '2019-04-25 02:13:52', NULL, NULL, '', NULL, NULL, ''),
(22700046, '22600001', '13', '2019-05-09', '', '', '', '', '', '', '', '', '', '', '1', '2019-04-25 02:13:52', NULL, NULL, '', NULL, NULL, ''),
(22700047, '22600001', '14', '2019-05-10', '', '', '', '', '', '', '', '', '', '', '1', '2019-04-25 02:13:53', NULL, NULL, '', NULL, NULL, ''),
(22700048, '22600001', '15', '2019-05-11', '', '', '', '', '', '', '', '', '', '', '1', '2019-04-25 02:13:53', NULL, NULL, '', NULL, NULL, ''),
(22700049, '22600001', '16', '2019-05-12', '', '', '', '', '', '', '', '', '', '', '1', '2019-04-25 02:13:53', NULL, NULL, '', NULL, NULL, ''),
(22700050, '22600001', '17', '2019-05-13', '', '', '', '', '', '', '', '', '', '', '1', '2019-04-25 02:13:53', NULL, NULL, '', NULL, NULL, ''),
(22700051, '22600002', '1', '2019-04-27', '', '', '', '', '', '', '', '', '', '', '1', '2019-04-25 03:34:28', NULL, NULL, '', NULL, NULL, ''),
(22700052, '22600002', '2', '2019-04-28', '', '', '', '', '', '', '', '', '', '', '1', '2019-04-25 03:34:28', NULL, NULL, '', NULL, NULL, ''),
(22700053, '22600002', '3', '2019-04-29', '', '', '', '', '', '', '', '', '', '', '1', '2019-04-25 03:34:28', NULL, NULL, '', NULL, NULL, ''),
(22700054, '22600002', '4', '2019-04-30', '', '', '', '', '', '', '', '', '', '', '1', '2019-04-25 03:34:28', NULL, NULL, '', NULL, NULL, ''),
(22700055, '22600002', '5', '2019-05-01', '', '', '', '', '', '', '', '', '', '', '1', '2019-04-25 03:34:28', NULL, NULL, '', NULL, NULL, ''),
(22700056, '22600002', '6', '2019-05-02', '', '', '', '', '', '', '', '', '', '', '1', '2019-04-25 03:34:28', NULL, NULL, '', NULL, NULL, ''),
(22700057, '22600002', '7', '2019-05-03', '', '', '', '', '', '', '', '', '', '', '1', '2019-04-25 03:34:28', NULL, NULL, '', NULL, NULL, ''),
(22700058, '22600002', '8', '2019-05-04', '', '', '', '', '', '', '', '', '', '', '1', '2019-04-25 03:34:28', NULL, NULL, '', NULL, NULL, ''),
(22700059, '22600002', '9', '2019-05-05', '', '', '', '', '', '', '', '', '', '', '1', '2019-04-25 03:34:28', NULL, NULL, '', NULL, NULL, ''),
(22700060, '22600002', '10', '2019-05-06', '', '', '', '', '', '', '', '', '', '', '1', '2019-04-25 03:34:29', NULL, NULL, '', NULL, NULL, ''),
(22700061, '22600002', '11', '2019-05-07', '', '', '', '', '', '', '', '', '', '', '1', '2019-04-25 03:34:29', NULL, NULL, '', NULL, NULL, ''),
(22700062, '22600002', '12', '2019-05-08', '', '', '', '', '', '', '', '', '', '', '1', '2019-04-25 03:34:29', NULL, NULL, '', NULL, NULL, ''),
(22700063, '22600002', '13', '2019-05-09', '', '', '', '', '', '', '', '', '', '', '1', '2019-04-25 03:34:29', NULL, NULL, '', NULL, NULL, ''),
(22700064, '22600002', '14', '2019-05-10', '', '', '', '', '', '', '', '', '', '', '1', '2019-04-25 03:34:29', NULL, NULL, '', NULL, NULL, ''),
(22700065, '22600002', '15', '2019-05-11', '', '', '', '', '', '', '', '', '', '', '1', '2019-04-25 03:34:29', NULL, NULL, '', NULL, NULL, ''),
(22700066, '22600002', '16', '2019-05-12', '', '', '', '', '', '', '', '', '', '', '1', '2019-04-25 03:34:29', NULL, NULL, '', NULL, NULL, ''),
(22700067, '22600002', '17', '2019-05-13', '', '', '', '', '', '', '', '', '', '', '1', '2019-04-25 03:34:29', NULL, NULL, '', NULL, NULL, ''),
(22700068, '22600003', '1', '2019-04-27', '', '', '', '', '', '', '', '', '', '', '1', '2019-04-25 03:35:03', NULL, NULL, '', NULL, NULL, ''),
(22700069, '22600003', '2', '2019-04-28', '', '', '', '', '', '', '', '', '', '', '1', '2019-04-25 03:35:03', NULL, NULL, '', NULL, NULL, ''),
(22700070, '22600003', '3', '2019-04-29', '', '', '', '', '', '', '', '', '', '', '1', '2019-04-25 03:35:03', NULL, NULL, '', NULL, NULL, ''),
(22700071, '22600003', '4', '2019-04-30', '', '', '', '', '', '', '', '', '', '', '1', '2019-04-25 03:35:03', NULL, NULL, '', NULL, NULL, ''),
(22700072, '22600003', '5', '2019-05-01', '', '', '', '', '', '', '', '', '', '', '1', '2019-04-25 03:35:03', NULL, NULL, '', NULL, NULL, ''),
(22700073, '22600003', '6', '2019-05-02', '', '', '', '', '', '', '', '', '', '', '1', '2019-04-25 03:35:04', NULL, NULL, '', NULL, NULL, ''),
(22700074, '22600003', '7', '2019-05-03', '', '', '', '', '', '', '', '', '', '', '1', '2019-04-25 03:35:04', NULL, NULL, '', NULL, NULL, ''),
(22700075, '22600003', '8', '2019-05-04', '', '', '', '', '', '', '', '', '', '', '1', '2019-04-25 03:35:04', NULL, NULL, '', NULL, NULL, ''),
(22700076, '22600003', '9', '2019-05-05', '', '', '', '', '', '', '', '', '', '', '1', '2019-04-25 03:35:04', NULL, NULL, '', NULL, NULL, ''),
(22700077, '22600003', '10', '2019-05-06', '', '', '', '', '', '', '', '', '', '', '1', '2019-04-25 03:35:04', NULL, NULL, '', NULL, NULL, ''),
(22700078, '22600003', '11', '2019-05-07', '', '', '', '', '', '', '', '', '', '', '1', '2019-04-25 03:35:04', NULL, NULL, '', NULL, NULL, ''),
(22700079, '22600003', '12', '2019-05-08', '', '', '', '', '', '', '', '', '', '', '1', '2019-04-25 03:35:04', NULL, NULL, '', NULL, NULL, ''),
(22700080, '22600003', '13', '2019-05-09', '', '', '', '', '', '', '', '', '', '', '1', '2019-04-25 03:35:04', NULL, NULL, '', NULL, NULL, ''),
(22700081, '22600003', '14', '2019-05-10', '', '', '', '', '', '', '', '', '', '', '1', '2019-04-25 03:35:04', NULL, NULL, '', NULL, NULL, ''),
(22700082, '22600003', '15', '2019-05-11', '', '', '', '', '', '', '', '', '', '', '1', '2019-04-25 03:35:04', NULL, NULL, '', NULL, NULL, ''),
(22700083, '22600003', '16', '2019-05-12', '', '', '', '', '', '', '', '', '', '', '1', '2019-04-25 03:35:04', NULL, NULL, '', NULL, NULL, ''),
(22700084, '22600003', '17', '2019-05-13', '', '', '', '', '', '', '', '', '', '', '1', '2019-04-25 03:35:04', NULL, NULL, '', NULL, NULL, ''),
(22700085, '22600004', '1', '2019-04-27', '', '', '', '', '', '', '', '', '', '', '1', '2019-04-25 03:38:29', NULL, NULL, '', NULL, NULL, ''),
(22700086, '22600004', '2', '2019-04-28', '', '', '', '', '', '', '', '', '', '', '1', '2019-04-25 03:38:29', NULL, NULL, '', NULL, NULL, ''),
(22700087, '22600004', '3', '2019-04-29', '', '', '', '', '', '', '', '', '', '', '1', '2019-04-25 03:38:29', NULL, NULL, '', NULL, NULL, ''),
(22700088, '22600004', '4', '2019-04-30', '', '', '', '', '', '', '', '', '', '', '1', '2019-04-25 03:38:30', NULL, NULL, '', NULL, NULL, ''),
(22700089, '22600004', '5', '2019-05-01', '', '', '', '', '', '', '', '', '', '', '1', '2019-04-25 03:38:30', NULL, NULL, '', NULL, NULL, ''),
(22700090, '22600004', '6', '2019-05-02', '', '', '', '', '', '', '', '', '', '', '1', '2019-04-25 03:38:30', NULL, NULL, '', NULL, NULL, ''),
(22700091, '22600004', '7', '2019-05-03', '', '', '', '', '', '', '', '', '', '', '1', '2019-04-25 03:38:30', NULL, NULL, '', NULL, NULL, ''),
(22700092, '22600004', '8', '2019-05-04', '', '', '', '', '', '', '', '', '', '', '1', '2019-04-25 03:38:30', NULL, NULL, '', NULL, NULL, ''),
(22700093, '22600004', '9', '2019-05-05', '', '', '', '', '', '', '', '', '', '', '1', '2019-04-25 03:38:30', NULL, NULL, '', NULL, NULL, ''),
(22700094, '22600004', '10', '2019-05-06', '', '', '', '', '', '', '', '', '', '', '1', '2019-04-25 03:38:30', NULL, NULL, '', NULL, NULL, ''),
(22700095, '22600004', '11', '2019-05-07', '', '', '', '', '', '', '', '', '', '', '1', '2019-04-25 03:38:30', NULL, NULL, '', NULL, NULL, ''),
(22700096, '22600004', '12', '2019-05-08', '', '', '', '', '', '', '', '', '', '', '1', '2019-04-25 03:38:30', NULL, NULL, '', NULL, NULL, ''),
(22700097, '22600004', '13', '2019-05-09', '', '', '', '', '', '', '', '', '', '', '1', '2019-04-25 03:38:30', NULL, NULL, '', NULL, NULL, ''),
(22700098, '22600004', '14', '2019-05-10', '', '', '', '', '', '', '', '', '', '', '1', '2019-04-25 03:38:30', NULL, NULL, '', NULL, NULL, ''),
(22700099, '22600004', '15', '2019-05-11', '', '', '', '', '', '', '', '', '', '', '1', '2019-04-25 03:38:30', NULL, NULL, '', NULL, NULL, ''),
(22700100, '22600004', '16', '2019-05-12', '', '', '', '', '', '', '', '', '', '', '1', '2019-04-25 03:38:30', NULL, NULL, '', NULL, NULL, ''),
(22700101, '22600004', '17', '2019-05-13', '', '', '', '', '', '', '', '', '', '', '1', '2019-04-25 03:38:30', NULL, NULL, '', NULL, NULL, ''),
(22700102, '22600005', '1', '2019-04-27', '', '', '', '', '', '', '', '', '', '', '1', '2019-04-25 03:39:17', NULL, NULL, '', NULL, NULL, ''),
(22700103, '22600005', '2', '2019-04-28', '', '', '', '', '', '', '', '', '', '', '1', '2019-04-25 03:39:17', NULL, NULL, '', NULL, NULL, ''),
(22700104, '22600005', '3', '2019-04-29', '', '', '', '', '', '', '', '', '', '', '1', '2019-04-25 03:39:17', NULL, NULL, '', NULL, NULL, ''),
(22700105, '22600005', '4', '2019-04-30', '', '', '', '', '', '', '', '', '', '', '1', '2019-04-25 03:39:17', NULL, NULL, '', NULL, NULL, ''),
(22700106, '22600005', '5', '2019-05-01', '', '', '', '', '', '', '', '', '', '', '1', '2019-04-25 03:39:17', NULL, NULL, '', NULL, NULL, ''),
(22700107, '22600005', '6', '2019-05-02', '', '', '', '', '', '', '', '', '', '', '1', '2019-04-25 03:39:17', NULL, NULL, '', NULL, NULL, ''),
(22700108, '22600005', '7', '2019-05-03', '', '', '', '', '', '', '', '', '', '', '1', '2019-04-25 03:39:17', NULL, NULL, '', NULL, NULL, ''),
(22700109, '22600005', '8', '2019-05-04', '', '', '', '', '', '', '', '', '', '', '1', '2019-04-25 03:39:17', NULL, NULL, '', NULL, NULL, ''),
(22700110, '22600005', '9', '2019-05-05', '', '', '', '', '', '', '', '', '', '', '1', '2019-04-25 03:39:17', NULL, NULL, '', NULL, NULL, ''),
(22700111, '22600005', '10', '2019-05-06', '', '', '', '', '', '', '', '', '', '', '1', '2019-04-25 03:39:17', NULL, NULL, '', NULL, NULL, ''),
(22700112, '22600005', '11', '2019-05-07', '', '', '', '', '', '', '', '', '', '', '1', '2019-04-25 03:39:17', NULL, NULL, '', NULL, NULL, ''),
(22700113, '22600005', '12', '2019-05-08', '', '', '', '', '', '', '', '', '', '', '1', '2019-04-25 03:39:17', NULL, NULL, '', NULL, NULL, ''),
(22700114, '22600005', '13', '2019-05-09', '', '', '', '', '', '', '', '', '', '', '1', '2019-04-25 03:39:17', NULL, NULL, '', NULL, NULL, ''),
(22700115, '22600005', '14', '2019-05-10', '', '', '', '', '', '', '', '', '', '', '1', '2019-04-25 03:39:17', NULL, NULL, '', NULL, NULL, ''),
(22700116, '22600005', '15', '2019-05-11', '', '', '', '', '', '', '', '', '', '', '1', '2019-04-25 03:39:18', NULL, NULL, '', NULL, NULL, ''),
(22700117, '22600005', '16', '2019-05-12', '', '', '', '', '', '', '', '', '', '', '1', '2019-04-25 03:39:18', NULL, NULL, '', NULL, NULL, ''),
(22700118, '22600005', '17', '2019-05-13', '', '', '', '', '', '', '', '', '', '', '1', '2019-04-25 03:39:18', NULL, NULL, '', NULL, NULL, ''),
(22700119, '22600006', '1', '', '1', '', '', '', 'Follicle', '2-3', 'Follicle Other3', '19-20', '', '', '1', '2019-04-25 06:45:27', NULL, NULL, '', NULL, NULL, ''),
(22700120, '22600006', '2', '', '2', '', '', '', 'Follicle Other1', '3-4', 'Follicle Other2', '18-19', '', '', '1', '2019-04-25 06:45:27', NULL, NULL, '', NULL, NULL, ''),
(22700121, '22600006', '3', '', '3', '', '', '', 'Follicle Other2', '5-6', 'Follicle Other1', '17-18', '', '', '1', '2019-04-25 06:45:27', NULL, NULL, '', NULL, NULL, ''),
(22700122, '22600006', '4', '2019-05-01', '', '', '', '', 'Follicle Other3', '7-8', 'Follicle', '13-14', '', '', '1', '2019-04-25 06:45:28', NULL, NULL, '', NULL, NULL, ''),
(22700123, '22600006', '5', '2019-05-02', '', '5', '', '', '', '', '', '', '', '', '1', '2019-04-25 06:45:28', NULL, NULL, '', NULL, NULL, ''),
(22700124, '22600006', '6', '2019-05-03', '', '6', '', '', '', '', '', '', '', '', '1', '2019-04-25 06:45:28', NULL, NULL, '', NULL, NULL, ''),
(22700125, '22600006', '7', '2019-05-04', '', '7', '', '', '', '', '', '', '', '', '1', '2019-04-25 06:45:28', NULL, NULL, '', NULL, NULL, ''),
(22700126, '22600006', '8', '2019-05-05', '', '8', '', '', '', '', '', '', '', '', '1', '2019-04-25 06:45:28', NULL, NULL, '', NULL, NULL, ''),
(22700127, '22600006', '9', '2019-05-06', '', '9', '', '', '', '', '', '', '', '', '1', '2019-04-25 06:45:28', NULL, NULL, '', NULL, NULL, ''),
(22700128, '22600006', '10', '2019-05-07', '', '', '', '', '', '', '', '', '', '', '1', '2019-04-25 06:45:28', NULL, NULL, '', NULL, NULL, ''),
(22700129, '22600006', '11', '2019-05-08', '', '', '', '', '', '', '', '', '', '', '1', '2019-04-25 06:45:28', NULL, NULL, '', NULL, NULL, ''),
(22700130, '22600006', '12', '2019-05-09', '', '', '', '', '', '', '', '', '', '', '1', '2019-04-25 06:45:28', NULL, NULL, '', NULL, NULL, ''),
(22700131, '22600006', '13', '2019-05-10', '', '', '', '', '', '', '', '', '', '', '1', '2019-04-25 06:45:28', NULL, NULL, '', NULL, NULL, ''),
(22700132, '22600006', '14', '2019-05-11', '', '', '', '', '', '', '', '', '', '', '1', '2019-04-25 06:45:28', NULL, NULL, '', NULL, NULL, ''),
(22700133, '22600006', '15', '2019-05-12', '', '', '', '', '', '', '', '', '', '', '1', '2019-04-25 06:45:28', NULL, NULL, '', NULL, NULL, ''),
(22700134, '22600006', '16', '2019-05-13', '', '', '', '', '', '', '', '', '', '', '1', '2019-04-25 06:45:28', NULL, NULL, '', NULL, NULL, ''),
(22700135, '22600006', '17', '2019-05-14', '', '', '', '', '', '', '', '', '', '', '1', '2019-04-25 06:45:29', NULL, NULL, '', NULL, NULL, ''),
(22700136, '22600007', '1', '2019-04-28', '', '', '', '', '', '', '', '', '', '', '1', '2019-04-26 06:17:03', NULL, NULL, '', NULL, NULL, ''),
(22700137, '22600007', '2', '2019-04-29', '', '', '', '', '', '', '', '', '', '', '1', '2019-04-26 06:17:03', NULL, NULL, '', NULL, NULL, ''),
(22700138, '22600007', '3', '2019-04-30', '', '', '', '', '', '', '', '', '', '', '1', '2019-04-26 06:17:03', NULL, NULL, '', NULL, NULL, ''),
(22700139, '22600007', '4', '2019-05-01', '', '', '', '', '', '', '', '', '', '', '1', '2019-04-26 06:17:03', NULL, NULL, '', NULL, NULL, ''),
(22700140, '22600007', '5', '2019-05-02', '', '', '', '', '', '', '', '', '', '', '1', '2019-04-26 06:17:03', NULL, NULL, '', NULL, NULL, ''),
(22700141, '22600007', '6', '2019-05-03', '', '', '', '', '', '', '', '', '', '', '1', '2019-04-26 06:17:04', NULL, NULL, '', NULL, NULL, ''),
(22700142, '22600007', '7', '2019-05-04', '', '', '', '', '', '', '', '', '', '', '1', '2019-04-26 06:17:04', NULL, NULL, '', NULL, NULL, ''),
(22700143, '22600007', '8', '2019-05-05', '', '', '', '', '', '', '', '', '', '', '1', '2019-04-26 06:17:04', NULL, NULL, '', NULL, NULL, ''),
(22700144, '22600007', '9', '2019-05-06', '', '', '', '', '', '', '', '', '', '', '1', '2019-04-26 06:17:04', NULL, NULL, '', NULL, NULL, ''),
(22700145, '22600007', '10', '2019-05-07', '', '', '', '', '', '', '', '', '', '', '1', '2019-04-26 06:17:04', NULL, NULL, '', NULL, NULL, ''),
(22700146, '22600007', '11', '2019-05-08', '', '', '', '', '', '', '', '', '', '', '1', '2019-04-26 06:17:04', NULL, NULL, '', NULL, NULL, ''),
(22700147, '22600007', '12', '2019-05-09', '', '', '', '', '', '', '', '', '', '', '1', '2019-04-26 06:17:04', NULL, NULL, '', NULL, NULL, ''),
(22700148, '22600007', '13', '2019-05-10', '', '', '', '', '', '', '', '', '', '', '1', '2019-04-26 06:17:04', NULL, NULL, '', NULL, NULL, ''),
(22700149, '22600007', '14', '2019-05-11', '', '', '', '', '', '', '', '', '', '', '1', '2019-04-26 06:17:04', NULL, NULL, '', NULL, NULL, ''),
(22700150, '22600007', '15', '2019-05-12', '', '', '', '', '', '', '', '', '', '', '1', '2019-04-26 06:17:04', NULL, NULL, '', NULL, NULL, ''),
(22700151, '22600007', '16', '2019-05-13', '', '', '', '', '', '', '', '', '', '', '1', '2019-04-26 06:17:04', NULL, NULL, '', NULL, NULL, ''),
(22700152, '22600007', '17', '2019-05-14', '', '', '', '', '', '', '', '', '', '', '1', '2019-04-26 06:17:04', NULL, NULL, '', NULL, NULL, ''),
(22700203, '22600012', '17', '2019-05-14', '', '', '7', '1', '', '', '', '', '', '', '1', '2019-04-26 07:07:10', NULL, NULL, '', NULL, NULL, ''),
(22700202, '22600012', '16', '2019-05-13', '', '', '8', '2', '', '', '', '', '', '', '1', '2019-04-26 07:07:09', NULL, NULL, '', NULL, NULL, ''),
(22700201, '22600012', '15', '2019-05-12', '', '', '9', '3', '', '', '', '', '', '', '1', '2019-04-26 07:07:09', NULL, NULL, '', NULL, NULL, ''),
(22700200, '22600012', '14', '2019-05-11', '', '', '0', '4', '', '', '', '', '', '', '1', '2019-04-26 07:07:09', NULL, NULL, '', NULL, NULL, ''),
(22700199, '22600012', '13', '2019-05-10', '', '', '', '5', '', '', '', '', '', '', '1', '2019-04-26 07:07:09', NULL, NULL, '', NULL, NULL, ''),
(22700198, '22600012', '12', '2019-05-09', '', '', '', '6', '', '', '', '', '', '', '1', '2019-04-26 07:07:09', NULL, NULL, '', NULL, NULL, ''),
(22700197, '22600012', '11', '2019-05-08', '', '', '', '', '', '', '', '', '', '', '1', '2019-04-26 07:07:09', NULL, NULL, '', NULL, NULL, ''),
(22700196, '22600012', '10', '2019-05-07', '', '', '', '', '', '', '', '', '', '', '1', '2019-04-26 07:07:09', NULL, NULL, '', NULL, NULL, ''),
(22700195, '22600012', '9', '2019-05-06', '', '', '', '', '', '', '', '', '', '', '1', '2019-04-26 07:07:09', NULL, NULL, '', NULL, NULL, ''),
(22700194, '22600012', '8', '2019-05-05', '', '', '', '', '', '', '', '', '', '', '1', '2019-04-26 07:07:09', NULL, NULL, '', NULL, NULL, ''),
(22700193, '22600012', '7', '2019-05-04', '', '', '', '', '', '', '', '', '', '', '1', '2019-04-26 07:07:09', NULL, NULL, '', NULL, NULL, ''),
(22700192, '22600012', '6', '2019-05-03', '', '', '', '', '', '', '', '', '', '', '1', '2019-04-26 07:07:09', NULL, NULL, '', NULL, NULL, ''),
(22700191, '22600012', '5', '2019-05-02', '', '', '', '', '', '', '', '', '', '', '1', '2019-04-26 07:07:09', NULL, NULL, '', NULL, NULL, ''),
(22700190, '22600012', '4', '2019-05-01', '', '', '', '', '', '', '', '', '', '', '1', '2019-04-26 07:07:09', NULL, NULL, '', NULL, NULL, ''),
(22700189, '22600012', '3', '2019-04-30', '', '', '', '', '', '', '', '', '', '', '1', '2019-04-26 07:07:09', NULL, NULL, '', NULL, NULL, ''),
(22700188, '22600012', '2', '2019-04-29', '', '', '', '', '', '', '', '', '', '', '1', '2019-04-26 07:07:09', NULL, NULL, '', NULL, NULL, ''),
(22700187, '22600012', '1', '2019-04-28', '', '', '', '', '', '', '', '', '', '', '1', '2019-04-26 07:07:09', NULL, NULL, '', NULL, NULL, '');

-- --------------------------------------------------------

--
-- Table structure for table `ODoctor`
--

CREATE TABLE `ODoctor` (
  `ID` int(11) NOT NULL,
  `ODoctorName` varchar(255) COLLATE utf8_unicode_ci NOT NULL
) ENGINE=InnoDB DEFAULT CHARSET=utf8 COLLATE=utf8_unicode_ci;

--
-- Dumping data for table `ODoctor`
--

INSERT INTO `ODoctor` (`ID`, `ODoctorName`) VALUES
(1, 'NULL'),
(2, 'น.พ. วาริท รัศมิทัต'),
(3, 'น.พ. ธีรวัฒน์ ภูจิญญาณ์'),
(4, 'น.พ. มานพ อมรรุ่งมีธรรม'),
(5, 'น.พ. ณรงค์ศักดิ์ เจษฏาภัทรกุล'),
(6, 'น.พ. ปรีชายุทธ โยคะนิตย์'),
(7, 'น.พ. สุรศักดิ์ ถนัดศีลธรรม'),
(8, 'น.พ. รัตนชัย ปรีชานุกุล'),
(9, 'พ.ญ. สุกัญญา เดชอาคม'),
(10, 'พ.ญ. รุ่งรัตน์ โฆษะวิบูลย์ผล'),
(11, 'น.พ. สิทธาพันธ์ มั่นชูพงศ์'),
(12, 'น.พ. ชูชาติ พลบุรี'),
(13, 'น.พ. นันทรัตน์ กิจวรพัฒน์');

-- --------------------------------------------------------

--
-- Table structure for table `ONurse`
--

CREATE TABLE `ONurse` (
  `ID` int(11) NOT NULL,
  `ONurseName` varchar(255) COLLATE utf8_unicode_ci NOT NULL
) ENGINE=InnoDB DEFAULT CHARSET=utf8 COLLATE=utf8_unicode_ci;

--
-- Dumping data for table `ONurse`
--

INSERT INTO `ONurse` (`ID`, `ONurseName`) VALUES
(1, 'NULL'),
(2, 'ธิดารัตน์ พรหมชัย'),
(3, 'นุชลินท์'),
(4, 'วันดี สุวรรณพาเพลิน'),
(5, 'เพ็ญนภา สุวรรณพาเพลิน'),
(6, 'นวรัตน์ ราชครุฑ'),
(7, 'ชุติปภา อุ้ยนิรันดรกุล'),
(8, 'อภิสรา พินพวง'),
(9, 'ยุวรี ช่วยปุ้ง'),
(10, 'จาฎพัจน์ อึ้งวิรัชเวชกิจ'),
(11, 'ไพลิน พรหมเรนทร์'),
(12, 'ปรัชญาพร หวานสนิท');

-- --------------------------------------------------------

--
-- Table structure for table `OPUHistory`
--

CREATE TABLE `OPUHistory` (
  `ID` int(11) NOT NULL,
  `PID` int(11) NOT NULL,
  `OPUTypeID` int(11) DEFAULT NULL,
  `DoctorID` int(11) DEFAULT NULL,
  `ODoctorID` int(11) DEFAULT NULL,
  `ONurseID` int(11) DEFAULT NULL,
  `OPUDate` date DEFAULT NULL,
  `VNurse` int(11) DEFAULT '1000',
  `EXNurse` int(11) DEFAULT '0'
) ENGINE=InnoDB DEFAULT CHARSET=utf8 COLLATE=utf8_unicode_ci;

--
-- Dumping data for table `OPUHistory`
--

INSERT INTO `OPUHistory` (`ID`, `PID`, `OPUTypeID`, `DoctorID`, `ODoctorID`, `ONurseID`, `OPUDate`, `VNurse`, `EXNurse`) VALUES
(1, 0, 1, 3, 2, 0, '2014-07-05', 1000, 0),
(14, 201301581, 6, 1, 2, 3, '2014-07-01', 1000, 0),
(15, 201301582, 6, 1, 2, 3, '2014-07-01', 1000, 0),
(16, 201301584, 6, 1, 2, 2, '2014-07-02', 1000, 0),
(17, 201301081, 6, 2, 3, 2, '2014-07-02', 1000, 0),
(18, 201301583, 6, 1, 2, 3, '2014-07-03', 1000, 0),
(19, 201300801, 6, 1, 2, 3, '2014-07-03', 1000, 0),
(20, 201300497, 6, 1, 2, 3, '2014-07-03', 1000, 0),
(21, 201301526, 6, 2, 2, 9, '2014-07-05', 1000, 0),
(22, 201301657, 7, 1, 2, 4, '2014-07-03', 1000, 0),
(23, 201301622, 6, 2, 2, 3, '2014-07-06', 1000, 0),
(24, 201301644, 6, 1, 2, 3, '2014-07-08', 1000, 0),
(25, 201301635, 6, 2, 2, 2, '2014-07-09', 1000, 0),
(33, 201300773, 1, 2, 3, 3, '2014-07-12', 1000, 0),
(34, 201300773, 6, 1, 2, 2, '2014-07-13', 1000, 0),
(35, 201300773, 7, 1, 2, 3, '2014-07-13', 1000, 0),
(37, 201300773, 6, 1, 2, 3, '2014-07-15', 1000, 0),
(38, 201300773, 6, 2, 2, 3, '2014-07-15', 1000, 0),
(39, 201301683, 6, 1, 2, 3, '2014-07-20', 1000, 0),
(40, 201301683, 6, 2, 2, 3, '2014-07-23', 1000, 0),
(43, 20140208, 6, 1, 5, 2, '2014-10-28', 1000, 0),
(45, 20140197, 7, 1, 5, 9, '2014-10-28', 1000, 0),
(46, 20140241, 3, 1, 1, 1, '2014-10-02', 1000, 0),
(48, 20140250, 3, 1, 1, 1, '2014-10-10', 1000, 0),
(51, 20140246, 6, 1, 5, 2, '2014-10-10', 1000, 0),
(52, 20140254, 6, 1, 5, 2, '2014-10-22', 1000, 0),
(53, 20140255, 6, 1, 2, 2, '2014-10-30', 1000, 0),
(56, 20140248, 9, 1, 3, 2, '2014-11-04', 1000, 0),
(57, 20140251, 8, 1, 2, 1, '2014-10-07', 1000, 0),
(61, 20140203, 1, 1, 10, 1, '2014-10-30', 1000, 0),
(63, 20140269, 3, 1, 1, 1, '2014-11-05', 1000, 0),
(64, 20140248, 6, 2, 2, 9, '2014-11-11', 1000, 0),
(65, 20140280, 8, 1, 2, 9, '2014-11-11', 1000, 0),
(66, 20140263, 6, 1, 2, 9, '2014-11-12', 1000, 0),
(67, 20140265, 3, 1, 1, 1, '2014-11-13', 1000, 0),
(68, 20140208, 4, 1, 1, 1, '2014-11-02', 1000, 0),
(69, 20140264, 6, 1, 2, 12, '2014-11-15', 1000, 0),
(70, 20140287, 3, 1, 1, 1, '2014-11-18', 1000, 0),
(71, 20140293, 3, 1, 1, 1, '2014-11-18', 1000, 0),
(72, 20140291, 3, 1, 1, 1, '2014-11-19', 1000, 0),
(73, 20140264, 4, 1, 1, 1, '2014-11-20', 1000, 0),
(74, 20140296, 6, 2, 1, 1, '2014-11-24', 1000, 0),
(75, 20140299, 3, 1, 1, 1, '2014-11-23', 1000, 0),
(76, 20140322, 6, 1, 2, 1, '2014-11-26', 1000, 0),
(77, 20140317, 6, 1, 2, 1, '2014-11-26', 1000, 0),
(78, 20140318, 6, 1, 2, 1, '2014-11-26', 1000, 0),
(79, 20140308, 3, 1, 1, 1, '2014-11-26', 1000, 0),
(80, 20140181, 3, 1, 1, 1, '2014-11-26', 1000, 0),
(85, 20140345, 3, 1, 1, 1, '2014-12-04', 1000, 0),
(86, 20140302, 5, 2, 1, 1, '2014-12-09', 1000, 0),
(87, 20140302, 1, 2, 5, 3, '2014-12-09', 1000, 0),
(91, 20140310, 4, 1, 1, 1, '2014-12-07', 1000, 0),
(93, 20140342, 6, 2, 2, 2, '2014-12-11', 1000, 0),
(96, 20140306, 5, 2, 2, 2, '2014-12-11', 1000, 0),
(97, 20140306, 1, 2, 2, 2, '2014-12-11', 1000, 0),
(98, 20140361, 6, 1, 2, 9, '2014-12-22', 1000, 0),
(99, 20140349, 6, 1, 2, 3, '2014-12-21', 1000, 0),
(100, 20140354, 6, 1, 2, 3, '2014-12-21', 1000, 0),
(101, 20140310, 6, 1, 2, 11, '2014-12-02', 1000, 0),
(102, 20140351, 7, 1, 5, 3, '2014-12-05', 1000, 0),
(103, 20140334, 6, 1, 5, 11, '2014-12-06', 1000, 0),
(104, 20140343, 6, 2, 2, 3, '2014-12-13', 1000, 0),
(105, 20140334, 4, 1, 1, 1, '2014-12-11', 1000, 0),
(106, 20140117, 3, 1, 1, 1, '2014-12-23', 1000, 0),
(107, 20140384, 3, 2, 1, 1, '2014-12-22', 1000, 0),
(108, 20140232, 6, 1, 2, 3, '2014-12-26', 1000, 0),
(109, 20140373, 6, 1, 2, 3, '2014-12-28', 1000, 0),
(110, 20140315, 6, 2, 2, 3, '2014-12-28', 1000, 0),
(111, 20140361, 4, 1, 1, 1, '2014-12-27', 1000, 0),
(115, 20140392, 1, 2, 2, 11, '2015-01-09', 1000, 0),
(116, 20140386, 1, 2, 5, 2, '2015-01-03', 1000, 0),
(118, 20150006, 1, 1, 2, 3, '2015-01-05', 1000, 0),
(119, 20140337, 6, 2, 2, 3, '2015-01-27', 1000, 0),
(120, 20150042, 9, 1, 2, 3, '2015-01-25', 1000, 0),
(121, 20150012, 4, 1, 1, 1, '2015-01-24', 1000, 0),
(122, 20140115, 6, 1, 2, 3, '2015-01-28', 1000, 0),
(123, 20150036, 6, 1, 5, 9, '2015-02-04', 1000, 0),
(124, 20150002, 3, 1, 1, 1, '2015-02-02', 1000, 0),
(125, 20140361, 4, 1, 1, 1, '2015-02-05', 1000, 0),
(126, 20140290, 4, 1, 1, 1, '2015-02-06', 1000, 0),
(127, 20140128, 4, 1, 1, 1, '2015-02-06', 1000, 0),
(129, 20140128, 6, 1, 2, 3, '2015-02-01', 1000, 0),
(132, 20150044, 6, 2, 3, 3, '2015-02-07', 1000, 0),
(133, 20150059, 6, 1, 2, 11, '2015-02-16', 1000, 0),
(134, 20140038, 3, 1, 1, 1, '2015-02-15', 1000, 0),
(135, 20150071, 4, 1, 1, 1, '2015-02-15', 1000, 0),
(136, 20150061, 4, 1, 1, 1, '2015-02-19', 1000, 0),
(137, 20150067, 6, 2, 5, 3, '2015-02-20', 1000, 0),
(138, 20150063, 4, 1, 1, 1, '2015-02-20', 1000, 0),
(139, 20150015, 6, 1, 5, 9, '2015-02-23', 1000, 0),
(140, 20140296, 2, 2, 1, 1, '2015-02-23', 1000, 0),
(141, 20150077, 6, 1, 2, 3, '2015-02-24', 1000, 0),
(142, 20150043, 6, 1, 1, 1, '2015-02-25', 1000, 0),
(143, 20150035, 3, 1, 1, 1, '2015-02-21', 1000, 0),
(144, 20150065, 4, 1, 1, 1, '2015-02-22', 1000, 0),
(145, 20140391, 6, 2, 2, 2, '2015-02-26', 1000, 0),
(146, 20140306, 6, 2, 2, 11, '2015-03-04', 1000, 0),
(147, 20150017, 4, 1, 1, 1, '2015-03-20', 1000, 0),
(148, 20150015, 4, 1, 1, 1, '2015-03-19', 1000, 0),
(149, 20150059, 4, 1, 1, 1, '2015-03-19', 1000, 0),
(151, 20150125, 6, 1, 2, 1, '2015-03-22', 1000, 0),
(152, 20150110, 4, 1, 1, 1, '2015-03-23', 1000, 0),
(153, 20150043, 6, 1, 1, 1, '2015-03-22', 1000, 0),
(154, 20150117, 4, 1, 1, 1, '2015-03-20', 1000, 0),
(155, 20150059, 4, 1, 1, 1, '2015-03-19', 1000, 0),
(156, 20150015, 4, 1, 1, 1, '2015-03-19', 1000, 0),
(159, 20140003, 6, 2, 2, 3, '2015-03-30', 1000, 0),
(160, 20150071, 6, 1, 2, 3, '2015-03-10', 1000, 0),
(161, 20150099, 6, 2, 2, 1, '2015-03-10', 1000, 0),
(163, 20150104, 6, 2, 2, 3, '2015-03-13', 1000, 0),
(164, 20150125, 6, 2, 8, 2, '2015-03-22', 1000, 0),
(165, 20150097, 6, 1, 2, 2, '2015-03-23', 1000, 0),
(167, 20150088, 5, 2, 2, 1, '2015-03-24', 1000, 0),
(168, 20150135, 6, 1, 2, 1, '2015-03-29', 1000, 0),
(169, 20140003, 6, 2, 2, 3, '2015-03-30', 1000, 0),
(172, 20150150, 6, 2, 13, 2, '2015-04-03', 1000, 0),
(173, 20150194, 6, 1, 13, 1, '2015-04-03', 1000, 0),
(174, 20140299, 4, 1, 1, 1, '2015-04-03', 1000, 0),
(175, 20150009, 4, 1, 1, 1, '2015-04-03', 1000, 0),
(176, 20150158, 4, 1, 1, 1, '2015-04-03', 1000, 0),
(177, 20140392, 6, 2, 4, 12, '2015-04-04', 1000, 0),
(179, 20150154, 4, 1, 1, 1, '2015-04-04', 1000, 0),
(180, 20150175, 6, 1, 2, 11, '2015-04-07', 1000, 0),
(182, 20150162, 4, 1, 1, 1, '2015-04-02', 1000, 0),
(183, 20150152, 4, 1, 1, 1, '2015-04-04', 1000, 0),
(184, 20140181, 4, 1, 1, 1, '2015-04-07', 1000, 0),
(185, 20150185, 6, 1, 5, 3, '2015-04-08', 1000, 0),
(186, 20150188, 6, 1, 12, 3, '2015-04-09', 1000, 0),
(188, 20150167, 9, 1, 12, 3, '2015-04-09', 1000, 0),
(189, 20150111, 2, 4, 1, 1, '2015-04-05', 1000, 0),
(190, 20150164, 2, 4, 1, 1, '2015-04-05', 1000, 0),
(191, 20150160, 2, 4, 1, 1, '2015-04-06', 1000, 0),
(192, 20150195, 6, 2, 5, 2, '2015-04-15', 1000, 0),
(193, 20150121, 1, 2, 2, 11, '2015-04-07', 1000, 0),
(194, 20150121, 5, 2, 1, 1, '2015-04-07', 1000, 0),
(195, 20150212, 6, 2, 2, 2, '2015-04-21', 1000, 0),
(197, 20140296, 4, 2, 1, 1, '2015-04-24', 1000, 0),
(199, 20150220, 6, 1, 2, 2, '2015-04-24', 1000, 0),
(200, 20150219, 6, 1, 5, 3, '2015-04-25', 1000, 0),
(201, 20150016, 4, 1, 1, 1, '2015-04-28', 1000, 0),
(202, 20150144, 5, 2, 1, 1, '2015-04-01', 1000, 0),
(203, 20150144, 1, 2, 1, 1, '2015-04-01', 1000, 0),
(204, 20150145, 5, 2, 1, 1, '2015-04-01', 1000, 0),
(205, 20150145, 1, 2, 1, 1, '2015-04-01', 1000, 0),
(206, 20150246, 6, 1, 2, 1, '2015-05-09', 1000, 0),
(207, 20150247, 6, 2, 2, 1, '2015-05-09', 1000, 0),
(208, 20150235, 4, 1, 1, 1, '2015-05-08', 1000, 0),
(209, 20150282, 6, 1, 2, 9, '2015-05-14', 1000, 0),
(210, 20150294, 6, 1, 2, 2, '2015-05-18', 1000, 0),
(211, 20150285, 6, 1, 4, 1, '2015-05-16', 1000, 0),
(212, 20150286, 9, 1, 2, 2, '2015-05-18', 1000, 0),
(213, 20150170, 4, 1, 1, 1, '2015-05-19', 1000, 0),
(214, 20150297, 4, 1, 1, 1, '2015-05-19', 1000, 0),
(215, 20150318, 4, 1, 1, 1, '2015-05-19', 1000, 0),
(216, 20150035, 4, 1, 1, 1, '2015-05-22', 1000, 0),
(217, 20150280, 6, 1, 2, 2, '2015-05-24', 1000, 0),
(218, 20150318, 6, 2, 2, 1, '2015-05-24', 1000, 0),
(219, 20150126, 4, 1, 1, 1, '2015-05-23', 1000, 0),
(220, 20140232, 4, 1, 1, 1, '2015-05-24', 1000, 0),
(221, 20150263, 4, 1, 1, 1, '2015-05-25', 1000, 0),
(222, 20150329, 6, 2, 5, 1, '2015-05-27', 1000, 0),
(223, 20150330, 6, 2, 5, 1, '2015-05-27', 1000, 0),
(224, 20150323, 6, 1, 2, 2, '2015-05-26', 1000, 0),
(225, 20150315, 6, 2, 2, 2, '2015-05-25', 1000, 0),
(227, 20140365, 6, 2, 2, 3, '2015-05-28', 1000, 0),
(228, 20150276, 6, 2, 2, 1, '2015-05-28', 1000, 0),
(229, 20150341, 6, 2, 2, 1, '2015-05-29', 1000, 0),
(230, 20150347, 6, 1, 2, 2, '2015-06-01', 1000, 0),
(231, 20150245, 4, 1, 1, 1, '2015-06-01', 1000, 0),
(232, 20150201, 4, 1, 1, 1, '2015-06-10', 1000, 0),
(233, 20140330, 3, 2, 1, 1, '2015-06-09', 1000, 0),
(234, 20150373, 6, 2, 2, 11, '2015-06-08', 1000, 0),
(236, 20150154, 3, 1, 1, 1, '2015-06-08', 1000, 0),
(237, 20150164, 3, 1, 1, 1, '2015-06-07', 1000, 0),
(238, 20150245, 6, 1, 3, 1, '2015-06-12', 1000, 0),
(239, 20150406, 3, 1, 1, 1, '2015-06-13', 1000, 0),
(240, 20150366, 4, 1, 1, 1, '2015-06-16', 1000, 0),
(241, 20150320, 4, 1, 1, 1, '2015-06-12', 1000, 0),
(242, 20150233, 4, 1, 1, 1, '2015-06-24', 1000, 0),
(243, 20150391, 6, 1, 2, 3, '2015-06-18', 1000, 0),
(244, 20150441, 6, 1, 3, 2, '2015-06-19', 1000, 0),
(245, 20150412, 4, 1, 1, 1, '2015-06-19', 1000, 0),
(246, 20150389, 3, 1, 1, 1, '2015-06-20', 1000, 0),
(247, 20150441, 4, 1, 1, 1, '2015-06-22', 1000, 0),
(248, 20150334, 6, 2, 2, 3, '2015-06-23', 1000, 0),
(249, 20150441, 4, 1, 1, 1, '2015-06-23', 1000, 0),
(250, 20150233, 3, 1, 1, 1, '2015-06-24', 1000, 0),
(251, 20150307, 6, 2, 2, 3, '2015-06-25', 1000, 0),
(252, 20150362, 6, 1, 2, 11, '2015-06-27', 1000, 0),
(254, 20150445, 6, 1, 2, 1, '2015-06-27', 1000, 0),
(255, 20150435, 6, 1, 2, 9, '2015-06-28', 1000, 0),
(256, 20150433, 6, 1, 2, 1, '2015-06-28', 1000, 0),
(257, 20150399, 4, 1, 1, 1, '2015-06-27', 1000, 0),
(258, 20150304, 4, 1, 1, 1, '2015-06-27', 1000, 0),
(259, 20150449, 6, 1, 2, 3, '2015-07-02', 1000, 0),
(260, 20150427, 6, 1, 2, 2, '2015-06-26', 1000, 0),
(261, 20150381, 8, 1, 2, 3, '2015-07-01', 1000, 0),
(262, 20150425, 8, 1, 2, 1, '2015-07-01', 1000, 0),
(263, 20150219, 3, 1, 1, 1, '2015-07-01', 1000, 0),
(264, 20150449, 6, 1, 2, 3, '2015-07-02', 1000, 0),
(265, 20150447, 6, 1, 5, 1, '2015-07-03', 1000, 0),
(266, 20171027, 1, 1, 13, 2, '2017-08-01', 1000, 0),
(267, 20171027, 1, 1, 13, 2, '2017-08-01', 1000, 0),
(268, 20171027, 1, 1, 13, 2, '2017-08-01', 1000, 0),
(269, 20171027, 1, 1, 13, 2, '2017-08-01', 1000, 0),
(270, 20171027, 1, 1, 13, 2, '2017-08-01', 1000, 0),
(271, 20171027, 1, 1, 13, 2, '2017-08-01', 1000, 0),
(272, 20171027, 1, 2, 2, 2, '2017-08-02', 1000, 0),
(273, 20171027, 1, 1, 2, 2, '2017-08-02', 1000, 0),
(274, 20171027, 1, 1, 2, 2, '2017-08-02', 1000, 0),
(275, 20171027, 1, 1, 10, 2, '2017-08-03', 1000, 0),
(276, 20171027, 1, 1, 10, 2, '2017-08-03', 1000, 0),
(277, 20171027, 1, 1, 10, 2, '2017-08-03', 1000, 0),
(278, 20171027, 1, 2, 13, 2, '2017-08-03', 1000, 0),
(279, 20171027, 1, 2, 13, 2, '2017-08-03', 1000, 0),
(280, 20171027, 1, 2, 13, 2, '2017-08-03', 1000, 0),
(281, 20171027, 1, 2, 13, 2, '2017-08-03', 1000, 0),
(282, 20171027, 1, 1, 13, 2, '2017-08-03', 1000, 0),
(283, 20171027, 3, 1, 1, 1, '2017-08-01', 1000, 0),
(284, 20171027, 3, 1, 1, 1, '2017-08-01', 1000, 0),
(285, 20171027, 3, 1, 1, 1, '2017-08-01', 1000, 0),
(286, 20171027, 3, 1, 1, 1, '2017-08-01', 1000, 0),
(287, 20171027, 3, 1, 1, 1, '2017-08-01', 1000, 0),
(288, 20171027, 3, 1, 1, 1, '2017-08-01', 1000, 0),
(289, 20171027, 3, 2, 1, 1, '2017-08-01', 1000, 0),
(290, 20171027, 3, 2, 1, 1, '2017-08-01', 1000, 0),
(291, 20171027, 3, 1, 1, 1, '2017-08-03', 1000, 0),
(292, 20170412, 1, 1, 2, 1, '2017-08-10', 1000, 0),
(298, 20170779, 2, 4, 1, 1, '2017-08-16', 1000, 0),
(299, 20180613, 1, 4, 1, 1, '2018-11-20', 1000, 0);

-- --------------------------------------------------------

--
-- Table structure for table `OPUType`
--

CREATE TABLE `OPUType` (
  `ID` int(11) NOT NULL,
  `OPUName` varchar(255) COLLATE utf8_unicode_ci NOT NULL,
  `DFDoctor` decimal(10,2) DEFAULT NULL,
  `DFODoctor` decimal(10,2) DEFAULT NULL
) ENGINE=InnoDB DEFAULT CHARSET=utf8 COLLATE=utf8_unicode_ci;

--
-- Dumping data for table `OPUType`
--

INSERT INTO `OPUType` (`ID`, `OPUName`, `DFDoctor`, `DFODoctor`) VALUES
(1, 'OPU (15000)', '15000.00', '5000.00'),
(2, 'ET (5000)', '5000.00', '0.00'),
(3, 'FET (10000)', '10000.00', '0.00'),
(4, 'ET (Dr.T)', '10000.00', '0.00'),
(5, 'Stimulation', '5000.00', '0.00'),
(6, 'OPU (25000)', '25000.00', '5000.00'),
(7, 'LVR', '0.00', '8000.00'),
(8, 'D&C', '5000.00', '4000.00'),
(9, 'PESA&TESE', '10000.00', '4000.00'),
(10, 'OPU (10000)', '10000.00', '0.00'),
(11, 'FET (5000)', '5000.00', '0.00');

-- --------------------------------------------------------

--
-- Table structure for table `or_b_anesthesia`
--

CREATE TABLE `or_b_anesthesia` (
  `anesthesia_id` int(11) NOT NULL,
  `anesthesia_code` varchar(45) COLLATE utf8_bin DEFAULT NULL,
  `anesthesia_code_ex` varchar(45) COLLATE utf8_bin DEFAULT NULL,
  `anesthesia_name` varchar(255) COLLATE utf8_bin DEFAULT NULL,
  `active` varchar(45) COLLATE utf8_bin DEFAULT NULL,
  `remark` varchar(45) COLLATE utf8_bin DEFAULT NULL,
  `date_create` varchar(45) COLLATE utf8_bin DEFAULT NULL,
  `date_modi` varchar(45) COLLATE utf8_bin DEFAULT NULL,
  `date_cancel` varchar(45) COLLATE utf8_bin DEFAULT NULL,
  `user_create` varchar(45) COLLATE utf8_bin DEFAULT NULL,
  `user_modi` varchar(45) COLLATE utf8_bin DEFAULT NULL,
  `user_cancel` varchar(45) COLLATE utf8_bin DEFAULT NULL,
  `sort1` varchar(45) COLLATE utf8_bin DEFAULT NULL
) ENGINE=MyISAM DEFAULT CHARSET=utf8 COLLATE=utf8_bin COMMENT='id=228';

--
-- Dumping data for table `or_b_anesthesia`
--

INSERT INTO `or_b_anesthesia` (`anesthesia_id`, `anesthesia_code`, `anesthesia_code_ex`, `anesthesia_name`, `active`, `remark`, `date_create`, `date_modi`, `date_cancel`, `user_create`, `user_modi`, `user_cancel`, `sort1`) VALUES
(228000000, 'ANES01', '', 'General Anesthesia', '1', '', '2019-04-03 00:26:27', '', '', '', '', '', ''),
(228000001, 'ANES02', '', 'Spinal Block', '1', '', '2019-04-03 00:26:40', '', '', '', '', '', ''),
(228000002, 'ANES03', '', 'Epidural Block(EB)', '1', '', '2019-04-03 00:26:58', '', '', '', '', '', ''),
(228000003, 'ANES04', '', 'Brachial Block(BB)', '1', '', '2019-04-03 00:27:08', '', '', '', '', '', ''),
(228000004, 'ANES05', '', 'Local Anethesia(LA)', '1', '', '2019-04-03 00:27:21', '', '', '', '', '', ''),
(228000005, 'ANES06', '', 'I.V.Anethesia', '1', '', '2019-04-03 00:27:31', '', '', '', '', '', '');

-- --------------------------------------------------------

--
-- Table structure for table `or_b_operation`
--

CREATE TABLE `or_b_operation` (
  `opera_id` int(11) NOT NULL,
  `opera_code` varchar(45) COLLATE utf8_bin DEFAULT NULL,
  `opera_code_ex` varchar(45) COLLATE utf8_bin DEFAULT NULL,
  `opera_name` varchar(45) COLLATE utf8_bin DEFAULT NULL,
  `opera_group_id` int(11) DEFAULT NULL,
  `active` varchar(45) COLLATE utf8_bin DEFAULT NULL,
  `remark` varchar(255) COLLATE utf8_bin DEFAULT NULL,
  `date_create` varchar(45) COLLATE utf8_bin DEFAULT NULL,
  `date_modi` varchar(45) COLLATE utf8_bin DEFAULT NULL,
  `date_cancel` varchar(45) COLLATE utf8_bin DEFAULT NULL,
  `user_create` varchar(45) COLLATE utf8_bin DEFAULT NULL,
  `user_modi` varchar(45) COLLATE utf8_bin DEFAULT NULL,
  `user_cancel` varchar(45) COLLATE utf8_bin DEFAULT NULL,
  `sort1` varchar(45) COLLATE utf8_bin DEFAULT NULL
) ENGINE=MyISAM DEFAULT CHARSET=utf8 COLLATE=utf8_bin COMMENT='id=227';

--
-- Dumping data for table `or_b_operation`
--

INSERT INTO `or_b_operation` (`opera_id`, `opera_code`, `opera_code_ex`, `opera_name`, `opera_group_id`, `active`, `remark`, `date_create`, `date_modi`, `date_cancel`, `user_create`, `user_modi`, `user_cancel`, `sort1`) VALUES
(227000000, 'CVT-F001', 'CVT', 'FEMORAL EMBOLECTOMY', 226000000, '1', NULL, NULL, NULL, NULL, NULL, NULL, NULL, NULL),
(227000001, 'CVT-F002', 'CVT', 'FEMURAL POPHTEAL BYPASS & ANKLE BYPASS', 226000000, '1', NULL, NULL, NULL, NULL, NULL, NULL, NULL, NULL),
(227000002, 'CVT-M0001', 'CVT', 'MEDIAN  STERNOTOMY ', 226000000, '1', NULL, NULL, NULL, NULL, NULL, NULL, NULL, NULL),
(227000003, 'CVT-P001', 'CVT', 'PERICARDIAL WINDOW', 226000000, '1', NULL, NULL, NULL, NULL, NULL, NULL, NULL, NULL),
(227000004, 'CVT-P002', 'CVT', 'PLEURAL BIOPSY', 226000000, '1', NULL, NULL, NULL, NULL, NULL, NULL, NULL, NULL),
(227000005, 'CVT-R001', 'CVT', 'BYPASS OF VEIN', 226000000, '1', NULL, NULL, NULL, NULL, NULL, NULL, NULL, NULL),
(227000006, 'CVT-T001', 'CVT', 'BYPASS OF ARTERY', 226000000, '1', NULL, NULL, NULL, NULL, NULL, NULL, NULL, NULL),
(227000007, 'CVT-T003', 'CVT', 'THORACOTOMY', 226000000, '1', NULL, NULL, NULL, NULL, NULL, NULL, NULL, NULL),
(227000008, 'CVT-T004', 'CVT', 'THORACOTOMY WITH DECORTICATE OF LUNG', 226000000, '1', NULL, NULL, NULL, NULL, NULL, NULL, NULL, NULL),
(227000009, 'CVT-T005', 'CVT', 'THORACOTOMY WITH LUNG BIOPSY', 226000000, '1', NULL, NULL, NULL, NULL, NULL, NULL, NULL, NULL),
(227000010, 'CVT-T006', 'CVT', 'THORACOTOMY WITH LUNG LOBECTOMY', 226000000, '1', NULL, NULL, NULL, NULL, NULL, NULL, NULL, NULL),
(227000011, 'CVT-T008', 'CVT', 'THORACOTOMY WITH WEDGE RESECTION', 226000000, '1', NULL, NULL, NULL, NULL, NULL, NULL, NULL, NULL),
(227000012, 'CVT-T009', 'CVT', 'THROMBECTOMY', 226000000, '1', NULL, NULL, NULL, NULL, NULL, NULL, NULL, NULL),
(227000013, 'ENT-001', 'ENT', 'I.M.F + ARCH BAR', 226000003, '1', NULL, NULL, NULL, NULL, NULL, NULL, NULL, NULL),
(227000014, 'ENT-003', 'ENT', 'RHINOSCOPE  & BIOPSY', 226000003, '1', NULL, NULL, NULL, NULL, NULL, NULL, NULL, NULL),
(227000015, 'ENT-A001', 'ENT', 'ADENOIDECTOMY', 226000003, '1', NULL, NULL, NULL, NULL, NULL, NULL, NULL, NULL),
(227000016, 'ENT-B001', 'ENT', 'BRONCHOSCOPY (RIGID)', 226000003, '1', NULL, NULL, NULL, NULL, NULL, NULL, NULL, NULL),
(227000017, 'ENT-B002', 'ENT', 'BRONCHOSCOPY FOR BIOPSY (Rigid)', 226000003, '1', NULL, NULL, NULL, NULL, NULL, NULL, NULL, NULL),
(227000018, 'ENT-B003', 'ENT', 'BRONCHOSCOPY FOR REMOVE F.B.', 226000003, '1', NULL, NULL, NULL, NULL, NULL, NULL, NULL, NULL),
(227000019, 'ENT-B004', 'ENT', 'CANALOPLASTY', 226000003, '1', NULL, NULL, NULL, NULL, NULL, NULL, NULL, NULL),
(227000020, 'ENT-C001', 'ENT', 'C.W.L. BI - LATERAL', 226000003, '1', NULL, NULL, NULL, NULL, NULL, NULL, NULL, NULL),
(227000021, 'ENT-C002', 'ENT', 'C.W.L. UNI - LATERAL', 226000003, '1', NULL, NULL, NULL, NULL, NULL, NULL, NULL, NULL),
(227000022, 'ENT-C003', 'ENT', 'CHANGE SILVER TUBE', 226000003, '1', NULL, NULL, NULL, NULL, NULL, NULL, NULL, NULL),
(227000023, 'ENT-C004', 'ENT', 'CLOSED REDUCTION OF NASAL BONE', 226000003, '1', NULL, NULL, NULL, NULL, NULL, NULL, NULL, NULL),
(227000024, 'ENT-C005', 'ENT', 'COAG TURBINATECTOMY', 226000003, '1', NULL, NULL, NULL, NULL, NULL, NULL, NULL, NULL),
(227000025, 'ENT-D001', 'ENT', 'D/L. (Direct Laryngoscopy )', 226000003, '1', NULL, NULL, NULL, NULL, NULL, NULL, NULL, NULL),
(227000026, 'ENT-D002', 'ENT', 'D/L.MICRO-LARYNGOSCOPY', 226000003, '1', NULL, NULL, NULL, NULL, NULL, NULL, NULL, NULL),
(227000027, 'ENT-D003', 'ENT', 'DEBULGING', 226000003, '1', NULL, NULL, NULL, NULL, NULL, NULL, NULL, NULL),
(227000028, 'ENT-D005', 'ENT', 'D/L - ESOPHAGOSCOPE  EXCISION', 226000003, '1', NULL, NULL, NULL, NULL, NULL, NULL, NULL, NULL),
(227000029, 'ENT-E001', 'ENT', 'ESOPHAGOSCOPY (RIGID)', 226000003, '1', NULL, NULL, NULL, NULL, NULL, NULL, NULL, NULL),
(227000030, 'ENT-E002', 'ENT', 'ESOPHAGOSCOPY FOR REMOVE F.B.', 226000003, '1', NULL, NULL, NULL, NULL, NULL, NULL, NULL, NULL),
(227000031, 'ENT-E003', 'ENT', 'ESOPHAGOSCOPY WITH BIOPSY', 226000003, '1', NULL, NULL, NULL, NULL, NULL, NULL, NULL, NULL),
(227000032, 'ENT-E004', 'ENT', 'ENDOSCOPIC ANTROSTOMY', 226000003, '1', NULL, NULL, NULL, NULL, NULL, NULL, NULL, NULL),
(227000033, 'ENT-E006', 'ENT', 'ESS ( ENDOSCOPIC SINUS SURGERY )', 226000003, '1', NULL, NULL, NULL, NULL, NULL, NULL, NULL, NULL),
(227000034, 'ENT-F001', 'ENT', 'FESS. (Functional Endoscopic Sinus Sinuscopy)', 226000003, '1', NULL, NULL, NULL, NULL, NULL, NULL, NULL, NULL),
(227000035, 'ENT-F003', 'ENT', 'FLEXIBLE BRONCOSCOPE', 226000003, '1', NULL, NULL, NULL, NULL, NULL, NULL, NULL, NULL),
(227000036, 'ENT-J001', 'ENT', 'LYSIS SYNECHIA', 226000003, '1', NULL, NULL, NULL, NULL, NULL, NULL, NULL, NULL),
(227000037, 'ENT-L001', 'ENT', 'LARYNGECTOMY', 226000003, '1', NULL, NULL, NULL, NULL, NULL, NULL, NULL, NULL),
(227000038, 'ENT-L002', 'ENT', 'LARYNGECTOMY & RADICAL NECK DISSECTION', 226000003, '1', NULL, NULL, NULL, NULL, NULL, NULL, NULL, NULL),
(227000039, 'ENT-L003', 'ENT', 'LYMPNODE BIOPSY', 226000003, '1', NULL, NULL, NULL, NULL, NULL, NULL, NULL, NULL),
(227000040, 'ENT-L004', 'ENT', 'DILATE  & STENT EDC', 226000003, '1', NULL, NULL, NULL, NULL, NULL, NULL, NULL, NULL),
(227000041, 'ENT-M001', 'ENT', 'MYRINGOPLASTY', 226000003, '1', NULL, NULL, NULL, NULL, NULL, NULL, NULL, NULL),
(227000042, 'ENT-M002', 'ENT', 'MYRINGOTOMY', 226000003, '1', NULL, NULL, NULL, NULL, NULL, NULL, NULL, NULL),
(227000043, 'ENT-M003', 'ENT', 'MYRINGOTOMY & VENT TUBE INSERTION', 226000003, '1', NULL, NULL, NULL, NULL, NULL, NULL, NULL, NULL),
(227000044, 'ENT-M004', 'ENT', 'MICRO EXCISION', 226000003, '1', NULL, NULL, NULL, NULL, NULL, NULL, NULL, NULL),
(227000045, 'ENT-N001', 'ENT', 'NASAL PACKING', 226000003, '1', NULL, NULL, NULL, NULL, NULL, NULL, NULL, NULL),
(227000046, 'ENT-N002', 'ENT', 'NASOPHARYNGEAL CURETTAGE', 226000003, '1', NULL, NULL, NULL, NULL, NULL, NULL, NULL, NULL),
(227000047, 'ENT-N003', 'ENT', 'NASAL SEPTAL RESECTION) ( NSR.)', 226000003, '1', NULL, NULL, NULL, NULL, NULL, NULL, NULL, NULL),
(227000048, 'ENT-O001', 'ENT', 'OFF IMF', 226000003, '1', NULL, NULL, NULL, NULL, NULL, NULL, NULL, NULL),
(227000049, 'ENT-O002', 'ENT', 'OFF IMF & ARCH BAR', 226000003, '1', NULL, NULL, NULL, NULL, NULL, NULL, NULL, NULL),
(227000050, 'ENT-O003', 'ENT', 'OPEN  REDUCTION', 226000003, '1', NULL, NULL, NULL, NULL, NULL, NULL, NULL, NULL),
(227000051, 'ENT-O005', 'ENT', 'ORIF & MINI-PLATE SCREW', 226000003, '1', NULL, NULL, NULL, NULL, NULL, NULL, NULL, NULL),
(227000052, 'ENT-O006', 'ENT', 'IMF & ORIF & MINI PLATE AND SCREW', 226000003, '1', NULL, NULL, NULL, NULL, NULL, NULL, NULL, NULL),
(227000053, 'ENT-P001', 'ENT', 'PAROTIDECTOMY', 226000003, '1', NULL, NULL, NULL, NULL, NULL, NULL, NULL, NULL),
(227000054, 'ENT-P002', 'ENT', 'POLYPECTOMY  (NASAL,SINUS)', 226000003, '1', NULL, NULL, NULL, NULL, NULL, NULL, NULL, NULL),
(227000055, 'ENT-P003', 'ENT', 'POSTERIOR PACKING OF EPITAXIS', 226000003, '1', NULL, NULL, NULL, NULL, NULL, NULL, NULL, NULL),
(227000056, 'ENTR001', 'ENT', 'RHINOSCOPE + TERBINECTOMY', 226000003, '1', NULL, NULL, NULL, NULL, NULL, NULL, NULL, NULL),
(227000057, 'ENT-R003', 'ENT', 'REMOVE NASAL PACKING', 226000003, '1', NULL, NULL, NULL, NULL, NULL, NULL, NULL, NULL),
(227000058, 'ENT-R004', 'ENT', 'REPAIR EAR CANAL', 226000003, '1', NULL, NULL, NULL, NULL, NULL, NULL, NULL, NULL),
(227000059, 'ENT-R005', 'ENT', 'REFIX-IMF', 226000003, '1', NULL, NULL, NULL, NULL, NULL, NULL, NULL, NULL),
(227000060, 'ENT-S001', 'ENT', 'SEPTOPLASTY', 226000003, '1', NULL, NULL, NULL, NULL, NULL, NULL, NULL, NULL),
(227000061, 'ENT-S002', 'ENT', 'SEPTOPLASTY + FESS', 226000003, '1', NULL, NULL, NULL, NULL, NULL, NULL, NULL, NULL),
(227000062, 'ENT-S004', 'ENT', 'STAPIDECTOMY', 226000003, '1', NULL, NULL, NULL, NULL, NULL, NULL, NULL, NULL),
(227000063, 'ENT-S005', 'ENT', 'SUBMANDIBULAR GLAND EXCISION', 226000003, '1', NULL, NULL, NULL, NULL, NULL, NULL, NULL, NULL),
(227000064, 'ENT-S006', 'ENT', 'SUBMAXILLARY GLAND EXCISION', 226000003, '1', NULL, NULL, NULL, NULL, NULL, NULL, NULL, NULL),
(227000065, 'ENT-S007', 'ENT', 'SUPERFICIAL PAROTIDECTOMY', 226000003, '1', NULL, NULL, NULL, NULL, NULL, NULL, NULL, NULL),
(227000066, 'ENT-T001', 'ENT', 'THYROID LOBECTOMY', 226000003, '1', NULL, NULL, NULL, NULL, NULL, NULL, NULL, NULL),
(227000067, 'ENT-T002', 'ENT', 'THYROIDECTOMY  (SUBTOTAL)', 226000003, '1', NULL, NULL, NULL, NULL, NULL, NULL, NULL, NULL),
(227000068, 'ENT-T003', 'ENT', 'THYROIDECTOMY (TOTAL)', 226000003, '1', NULL, NULL, NULL, NULL, NULL, NULL, NULL, NULL),
(227000069, 'ENT-T004', 'ENT', 'TONSILLECTOMY', 226000003, '1', NULL, NULL, NULL, NULL, NULL, NULL, NULL, NULL),
(227000070, 'ENT-T005', 'ENT', 'TONSILLECTOMY & ADENOIDECTOMY (T&A)', 226000003, '1', NULL, NULL, NULL, NULL, NULL, NULL, NULL, NULL),
(227000071, 'ENT-T006', 'ENT', 'TRACHEOSTOMY', 226000003, '1', NULL, NULL, NULL, NULL, NULL, NULL, NULL, NULL),
(227000072, 'ENT-T007', 'ENT', 'TURBINOPLASTY', 226000003, '1', NULL, NULL, NULL, NULL, NULL, NULL, NULL, NULL),
(227000073, 'ENT-T008', 'ENT', 'TYMPANOPLASTY (T-PLASTY)', 226000003, '1', NULL, NULL, NULL, NULL, NULL, NULL, NULL, NULL),
(227000074, 'ENT-T009', 'ENT', 'TYMPANOTOMY', 226000003, '1', NULL, NULL, NULL, NULL, NULL, NULL, NULL, NULL),
(227000075, 'ENT-T010', 'ENT', 'TERBINATECTOMY', 226000003, '1', NULL, NULL, NULL, NULL, NULL, NULL, NULL, NULL),
(227000076, 'ENT-T011', 'ENT', 'TELESCOPE', 226000003, '1', NULL, NULL, NULL, NULL, NULL, NULL, NULL, NULL),
(227000077, 'ENT-U001', 'ENT', 'UPPV', 226000003, '1', NULL, NULL, NULL, NULL, NULL, NULL, NULL, NULL),
(227000078, 'ENT-U002', 'ENT', 'UVULARPLASTY', 226000003, '1', NULL, NULL, NULL, NULL, NULL, NULL, NULL, NULL),
(227000079, 'ENT-U003', 'ENT', 'UPPP ( UVULA PALATO PHARYNGOPLASTY )', 226000003, '1', NULL, NULL, NULL, NULL, NULL, NULL, NULL, NULL),
(227000080, 'GEN-A001', 'GEN', 'ABDOMINO-PERINEAL RESECTION  (A-P RESECTION)', 226000004, '1', NULL, NULL, NULL, NULL, NULL, NULL, NULL, NULL),
(227000081, 'GEN-A003', 'GEN', 'AMPUTATION', 226000004, '1', NULL, NULL, NULL, NULL, NULL, NULL, NULL, NULL),
(227000082, 'GEN-A004', 'GEN', 'AMPUTATION A-K (ABOVE-KNEE)', 226000004, '1', NULL, NULL, NULL, NULL, NULL, NULL, NULL, NULL),
(227000083, 'GEN-A005', 'GEN', 'AMPUTATION B-K (BELOW-KNEE)', 226000004, '1', NULL, NULL, NULL, NULL, NULL, NULL, NULL, NULL),
(227000084, 'GEN-A010', 'GEN', 'APPENDECTOMY', 226000004, '1', NULL, NULL, NULL, NULL, NULL, NULL, NULL, NULL),
(227000085, 'GEN-B001', 'GEN', 'CAVAFIX  INSERT', 226000004, '1', NULL, NULL, NULL, NULL, NULL, NULL, NULL, NULL),
(227000086, 'GEN-C001', 'GEN', 'ICD. RT. ( CHEST DRAIN )', 226000004, '1', NULL, NULL, NULL, NULL, NULL, NULL, NULL, NULL),
(227000087, 'GEN-C002', 'GEN', 'ICD. LT.  ( CHEST DRAIN )', 226000004, '1', NULL, NULL, NULL, NULL, NULL, NULL, NULL, NULL),
(227000088, 'GEN-C003', 'GEN', 'ICD. BOTH LUNG ', 226000004, '1', NULL, NULL, NULL, NULL, NULL, NULL, NULL, NULL),
(227000089, 'GEN-C004', 'GEN', 'OPEN CHOLECYSTECTOMY', 226000004, '1', NULL, NULL, NULL, NULL, NULL, NULL, NULL, NULL),
(227000090, 'GEN-C005', 'GEN', 'CLOSED COLOSTOMY', 226000004, '1', NULL, NULL, NULL, NULL, NULL, NULL, NULL, NULL),
(227000091, 'GEN-C011', 'GEN', 'COLOSTOMY', 226000004, '1', NULL, NULL, NULL, NULL, NULL, NULL, NULL, NULL),
(227000092, 'GEN-CO001', 'GEN', 'CORE NEEDLE BX.', 226000004, '1', NULL, NULL, NULL, NULL, NULL, NULL, NULL, NULL),
(227000093, 'GEN-D001', 'GEN', 'DEBRIDEMENT', 226000004, '1', NULL, NULL, NULL, NULL, NULL, NULL, NULL, NULL),
(227000094, 'GEN-D002', 'GEN', 'DEBRIDEMENT & SUTURE', 226000004, '1', NULL, NULL, NULL, NULL, NULL, NULL, NULL, NULL),
(227000095, 'GEN-D003', 'GEN', 'DEBRIDEMENT & SECONDARY SUTURE', 226000004, '1', NULL, NULL, NULL, NULL, NULL, NULL, NULL, NULL),
(227000096, 'GEN-D004', 'GEN', 'DRESSING', 226000004, '1', NULL, NULL, NULL, NULL, NULL, NULL, NULL, NULL),
(227000097, 'GEN-D005', 'GEN', 'DEBRIDEMENT & ROTATION FLAP', 226000004, '1', NULL, NULL, NULL, NULL, NULL, NULL, NULL, NULL),
(227000098, 'GEN-E001', 'GEN', 'ELECTRIC  CAUTERIZATION|', 226000004, '1', NULL, NULL, NULL, NULL, NULL, NULL, NULL, NULL),
(227000099, 'GEN-E002', 'GEN', 'EXCISION', 226000004, '1', NULL, NULL, NULL, NULL, NULL, NULL, NULL, NULL),
(227000100, 'GEN-E003', 'GEN', 'EMBOLECTOMY', 226000004, '1', NULL, NULL, NULL, NULL, NULL, NULL, NULL, NULL),
(227000101, 'GEN-E004', 'GEN', 'EXCISION BREAST MASS', 226000004, '1', NULL, NULL, NULL, NULL, NULL, NULL, NULL, NULL),
(227000102, 'GEN-E005', 'GEN', 'EXCISION WITH BIOPSY', 226000004, '1', NULL, NULL, NULL, NULL, NULL, NULL, NULL, NULL),
(227000103, 'GEN-E008', 'GEN', 'EXPLOR  LAP', 226000004, '1', NULL, NULL, NULL, NULL, NULL, NULL, NULL, NULL),
(227000104, 'GEN-E009', 'GEN', 'EXPLOR WOUND', 226000004, '1', NULL, NULL, NULL, NULL, NULL, NULL, NULL, NULL),
(227000105, 'GEN-F001', 'GEN', 'FASCIOTOMY', 226000004, '1', NULL, NULL, NULL, NULL, NULL, NULL, NULL, NULL),
(227000106, 'GEN-F002', 'GEN', 'FISTULECTOMY', 226000004, '1', NULL, NULL, NULL, NULL, NULL, NULL, NULL, NULL),
(227000107, 'GEN-F003', 'GEN', 'FISTULECTOMY & INTERNAL SPHINCTEROTOMY', 226000004, '1', NULL, NULL, NULL, NULL, NULL, NULL, NULL, NULL),
(227000108, 'GEN-G001', 'GEN', 'GASTRECTOMY  (SUB-TOTAL)', 226000004, '1', NULL, NULL, NULL, NULL, NULL, NULL, NULL, NULL),
(227000109, 'GEN-G002', 'GEN', 'GASTRECTOMY  (TOTAL)', 226000004, '1', NULL, NULL, NULL, NULL, NULL, NULL, NULL, NULL),
(227000110, 'GEN-G003', 'GEN', 'GASTROSTOMY', 226000004, '1', NULL, NULL, NULL, NULL, NULL, NULL, NULL, NULL),
(227000111, 'GEN-H002', 'GEN', 'HEMI-COLECTOMY (RT.HALF)', 226000004, '1', NULL, NULL, NULL, NULL, NULL, NULL, NULL, NULL),
(227000112, 'GEN-H003', 'GEN', 'HEMORRHOIDECTOMY', 226000004, '1', NULL, NULL, NULL, NULL, NULL, NULL, NULL, NULL),
(227000113, 'GEN-H004', 'GEN', 'HEMORRHOIDECTOMY & COLONOSCOPE', 226000004, '1', NULL, NULL, NULL, NULL, NULL, NULL, NULL, NULL),
(227000114, 'GEN-H005', 'GEN', 'HEMORRHOIDECTOMY WITH RIGID SIGMOIDOSCOPE', 226000004, '1', NULL, NULL, NULL, NULL, NULL, NULL, NULL, NULL),
(227000115, 'GEN-H006', 'GEN', 'HEPATECTOMY', 226000004, '1', NULL, NULL, NULL, NULL, NULL, NULL, NULL, NULL),
(227000116, 'GEN-H007', 'GEN', 'HEPATECTOMY  ( PARTIAL)', 226000004, '1', NULL, NULL, NULL, NULL, NULL, NULL, NULL, NULL),
(227000117, 'GEN-H008', 'GEN', 'HEPATECTOMY  ( LOBECTOMY)', 226000004, '1', NULL, NULL, NULL, NULL, NULL, NULL, NULL, NULL),
(227000118, 'GEN-H009', 'GEN', 'HERNIORRHAPHY', 226000004, '1', NULL, NULL, NULL, NULL, NULL, NULL, NULL, NULL),
(227000119, 'GEN-H010', 'GEN', 'HERNIOTOMY', 226000004, '1', NULL, NULL, NULL, NULL, NULL, NULL, NULL, NULL),
(227000120, 'GEN-H012', 'GEN', 'HIGH LIGATION OF VARICOCELE', 226000004, '1', NULL, NULL, NULL, NULL, NULL, NULL, NULL, NULL),
(227000121, 'GEN-H013', 'GEN', 'HYDROCELECTOMY', 226000004, '1', NULL, NULL, NULL, NULL, NULL, NULL, NULL, NULL),
(227000122, 'GEN-I001', 'GEN', 'I & D (INCISION & DRAINAGE)', 226000004, '1', NULL, NULL, NULL, NULL, NULL, NULL, NULL, NULL),
(227000123, 'GEN-I002', 'GEN', 'INSERT DOUBLE LUMEN', 226000004, '1', NULL, NULL, NULL, NULL, NULL, NULL, NULL, NULL),
(227000124, 'GEN-I004', 'GEN', 'INSERT TRIPLE  LUMEN', 226000004, '1', NULL, NULL, NULL, NULL, NULL, NULL, NULL, NULL),
(227000125, 'GEN-L001', 'GEN', 'LAPARDSCOPIC DIAGNOSIS', 226000004, '1', NULL, NULL, NULL, NULL, NULL, NULL, NULL, NULL),
(227000126, 'GEN-L002', 'GEN', 'LAPAROSCOPE HERNIORRHAPHY', 226000004, '1', NULL, NULL, NULL, NULL, NULL, NULL, NULL, NULL),
(227000127, 'GEN-L003', 'GEN', 'LAPAROSCOPIC APPENDECTOMY', 226000004, '1', NULL, NULL, NULL, NULL, NULL, NULL, NULL, NULL),
(227000128, 'GEN-L004', 'GEN', 'LAPAROSCOPIC CHOLECYSTECTOMY', 226000004, '1', NULL, NULL, NULL, NULL, NULL, NULL, NULL, NULL),
(227000129, 'GEN-L005', 'GEN', 'LAPAROSCOPIC CHOLECYSTECTOMY & GASTROSCOPY', 226000004, '1', NULL, NULL, NULL, NULL, NULL, NULL, NULL, NULL),
(227000130, 'GEN-L006', 'GEN', 'LAPAROSCOPIC CHOLECYSTECTOMY & IOC.', 226000004, '1', NULL, NULL, NULL, NULL, NULL, NULL, NULL, NULL),
(227000131, 'GEN-L008', 'GEN', 'LIVER BIOPSY', 226000004, '1', NULL, NULL, NULL, NULL, NULL, NULL, NULL, NULL),
(227000132, 'GEN-L009', 'GEN', 'LOW ANTERIOR RESECTION OF COLON', 226000004, '1', NULL, NULL, NULL, NULL, NULL, NULL, NULL, NULL),
(227000133, 'GEN-L010', 'GEN', 'LUMBAR SYMPATECTOMY', 226000004, '1', NULL, NULL, NULL, NULL, NULL, NULL, NULL, NULL),
(227000134, 'GEN-L011', 'GEN', 'LYMPNODE BIOPSY', 226000004, '1', NULL, NULL, NULL, NULL, NULL, NULL, NULL, NULL),
(227000135, 'GEN-L012', 'GEN', 'LUMPECTOMY', 226000004, '1', NULL, NULL, NULL, NULL, NULL, NULL, NULL, NULL),
(227000136, 'GEN-M001', 'GEN', 'MASTECTOMY  (RADICAL)', 226000004, '1', NULL, NULL, NULL, NULL, NULL, NULL, NULL, NULL),
(227000137, 'GEN-M002', 'GEN', 'MASTECTOMY  (SIMPLE)', 226000004, '1', NULL, NULL, NULL, NULL, NULL, NULL, NULL, NULL),
(227000138, 'GEN-M003', 'GEN', 'MASTECTOMY (QUADANTTECTOMY)', 226000004, '1', NULL, NULL, NULL, NULL, NULL, NULL, NULL, NULL),
(227000139, 'GEN-M004', 'GEN', 'MECKEL\'S DIVERTICULECTOMY', 226000004, '1', NULL, NULL, NULL, NULL, NULL, NULL, NULL, NULL),
(227000140, 'GEN-M005', 'GEN', 'MINI EXPLOR - LAP', 226000004, '1', NULL, NULL, NULL, NULL, NULL, NULL, NULL, NULL),
(227000141, 'GEN-M006', 'GEN', 'MICRO DOCHECTOMY', 226000004, '1', NULL, NULL, NULL, NULL, NULL, NULL, NULL, NULL),
(227000142, 'GEN-O001', 'GEN', 'OPEN & DRAINAGE  ( O & D )', 226000004, '1', NULL, NULL, NULL, NULL, NULL, NULL, NULL, NULL),
(227000143, 'GEN-O002', 'GEN', 'LC. CHOLECYSTECTOMY', 226000004, '1', NULL, NULL, NULL, NULL, NULL, NULL, NULL, NULL),
(227000144, 'GEN-P001', 'GEN', 'PANCREATECTOMY  (TOTAL)', 226000004, '1', NULL, NULL, NULL, NULL, NULL, NULL, NULL, NULL),
(227000145, 'GEN-P002', 'GEN', 'PANCREATECTOMY (DISTAL)', 226000004, '1', NULL, NULL, NULL, NULL, NULL, NULL, NULL, NULL),
(227000146, 'GEN-P003', 'GEN', 'PANCREATICO-DUODENECTOMY (WHIPPLE OPERATION)', 226000004, '1', NULL, NULL, NULL, NULL, NULL, NULL, NULL, NULL),
(227000147, 'GEN-P004', 'GEN', 'PERITONEAL LAVAGE', 226000004, '1', NULL, NULL, NULL, NULL, NULL, NULL, NULL, NULL),
(227000148, 'GEN-P005', 'GEN', 'POLYPECTOMY  (RECTUM)', 226000004, '1', NULL, NULL, NULL, NULL, NULL, NULL, NULL, NULL),
(227000149, 'GEN-P006', 'GEN', 'PROCTOSCOPY', 226000004, '1', NULL, NULL, NULL, NULL, NULL, NULL, NULL, NULL),
(227000150, 'GEN-P007', 'GEN', 'PERITONEAL DIALYSIS', 226000004, '1', NULL, NULL, NULL, NULL, NULL, NULL, NULL, NULL),
(227000151, 'GEN-R001', 'GEN', 'RADICAL MASTECTOMY', 226000004, '1', NULL, NULL, NULL, NULL, NULL, NULL, NULL, NULL),
(227000152, 'GEN-R002', 'GEN', 'RE EXPLOR - LAP.', 226000004, '1', NULL, NULL, NULL, NULL, NULL, NULL, NULL, NULL),
(227000153, 'GEN-R003', 'GEN', 'REDUCE RECTUM', 226000004, '1', NULL, NULL, NULL, NULL, NULL, NULL, NULL, NULL),
(227000154, 'GEN-R004', 'GEN', 'REMOVE HEMATOMA', 226000004, '1', NULL, NULL, NULL, NULL, NULL, NULL, NULL, NULL),
(227000155, 'GEN-R006', 'GEN', 'REMOVE STOOL', 226000004, '1', NULL, NULL, NULL, NULL, NULL, NULL, NULL, NULL),
(227000156, 'GEN-R007', 'GEN', 'REPAIR HERNIA', 226000004, '1', NULL, NULL, NULL, NULL, NULL, NULL, NULL, NULL),
(227000157, 'GEN-R008', 'GEN', 'REPAIR UMBILICAL HERNIA', 226000004, '1', NULL, NULL, NULL, NULL, NULL, NULL, NULL, NULL),
(227000158, 'GEN-R009', 'GEN', 'REPAIR  INCISIONAL  HERNIA', 226000004, '1', NULL, NULL, NULL, NULL, NULL, NULL, NULL, NULL),
(227000159, 'GEN-R010', 'GEN', 'RESECTION OF SMALL BOWEL', 226000004, '1', NULL, NULL, NULL, NULL, NULL, NULL, NULL, NULL),
(227000160, 'GEN-R011', 'GEN', 'RE-SUTURE  ( SECONDARY  SUTURE )', 226000004, '1', NULL, NULL, NULL, NULL, NULL, NULL, NULL, NULL),
(227000161, 'GEN-R012', 'GEN', 'RIGID SIGMOIDOSCOPY AND STOP BLEEDING', 226000004, '1', NULL, NULL, NULL, NULL, NULL, NULL, NULL, NULL),
(227000162, 'GEN-R013', 'GEN', 'REDUCED  HEMORRHOID', 226000004, '1', NULL, NULL, NULL, NULL, NULL, NULL, NULL, NULL),
(227000163, 'GEN-S001', 'GEN', 'SCRUB BURN', 226000004, '1', NULL, NULL, NULL, NULL, NULL, NULL, NULL, NULL),
(227000164, 'GEN-S0010', 'GEN', 'SECONDARY SUTURE', 226000004, '1', NULL, NULL, NULL, NULL, NULL, NULL, NULL, NULL),
(227000165, 'GEN-S002', 'GEN', 'SCRUB WOUND', 226000004, '1', NULL, NULL, NULL, NULL, NULL, NULL, NULL, NULL),
(227000166, 'GEN-S003', 'GEN', 'SEPARATION', 226000004, '1', NULL, NULL, NULL, NULL, NULL, NULL, NULL, NULL),
(227000167, 'GEN-S004', 'GEN', 'SIGMOIDOSCOPY  (RIGID)', 226000004, '1', NULL, NULL, NULL, NULL, NULL, NULL, NULL, NULL),
(227000168, 'GEN-S005', 'GEN', 'SIGMOIDOSCOPY & HEMORRHOIDECTOMY', 226000004, '1', NULL, NULL, NULL, NULL, NULL, NULL, NULL, NULL),
(227000169, 'GEN-S006', 'GEN', 'SPHINCTEROTOMY', 226000004, '1', NULL, NULL, NULL, NULL, NULL, NULL, NULL, NULL),
(227000170, 'GEN-S007', 'GEN', 'SPLENEECTOMY', 226000004, '1', NULL, NULL, NULL, NULL, NULL, NULL, NULL, NULL),
(227000171, 'GEN-S008', 'GEN', 'STITCH OFF', 226000004, '1', NULL, NULL, NULL, NULL, NULL, NULL, NULL, NULL),
(227000172, 'GEN-S009', 'GEN', 'STOP BLEEDING', 226000004, '1', NULL, NULL, NULL, NULL, NULL, NULL, NULL, NULL),
(227000173, 'GEN-S010', 'GEN', 'SUTURE WOUND', 226000004, '1', NULL, NULL, NULL, NULL, NULL, NULL, NULL, NULL),
(227000174, 'GEN-T001', 'GEN', 'TENCHKOFF INSERTION', 226000004, '1', NULL, NULL, NULL, NULL, NULL, NULL, NULL, NULL),
(227000175, 'GEN-T002', 'GEN', 'THORACOSCOPIC', 226000004, '1', NULL, NULL, NULL, NULL, NULL, NULL, NULL, NULL),
(227000176, 'GEN-T003', 'GEN', 'THORACOTOMY', 226000004, '1', NULL, NULL, NULL, NULL, NULL, NULL, NULL, NULL),
(227000177, 'GEN-T004', 'GEN', 'THORACOTOMY WITH DECORTICATE OF LUNG', 226000004, '1', NULL, NULL, NULL, NULL, NULL, NULL, NULL, NULL),
(227000178, 'GEN-T005', 'GEN', 'THORACOTOMY WITH LUNG BIOPSY', 226000004, '1', NULL, NULL, NULL, NULL, NULL, NULL, NULL, NULL),
(227000179, 'GEN-T006', 'GEN', 'THORACOTOMY WITH LUNG LOBECTOMY', 226000004, '1', NULL, NULL, NULL, NULL, NULL, NULL, NULL, NULL),
(227000180, 'GEN-T007', 'GEN', 'THORACOTOMY WITH PNEUMONECTOMY', 226000004, '1', NULL, NULL, NULL, NULL, NULL, NULL, NULL, NULL),
(227000181, 'GEN-T008', 'GEN', 'THORACOTOMY WITH WEDGE RESECTION', 226000004, '1', NULL, NULL, NULL, NULL, NULL, NULL, NULL, NULL),
(227000182, 'GEN-T009', 'GEN', 'THROMBECTOMY', 226000004, '1', NULL, NULL, NULL, NULL, NULL, NULL, NULL, NULL),
(227000183, 'GEN-T010', 'GEN', 'THYROID LOBECTOMY', 226000004, '1', NULL, NULL, NULL, NULL, NULL, NULL, NULL, NULL),
(227000184, 'GEN-T011', 'GEN', 'THYROIDECTOMY  (SUBTOTAL)', 226000004, '1', NULL, NULL, NULL, NULL, NULL, NULL, NULL, NULL),
(227000185, 'GEN-T012', 'GEN', 'THYROIDECTOMY (TOTAL)', 226000004, '1', NULL, NULL, NULL, NULL, NULL, NULL, NULL, NULL),
(227000186, 'GEN-V001', 'GEN', 'VAGOTOMY', 226000004, '1', NULL, NULL, NULL, NULL, NULL, NULL, NULL, NULL),
(227000187, 'GEN-V002', 'GEN', 'VEIN STRIPPING', 226000004, '1', NULL, NULL, NULL, NULL, NULL, NULL, NULL, NULL),
(227000188, 'GEN-V003', 'GEN', 'VIDEO ASSISTED THORACOTOMY', 226000004, '1', NULL, NULL, NULL, NULL, NULL, NULL, NULL, NULL),
(227000189, 'GEN-W001', 'GEN', 'WHIPPLE\'S OPERATION', 226000004, '1', NULL, NULL, NULL, NULL, NULL, NULL, NULL, NULL),
(227000190, 'GEN-W002', 'GEN', 'WIDE EXCISION', 226000004, '1', NULL, NULL, NULL, NULL, NULL, NULL, NULL, NULL),
(227000191, 'GIT-C001', 'GIT', 'GASTROSCOPE', 226000005, '1', NULL, NULL, NULL, NULL, NULL, NULL, NULL, NULL),
(227000192, 'GYE-R001', 'OBG', 'REPAIR VAGINAL', 226000008, '1', NULL, NULL, NULL, NULL, NULL, NULL, NULL, NULL),
(227000193, 'GYN-D001', 'OBG', 'D & C ( DILATATION AND CURETAGE )', 226000008, '1', NULL, NULL, NULL, NULL, NULL, NULL, NULL, NULL),
(227000194, 'GYN-D002', 'OBG', 'D & C WITH CERVICAL BX.', 226000008, '1', NULL, NULL, NULL, NULL, NULL, NULL, NULL, NULL),
(227000195, 'GYN-I001', 'OBG', 'IUD ( INTRA UTERINE DEVICE )', 226000008, '1', NULL, NULL, NULL, NULL, NULL, NULL, NULL, NULL),
(227000196, 'GYN-L001', 'OBG', 'LEEP', 226000008, '1', NULL, NULL, NULL, NULL, NULL, NULL, NULL, NULL),
(227000197, 'GYN-L002', 'OBG', 'LEEP & D+C', 226000008, '1', NULL, NULL, NULL, NULL, NULL, NULL, NULL, NULL),
(227000198, 'GYN-T001', 'OBG', 'TAH ( TRANS ABDOMINAL HYSTERECTOMY )', 226000008, '1', NULL, NULL, NULL, NULL, NULL, NULL, NULL, NULL),
(227000199, 'GYN-T002', 'OBG', 'TAH & BSO', 226000008, '1', NULL, NULL, NULL, NULL, NULL, NULL, NULL, NULL),
(227000200, 'GYN-T003', 'OBG', 'TAH & RT. SO', 226000008, '1', NULL, NULL, NULL, NULL, NULL, NULL, NULL, NULL),
(227000201, 'GYN-T004', 'OBG', 'TAH & LT. SO', 226000008, '1', NULL, NULL, NULL, NULL, NULL, NULL, NULL, NULL),
(227000202, 'GYN-T005', 'OBG', 'TAH & SURGICAL STAGING', 226000008, '1', NULL, NULL, NULL, NULL, NULL, NULL, NULL, NULL),
(227000203, 'MED-B001', 'MED', 'BRONCHOSCOPY (FLEXIBLE) ** FOB.** (MED)', 226000006, '1', NULL, NULL, NULL, NULL, NULL, NULL, NULL, NULL),
(227000204, 'MED-C001', 'MED', 'CHANGE  NG TUBE', 226000006, '1', NULL, NULL, NULL, NULL, NULL, NULL, NULL, NULL),
(227000205, 'MED-C002', 'MED', 'COLONOSCOPY', 226000006, '1', NULL, NULL, NULL, NULL, NULL, NULL, NULL, NULL),
(227000206, 'MED-C003', 'MED', 'COLONOSCOPY WITH HEMORRHOIDECTOMY', 226000006, '1', NULL, NULL, NULL, NULL, NULL, NULL, NULL, NULL),
(227000207, 'MED-G001', 'MED', 'GASTROSCOPE', 226000006, '1', NULL, NULL, NULL, NULL, NULL, NULL, NULL, NULL),
(227000208, 'MED-G002', 'MED', 'GASTROSCOPY & COLONOSCOPY', 226000006, '1', NULL, NULL, NULL, NULL, NULL, NULL, NULL, NULL),
(227000209, 'MED-G003', 'MED', 'GASTROSCOPY & SIGMOIDOSCOPY', 226000006, '1', NULL, NULL, NULL, NULL, NULL, NULL, NULL, NULL),
(227000210, 'MED-G004', 'MED', 'GASTROSCOPY WITH PERCUTANEOUS GASTROSTOMY', 226000006, '1', NULL, NULL, NULL, NULL, NULL, NULL, NULL, NULL),
(227000211, 'MED-L001', 'MED', 'LIGATION OF ESOPHAGEAL VARIES', 226000006, '1', NULL, NULL, NULL, NULL, NULL, NULL, NULL, NULL),
(227000212, 'MED-L002', 'MED', 'LIVER BIOPSY', 226000006, '1', NULL, NULL, NULL, NULL, NULL, NULL, NULL, NULL),
(227000213, 'MED-L003', 'MED', 'LUMBAR PUNCTURE', 226000006, '1', NULL, NULL, NULL, NULL, NULL, NULL, NULL, NULL),
(227000214, 'MED-N001', 'MED', 'N-G TUBE INSERTION', 226000006, '1', NULL, NULL, NULL, NULL, NULL, NULL, NULL, NULL),
(227000215, 'MED-S001', 'MED', 'SIGMOIDOSCOPY  (FLEXIBLE)', 226000006, '1', NULL, NULL, NULL, NULL, NULL, NULL, NULL, NULL),
(227000216, 'MED-S002', 'MED', 'SIGMOIDOSCOPY  (RIGID)', 226000006, '1', NULL, NULL, NULL, NULL, NULL, NULL, NULL, NULL),
(227000217, 'NEU-B001', 'NEU', 'BURR HOLE', 226000007, '1', NULL, NULL, NULL, NULL, NULL, NULL, NULL, NULL),
(227000218, 'NEU-C002', 'NEU', 'CRANIECTOMY', 226000007, '1', NULL, NULL, NULL, NULL, NULL, NULL, NULL, NULL),
(227000219, 'NEU-C003', 'NEU', 'CRANIOPLASTY', 226000007, '1', NULL, NULL, NULL, NULL, NULL, NULL, NULL, NULL),
(227000220, 'NEU-C004', 'NEU', 'CRANIOTOMY', 226000007, '1', NULL, NULL, NULL, NULL, NULL, NULL, NULL, NULL),
(227000221, 'NEU-C007', 'NEU', 'CRANIOTOMY FOR TUMOR REMOVAL', 226000007, '1', NULL, NULL, NULL, NULL, NULL, NULL, NULL, NULL),
(227000222, 'NEU-C008', 'NEU', 'CRANIOTOMY WITH CLOT REMOVAL', 226000007, '1', NULL, NULL, NULL, NULL, NULL, NULL, NULL, NULL),
(227000223, 'NEU-R001', 'NEU', 'REPLANTATION OF PROTEX TUBE', 226000007, '1', NULL, NULL, NULL, NULL, NULL, NULL, NULL, NULL),
(227000224, 'NEU-S001', 'NEU', 'SKULL TRACTION', 226000007, '1', NULL, NULL, NULL, NULL, NULL, NULL, NULL, NULL),
(227000225, 'NEU-V002', 'NEU', 'VENTRICULOSTOMY', 226000007, '1', NULL, NULL, NULL, NULL, NULL, NULL, NULL, NULL),
(227000226, 'NEU-V003', 'NEU', 'V-P SHUNT  (VENTRICULO-PERITONEAL SHUNT)', 226000007, '1', NULL, NULL, NULL, NULL, NULL, NULL, NULL, NULL),
(227000227, 'OBG-A002', 'OBG', 'A-P REPAIR OF VAGINA', 226000008, '1', NULL, NULL, NULL, NULL, NULL, NULL, NULL, NULL),
(227000228, 'OBG-B001', 'OBG', 'BOUQUE', 226000008, '1', NULL, NULL, NULL, NULL, NULL, NULL, NULL, NULL),
(227000229, 'OBG-C001', 'OBG', 'LT.C/S ( LOW TRANSVERS CESAREAN SECTION )', 226000008, '1', NULL, NULL, NULL, NULL, NULL, NULL, NULL, NULL),
(227000230, 'OBG-C002', 'OBG', 'LT. C/S  & TS. ( TUBAL STERILIZATION )', 226000008, '1', NULL, NULL, NULL, NULL, NULL, NULL, NULL, NULL),
(227000231, 'OBG-C003', 'OBG', 'LT. C/S & TL. ( TUBAL LIGATION )', 226000008, '1', NULL, NULL, NULL, NULL, NULL, NULL, NULL, NULL),
(227000232, 'OBG-C004', 'OBG', 'COLPOSCOPE', 226000008, '1', NULL, NULL, NULL, NULL, NULL, NULL, NULL, NULL),
(227000233, 'OBG-C006', 'OBG', 'CLOSURE OF RECTO-VAGINAL FISTULA', 226000008, '1', NULL, NULL, NULL, NULL, NULL, NULL, NULL, NULL),
(227000234, 'OBG-C007', 'OBG', 'CLOSURE OF VESSICO-VAGINAL FISTULA', 226000008, '1', NULL, NULL, NULL, NULL, NULL, NULL, NULL, NULL),
(227000235, 'OBG-C010', 'OBG', 'CONIZATION', 226000008, '1', NULL, NULL, NULL, NULL, NULL, NULL, NULL, NULL),
(227000236, 'OBG-C012', 'OBG', 'CYSTOSTOMY  & LYSIS  ADHESION', 226000008, '1', NULL, NULL, NULL, NULL, NULL, NULL, NULL, NULL),
(227000237, 'OBG-D001', 'OBG', ' D & C ( DILATATION AND CURETAGE )', 226000008, '1', NULL, NULL, NULL, NULL, NULL, NULL, NULL, NULL),
(227000238, 'OBG-E001', 'OBG', 'ELECTRIC CAUTERIZATION OF CONDYLOMA', 226000008, '1', NULL, NULL, NULL, NULL, NULL, NULL, NULL, NULL),
(227000239, 'OBG-E002', 'OBG', 'EXPLOR LAP & BSO', 226000008, '1', NULL, NULL, NULL, NULL, NULL, NULL, NULL, NULL),
(227000240, 'OBG-E003', 'OBG', 'EXPLOR  LAP', 226000008, '1', NULL, NULL, NULL, NULL, NULL, NULL, NULL, NULL),
(227000241, 'OBG-E006', 'OBG', 'EXPLOR LAP WITH MYOMECTOMY', 226000008, '1', NULL, NULL, NULL, NULL, NULL, NULL, NULL, NULL),
(227000242, 'OBG-H006', 'OBG', 'HYSTEROTOMY', 226000008, '1', NULL, NULL, NULL, NULL, NULL, NULL, NULL, NULL),
(227000243, 'OBG-M001', 'OBG', 'MARSUPIALIZATION', 226000008, '1', NULL, NULL, NULL, NULL, NULL, NULL, NULL, NULL),
(227000244, 'OBG-M003', 'OBG', 'MYOMECTOMY', 226000008, '1', NULL, NULL, NULL, NULL, NULL, NULL, NULL, NULL),
(227000245, 'OBG-N001', 'OBG', 'NORMAL LABOUR', 226000008, '1', NULL, NULL, NULL, NULL, NULL, NULL, NULL, NULL),
(227000246, 'OBG-N002', 'OBG', 'F/E FORCEPS EXTRTRACTION', 226000008, '1', NULL, NULL, NULL, NULL, NULL, NULL, NULL, NULL),
(227000247, 'OBG-N003', 'OBG', 'VACCUM EXTRACTION', 226000008, '1', NULL, NULL, NULL, NULL, NULL, NULL, NULL, NULL),
(227000248, 'OBG-N004', 'OBG', 'F/C ( FRACTIONAL CURETTAGE )', 226000008, '1', NULL, NULL, NULL, NULL, NULL, NULL, NULL, NULL),
(227000249, 'OBG-O001', 'OBG', 'OVARIAN CYSTECTOMY  LT.', 226000008, '1', NULL, NULL, NULL, NULL, NULL, NULL, NULL, NULL),
(227000250, 'OBG-O002', 'OBG', 'OVARIAN CYSTECTOMY  RT.', 226000008, '1', NULL, NULL, NULL, NULL, NULL, NULL, NULL, NULL),
(227000251, 'OBG-P001', 'OBG', 'PELVIC  LYMPHADECTOMY', 226000008, '1', NULL, NULL, NULL, NULL, NULL, NULL, NULL, NULL),
(227000252, 'OBG-R001', 'OBG', 'RHND. ( REDICAL HYSTERECTOMY LN. DISECTION )', 226000008, '1', NULL, NULL, NULL, NULL, NULL, NULL, NULL, NULL),
(227000253, 'OBG-R003', 'OBG', 'REMOVE PLACENTA', 226000008, '1', NULL, NULL, NULL, NULL, NULL, NULL, NULL, NULL),
(227000254, 'OBG-S001', 'OBG', 'EXPLOR LAP & RT. SO', 226000008, '1', NULL, NULL, NULL, NULL, NULL, NULL, NULL, NULL),
(227000255, 'OBG-S002', 'OBG', 'EXPLOR LAP & LT. SO ', 226000008, '1', NULL, NULL, NULL, NULL, NULL, NULL, NULL, NULL),
(227000256, 'OBG-T001', 'OBG', 'T/ S ( TUBAL STERILIZATION )', 226000008, '1', NULL, NULL, NULL, NULL, NULL, NULL, NULL, NULL),
(227000257, 'OBG-T002', 'OBG', 'SUCTION CURRETAGE', 226000008, '1', NULL, NULL, NULL, NULL, NULL, NULL, NULL, NULL),
(227000258, 'OBG-T003', 'OBG', 'T/L ( TUBAL LIGATION )', 226000008, '1', NULL, NULL, NULL, NULL, NULL, NULL, NULL, NULL),
(227000259, 'OBG-V001', 'OBG', 'VAGINAL HYSTERECTOMY', 226000008, '1', NULL, NULL, NULL, NULL, NULL, NULL, NULL, NULL),
(227000260, 'OBG-V002', 'OBG', 'VAGINAL HYSTERECTOMY & A - P REPAIR', 226000008, '1', NULL, NULL, NULL, NULL, NULL, NULL, NULL, NULL),
(227000261, 'OBG-V003', 'OBG', 'VAGINAL HYSTERECTOMY & A - REPAIR', 226000008, '1', NULL, NULL, NULL, NULL, NULL, NULL, NULL, NULL),
(227000262, 'OBG-V004', 'OBG', 'VAGINAL HYSTERECTOMY & P - REPAIR', 226000008, '1', NULL, NULL, NULL, NULL, NULL, NULL, NULL, NULL),
(227000263, 'OBG-V005', 'OBG', 'VAGINAL MYOMECTOMY', 226000008, '1', NULL, NULL, NULL, NULL, NULL, NULL, NULL, NULL),
(227000264, 'OBG-V006', 'OBG', 'VAGINOPLASTY', 226000008, '1', NULL, NULL, NULL, NULL, NULL, NULL, NULL, NULL),
(227000265, 'OBG-V007', 'OBG', 'VAGINA PACKING', 226000008, '1', NULL, NULL, NULL, NULL, NULL, NULL, NULL, NULL),
(227000266, 'OBG-W001', 'OBG', 'WERTHEIM\'S OPERATION', 226000008, '1', NULL, NULL, NULL, NULL, NULL, NULL, NULL, NULL),
(227000267, 'OPT-E001', 'OPT', 'ICCE LT.', 226000009, '1', NULL, NULL, NULL, NULL, NULL, NULL, NULL, NULL),
(227000268, 'OPT-E002', 'OPT', 'ECCE.WITH IOL. (Intra Occular Lens)', 226000009, '1', NULL, NULL, NULL, NULL, NULL, NULL, NULL, NULL),
(227000269, 'OPT-E003', 'OPT', 'EPIBLEPHARON CORRECTION', 226000009, '1', NULL, NULL, NULL, NULL, NULL, NULL, NULL, NULL),
(227000270, 'OPT-E007', 'OPT', 'ENTROPION CORRECTION', 226000009, '1', NULL, NULL, NULL, NULL, NULL, NULL, NULL, NULL),
(227000271, 'OPT-E008', 'OPT', 'EXCISION PTERYGIUM WITH GRAFT', 226000009, '1', NULL, NULL, NULL, NULL, NULL, NULL, NULL, NULL),
(227000272, 'OPT-E009', 'OPT', 'EXCISION  PTERYGIUM', 226000009, '1', NULL, NULL, NULL, NULL, NULL, NULL, NULL, NULL),
(227000273, 'OPT-I001', 'OPT', 'I & C  (Incision & Curette)', 226000009, '1', NULL, NULL, NULL, NULL, NULL, NULL, NULL, NULL),
(227000274, 'OPT-I002', 'OPT', 'INTRA   OCCULAR  F.B.  REMOVAL', 226000009, '1', NULL, NULL, NULL, NULL, NULL, NULL, NULL, NULL),
(227000275, 'OPT-I003', 'OPT', 'AC IRRIGATION ', 226000009, '1', NULL, NULL, NULL, NULL, NULL, NULL, NULL, NULL),
(227000276, 'OPT-L001', 'OPT', 'LAT. TASAL STRIP', 226000009, '1', NULL, NULL, NULL, NULL, NULL, NULL, NULL, NULL),
(227000277, 'OPT-L005', 'OPT', 'LID PLASTY', 226000009, '1', NULL, NULL, NULL, NULL, NULL, NULL, NULL, NULL),
(227000278, 'OPT-P001', 'OPT', 'PHACOEMULSIFICATION & IOL RT.', 226000009, '1', NULL, NULL, NULL, NULL, NULL, NULL, NULL, NULL),
(227000279, 'OPT-P002', 'OPT', 'PHACOEMULSIFICATION & IOL LE.', 226000009, '1', NULL, NULL, NULL, NULL, NULL, NULL, NULL, NULL),
(227000280, 'OPT-R001', 'OPT', 'REPAIR CONJUNCTIVA', 226000009, '1', NULL, NULL, NULL, NULL, NULL, NULL, NULL, NULL),
(227000281, 'OPT-R002', 'OPT', 'REPAIR CORNEA', 226000009, '1', NULL, NULL, NULL, NULL, NULL, NULL, NULL, NULL),
(227000282, 'OPT-R003', 'OPT', 'REPAIR SCLERA', 226000009, '1', NULL, NULL, NULL, NULL, NULL, NULL, NULL, NULL),
(227000283, 'OPT-R004', 'OPT', 'RE-POSITION OF IOL.', 226000009, '1', NULL, NULL, NULL, NULL, NULL, NULL, NULL, NULL),
(227000284, 'OPT-R005', 'OPT', 'REMOVE HYPHEMA', 226000009, '1', NULL, NULL, NULL, NULL, NULL, NULL, NULL, NULL),
(227000285, 'OPT-RO10', 'OPT', 'SF IOL + VITRECTOMY', 226000009, '1', NULL, NULL, NULL, NULL, NULL, NULL, NULL, NULL),
(227000286, 'ORT-003', 'ORT', 'REMOVE STAPLE', 226000010, '1', NULL, NULL, NULL, NULL, NULL, NULL, NULL, NULL),
(227000287, 'ORT-011', 'ORT', 'ORIF WITH K-WIRE & CLOVERLEAF PLATE', 226000010, '1', NULL, NULL, NULL, NULL, NULL, NULL, NULL, NULL),
(227000288, 'ORT-A001', 'ORT', 'AMPUTATION', 226000010, '1', NULL, NULL, NULL, NULL, NULL, NULL, NULL, NULL),
(227000289, 'ORT-A002', 'ORT', 'AMPUTATION A-K (ABOVE-KNEE)', 226000010, '1', NULL, NULL, NULL, NULL, NULL, NULL, NULL, NULL),
(227000290, 'ORT-A003', 'ORT', 'AMPUTATION B-K (BELOW-KNEE)', 226000010, '1', NULL, NULL, NULL, NULL, NULL, NULL, NULL, NULL),
(227000291, 'ORT-A004', 'ORT', 'ADDUCTOR HALLUCIS TRANSFER', 226000010, '1', NULL, NULL, NULL, NULL, NULL, NULL, NULL, NULL),
(227000292, 'ORT-A007', 'ORT', 'ARTHROPLASTY', 226000010, '1', NULL, NULL, NULL, NULL, NULL, NULL, NULL, NULL),
(227000293, 'ORT-A008', 'ORT', 'ARTHROSCOPY', 226000010, '1', NULL, NULL, NULL, NULL, NULL, NULL, NULL, NULL),
(227000294, 'ORT-A011', 'ORT', 'ARTHROSCOPY & PCL. RECONSTRUCTION', 226000010, '1', NULL, NULL, NULL, NULL, NULL, NULL, NULL, NULL),
(227000295, 'ORT-A012', 'ORT', 'ARTHROSCOPY & REPAIR  LIGAMENT', 226000010, '1', NULL, NULL, NULL, NULL, NULL, NULL, NULL, NULL),
(227000296, 'ORT-A013', 'ORT', 'ARTHROTOMY', 226000010, '1', NULL, NULL, NULL, NULL, NULL, NULL, NULL, NULL),
(227000297, 'ORT-A014', 'ORT', 'ACL. REPAIR', 226000010, '1', NULL, NULL, NULL, NULL, NULL, NULL, NULL, NULL),
(227000298, 'ORT-A015', 'ORT', 'ACL. RECONSTRUCTION', 226000010, '1', NULL, NULL, NULL, NULL, NULL, NULL, NULL, NULL),
(227000299, 'ORT-A016', 'ORT', 'ARTHRODESIS', 226000010, '1', NULL, NULL, NULL, NULL, NULL, NULL, NULL, NULL),
(227000300, 'ORT-B001', 'ORT', 'BIPOLAR HIP REPLACEMENT', 226000010, '1', NULL, NULL, NULL, NULL, NULL, NULL, NULL, NULL),
(227000301, 'ORT-B002', 'ORT', 'BONE BIOPSY', 226000010, '1', NULL, NULL, NULL, NULL, NULL, NULL, NULL, NULL),
(227000302, 'ORT-B003', 'ORT', 'BONE GRAFT', 226000010, '1', NULL, NULL, NULL, NULL, NULL, NULL, NULL, NULL),
(227000303, 'ORT-B004', 'ORT', 'BRISTOW\'S OPERATION', 226000010, '1', NULL, NULL, NULL, NULL, NULL, NULL, NULL, NULL),
(227000304, 'ORT-B005', 'ORT', 'BIPOLAR HEMIARTHROPLASTY', 226000010, '1', NULL, NULL, NULL, NULL, NULL, NULL, NULL, NULL),
(227000305, 'ORT-C001', 'ORT', 'CLOSED REDUCTION & K-WIRE', 226000010, '1', NULL, NULL, NULL, NULL, NULL, NULL, NULL, NULL),
(227000306, 'ORT-C004', 'ORT', 'CLOSED REDUCTION', 226000010, '1', NULL, NULL, NULL, NULL, NULL, NULL, NULL, NULL),
(227000307, 'ORT-C005', 'ORT', 'CLOSED REDUCTION & CAST', 226000010, '1', NULL, NULL, NULL, NULL, NULL, NULL, NULL, NULL),
(227000308, 'ORT-C006', 'ORT', 'CLOSED REDUCTION & HIP SPICA', 226000010, '1', NULL, NULL, NULL, NULL, NULL, NULL, NULL, NULL),
(227000309, 'ORT-C007', 'ORT', 'CLOSED REDUCTION & PERCUTANEOUS PINNING', 226000010, '1', NULL, NULL, NULL, NULL, NULL, NULL, NULL, NULL),
(227000310, 'ORT-C008', 'ORT', 'CLOSED STUMP', 226000010, '1', NULL, NULL, NULL, NULL, NULL, NULL, NULL, NULL),
(227000311, 'ORT-C009', 'ORT', 'CROSS FINGER FLAP', 226000010, '1', NULL, NULL, NULL, NULL, NULL, NULL, NULL, NULL),
(227000312, 'ORT-D001', 'ORT', 'DISARTICULATION', 226000010, '1', NULL, NULL, NULL, NULL, NULL, NULL, NULL, NULL),
(227000313, 'ORT-D0010', 'ORT', 'DECOMPRESSION & PDS', 226000010, '1', NULL, NULL, NULL, NULL, NULL, NULL, NULL, NULL),
(227000314, 'ORT-D002', 'ORT', 'DEBRIDEMENT', 226000010, '1', NULL, NULL, NULL, NULL, NULL, NULL, NULL, NULL),
(227000315, 'ORT-D003', 'ORT', 'DEBRIDEMENT & EXTERNAL FIXATION', 226000010, '1', NULL, NULL, NULL, NULL, NULL, NULL, NULL, NULL),
(227000316, 'ORT-D004', 'ORT', 'DEBRIDEMENT & K-WIRE FIXATION', 226000010, '1', NULL, NULL, NULL, NULL, NULL, NULL, NULL, NULL),
(227000317, 'ORT-D005', 'ORT', 'DEBRIDEMENT & REPAIR TENDON', 226000010, '1', NULL, NULL, NULL, NULL, NULL, NULL, NULL, NULL),
(227000318, 'ORT-D006', 'ORT', 'DEBRIDEMENT & SKIN GRAFT', 226000010, '1', NULL, NULL, NULL, NULL, NULL, NULL, NULL, NULL),
(227000319, 'ORT-D007', 'ORT', 'DEBRIDEMENT & SUTURE', 226000010, '1', NULL, NULL, NULL, NULL, NULL, NULL, NULL, NULL),
(227000320, 'ORT-D008', 'ORT', 'DECOMPRESSION', 226000010, '1', NULL, NULL, NULL, NULL, NULL, NULL, NULL, NULL),
(227000321, 'ORT-D009', 'ORT', 'DECOMPRESSION OF CTS.', 226000010, '1', NULL, NULL, NULL, NULL, NULL, NULL, NULL, NULL),
(227000322, 'ORT-D010', 'ORT', 'DISECTOMY', 226000010, '1', NULL, NULL, NULL, NULL, NULL, NULL, NULL, NULL),
(227000323, 'ORT-E001', 'ORT', 'ESCARECTOMY', 226000010, '1', NULL, NULL, NULL, NULL, NULL, NULL, NULL, NULL),
(227000324, 'ORT-E002', 'ORT', 'EXCISION WITH BIOPSY', 226000010, '1', NULL, NULL, NULL, NULL, NULL, NULL, NULL, NULL),
(227000325, 'ORT-E003', 'ORT', 'EXPLOR WOUND', 226000010, '1', NULL, NULL, NULL, NULL, NULL, NULL, NULL, NULL),
(227000326, 'ORT-E004', 'ORT', 'EXPLORATION OF HIP', 226000010, '1', NULL, NULL, NULL, NULL, NULL, NULL, NULL, NULL),
(227000327, 'ORT-E005', 'ORT', 'EXPLORATION OF KNEE', 226000010, '1', NULL, NULL, NULL, NULL, NULL, NULL, NULL, NULL),
(227000328, 'ORT-E006', 'ORT', 'EXTERNAL  FIXATOR', 226000010, '1', NULL, NULL, NULL, NULL, NULL, NULL, NULL, NULL),
(227000329, 'ORT-E007', 'ORT', 'EPIDURAL INJECTION', 226000010, '1', NULL, NULL, NULL, NULL, NULL, NULL, NULL, NULL),
(227000330, 'ORT-H001', 'ORT', 'HARRINGTON ROD INSTRUMENTATION', 226000010, '1', NULL, NULL, NULL, NULL, NULL, NULL, NULL, NULL),
(227000331, 'ORT-H002', 'ORT', 'HEMI-ARTHROPLASTY (HIP PROSTHESIS)', 226000010, '1', NULL, NULL, NULL, NULL, NULL, NULL, NULL, NULL),
(227000332, 'ORT-H003', 'ORT', 'HIGH TIBIAL OSTEOTOMY (HTO.)', 226000010, '1', NULL, NULL, NULL, NULL, NULL, NULL, NULL, NULL),
(227000333, 'ORT-H004', 'ORT', 'HIP PINNING', 226000010, '1', NULL, NULL, NULL, NULL, NULL, NULL, NULL, NULL),
(227000334, 'ORT-H005', 'ORT', 'HIP SPICA', 226000010, '1', NULL, NULL, NULL, NULL, NULL, NULL, NULL, NULL),
(227000335, 'ORT-I001', 'ORT', 'INTRA ARTHRICULAR INJECTION', 226000010, '1', NULL, NULL, NULL, NULL, NULL, NULL, NULL, NULL),
(227000336, 'ORT-I002', 'ORT', 'INTRA-ARTHRICULAR F.B. REMOVAL', 226000010, '1', NULL, NULL, NULL, NULL, NULL, NULL, NULL, NULL),
(227000337, 'ORT-L001', 'ORT', 'LAMINECTOMY', 226000010, '1', NULL, NULL, NULL, NULL, NULL, NULL, NULL, NULL),
(227000338, 'ORT-L002', 'ORT', 'LAMINECTOMY & BONE GRAFT', 226000010, '1', NULL, NULL, NULL, NULL, NULL, NULL, NULL, NULL),
(227000339, 'ORT-L003', 'ORT', 'LAMINECTOMY & CERVICAL FUSION', 226000010, '1', NULL, NULL, NULL, NULL, NULL, NULL, NULL, NULL),
(227000340, 'ORT-L004', 'ORT', 'LAMINECTOMY & DISECTOMY', 226000010, '1', NULL, NULL, NULL, NULL, NULL, NULL, NULL, NULL),
(227000341, 'ORT-L005', 'ORT', 'DECOMPRESSIVE LAMINECTOMY', 226000010, '1', NULL, NULL, NULL, NULL, NULL, NULL, NULL, NULL),
(227000342, 'ORT-L006', 'ORT', 'LAMINECTONY & HARRINGTON ROD FIXATION', 226000010, '1', NULL, NULL, NULL, NULL, NULL, NULL, NULL, NULL),
(227000343, 'ORT-L007', 'ORT', 'LAMINECTOMY & PDS. FIXATION', 226000010, '1', NULL, NULL, NULL, NULL, NULL, NULL, NULL, NULL),
(227000344, 'ORT-L008', 'ORT', 'LYSIS ADHESION', 226000010, '1', NULL, NULL, NULL, NULL, NULL, NULL, NULL, NULL),
(227000345, 'ORT-M001', 'ORT', 'MANIPULATION OF SHOULDER (FROZEN SHOULDER)', 226000010, '1', NULL, NULL, NULL, NULL, NULL, NULL, NULL, NULL),
(227000346, 'ORT-M002', 'ORT', 'MENISECTOMY', 226000010, '1', NULL, NULL, NULL, NULL, NULL, NULL, NULL, NULL),
(227000347, 'ORT-M004', 'ORT', 'PEDICLE SCREW FIXATION', 226000010, '1', NULL, NULL, NULL, NULL, NULL, NULL, NULL, NULL),
(227000348, 'ORT-N001', 'ORT', 'NEUCLEOPLASTY', 226000010, '1', NULL, NULL, NULL, NULL, NULL, NULL, NULL, NULL),
(227000349, 'ORT-N002', 'ORT', 'ULNA NERVE TRANPOSITION', 226000010, '1', NULL, NULL, NULL, NULL, NULL, NULL, NULL, NULL),
(227000350, 'ORT-O001', 'ORT', 'ORIF WITH CONDYLAR BUTTRESS PLATE', 226000010, '1', NULL, NULL, NULL, NULL, NULL, NULL, NULL, NULL),
(227000351, 'ORT-O004', 'ORT', 'ORIF.WITH ANGLE BLADE PLATE', 226000010, '1', NULL, NULL, NULL, NULL, NULL, NULL, NULL, NULL),
(227000352, 'ORT-O005', 'ORT', 'ORIF.WITH CONDYLAR PLATE', 226000010, '1', NULL, NULL, NULL, NULL, NULL, NULL, NULL, NULL),
(227000353, 'ORT-O006', 'ORT', 'ORIF.WITH DYNAMIC CONDYLAR SCERW  (DCS.)', 226000010, '1', NULL, NULL, NULL, NULL, NULL, NULL, NULL, NULL),
(227000354, 'ORT-O007', 'ORT', 'ORIF.WITH DYNAMIC HIP SCREW  (DHS.)', 226000010, '1', NULL, NULL, NULL, NULL, NULL, NULL, NULL, NULL),
(227000355, 'ORT-O008', 'ORT', 'ORIF.WITH INTER-LOCKING NAIL', 226000010, '1', NULL, NULL, NULL, NULL, NULL, NULL, NULL, NULL),
(227000356, 'ORT-O009', 'ORT', 'ORIF.WITH KUNTSCHER NAIL', 226000010, '1', NULL, NULL, NULL, NULL, NULL, NULL, NULL, NULL),
(227000357, 'ORT-O010', 'ORT', 'ORIF.WITH K-WIRE', 226000010, '1', NULL, NULL, NULL, NULL, NULL, NULL, NULL, NULL),
(227000358, 'ORT-O012', 'ENT', 'ORIF.WITH PLATE & SCREW', 226000003, '1', NULL, NULL, NULL, NULL, NULL, NULL, NULL, NULL),
(227000359, 'ORT-O013', 'ORT', 'ORIF.WITH RECONSTRUCTION PLATE', 226000010, '1', NULL, NULL, NULL, NULL, NULL, NULL, NULL, NULL),
(227000360, 'ORT-O014', 'ORT', 'ORIF.WITH SCREW', 226000010, '1', NULL, NULL, NULL, NULL, NULL, NULL, NULL, NULL),
(227000361, 'ORT-O015', 'ORT', 'ORIF.WITH TENSION BAND WIRING (TBW.)', 226000010, '1', NULL, NULL, NULL, NULL, NULL, NULL, NULL, NULL),
(227000362, 'ORT-O016', 'ORT', 'ORIF.WITH WIRING', 226000010, '1', NULL, NULL, NULL, NULL, NULL, NULL, NULL, NULL),
(227000363, 'ORT-O017', 'ORT', 'OSTEOTOMY', 226000010, '1', NULL, NULL, NULL, NULL, NULL, NULL, NULL, NULL),
(227000364, 'ORT-O018', 'ORT', 'OFF STAPPLE', 226000010, '1', NULL, NULL, NULL, NULL, NULL, NULL, NULL, NULL),
(227000365, 'ORT-O019', 'ORT', 'ORIF , PLATE & SCREW', 226000010, '1', NULL, NULL, NULL, NULL, NULL, NULL, NULL, NULL),
(227000366, 'ORT-O020', 'ORT', 'OFF EXTERNAL FIXATOR', 226000010, '1', NULL, NULL, NULL, NULL, NULL, NULL, NULL, NULL),
(227000367, 'ORT-O021', 'ORT', 'OFF PLATE & SCREW', 226000010, '1', NULL, NULL, NULL, NULL, NULL, NULL, NULL, NULL),
(227000368, 'ORT-O023', 'ORT', 'ORIF & MULTIPLE HIP SCREW AND WASHER', 226000010, '1', NULL, NULL, NULL, NULL, NULL, NULL, NULL, NULL),
(227000369, 'ORT-P001', 'ORT', 'POSTERIOR SPINAL FUSION', 226000010, '1', NULL, NULL, NULL, NULL, NULL, NULL, NULL, NULL),
(227000370, 'ORT-R001', 'ORT', 'RECONSTRUCTION  LIGAMENT', 226000010, '1', NULL, NULL, NULL, NULL, NULL, NULL, NULL, NULL),
(227000371, 'ORT-R002', 'ORT', 'RECONSTRUCTION  PCL. LIGAMENT', 226000010, '1', NULL, NULL, NULL, NULL, NULL, NULL, NULL, NULL),
(227000372, 'ORT-R003', 'ORT', 'ROTATING FLAP', 226000010, '1', NULL, NULL, NULL, NULL, NULL, NULL, NULL, NULL),
(227000373, 'ORT-R004', 'ORT', 'RAY AMPUTATION', 226000010, '1', NULL, NULL, NULL, NULL, NULL, NULL, NULL, NULL),
(227000374, 'ORT-R005', 'ORT', 'REMOVE K - NAIL OF FEMER', 226000010, '1', NULL, NULL, NULL, NULL, NULL, NULL, NULL, NULL),
(227000375, 'ORT-R006', 'ORT', 'REMOVE A.O.NAIL', 226000010, '1', NULL, NULL, NULL, NULL, NULL, NULL, NULL, NULL),
(227000376, 'ORT-R007', 'ORT', 'REMOVE EXTERNAL FIXATOR', 226000010, '1', NULL, NULL, NULL, NULL, NULL, NULL, NULL, NULL),
(227000377, 'ORT-R008', 'ORT', 'REMOVE F.B.', 226000010, '1', NULL, NULL, NULL, NULL, NULL, NULL, NULL, NULL),
(227000378, 'ORT-R009', 'ORT', 'REMOVE HARRINGTON ROD', 226000010, '1', NULL, NULL, NULL, NULL, NULL, NULL, NULL, NULL),
(227000379, 'ORT-R010', 'ORT', 'REMOVE INTERLOCKING NAIL', 226000010, '1', NULL, NULL, NULL, NULL, NULL, NULL, NULL, NULL),
(227000380, 'ORT-R011', 'ORT', 'REMOVE KUNTSCHER NAIL', 226000010, '1', NULL, NULL, NULL, NULL, NULL, NULL, NULL, NULL),
(227000381, 'ORT-R012', 'ORT', 'REMOVE K-WIRE', 226000010, '1', NULL, NULL, NULL, NULL, NULL, NULL, NULL, NULL),
(227000382, 'ORT-R013', 'ORT', 'REMOVE PLATE & SCREW', 226000010, '1', NULL, NULL, NULL, NULL, NULL, NULL, NULL, NULL),
(227000383, 'ORT-R014', 'ORT', 'REMOVE SCREW', 226000010, '1', NULL, NULL, NULL, NULL, NULL, NULL, NULL, NULL),
(227000384, 'ORT-R015', 'ORT', 'REMOVE TENSION BAND WIRING (TBW.)', 226000010, '1', NULL, NULL, NULL, NULL, NULL, NULL, NULL, NULL),
(227000385, 'ORT-R016', 'ORT', 'REMOVE K- NAIL OF TIBIA', 226000010, '1', NULL, NULL, NULL, NULL, NULL, NULL, NULL, NULL),
(227000386, 'ORT-R017', 'ORT', 'REMOVE WIRE', 226000010, '1', NULL, NULL, NULL, NULL, NULL, NULL, NULL, NULL),
(227000387, 'ORT-R018', 'ORT', 'RE-NAILING', 226000010, '1', NULL, NULL, NULL, NULL, NULL, NULL, NULL, NULL),
(227000388, 'ORT-R019', 'ORT', 'REPAIR LIGAMENT', 226000010, '1', NULL, NULL, NULL, NULL, NULL, NULL, NULL, NULL),
(227000389, 'ORT-R020', 'ORT', 'REPAIR  TENDON', 226000010, '1', NULL, NULL, NULL, NULL, NULL, NULL, NULL, NULL),
(227000390, 'ORT-R021', 'ORT', 'REVISION OF K-NAIL', 226000010, '1', NULL, NULL, NULL, NULL, NULL, NULL, NULL, NULL),
(227000391, 'ORT-R022', 'ORT', 'REVISION PLATE & SCREW', 226000010, '1', NULL, NULL, NULL, NULL, NULL, NULL, NULL, NULL),
(227000392, 'ORT-R023', 'ORT', 'REVISION EXTERNAL FIXATION', 226000010, '1', NULL, NULL, NULL, NULL, NULL, NULL, NULL, NULL),
(227000393, 'ORT-R024', 'ORT', 'REPAIR MUSCLE', 226000010, '1', NULL, NULL, NULL, NULL, NULL, NULL, NULL, NULL),
(227000394, 'ORT-S001', 'ORT', 'SEQUESTECTOMY', 226000010, '1', NULL, NULL, NULL, NULL, NULL, NULL, NULL, NULL),
(227000395, 'ORT-S002', 'ORT', 'SKELETAL TRACTION', 226000010, '1', NULL, NULL, NULL, NULL, NULL, NULL, NULL, NULL),
(227000396, 'ORT-S003', 'ORT', 'SKIN FLAP', 226000010, '1', NULL, NULL, NULL, NULL, NULL, NULL, NULL, NULL),
(227000397, 'ORT-S004', 'ORT', 'SKIN GRAFT (FTSG.) Full thickness skin graft', 226000010, '1', NULL, NULL, NULL, NULL, NULL, NULL, NULL, NULL),
(227000398, 'ORT-S005', 'ORT', 'SKIN GRAFT (STSG.) Split thickness skin graft', 226000010, '1', NULL, NULL, NULL, NULL, NULL, NULL, NULL, NULL),
(227000399, 'ORT-S006', 'ORT', 'STRESS FILM', 226000010, '1', NULL, NULL, NULL, NULL, NULL, NULL, NULL, NULL),
(227000400, 'ORT-S007', 'ORT', 'SYNOVECTOMY', 226000010, '1', NULL, NULL, NULL, NULL, NULL, NULL, NULL, NULL),
(227000401, 'ORT-T001', 'ORT', 'TENDON TRANSFER', 226000010, '1', NULL, NULL, NULL, NULL, NULL, NULL, NULL, NULL),
(227000402, 'ORT-T002', 'ORT', 'TENOLYSIS', 226000010, '1', NULL, NULL, NULL, NULL, NULL, NULL, NULL, NULL),
(227000403, 'ORT-T003', 'ORT', 'TOTAL HIP REPLACEMENT LT.', 226000010, '1', NULL, NULL, NULL, NULL, NULL, NULL, NULL, NULL),
(227000404, 'ORT-T004', 'ORT', 'TOTAL KNEE ARTROPLASTY ( TKA )', 226000010, '1', NULL, NULL, NULL, NULL, NULL, NULL, NULL, NULL),
(227000405, 'ORT-T005', 'ORT', 'TOTAL KNEE REPLACEMENT (TKR.)', 226000010, '1', NULL, NULL, NULL, NULL, NULL, NULL, NULL, NULL),
(227000406, 'ORT-T006', 'ORT', 'TOTAL HIP REPLACEMENT RT.', 226000010, '1', NULL, NULL, NULL, NULL, NULL, NULL, NULL, NULL),
(227000407, 'ORT-T007', 'ORT', 'TENDOARCHELES LENGTHENING', 226000010, '1', NULL, NULL, NULL, NULL, NULL, NULL, NULL, NULL),
(227000408, 'ORT-V001', 'ORT', 'V-Y FLAP', 226000010, '1', NULL, NULL, NULL, NULL, NULL, NULL, NULL, NULL),
(227000409, 'PED-A001', 'PED', 'ANOPLASTY', 226000011, '1', NULL, NULL, NULL, NULL, NULL, NULL, NULL, NULL),
(227000410, 'PED-A003', 'PED', 'APPENDECTOMY', 226000011, '1', NULL, NULL, NULL, NULL, NULL, NULL, NULL, NULL),
(227000411, 'PED-E001', 'PED', 'EXCISION OF OMPHALOMESENTERIC DUCT', 226000011, '1', NULL, NULL, NULL, NULL, NULL, NULL, NULL, NULL),
(227000412, 'PED-E002', 'PED', 'EXCISION OF URACHUS', 226000011, '1', NULL, NULL, NULL, NULL, NULL, NULL, NULL, NULL),
(227000413, 'PED-H001', 'PED', 'HERNIOTOMY', 226000011, '1', NULL, NULL, NULL, NULL, NULL, NULL, NULL, NULL),
(227000414, 'PED-H002', 'PED', 'HERNIOTOMY  (BI - LAT.)', 226000011, '1', NULL, NULL, NULL, NULL, NULL, NULL, NULL, NULL),
(227000415, 'PED-I001', 'PED', 'INJECTION  KENACORT  A.', 226000011, '1', NULL, NULL, NULL, NULL, NULL, NULL, NULL, NULL),
(227000416, 'PED-O001', 'PED', 'ORCHIDECTOMY', 226000011, '1', NULL, NULL, NULL, NULL, NULL, NULL, NULL, NULL),
(227000417, 'PED-O002', 'PED', 'ORCHIDOPEXY', 226000011, '1', NULL, NULL, NULL, NULL, NULL, NULL, NULL, NULL),
(227000418, 'PED-R001', 'PED', 'REPAIR HYPOSPADIA', 226000011, '1', NULL, NULL, NULL, NULL, NULL, NULL, NULL, NULL);
INSERT INTO `or_b_operation` (`opera_id`, `opera_code`, `opera_code_ex`, `opera_name`, `opera_group_id`, `active`, `remark`, `date_create`, `date_modi`, `date_cancel`, `user_create`, `user_modi`, `user_cancel`, `sort1`) VALUES
(227000419, 'PLA-A001', 'PLA', 'ABDOMINOPLASTY', 226000012, '1', NULL, NULL, NULL, NULL, NULL, NULL, NULL, NULL),
(227000420, 'PLA-A002', 'PLA', 'ALAR PLASTY', 226000012, '1', NULL, NULL, NULL, NULL, NULL, NULL, NULL, NULL),
(227000421, 'PLA-A003', 'PLA', 'ARCH BAR', 226000012, '1', NULL, NULL, NULL, NULL, NULL, NULL, NULL, NULL),
(227000422, 'PLA-A004', 'PLA', 'AUGMENTATION MAMMOPLASTY', 226000012, '1', NULL, NULL, NULL, NULL, NULL, NULL, NULL, NULL),
(227000423, 'PLA-A005', 'PLA', 'AUGMENTATION RHINOPLASTY', 226000012, '1', NULL, NULL, NULL, NULL, NULL, NULL, NULL, NULL),
(227000424, 'PLA-B001', 'PLA', 'BLEPHAROPLASTY -LOWER', 226000012, '1', NULL, NULL, NULL, NULL, NULL, NULL, NULL, NULL),
(227000425, 'PLA-B002', 'PLA', 'BLEPHAROPLASTY -UPPER', 226000012, '1', NULL, NULL, NULL, NULL, NULL, NULL, NULL, NULL),
(227000426, 'PLA-B003', 'PLA', 'BLEPHAROPLASTY -UPPER & LOWER', 226000012, '1', NULL, NULL, NULL, NULL, NULL, NULL, NULL, NULL),
(227000427, 'PLA-C001', 'PLA', 'CHIN IMPLANTATION', 226000012, '1', NULL, NULL, NULL, NULL, NULL, NULL, NULL, NULL),
(227000428, 'PLA-C002', 'PLA', 'CLOSED REDUCTION & STENT', 226000012, '1', NULL, NULL, NULL, NULL, NULL, NULL, NULL, NULL),
(227000429, 'PLA-C003', 'PLA', 'CLOSED STUMP', 226000012, '1', NULL, NULL, NULL, NULL, NULL, NULL, NULL, NULL),
(227000430, 'PLA-C005', 'PLA', 'CORRECTION & FLAP', 226000012, '1', NULL, NULL, NULL, NULL, NULL, NULL, NULL, NULL),
(227000431, 'PLA-C006', 'PLA', 'CLOSURE OF PUNCTURE', 226000012, '1', NULL, NULL, NULL, NULL, NULL, NULL, NULL, NULL),
(227000432, 'PLA-D001', 'PLA', 'DEBRIDEMENT', 226000012, '1', NULL, NULL, NULL, NULL, NULL, NULL, NULL, NULL),
(227000433, 'PLA-D002', 'PLA', 'DEBRIDEMENT & REPLANTATION', 226000012, '1', NULL, NULL, NULL, NULL, NULL, NULL, NULL, NULL),
(227000434, 'PLA-D003', 'PLA', 'DRESSING', 226000012, '1', NULL, NULL, NULL, NULL, NULL, NULL, NULL, NULL),
(227000435, 'PLA-D004', 'PLA', 'DETACH  FLAP', 226000012, '1', NULL, NULL, NULL, NULL, NULL, NULL, NULL, NULL),
(227000436, 'PLA-E0011', 'GEN', 'INCISION & BIOPSY', 226000004, '1', NULL, NULL, NULL, NULL, NULL, NULL, NULL, NULL),
(227000437, 'PLA-E002', 'PLA', 'EXCISION & SKIN GRAFT', 226000012, '1', NULL, NULL, NULL, NULL, NULL, NULL, NULL, NULL),
(227000438, 'PLA-E003', 'PLA', 'EXCISION & ALARPLASTY', 226000012, '1', NULL, NULL, NULL, NULL, NULL, NULL, NULL, NULL),
(227000439, 'PLA-F001', 'PLA', 'FACE LIFTING  (Rhitidectomy)', 226000012, '1', NULL, NULL, NULL, NULL, NULL, NULL, NULL, NULL),
(227000440, 'PLA-F002', 'PLA', 'FOREHEAD LIFT', 226000012, '1', NULL, NULL, NULL, NULL, NULL, NULL, NULL, NULL),
(227000441, 'PLA-L001', 'PLA', 'LIPECTOMY', 226000012, '1', NULL, NULL, NULL, NULL, NULL, NULL, NULL, NULL),
(227000442, 'PLA-L002', 'PLA', 'LIPECTOMY & LIPOSUCTION', 226000012, '1', NULL, NULL, NULL, NULL, NULL, NULL, NULL, NULL),
(227000443, 'PLA-L003', 'PLA', 'LIPOSUCTION', 226000012, '1', NULL, NULL, NULL, NULL, NULL, NULL, NULL, NULL),
(227000444, 'PLA-M001', 'PLA', 'MEMOPLASTY', 226000012, '1', NULL, NULL, NULL, NULL, NULL, NULL, NULL, NULL),
(227000445, 'PLA-M002', 'PLA', 'MENTOPLASTY', 226000012, '1', NULL, NULL, NULL, NULL, NULL, NULL, NULL, NULL),
(227000446, 'PLA-O001', 'PLA', 'ORIF. ZYGOMA WITH PLATE & SCREW', 226000012, '1', NULL, NULL, NULL, NULL, NULL, NULL, NULL, NULL),
(227000447, 'PLA-O002', 'PLA', 'ORIF. ZYGOMA WITH WIRING', 226000012, '1', NULL, NULL, NULL, NULL, NULL, NULL, NULL, NULL),
(227000448, 'PLA-P001', 'PLA', 'PALATOPLASTY', 226000012, '1', NULL, NULL, NULL, NULL, NULL, NULL, NULL, NULL),
(227000449, 'PLA-R001', 'PLA', 'REDUCTION MAMMOPLASTY', 226000012, '1', NULL, NULL, NULL, NULL, NULL, NULL, NULL, NULL),
(227000450, 'PLA-R002', 'PLA', 'REMOVE  PROSTESIS', 226000012, '1', NULL, NULL, NULL, NULL, NULL, NULL, NULL, NULL),
(227000451, 'PLA-R003', 'PLA', 'REPAIR CLEFT LIP', 226000012, '1', NULL, NULL, NULL, NULL, NULL, NULL, NULL, NULL),
(227000452, 'PLA-R004', 'PLA', 'REPAIR CLEFT LIP & PALATE', 226000012, '1', NULL, NULL, NULL, NULL, NULL, NULL, NULL, NULL),
(227000453, 'PLA-R005', 'PLA', 'REPAIR CLEFT PALATE', 226000012, '1', NULL, NULL, NULL, NULL, NULL, NULL, NULL, NULL),
(227000454, 'PLA-R006', 'PLA', 'REPLANTATION', 226000012, '1', NULL, NULL, NULL, NULL, NULL, NULL, NULL, NULL),
(227000455, 'PLA-R007', 'PLA', 'REVISION MAMMOPLASTY', 226000012, '1', NULL, NULL, NULL, NULL, NULL, NULL, NULL, NULL),
(227000456, 'PLA-R008', 'PLA', 'REVISION RHINOPLASTY', 226000012, '1', NULL, NULL, NULL, NULL, NULL, NULL, NULL, NULL),
(227000457, 'PLA-R009', 'PLA', 'REVISION SCAR', 226000012, '1', NULL, NULL, NULL, NULL, NULL, NULL, NULL, NULL),
(227000458, 'PLA-R010', 'PLA', 'RHINOPLASTY', 226000012, '1', NULL, NULL, NULL, NULL, NULL, NULL, NULL, NULL),
(227000459, 'PLA-S001', 'PLA', 'SCRUB BURN', 226000012, '1', NULL, NULL, NULL, NULL, NULL, NULL, NULL, NULL),
(227000460, 'PLA-S002', 'PLA', 'SCRUB WOUND', 226000012, '1', NULL, NULL, NULL, NULL, NULL, NULL, NULL, NULL),
(227000461, 'PLA-S003', 'PLA', 'SKIN FLAP', 226000012, '1', NULL, NULL, NULL, NULL, NULL, NULL, NULL, NULL),
(227000462, 'PLA-S004', 'PLA', 'SKIN GRAFT (FTSG.) Full thickness skin graft', 226000012, '1', NULL, NULL, NULL, NULL, NULL, NULL, NULL, NULL),
(227000463, 'PLA-S005', 'PLA', 'SKIN GRAFT (STSG.) Split thickness skin graft', 226000012, '1', NULL, NULL, NULL, NULL, NULL, NULL, NULL, NULL),
(227000464, 'PLA-T001', 'PLA', 'TENDON TRANSFER', 226000012, '1', NULL, NULL, NULL, NULL, NULL, NULL, NULL, NULL),
(227000465, 'PLA-T002', 'PLA', 'TRANSEXUAL (SEX CHANGE)', 226000012, '1', NULL, NULL, NULL, NULL, NULL, NULL, NULL, NULL),
(227000466, 'PLA-W001', 'PLA', 'WIDE EXCISION', 226000012, '1', NULL, NULL, NULL, NULL, NULL, NULL, NULL, NULL),
(227000467, 'SUR-R001', 'GEN', 'REMOVE BLOOD CLOT', 226000004, '1', NULL, NULL, NULL, NULL, NULL, NULL, NULL, NULL),
(227000468, 'URO-A001', 'URO', 'AMPUTATION OF PENIS', 226000013, '1', NULL, NULL, NULL, NULL, NULL, NULL, NULL, NULL),
(227000469, 'URO-A002', 'URO', 'A.N.L.(ANATROPHICNEPHRO LITHOTOMY)', 226000013, '1', NULL, NULL, NULL, NULL, NULL, NULL, NULL, NULL),
(227000470, 'URO-A003', 'URO', 'ADJUST SPC + IRRIGATE REMOVE CLOT', 226000013, '1', NULL, NULL, NULL, NULL, NULL, NULL, NULL, NULL),
(227000471, 'URO-C001', 'URO', 'CYSTECTOMY  (PARTIAL)', 226000013, '1', NULL, NULL, NULL, NULL, NULL, NULL, NULL, NULL),
(227000472, 'URO-C002', 'URO', 'CYSTECTOMY  (TOTAL)', 226000013, '1', NULL, NULL, NULL, NULL, NULL, NULL, NULL, NULL),
(227000473, 'URO-C003', 'URO', 'CYSTOLITHOLAPAXY', 226000013, '1', NULL, NULL, NULL, NULL, NULL, NULL, NULL, NULL),
(227000474, 'URO-C004', 'URO', 'CYSTOSCOPY', 226000013, '1', NULL, NULL, NULL, NULL, NULL, NULL, NULL, NULL),
(227000475, 'URO-C005', 'URO', 'CYSTOSCOPY & CALIBRATE', 226000013, '1', NULL, NULL, NULL, NULL, NULL, NULL, NULL, NULL),
(227000476, 'URO-C006', 'URO', 'CYSTOSCOPY & CYSTOMETRY', 226000013, '1', NULL, NULL, NULL, NULL, NULL, NULL, NULL, NULL),
(227000477, 'URO-C007', 'URO', 'CYSTOSCOPY & DILATE URETHRA', 226000013, '1', NULL, NULL, NULL, NULL, NULL, NULL, NULL, NULL),
(227000478, 'URO-C008', 'URO', 'CYSTOSCOPY & D-J CATH', 226000013, '1', NULL, NULL, NULL, NULL, NULL, NULL, NULL, NULL),
(227000479, 'URO-C009', 'URO', 'CHANGE SPC. ( SUPRA PUBIC SYSTOSTOMY )', 226000013, '1', NULL, NULL, NULL, NULL, NULL, NULL, NULL, NULL),
(227000480, 'URO-C010', 'URO', 'CYSTOLITHOTOMY', 226000013, '1', NULL, NULL, NULL, NULL, NULL, NULL, NULL, NULL),
(227000481, 'URO-C011', 'GEN', 'CYSTOSCOPY & RP. (retrograde pyelogram)', 226000004, '1', NULL, NULL, NULL, NULL, NULL, NULL, NULL, NULL),
(227000482, 'URO-C012', 'URO', 'CYSTOSCOPY & STONE MANIPULATION', 226000013, '1', NULL, NULL, NULL, NULL, NULL, NULL, NULL, NULL),
(227000483, 'URO-C013', 'URO', 'CYSTOSCOPY & TUI. (trans urethral incision)', 226000013, '1', NULL, NULL, NULL, NULL, NULL, NULL, NULL, NULL),
(227000484, 'URO-C014', 'URO', 'CYSTOSTOMY', 226000013, '1', NULL, NULL, NULL, NULL, NULL, NULL, NULL, NULL),
(227000485, 'URO-C015', 'URO', 'CYSTOSCOPY & TUR-P(trans uretral resection)', 226000013, '1', NULL, NULL, NULL, NULL, NULL, NULL, NULL, NULL),
(227000486, 'URO-C016', 'URO', 'CYSTOSCOPY & URS', 226000013, '1', NULL, NULL, NULL, NULL, NULL, NULL, NULL, NULL),
(227000487, 'URO-C017', 'URO', 'CYSTOGRAM', 226000013, '1', NULL, NULL, NULL, NULL, NULL, NULL, NULL, NULL),
(227000488, 'URO-C018', 'URO', 'CYSTOSCOPY WITH BIOPSY', 226000013, '1', NULL, NULL, NULL, NULL, NULL, NULL, NULL, NULL),
(227000489, 'URO-C019', 'URO', 'CIRCUMCISION', 226000013, '1', NULL, NULL, NULL, NULL, NULL, NULL, NULL, NULL),
(227000490, 'URO-C020', 'PLA', 'CYSTOSCOPY & CLOT IRRIGATION', 226000012, '1', NULL, NULL, NULL, NULL, NULL, NULL, NULL, NULL),
(227000491, 'URO-C021', 'URO', 'CHANGE FOLEY CATH', 226000013, '1', NULL, NULL, NULL, NULL, NULL, NULL, NULL, NULL),
(227000492, 'URO-D001', 'URO', 'DILATE URETHRA', 226000013, '1', NULL, NULL, NULL, NULL, NULL, NULL, NULL, NULL),
(227000493, 'URO-E002', 'URO', 'EXPLOR TESTIS', 226000013, '1', NULL, NULL, NULL, NULL, NULL, NULL, NULL, NULL),
(227000494, 'URO-E003', 'URO', 'EXPLOR SCORTUM', 226000013, '1', NULL, NULL, NULL, NULL, NULL, NULL, NULL, NULL),
(227000495, 'URO-H001', 'URO', 'HIGH LIGATION OF VARICOCELE', 226000013, '1', NULL, NULL, NULL, NULL, NULL, NULL, NULL, NULL),
(227000496, 'URO-H002', 'URO', 'HYDROCELECTOMY', 226000013, '1', NULL, NULL, NULL, NULL, NULL, NULL, NULL, NULL),
(227000497, 'URO-I001', 'URO', 'ILEAL CONDUIT', 226000013, '1', NULL, NULL, NULL, NULL, NULL, NULL, NULL, NULL),
(227000498, 'URO-I002', 'URO', 'INSERT JJ STENT', 226000013, '1', NULL, NULL, NULL, NULL, NULL, NULL, NULL, NULL),
(227000499, 'URO-I003', 'URO', 'INTERNAL URETHRATOMY', 226000013, '1', NULL, NULL, NULL, NULL, NULL, NULL, NULL, NULL),
(227000500, 'URO-K001', 'URO', 'KIDNEY TRANSPLANTATION', 226000013, '1', NULL, NULL, NULL, NULL, NULL, NULL, NULL, NULL),
(227000501, 'URO-N001', 'URO', 'NEPHRECTOMY', 226000013, '1', NULL, NULL, NULL, NULL, NULL, NULL, NULL, NULL),
(227000502, 'URO-N002', 'URO', 'NEPHROLITHOTOMY', 226000013, '1', NULL, NULL, NULL, NULL, NULL, NULL, NULL, NULL),
(227000503, 'URO-N003', 'URO', 'NEPHROPEXY', 226000013, '1', NULL, NULL, NULL, NULL, NULL, NULL, NULL, NULL),
(227000504, 'URO-N004', 'URO', 'NEPHROSTOMY', 226000013, '1', NULL, NULL, NULL, NULL, NULL, NULL, NULL, NULL),
(227000505, 'URO-N005', 'URO', 'NEPROGRAME', 226000013, '1', NULL, NULL, NULL, NULL, NULL, NULL, NULL, NULL),
(227000506, 'UROO001', 'URO', 'OFF DJ STENT', 226000013, '1', NULL, NULL, NULL, NULL, NULL, NULL, NULL, NULL),
(227000507, 'URO-O001', 'URO', 'ORCHIDECTOMY', 226000013, '1', NULL, NULL, NULL, NULL, NULL, NULL, NULL, NULL),
(227000508, 'URO-O002', 'URO', 'ORCHIDOPEXY', 226000013, '1', NULL, NULL, NULL, NULL, NULL, NULL, NULL, NULL),
(227000509, 'URO-O003', 'URO', 'ORCHIOPEXY WITH CIRCUMCISION', 226000013, '1', NULL, NULL, NULL, NULL, NULL, NULL, NULL, NULL),
(227000510, 'URO-P001', 'URO', 'PERCUTANEOUS NEPHROSTOMY (PCN.)', 226000013, '1', NULL, NULL, NULL, NULL, NULL, NULL, NULL, NULL),
(227000511, 'URO-P002', 'URO', 'PROSTATECTOMY', 226000013, '1', NULL, NULL, NULL, NULL, NULL, NULL, NULL, NULL),
(227000512, 'URO-P003', 'URO', 'PROSTATIC GLAND BIOPSY', 226000013, '1', NULL, NULL, NULL, NULL, NULL, NULL, NULL, NULL),
(227000513, 'URO-P004', 'URO', 'PYELOLITHOTOMY', 226000013, '1', NULL, NULL, NULL, NULL, NULL, NULL, NULL, NULL),
(227000514, 'URO-R001', 'URO', 'RECONSTRUCTION OF VASDEFERENS', 226000013, '1', NULL, NULL, NULL, NULL, NULL, NULL, NULL, NULL),
(227000515, 'URO-R002', 'URO', 'REVISION PCN. (Percutaneous nephrostomy)', 226000013, '1', NULL, NULL, NULL, NULL, NULL, NULL, NULL, NULL),
(227000516, 'URO-R003', 'URO', 'R.P. ( RETROGRADE PYELOGRAM )', 226000013, '1', NULL, NULL, NULL, NULL, NULL, NULL, NULL, NULL),
(227000517, 'URO-R004', 'URO', 'REPAIR VV FISTULAR', 226000013, '1', NULL, NULL, NULL, NULL, NULL, NULL, NULL, NULL),
(227000518, 'URO-R005', 'URO', 'REMOVE  PARAFFINE PENOPLASTY', 226000013, '1', NULL, NULL, NULL, NULL, NULL, NULL, NULL, NULL),
(227000519, 'URO-ROO1', 'URO', 'REPAIR  PENIS', 226000013, '1', NULL, NULL, NULL, NULL, NULL, NULL, NULL, NULL),
(227000520, 'URO-S001', 'URO', 'SECOND STAGE RECONSTRUCTION', 226000013, '1', NULL, NULL, NULL, NULL, NULL, NULL, NULL, NULL),
(227000521, 'URO-S002', 'URO', 'SUPRA PUBIC CYSTOSTOMY (OPEN)', 226000013, '1', NULL, NULL, NULL, NULL, NULL, NULL, NULL, NULL),
(227000522, 'URO-S003', 'URO', 'SUPRA PUBIC CYSTOSTOMY (TROCAR)', 226000013, '1', NULL, NULL, NULL, NULL, NULL, NULL, NULL, NULL),
(227000523, 'URO-T001', 'URO', 'TENSION FREE VAGINAL TAPE', 226000013, '1', NULL, NULL, NULL, NULL, NULL, NULL, NULL, NULL),
(227000524, 'URO-T002', 'URO', 'TRANSRECTAL PROSTATIC BIOPSY', 226000013, '1', NULL, NULL, NULL, NULL, NULL, NULL, NULL, NULL),
(227000525, 'URO-T003', 'URO', 'TUR-BT', 226000013, '1', NULL, NULL, NULL, NULL, NULL, NULL, NULL, NULL),
(227000526, 'URO-T004', 'URO', 'TUR-P', 226000013, '1', NULL, NULL, NULL, NULL, NULL, NULL, NULL, NULL),
(227000527, 'URO-T005', 'URO', 'TEST BLADDER', 226000013, '1', NULL, NULL, NULL, NULL, NULL, NULL, NULL, NULL),
(227000528, 'URO-U001', 'URO', 'URETEROLITHOTOMY', 226000013, '1', NULL, NULL, NULL, NULL, NULL, NULL, NULL, NULL),
(227000529, 'URO-U002', 'URO', 'URETEROSTOMY', 226000013, '1', NULL, NULL, NULL, NULL, NULL, NULL, NULL, NULL),
(227000530, 'URO-U003', 'URO', 'URETHRAL MEAOTOMY', 226000013, '1', NULL, NULL, NULL, NULL, NULL, NULL, NULL, NULL),
(227000531, 'URO-U004', 'URO', 'URETHROPLASTY', 226000013, '1', NULL, NULL, NULL, NULL, NULL, NULL, NULL, NULL),
(227000532, 'URO-U005', 'URO', 'URS WITH INSERTED D-J STENT', 226000013, '1', NULL, NULL, NULL, NULL, NULL, NULL, NULL, NULL),
(227000533, 'URO-U006', 'URO', 'URS.WITH STONE MANIPULATION', 226000013, '1', NULL, NULL, NULL, NULL, NULL, NULL, NULL, NULL),
(227000534, 'URO-U007', 'URO', 'URS.WITH TUL.', 226000013, '1', NULL, NULL, NULL, NULL, NULL, NULL, NULL, NULL),
(227000535, 'URO-U008', 'URO', 'UTERINE SUSPENSION', 226000013, '1', NULL, NULL, NULL, NULL, NULL, NULL, NULL, NULL),
(227000536, 'URO-U009', 'URO', 'URS WITH LITHOCAST', 226000013, '1', NULL, NULL, NULL, NULL, NULL, NULL, NULL, NULL),
(227000537, 'URO-V001', 'URO', 'VARICOCELECTOMY', 226000013, '1', NULL, NULL, NULL, NULL, NULL, NULL, NULL, NULL),
(227000538, 'URO-V002', 'URO', 'VASECTOMY', 226000013, '1', NULL, NULL, NULL, NULL, NULL, NULL, NULL, NULL),
(227000539, 'URO-V003', 'URO', 'VASO-VASOSTOMY', 226000013, '1', NULL, NULL, NULL, NULL, NULL, NULL, NULL, NULL),
(227000540, 'URO-V004', 'URO', 'VISUAL INTERNAL URETHROTOMY  (VIU.)', 226000013, '1', NULL, NULL, NULL, NULL, NULL, NULL, NULL, NULL);

-- --------------------------------------------------------

--
-- Table structure for table `or_b_operation_group`
--

CREATE TABLE `or_b_operation_group` (
  `opera_group_id` int(11) NOT NULL,
  `opera_group_code` varchar(45) COLLATE utf8_bin DEFAULT NULL,
  `opera_group_name` varchar(255) COLLATE utf8_bin DEFAULT NULL,
  `active` varchar(45) COLLATE utf8_bin DEFAULT NULL,
  `remark` varchar(45) COLLATE utf8_bin DEFAULT NULL,
  `date_create` varchar(45) COLLATE utf8_bin DEFAULT NULL,
  `date_modi` varchar(45) COLLATE utf8_bin DEFAULT NULL,
  `date_cancel` varchar(45) COLLATE utf8_bin DEFAULT NULL,
  `user_create` varchar(45) COLLATE utf8_bin DEFAULT NULL,
  `user_modi` varchar(45) COLLATE utf8_bin DEFAULT NULL,
  `user_cancel` varchar(45) COLLATE utf8_bin DEFAULT NULL,
  `status_or_opera_req` varchar(45) COLLATE utf8_bin DEFAULT NULL COMMENT '0=default;1= request er to or; ',
  `sort1` varchar(45) COLLATE utf8_bin DEFAULT NULL,
  `status_or_us` varchar(45) COLLATE utf8_bin DEFAULT NULL COMMENT '0=default;1= or use'
) ENGINE=MyISAM DEFAULT CHARSET=utf8 COLLATE=utf8_bin COMMENT='id=226';

--
-- Dumping data for table `or_b_operation_group`
--

INSERT INTO `or_b_operation_group` (`opera_group_id`, `opera_group_code`, `opera_group_name`, `active`, `remark`, `date_create`, `date_modi`, `date_cancel`, `user_create`, `user_modi`, `user_cancel`, `status_or_opera_req`, `sort1`, `status_or_us`) VALUES
(226000000, 'CAT', 'CATCH  LAB', '1', '', '2019-04-02 09:58:38', '', '', '', '', '', '1', '', '1'),
(226000001, 'CVT', 'CARDIO VASCULAR THERACIC SURGERY', '1', '', '2019-04-02 09:58:59', '', '', '', '', '', '1', '', '1'),
(226000002, 'DEN', 'DENTAL', '1', '', '2019-04-02 09:59:24', '', '', '', '', '', '1', '', '1'),
(226000003, 'ENT', 'E.N.T.', '1', '', '2019-04-02 09:59:35', '', '', '', '', '', '1', '', '1'),
(226000004, 'GEN', 'GENERAL SURGERY', '1', '', '2019-04-02 09:59:49', '', '', '', '', '', '1', '', '1'),
(226000005, 'GIT', 'GASTRO', '1', '', '2019-04-02 10:00:10', '', '', '', '', '', '1', '', '1'),
(226000006, 'MED', 'MED', '1', '', '2019-04-02 10:00:23', '', '', '', '', '', '1', '', '1'),
(226000007, 'NEU', 'NUEROLOGY SURGURY', '1', '', '2019-04-02 10:00:35', '', '', '', '', '', '1', '', '1'),
(226000008, 'OBG', 'OBSTETRIC + GYNECOLOGY', '1', '', '2019-04-02 10:00:49', '', '', '', '', '', '1', '', '1'),
(226000009, 'OPT', 'OPTHALMOLOGY', '1', '', '2019-04-02 10:01:02', '', '', '', '', '', '1', '', '1'),
(226000010, 'ORT', 'ORTHOPEDIC SURGERY', '1', '', '2019-04-02 10:01:14', '', '', '', '', '', '1', '', '1'),
(226000011, 'PED', 'PEDIATRIC SURGERY', '1', '', '2019-04-02 10:01:26', '', '', '', '', '', '1', '', '1'),
(226000012, 'PLA', 'PLASTIC / MICRO SURGERY', '1', '', '2019-04-02 10:01:37', '', '', '', '', '', '1', '', '1'),
(226000013, 'URO', 'UROLOGY SURGERY', '1', '', '2019-04-02 10:01:52', '', '', '', '', '', '1', '', '1');

-- --------------------------------------------------------

--
-- Table structure for table `or_t_operation`
--

CREATE TABLE `or_t_operation` (
  `or_id` int(11) NOT NULL,
  `or_code` varchar(45) COLLATE utf8_bin DEFAULT NULL,
  `or_req_id` int(11) DEFAULT NULL,
  `patient_hn` varchar(45) COLLATE utf8_bin DEFAULT NULL,
  `patient_name` varchar(45) COLLATE utf8_bin DEFAULT NULL,
  `doctor_anesthesia_id` int(11) DEFAULT NULL,
  `doctor_surgical_id` int(11) DEFAULT NULL,
  `or_date` varchar(45) COLLATE utf8_bin DEFAULT NULL,
  `or_time` varchar(45) COLLATE utf8_bin DEFAULT NULL,
  `status_or` varchar(45) COLLATE utf8_bin DEFAULT NULL COMMENT '0=default;1= send or; 2=or receive;3= or set commit date operation',
  `opera_id` int(11) DEFAULT NULL,
  `t_patient_id` int(11) DEFAULT NULL,
  `b_service_point_id` int(11) DEFAULT NULL,
  `active` varchar(45) COLLATE utf8_bin DEFAULT NULL,
  `remark` varchar(45) COLLATE utf8_bin DEFAULT NULL,
  `date_create` varchar(45) COLLATE utf8_bin DEFAULT NULL,
  `date_modi` varchar(45) COLLATE utf8_bin DEFAULT NULL,
  `date_cancel` varchar(45) COLLATE utf8_bin DEFAULT NULL,
  `user_create` varchar(45) COLLATE utf8_bin DEFAULT NULL,
  `user_modi` varchar(45) COLLATE utf8_bin DEFAULT NULL,
  `user_cancel` varchar(45) COLLATE utf8_bin DEFAULT NULL,
  `status_urgent` varchar(45) COLLATE utf8_bin DEFAULT NULL COMMENT '0=default;1= ด่วนที่สุด;2=normal',
  `anesthesia_id` int(11) DEFAULT NULL
) ENGINE=MyISAM DEFAULT CHARSET=utf8 COLLATE=utf8_bin COMMENT='id=230';

--
-- Dumping data for table `or_t_operation`
--

INSERT INTO `or_t_operation` (`or_id`, `or_code`, `or_req_id`, `patient_hn`, `patient_name`, `doctor_anesthesia_id`, `doctor_surgical_id`, `or_date`, `or_time`, `status_or`, `opera_id`, `t_patient_id`, `b_service_point_id`, `active`, `remark`, `date_create`, `date_modi`, `date_cancel`, `user_create`, `user_modi`, `user_cancel`, `status_urgent`, `anesthesia_id`) VALUES
(230000000, '', 229000002, 'HN-90016/62', 'Mrs. Zhang Lifang', 0, 1220000041, '2019-04-12', '13:50', '1', 227000003, 2080000053, 2120000010, '1', 'qerqwerqwerqerqwerwqer', '2019-04-05 01:57:01', '', '', '1220000001', '', '', '2', 228000002);

-- --------------------------------------------------------

--
-- Table structure for table `or_t_request`
--

CREATE TABLE `or_t_request` (
  `or_req_id` int(11) NOT NULL,
  `or_req_code` varchar(45) COLLATE utf8_bin DEFAULT NULL,
  `or_req_date` varchar(45) COLLATE utf8_bin DEFAULT NULL,
  `patient_hn` varchar(45) COLLATE utf8_bin DEFAULT NULL,
  `patient_name` varchar(45) COLLATE utf8_bin DEFAULT NULL,
  `doctor_anesthesia_id` int(11) DEFAULT NULL,
  `doctor_surgical_id` int(11) DEFAULT NULL,
  `or_date` varchar(45) COLLATE utf8_bin DEFAULT NULL,
  `or_time` varchar(45) COLLATE utf8_bin DEFAULT NULL,
  `status_or` varchar(45) COLLATE utf8_bin DEFAULT NULL COMMENT '0=default;1= send or; 2=or receive;3= or set commit date operation',
  `opera_id` int(11) DEFAULT NULL,
  `t_patient_id` int(11) DEFAULT NULL,
  `b_service_point_id` int(11) DEFAULT NULL,
  `or_id` int(11) DEFAULT NULL,
  `active` varchar(45) COLLATE utf8_bin DEFAULT NULL,
  `remark` varchar(45) COLLATE utf8_bin DEFAULT NULL,
  `date_create` varchar(45) COLLATE utf8_bin DEFAULT NULL,
  `date_modi` varchar(45) COLLATE utf8_bin DEFAULT NULL,
  `date_cancel` varchar(45) COLLATE utf8_bin DEFAULT NULL,
  `user_create` varchar(45) COLLATE utf8_bin DEFAULT NULL,
  `user_modi` varchar(45) COLLATE utf8_bin DEFAULT NULL,
  `user_cancel` varchar(45) COLLATE utf8_bin DEFAULT NULL,
  `status_urgent` varchar(45) COLLATE utf8_bin DEFAULT NULL COMMENT '0=default;1= ด่วนที่สุด;2=normal',
  `anesthesia_id` int(11) DEFAULT NULL
) ENGINE=MyISAM DEFAULT CHARSET=utf8 COLLATE=utf8_bin COMMENT='id=229';

--
-- Dumping data for table `or_t_request`
--

INSERT INTO `or_t_request` (`or_req_id`, `or_req_code`, `or_req_date`, `patient_hn`, `patient_name`, `doctor_anesthesia_id`, `doctor_surgical_id`, `or_date`, `or_time`, `status_or`, `opera_id`, `t_patient_id`, `b_service_point_id`, `or_id`, `active`, `remark`, `date_create`, `date_modi`, `date_cancel`, `user_create`, `user_modi`, `user_cancel`, `status_urgent`, `anesthesia_id`) VALUES
(229000000, '', '2019-04-04', 'HN-90016/62', 'Mrs. Zhang Lifang', 0, 0, '2019-04-05', '13:00', '1', 227000005, 2080000053, 2120000010, 0, '1', 'test or', '2019-04-04 04:53:47', '', '', '', '', '', '2', NULL),
(229000001, 'REQ1900488', '2019-04-04', 'HN-90016/62', 'Mrs. Zhang Lifang', 0, 0, '2019-04-06', '14:50', '1', 227000023, 2080000053, 2120000010, 0, '1', 'asdfasdfasdfasdf', '2019-04-04 05:02:56', '', '', '1220000001', '', '', '2', NULL),
(229000002, 'REQ1900490', '2019-04-04', 'HN-90016/62', 'Mrs. Zhang Lifang', 0, 1220000041, '2019-04-12', '13:50', '2', 227000003, 2080000053, 2120000010, 0, '1', 'qerqwerqwerqerqwerwqer', '2019-04-04 08:37:24', '', '', '', '', '', '2', 228000002);

-- --------------------------------------------------------

--
-- Table structure for table `PackageDeposit`
--

CREATE TABLE `PackageDeposit` (
  `PCKDPSID` int(11) NOT NULL,
  `PCKSID` int(11) DEFAULT NULL,
  `PID` int(11) DEFAULT NULL,
  `ItemType` varchar(10) COLLATE utf8_unicode_ci DEFAULT NULL,
  `ItemID` int(11) DEFAULT NULL,
  `ItemName` varchar(250) COLLATE utf8_unicode_ci DEFAULT NULL,
  `QTY` int(11) DEFAULT '0',
  `QTYused` int(11) DEFAULT '0',
  `isPCKclosed` tinyint(1) DEFAULT '0'
) ENGINE=InnoDB DEFAULT CHARSET=utf8 COLLATE=utf8_unicode_ci;

-- --------------------------------------------------------

--
-- Table structure for table `PackageDepositDetail`
--

CREATE TABLE `PackageDepositDetail` (
  `ID` int(11) NOT NULL,
  `PCKDPSID` int(11) NOT NULL,
  `JobDetailID` int(11) NOT NULL,
  `VN` bigint(11) NOT NULL,
  `QTYused` int(11) NOT NULL,
  `Date` date NOT NULL,
  `PCKSID` int(11) NOT NULL,
  `isPCKclosed` tinyint(1) NOT NULL DEFAULT '0'
) ENGINE=InnoDB DEFAULT CHARSET=utf8;

-- --------------------------------------------------------

--
-- Table structure for table `PackageDetail`
--

CREATE TABLE `PackageDetail` (
  `ID` int(11) NOT NULL,
  `PCKID` int(11) DEFAULT NULL,
  `ItemType` varchar(10) COLLATE utf8_unicode_ci DEFAULT NULL,
  `ItemName` varchar(250) COLLATE utf8_unicode_ci DEFAULT NULL,
  `ItemID` int(11) DEFAULT NULL,
  `QTY` int(11) DEFAULT NULL,
  `active` varchar(45) COLLATE utf8_unicode_ci DEFAULT '1'
) ENGINE=InnoDB DEFAULT CHARSET=utf8 COLLATE=utf8_unicode_ci COMMENT='id=225';

--
-- Dumping data for table `PackageDetail`
--

INSERT INTO `PackageDetail` (`ID`, `PCKID`, `ItemType`, `ItemName`, `ItemID`, `QTY`, `active`) VALUES
(24, 6, 'SID', 'TVS', 59, 1, '1'),
(34, 9, 'DUID', 'Ovidrel 250 microgram', 69, 1, '1'),
(40, 9, 'DUID', 'Arcoxia 90 mg.', 73, 1, '1'),
(41, 9, 'DUID', 'CEF 3 1 g.IV ', 77, 1, '1'),
(42, 9, 'DUID', 'Dexa Inj. 1 cc ', 80, 2, '1'),
(43, 9, 'DUID', 'Propofol 20 ml *1', 61, 4, '1'),
(44, 9, 'DUID', 'Tramal INJ. 50 mg./1ml.   1x5amp', 97, 1, '1'),
(45, 9, 'DUID', 'Voltaren inj.', 103, 1, '1'),
(46, 9, 'DUID', 'Vomitin Inj.2ml (Plasil)', 94, 1, '1'),
(47, 9, 'DUID', 'Xylocaine 2% For Inj ', 98, 1, '1'),
(48, 9, 'DUID', 'Aspirin 81 mg. ', 74, 15, '1'),
(49, 9, 'DUID', 'Crinone vaginal gel 8% (progesterone)', 70, 15, '1'),
(51, 9, 'DUID', 'Utrogestan 100mg', 64, 30, '1'),
(52, 9, 'LID', 'Beta HCG', 11, 1, '1'),
(53, 9, 'LID', 'Screening', 5, 1, '1'),
(61, 9, 'LID', 'E2', 6, 3, '1'),
(63, 9, 'LID', 'FSH', 8, 1, '1'),
(64, 9, 'LID', 'PROLACTIN', 9, 1, '1'),
(71, 21, 'LID', 'sperm selection XY', 43, 1, '1'),
(74, 10, 'LID', 'E2', 6, 3, '1'),
(80, 15, 'LID', 'E2', 6, 3, '1'),
(81, 15, 'LID', 'PROLACTIN', 9, 1, '1'),
(92, 10, 'LID', 'PROLACTIN', 9, 1, '1'),
(93, 10, 'DUID', 'Arcoxia 90 mg.', 73, 1, '1'),
(94, 10, 'DUID', 'CEF 3 1 g.IV ', 77, 1, '1'),
(95, 10, 'DUID', 'Dexa Inj. 1 cc ', 80, 2, '1'),
(96, 10, 'DUID', 'Propofol 20 ml *1', 61, 4, '1'),
(97, 10, 'DUID', 'Tramal INJ. 50 mg./1ml.   1x5amp', 97, 1, '1'),
(98, 10, 'DUID', 'Voltaren inj.', 103, 1, '1'),
(99, 10, 'DUID', 'Vomitin Inj.2ml (Plasil)', 94, 1, '1'),
(100, 10, 'DUID', 'Xylocaine 2% For Inj ', 98, 1, '1'),
(105, 10, 'DUID', 'Ovidrel 250 microgram', 69, 1, '1'),
(110, 15, 'DUID', 'Ovidrel 250 microgram', 69, 1, '1'),
(112, 15, 'DUID', 'Arcoxia 90 mg.', 73, 1, '1'),
(113, 15, 'DUID', 'CEF 3 1 g.IV ', 77, 1, '1'),
(114, 15, 'DUID', 'Dexa Inj. 1 cc ', 80, 2, '1'),
(115, 15, 'DUID', 'Propofol 20 ml *1', 61, 4, '1'),
(116, 15, 'DUID', 'Tramal INJ. 50 mg./1ml.   1x5amp', 97, 1, '1'),
(117, 15, 'DUID', 'Voltaren inj.', 103, 1, '1'),
(118, 15, 'DUID', 'Vomitin Inj.2ml (Plasil)', 94, 1, '1'),
(119, 15, 'DUID', 'Xylocaine 2% For Inj ', 98, 1, '1'),
(125, 10, 'LID', 'Screening', 5, 1, '1'),
(126, 10, 'DUID', 'Crinone vaginal gel 8% ', 70, 15, '1'),
(128, 10, 'DUID', 'Utrogestan 100mg', 64, 30, '1'),
(130, 10, 'DUID', 'IVF-M 150 IU', 119, 20, '1'),
(131, 10, 'DUID', 'IVF-M 75 IU', 120, 40, '1'),
(132, 15, 'DUID', 'IVF-M 150 IU', 119, 20, '1'),
(133, 15, 'DUID', 'IVF-M 75 IU', 120, 40, '1'),
(134, 15, 'DUID', 'Crinone vaginal gel 8% ', 70, 15, '1'),
(136, 15, 'DUID', 'Utrogestan 100mg', 64, 30, '1'),
(138, 15, 'LID', 'Screening', 5, 1, '1'),
(142, 9, 'LID', 'ET', 23, 1, '1'),
(145, 10, 'LID', 'ET', 23, 1, '1'),
(146, 10, 'LID', 'Beta HCG', 11, 1, '1'),
(147, 10, 'DUID', 'Aspirin 81 mg. ', 74, 15, '1'),
(148, 15, 'DUID', 'Aspirin 81 mg. ', 74, 15, '1'),
(150, 15, 'LID', 'Beta HCG', 11, 1, '1'),
(151, 15, 'LID', 'ET', 23, 1, '1'),
(152, 33, 'DUID', 'Ovidrel 250 microgram', 69, 1, '1'),
(153, 33, 'SID', 'TVS', 59, 1, '1'),
(154, 33, 'DUID', 'Utrogestan 100mg', 64, 28, '1'),
(155, 33, 'LID', 'Beta HCG', 11, 1, '1'),
(156, 33, 'LID', 'IUI', 61, 1, '1'),
(157, 34, 'DUID', 'Ovidrel 250 microgram', 69, 1, '1'),
(158, 34, 'LID', 'IUI', 61, 1, '1'),
(159, 34, 'SID', 'TVS', 59, 1, '1'),
(160, 34, 'DUID', 'Utrogestan 100mg', 64, 28, '1'),
(161, 34, 'LID', 'Beta HCG', 11, 1, '1'),
(162, 35, 'DUID', 'Ovidrel 250 microgram', 69, 1, '1'),
(165, 35, 'DUID', 'Utrogestan 100mg', 64, 28, '1'),
(166, 35, 'LID', 'Beta HCG', 11, 1, '1'),
(168, 36, 'DUID', 'Ovidrel 250 microgram', 69, 1, '1'),
(171, 36, 'DUID', 'Utrogestan 100mg', 64, 28, '1'),
(173, 36, 'LID', 'Beta HCG', 11, 1, '1'),
(175, 24, 'LID', 'Embryo Thawing ', 47, 1, '1'),
(177, 24, 'LID', 'Assisted Hatching', 45, 1, '1'),
(179, 24, 'LID', 'FET', 22, 1, '1'),
(180, 24, 'LID', 'Beta HCG', 11, 1, '1'),
(181, 27, 'LID', 'Freezing Embryo/Oocyte per straw', 62, 8, '1'),
(182, 29, 'LID', 'Freezing Embryo/Oocyte per straw', 62, 4, '1'),
(183, 30, 'LID', 'Freezing Embryo/Oocyte per straw', 62, 4, '1'),
(184, 23, 'DUID', 'Arcoxia 90 mg.', 73, 1, '1'),
(187, 23, 'DUID', 'Neopain 250 mg.(Ponstan)', 89, 10, '1'),
(188, 23, 'DUID', 'Propofol 20 ml *1', 61, 4, '1'),
(190, 23, 'DUID', 'Tylenol 500 mg. ', 92, 20, '1'),
(192, 23, 'DUID', 'Vomitin Inj.2ml (Plasil)', 94, 1, '1'),
(194, 23, 'DUID', 'Follitrope 150 iu', 55, 30, '1'),
(195, 23, 'LID', 'Screening', 5, 1, '1'),
(196, 23, 'SID', 'TVS', 59, 3, '1'),
(197, 23, 'DUID', 'Follitrope 75 iu', 54, 60, '1'),
(198, 23, 'LID', 'E2', 6, 3, '1'),
(199, 23, 'DUID', 'Gonal -F 300IU', 57, 15, '1'),
(200, 23, 'LID', 'FSH', 8, 1, '1'),
(201, 23, 'DUID', 'IVF-M 150 IU', 119, 20, '1'),
(203, 23, 'DUID', 'Menopur 75 IU.  ', 67, 60, '1'),
(205, 23, 'DUID', 'Cetrotide inj.0.25 mg.', 56, 5, '1'),
(206, 23, 'LID', 'PROLACTIN', 9, 1, '1'),
(207, 23, 'DUID', 'Ovidrel 250 microgram', 69, 1, '1'),
(208, 23, 'LID', 'OPU without ICSI', 60, 1, '1'),
(209, 37, 'LID', 'a-CGH in package', 65, 8, '1'),
(211, 38, 'LID', 'Sperm Freezing', 18, 1, '1'),
(214, 6, 'LID', 'CBC', 57, 1, '1'),
(215, 31, 'DUID', 'Tylenol 500 mg. ', 92, 20, '1'),
(216, 31, 'LID', 'TESE, PESA', 66, 1, '1'),
(217, 31, 'DUID', 'Neopain 250 mg.(Ponstan)', 89, 10, '1'),
(218, 31, 'DUID', 'Amoxycillin 500 mg', 83, 20, '1'),
(224, 9, 'LID', 'OPU with ICSI', 60, 1, '1'),
(225, 10, 'LID', 'OPU with ICSI', 60, 1, '1'),
(226, 15, 'LID', 'OPU with ICSI', 60, 1, '1'),
(227, 28, 'LID', 'PGD(10embryos)', 24, 1, '1'),
(229, 24, 'SID', 'TVS', 59, 1, '1'),
(230, 9, 'DUID', 'Diphereline 0.1 mg', 128, 2, '1'),
(232, 9, 'DUID', 'Ponstan (Neopain 250 mg.)', 89, 10, '1'),
(233, 10, 'DUID', 'Diphereline 0.1 mg', 128, 2, '1'),
(234, 10, 'DUID', 'Ponstan (Neopain 250 mg.)', 89, 10, '1'),
(236, 15, 'DUID', 'Diphereline 0.1 mg', 128, 2, '1'),
(237, 15, 'DUID', 'Ponstan (Neopain 250 mg.)', 89, 10, '1'),
(240, 23, 'DUID', 'IVF-M 75 IU', 120, 40, '1'),
(242, 37, 'SID', 'No med, No DF', 13, 100, '1'),
(255, 34, 'SID', 'No med, No DF', 13, 1, '1'),
(256, 33, 'SID', 'No med, No DF', 13, 1, '1'),
(258, 28, 'SID', 'No med, No DF', 13, 1, '1'),
(260, 31, 'SID', 'No med, No DF', 13, 1, '1'),
(262, 39, 'LID', 'Screening', 5, 1, '1'),
(263, 39, 'SID', 'TVS', 59, 1, '1'),
(264, 40, 'LID', 'Screening', 5, 1, '1'),
(265, 40, 'SID', 'TVS', 59, 1, '1'),
(267, 24, 'SID', 'DF ET', 47, 1, '1'),
(268, 9, 'SID', 'DF OPU', 46, 1, '1'),
(269, 9, 'SID', 'DF ET', 47, 1, '1'),
(270, 9, 'SID', 'DF Anesthesia', 48, 2, '1'),
(271, 10, 'SID', 'DF OPU', 46, 1, '1'),
(272, 10, 'SID', 'DF ET', 47, 1, '1'),
(273, 10, 'SID', 'DF Anesthesia', 48, 2, '1'),
(274, 15, 'SID', 'DF OPU', 46, 1, '1'),
(275, 15, 'SID', 'DF ET', 47, 1, '1'),
(276, 15, 'SID', 'DF Anesthesia', 48, 2, '1'),
(277, 36, 'SID', 'DF IUI', 51, 1, '1'),
(278, 35, 'SID', 'DF IUI', 51, 1, '1'),
(279, 34, 'SID', 'DF IUI', 51, 1, '1'),
(280, 33, 'SID', 'DF IUI', 51, 1, '1'),
(281, 23, 'SID', 'DF OPU', 46, 1, '1'),
(282, 28, 'SID', 'DF Biopsy', 49, 1, '1'),
(283, 31, 'SID', 'DF Biopsy', 49, 1, '1'),
(297, 43, 'DUID', 'Utrogestan 100mg', 64, 30, '1'),
(298, 43, 'DUID', 'Arcoxia 120 mg.', 73, 1, '1'),
(299, 43, 'LID', 'E2', 6, 3, '1'),
(301, 43, 'DUID', 'Aspirin 81 mg. ', 74, 15, '1'),
(302, 43, 'LID', 'ET', 23, 1, '1'),
(303, 43, 'SID', 'DF Anesthesia', 48, 2, '1'),
(304, 43, 'DUID', 'CEF 3 1 g.IV ', 77, 1, '1'),
(306, 43, 'SID', 'DF ET', 47, 1, '1'),
(307, 43, 'DUID', 'Crinone vaginal gel 8% ', 70, 15, '1'),
(309, 43, 'SID', 'DF OPU', 46, 1, '1'),
(310, 43, 'DUID', 'Dexa Inj. 1 cc ', 80, 2, '1'),
(311, 43, 'LID', 'OPU with ICSI', 60, 1, '1'),
(313, 43, 'DUID', 'Diphereline 0.1 mg', 128, 2, '1'),
(314, 43, 'LID', 'PROLACTIN', 9, 1, '1'),
(316, 43, 'LID', 'Screening', 5, 1, '1'),
(319, 43, 'DUID', 'IVF-M 75 IU', 120, 40, '1'),
(321, 43, 'DUID', 'Menopur 75 IU.  ', 67, 1, '1'),
(322, 43, 'DUID', 'Ovidrel 250 microgram', 69, 1, '1'),
(323, 43, 'DUID', 'Ponstan (Neopain 250 mg.)', 89, 10, '1'),
(325, 43, 'DUID', 'Propofol 20 ml *1', 61, 4, '1'),
(326, 43, 'DUID', 'Tramal inj.', 97, 1, '1'),
(330, 43, 'DUID', 'Voltaren inj.', 103, 1, '1'),
(331, 43, 'DUID', 'Vomitin Inj.2ml (Plasil)', 94, 1, '1'),
(332, 43, 'DUID', 'Xylocaine 2% For Inj ', 98, 1, '1'),
(333, 43, 'LID', 'Beta HCG', 11, 1, '1'),
(335, 44, 'LID', 'First semester screening Down\'s syndrome', 73, 1, '1'),
(338, 44, 'SID', 'Ultrasound between 10-12 weeks', 53, 1, '1'),
(340, 44, 'SID', 'Ultrasound between 12-18 weeks', 54, 1, '1'),
(348, 44, 'DUID', 'Senokot ', 109, 50, '1'),
(349, 44, 'DUID', 'Vitamin B complex', 130, 50, '1'),
(354, 45, 'LID', 'First semester screening Down\'s syndrome', 73, 1, '1'),
(355, 45, 'SID', 'TVS under 10 weeks', 39, 1, '1'),
(357, 45, 'SID', 'Ultrasound between 10-12 weeks', 53, 1, '1'),
(359, 45, 'SID', 'Ultrasound between 12-18 weeks', 54, 1, '1'),
(365, 45, 'DUID', 'Senokot ', 109, 50, '1'),
(366, 45, 'DUID', 'Vitamin B complex', 130, 50, '1'),
(367, 45, 'DUID', 'Vitamin C', 133, 50, '1'),
(371, 46, 'SID', 'DF OPU', 46, 1, '1'),
(373, 46, 'SID', 'TVS', 59, 2, '1'),
(375, 46, 'SID', 'DF Anesthesia', 48, 1, '1'),
(378, 23, 'DUID', 'Ponstan (Neopain 250 mg.)', 89, 10, '1'),
(379, 23, 'DUID', 'CEF 3 1 g.IV ', 77, 1, '1'),
(380, 23, 'DUID', 'Arcoxia 120 mg.', 73, 1, '1'),
(381, 23, 'DUID', 'Onsia inj.', 153, 1, '1'),
(382, 23, 'DUID', 'Fentanyl inj.', 154, 1, '1'),
(387, 47, 'LID', 'Assisted Hatching', 45, 1, '1'),
(388, 47, 'SID', 'DF ET', 47, 1, '1'),
(389, 47, 'LID', 'Beta HCG', 11, 1, '1'),
(391, 47, 'LID', 'Embryo Thawing ', 47, 1, '1'),
(392, 47, 'SID', 'TVS', 59, 1, '1'),
(393, 47, 'LID', 'FET', 22, 1, '1'),
(396, 48, 'DUID', 'CEF 3 1 g.IV ', 77, 1, '1'),
(398, 48, 'DUID', 'Neopain 250 mg.(Ponstan)', 89, 10, '1'),
(400, 48, 'DUID', 'Propofol 20 ml *1', 61, 4, '1'),
(402, 48, 'DUID', 'Voltaren inj.', 103, 1, '1'),
(403, 48, 'DUID', 'Xylocaine 2% For Inj ', 98, 1, '1'),
(405, 48, 'LID', 'Beta HCG', 11, 1, '1'),
(406, 48, 'SID', 'DF Anesthesia', 48, 1, '1'),
(407, 48, 'DUID', 'Aspirin 81 mg. ', 74, 15, '1'),
(408, 48, 'LID', 'ET', 23, 1, '1'),
(409, 48, 'SID', 'DF ET', 47, 1, '1'),
(410, 48, 'DUID', 'Crinone vaginal gel 8% ', 70, 15, '1'),
(411, 48, 'LID', 'OPU with ICSI', 60, 1, '1'),
(412, 48, 'SID', 'DF OPU', 46, 1, '1'),
(413, 48, 'DUID', 'Dexa Inj. 1 cc ', 80, 2, '1'),
(415, 48, 'DUID', 'Ovidrel 250 microgram', 69, 1, '1'),
(417, 48, 'DUID', 'Tramal inj.', 97, 1, '1'),
(418, 48, 'DUID', 'Utrogestan 100mg', 64, 30, '1'),
(419, 48, 'DUID', 'Vomitin Inj.2ml (Plasil)', 94, 1, '1'),
(422, 49, 'DUID', 'Duphaston 10 mg ', 58, 40, '1'),
(424, 49, 'DUID', 'Utrogestan (Insert)', 158, 60, '1'),
(425, 49, 'LID', 'Assisted Hatching', 45, 1, '1'),
(427, 49, 'LID', 'Beta HCG', 11, 1, '1'),
(428, 49, 'SID', 'DF ET', 47, 1, '1'),
(429, 49, 'LID', 'Embryo Thawing ', 47, 1, '1'),
(431, 49, 'LID', 'FET', 22, 1, '1'),
(466, 51, 'LID', 'Screening', 5, 1, '1'),
(468, 44, 'DUID', 'Calcium Plus (Calvin plus)', 76, 150, '1'),
(469, 44, 'DUID', 'Crinone vaginal gel 8% ', 70, 60, '1'),
(470, 44, 'DUID', 'Dramamine(Dimenhydrinate)', 81, 100, '1'),
(471, 44, 'DUID', 'Ferli-6 ', 84, 150, '1'),
(472, 44, 'DUID', 'Folic Acid ', 104, 100, '1'),
(473, 44, 'DUID', 'MTV (Multivitamin)', 59, 150, '1'),
(474, 44, 'DUID', 'Obimin-AZ', 111, 150, '1'),
(475, 44, 'DUID', 'Proluton Depot', 100, 3, '1'),
(476, 44, 'DUID', 'TT bio (bio-tt) 0.5 ml', 96, 2, '1'),
(477, 44, 'DUID', 'Utrogestan 100mg', 64, 120, '1'),
(478, 44, 'SID', 'TVS under 10 weeks', 39, 2, '1'),
(479, 44, 'SID', 'Ultrasound 4D', 56, 2, '1'),
(480, 44, 'SID', 'Ultrasound more than 18 weeks', 55, 10, '1'),
(481, 45, 'DUID', 'Calcium Plus (Calvin plus)', 76, 150, '1'),
(482, 45, 'DUID', 'Dramamine(Dimenhydrinate)', 81, 60, '1'),
(483, 45, 'DUID', 'Ferli-6 ', 84, 150, '1'),
(484, 45, 'DUID', 'Folic Acid ', 104, 150, '1'),
(485, 45, 'DUID', 'MTV (Multivitamin)', 59, 150, '1'),
(486, 45, 'DUID', 'Obimin-AZ', 111, 150, '1'),
(487, 45, 'DUID', 'TT bio (bio-tt) 0.5 ml', 96, 2, '1'),
(488, 45, 'SID', 'Ultrasound 4D', 56, 2, '1'),
(489, 45, 'SID', 'Ultrasound more than 18 weeks', 55, 10, '1'),
(490, 46, 'DUID', 'Ovidrel 250 microgram', 69, 1, '1'),
(491, 46, 'LID', 'E2', 6, 2, '1'),
(492, 46, 'LID', 'LH', 7, 2, '1'),
(494, 49, 'DUID', 'Aspirin 81 mg. ', 74, 30, '1'),
(495, 49, 'SID', 'TVS ', 59, 3, '1'),
(496, 49, 'DUID', 'Climara 50  ', 68, 9, '1'),
(499, 9, 'DUID', 'Cetrotide inj.0.25 mg.', 56, 3, '1'),
(500, 9, 'DUID', 'Follitrope 150 iu', 55, 20, '1'),
(501, 9, 'DUID', 'Follitrope 75 iu', 54, 10, '1'),
(502, 9, 'DUID', 'Gonal -F 300IU', 57, 10, '1'),
(503, 9, 'DUID', 'IVF-M 150 IU', 119, 10, '1'),
(504, 9, 'DUID', 'IVF-M 75 IU', 120, 10, '1'),
(505, 9, 'DUID', 'Menopur 75 IU.  ', 67, 10, '1'),
(506, 9, 'LID', 'LH', 7, 3, '1'),
(507, 10, 'DUID', 'Cetrotide inj.0.25 mg.', 56, 3, '1'),
(509, 10, 'DUID', 'Follitrope 150 iu', 55, 30, '1'),
(510, 10, 'DUID', 'Follitrope 75 iu', 54, 20, '1'),
(511, 10, 'DUID', 'Gonal -F 300IU', 57, 20, '1'),
(512, 10, 'DUID', 'Menopur 75 IU.  ', 67, 20, '1'),
(513, 10, 'LID', 'FSH', 8, 3, '1'),
(514, 10, 'LID', 'LH', 7, 3, '1'),
(515, 15, 'DUID', 'Follitrope 150 iu', 55, 40, '1'),
(516, 15, 'SID', 'TVS ', 59, 5, '1'),
(517, 15, 'DUID', 'Follitrope 75 iu', 54, 30, '1'),
(518, 15, 'DUID', 'Gonal -F 300IU', 57, 40, '1'),
(519, 15, 'DUID', 'Menopur 75 IU.  ', 67, 40, '1'),
(520, 15, 'LID', 'FSH', 8, 3, '1'),
(521, 15, 'LID', 'LH', 7, 3, '1'),
(522, 43, 'DUID', 'Follitrope 150 iu', 55, 40, '1'),
(523, 43, 'SID', 'TVS ', 59, 5, '1'),
(524, 43, 'DUID', 'Follitrope 75 iu', 54, 30, '1'),
(525, 43, 'DUID', 'Gonal -F 300IU', 57, 40, '1'),
(526, 43, 'DUID', 'IVF-M 150 IU', 119, 30, '1'),
(527, 43, 'LID', 'FSH', 8, 3, '1'),
(528, 43, 'LID', 'LH', 7, 3, '1'),
(529, 36, 'SID', 'TVS ', 59, 2, '1'),
(530, 35, 'SID', 'TVS ', 59, 2, '1'),
(531, 23, 'LID', 'LH', 7, 3, '1'),
(532, 9, 'DUID', 'Orgalutran 0.25 mg ', 137, 3, '1'),
(533, 9, 'DUID', 'Suprefact injectable ', 147, 1, '1'),
(534, 9, 'DUID', 'Fentanyl inj.', 154, 1, '1'),
(535, 10, 'DUID', 'Orgalutran 0.25 mg ', 137, 3, '1'),
(536, 10, 'DUID', 'Suprefact injectable ', 147, 1, '1'),
(537, 10, 'DUID', 'Fentanyl inj.', 154, 1, '1'),
(538, 15, 'DUID', 'Orgalutran 0.25 mg ', 137, 3, '1'),
(539, 15, 'DUID', 'Suprefact injectable ', 147, 1, '1'),
(540, 15, 'DUID', 'Fentanyl inj.', 154, 1, '1'),
(541, 43, 'DUID', 'Orgalutran 0.25 mg ', 137, 3, '1'),
(542, 43, 'DUID', 'Suprefact injectable ', 147, 1, '1'),
(543, 43, 'DUID', 'Fentanyl inj.', 154, 1, '1'),
(545, 46, 'DUID', 'CEF 3 1 g.IV ', 77, 1, '1'),
(546, 46, 'DUID', 'Arcoxia 90 mg.', 164, 1, '1'),
(547, 46, 'DUID', 'Xylocaine 2% For Inj ', 98, 1, '1'),
(548, 46, 'DUID', 'Aspirin 81 mg. ', 74, 15, '1'),
(549, 46, 'DUID', 'Dexa Inj. 1 cc ', 80, 2, '1'),
(550, 46, 'DUID', 'Tylenol 500 mg. ', 92, 20, '1'),
(551, 46, 'DUID', 'Voltaren inj. IV&IM', 103, 1, '1'),
(552, 46, 'DUID', 'Propofol 20 ml *1', 61, 4, '1'),
(553, 46, 'DUID', 'Tramal inj.', 97, 1, '1'),
(554, 46, 'DUID', 'Ponstan (Neopain 250 mg.)', 89, 10, '1'),
(555, 46, 'DUID', 'Fentanyl inj.', 154, 1, '1'),
(556, 46, 'DUID', 'Vomitin Inj.2ml (Plasil)', 94, 1, '1'),
(558, 46, 'DUID', 'Onsia inj.', 153, 1, '1'),
(565, 52, 'DUID', 'Arcoxia 120 mg.', 73, 1, '1'),
(566, 52, 'DUID', 'CEF 3 1 g.IV ', 77, 1, '1'),
(567, 52, 'DUID', 'Fentanyl inj.', 154, 1, '1'),
(568, 52, 'DUID', 'Neopain 250 mg.(Ponstan)', 89, 10, '1'),
(569, 52, 'DUID', 'Onsia inj.', 153, 1, '1'),
(570, 52, 'DUID', 'Propofol 20 ml *1', 61, 4, '1'),
(571, 52, 'DUID', 'Tylenol 500 mg. ', 92, 20, '1'),
(573, 52, 'DUID', 'Xylocaine 2% For Inj ', 98, 1, '1'),
(574, 49, 'DUID', 'Utrogestan (Insert) 200mg', 161, 45, '1'),
(577, 47, 'DUID', 'Utrogestan (Insert) 200mg', 161, 45, '1'),
(580, 54, 'LID', 'Screening', 5, 1, '1'),
(581, 54, 'SID', 'TVS ', 59, 1, '1'),
(582, 54, 'DUID', 'Progynova 2 mg.', 90, 84, '1'),
(584, 48, 'DUID', 'Progynova 2 mg.', 90, 30, '1'),
(585, 9, 'DUID', 'Progynova 2 mg.', 90, 30, '1'),
(586, 10, 'DUID', 'Progynova 2 mg.', 90, 30, '1'),
(587, 15, 'DUID', 'Progynova 2 mg.', 90, 30, '1'),
(588, 43, 'DUID', 'Progynova 2 mg.', 90, 30, '1'),
(589, 46, 'DUID', 'Diphereline 0.1 mg', 128, 2, '1'),
(590, 48, 'DUID', 'Vitamin C', 133, 30, '1'),
(591, 48, 'DUID', 'Folic Acid ', 104, 30, '1'),
(592, 9, 'DUID', 'Vitamin C', 133, 30, '1'),
(593, 9, 'DUID', 'Folic Acid ', 104, 30, '1'),
(594, 10, 'DUID', 'Vitamin C', 133, 30, '1'),
(595, 10, 'DUID', 'Folic Acid ', 104, 30, '1'),
(596, 15, 'DUID', 'Vitamin C', 133, 30, '1'),
(597, 15, 'DUID', 'Folic Acid ', 104, 30, '1'),
(598, 43, 'DUID', 'Vitamin C', 133, 30, '1'),
(599, 43, 'DUID', 'Folic Acid ', 104, 30, '1'),
(603, 24, 'DUID', 'Folic Acid ', 104, 15, '1'),
(607, 47, 'DUID', 'Vitamin C', 133, 15, '1'),
(608, 49, 'DUID', 'Progynova 2 mg.', 90, 30, '1'),
(609, 49, 'DUID', 'Folic Acid ', 104, 15, '1'),
(610, 49, 'DUID', 'Vitamin C', 133, 15, '1'),
(611, 56, 'SID', 'No med, No DF', 13, 1, '1'),
(715, 15, 'DUID', 'Cetrotide inj.0.25 mg.', 56, 3, '1'),
(716, 9, 'SID', 'TVS ', 59, 3, '1'),
(717, 10, 'SID', 'TVS ', 59, 4, '1'),
(718, 43, 'DUID', 'Cetrotide inj.0.25 mg.', 56, 3, '1'),
(719, 65, 'DUID', 'Arcoxia 120 mg.', 73, 1, '1'),
(720, 65, 'DUID', 'CEF 3 1 g.IV ', 77, 1, '1'),
(721, 65, 'DUID', 'Fentanyl inj.', 154, 1, '1'),
(722, 65, 'DUID', 'Neopain 250 mg.(Ponstan)', 89, 10, '1'),
(723, 65, 'DUID', 'Onsia inj.', 153, 1, '1'),
(724, 65, 'DUID', 'Propofol 20 ml *1', 61, 4, '1'),
(725, 65, 'DUID', 'Tylenol 500 mg. ', 92, 20, '1'),
(726, 65, 'DUID', 'Xylocaine 2% For Inj ', 98, 1, '1'),
(727, 65, 'DUID', '', 63, 1, '1'),
(729, 65, 'LID', 'PGD(10embryos)', 24, 2, '1'),
(730, 65, 'LID', 'Freezing : Embryos Blast(8S)', 34, 2, '1'),
(731, 65, 'LID', 'Embryo Thawing ', 47, 2, '1'),
(732, 65, 'LID', 'Embryo Transfer', 154, 2, '1'),
(733, 65, 'DUID', 'Aspirin 81 mg. ', 74, 15, '1'),
(734, 65, 'DUID', 'Crinone vaginal gel 8% (progesterone)', 70, 15, '1'),
(735, 65, 'DUID', 'Folic Acid ', 104, 15, '1'),
(736, 65, 'DUID', 'Progynova 2 mg.', 90, 30, '1'),
(737, 65, 'DUID', 'Utrogestan 100mg', 64, 30, '1'),
(738, 65, 'DUID', 'Vitamin C', 133, 15, '1'),
(739, 65, 'DUID', 'Aspirin 81 mg. ', 74, 15, '1'),
(740, 65, 'DUID', 'Duphaston 10 mg ', 58, 45, '1'),
(741, 65, 'DUID', 'Folic Acid ', 104, 15, '1'),
(742, 65, 'DUID', 'Progynova 2 mg.', 90, 45, '1'),
(743, 65, 'DUID', 'Utrogestan (Insert) 200mg', 161, 45, '1'),
(744, 65, 'DUID', 'Vitamin C', 133, 15, '1'),
(745, 66, 'DUID', 'Arcoxia 120 mg.', 73, 1, '1'),
(746, 66, 'DUID', 'CEF 3 1 g.IV ', 77, 1, '1'),
(747, 66, 'DUID', 'Fentanyl inj.', 154, 1, '1'),
(748, 66, 'DUID', 'Neopain 250 mg.(Ponstan)', 89, 10, '1'),
(749, 66, 'DUID', 'Onsia inj.', 153, 1, '1'),
(750, 66, 'DUID', 'Propofol 20 ml *1', 61, 4, '1'),
(751, 66, 'DUID', 'Tylenol 500 mg. ', 92, 20, '1'),
(752, 66, 'DUID', 'Xylocaine 2% For Inj ', 98, 1, '1'),
(753, 66, 'DUID', 'Aspirin 81 mg. ', 74, 15, '1'),
(754, 66, 'DUID', 'Crinone vaginal gel 8% (progesterone)', 70, 15, '1'),
(755, 66, 'DUID', 'Folic Acid ', 104, 15, '1'),
(756, 66, 'DUID', 'Progynova 2 mg.', 90, 30, '1'),
(757, 66, 'DUID', 'Utrogestan 100mg', 64, 30, '1'),
(758, 66, 'DUID', 'Vitamin C', 133, 15, '1'),
(759, 66, 'DUID', 'Aspirin 81 mg. ', 74, 15, '1'),
(760, 66, 'DUID', 'Duphaston 10 mg ', 58, 45, '1'),
(761, 66, 'DUID', 'Folic Acid ', 104, 15, '1'),
(762, 66, 'DUID', 'Progynova 2 mg.', 90, 45, '1'),
(763, 66, 'DUID', 'Utrogestan (Insert) 200mg', 161, 45, '1'),
(764, 66, 'DUID', 'Vitamin C', 133, 15, '1'),
(765, 66, 'LID', 'a-CGH (8embryos) on D5', 54, 1, '1'),
(766, 66, 'LID', 'Freezing : Embryos Blast(8S)', 34, 2, '1'),
(767, 66, 'LID', 'Embryo Thawing ', 47, 2, '1'),
(768, 66, 'LID', 'Embryo Transfer', 154, 2, '1'),
(769, 9, 'DUID', 'Follitrope Prefilled syringe 150 IU', 192, 20, '1'),
(770, 9, 'DUID', 'Follitrope Prefilled syringe 225 IU', 193, 20, '1'),
(771, 9, 'DUID', 'Pregnyl 1500 IU', 196, 1, '1'),
(772, 9, 'DUID', 'Pregnyl 5000 IU', 197, 1, '1'),
(773, 10, 'DUID', 'Follitrope Prefilled syringe 150 IU', 192, 20, '1'),
(775, 10, 'DUID', 'Pregnyl 1500 IU', 196, 1, '1'),
(776, 10, 'DUID', 'Pregnyl 5000 IU', 197, 1, '1'),
(777, 15, 'DUID', 'Follitrope Prefilled syringe 150 IU', 192, 20, '1'),
(779, 15, 'DUID', 'Pregnyl 1500 IU', 196, 1, '1'),
(780, 15, 'DUID', 'Pregnyl 5000 IU', 197, 1, '1'),
(781, 43, 'DUID', 'Follitrope Prefilled syringe 150 IU', 192, 20, '1'),
(782, 10, 'DUID', 'Follitrope Prefilled syringe 225 IU', 193, 30, '1'),
(783, 15, 'DUID', 'Follitrope Prefilled syringe 225 IU', 193, 40, '1'),
(784, 43, 'DUID', 'Follitrope Prefilled syringe 225 IU', 193, 40, '1'),
(785, 43, 'DUID', 'Pregnyl 1500 IU', 196, 1, '1'),
(786, 43, 'DUID', 'Pregnyl 5000 IU', 197, 1, '1'),
(788, 23, 'DUID', 'Follitrope Prefilled syringe 225 IU', 193, 30, '1'),
(789, 23, 'DUID', 'Pregnyl 1500 IU', 196, 1, '1'),
(790, 23, 'DUID', 'Pregnyl 5000 IU', 197, 1, '1'),
(791, 38, 'LID', 'Screening', 5, 1, '1'),
(794, 38, 'LID', 'Sperm Analysis', 14, 1, '1'),
(796, 48, 'DUID', 'CEF 3 1 g.IV ', 77, 1, '1'),
(797, 48, 'DUID', 'Fentanyl inj.', 154, 1, '1'),
(798, 48, 'DUID', 'Onsia inj.', 153, 1, '1'),
(799, 48, 'DUID', 'Ponstan (Neopain 500 mg.)', 89, 10, '1'),
(800, 48, 'DUID', 'Propofol 20 ml *1', 61, 4, '1'),
(802, 48, 'DUID', 'Xylocaine 2% For Inj ', 98, 1, '1'),
(803, 48, 'DUID', 'Tylenol 500 mg. ', 92, 10, '1'),
(804, 9, 'DUID', 'Arcoxia 120 mg.', 73, 1, '1'),
(805, 9, 'DUID', 'CEF 3 1 g.IV ', 77, 1, '1'),
(806, 9, 'DUID', 'Fentanyl inj.', 154, 1, '1'),
(807, 9, 'DUID', 'Onsia inj.', 153, 1, '1'),
(808, 9, 'DUID', 'Ponstan (Neopain 500 mg.)', 89, 10, '1'),
(809, 9, 'DUID', 'Propofol 20 ml *1', 61, 4, '1'),
(811, 9, 'DUID', 'Xylocaine 2% For Inj ', 98, 1, '1'),
(812, 9, 'DUID', 'Tylenol 500 mg. ', 92, 10, '1'),
(813, 10, 'DUID', 'Arcoxia 120 mg.', 73, 1, '1'),
(814, 10, 'DUID', 'CEF 3 1 g.IV ', 77, 1, '1'),
(815, 10, 'DUID', 'Fentanyl inj.', 154, 1, '1'),
(816, 10, 'DUID', 'Onsia inj.', 153, 1, '1'),
(817, 10, 'DUID', 'Ponstan (Neopain 500 mg.)', 89, 10, '1'),
(818, 10, 'DUID', 'Propofol 20 ml *1', 61, 4, '1'),
(820, 10, 'DUID', 'Xylocaine 2% For Inj ', 98, 1, '1'),
(821, 10, 'DUID', 'Tylenol 500 mg. ', 92, 10, '1'),
(822, 15, 'DUID', 'Arcoxia 120 mg.', 73, 1, '1'),
(823, 15, 'DUID', 'CEF 3 1 g.IV ', 77, 1, '1'),
(824, 15, 'DUID', 'Fentanyl inj.', 154, 1, '1'),
(825, 15, 'DUID', 'Onsia inj.', 153, 1, '1'),
(826, 15, 'DUID', 'Ponstan (Neopain 500 mg.)', 89, 10, '1'),
(827, 15, 'DUID', 'Propofol 20 ml *1', 61, 4, '1'),
(829, 15, 'DUID', 'Xylocaine 2% For Inj ', 98, 1, '1'),
(830, 15, 'DUID', 'Tylenol 500 mg. ', 92, 10, '1'),
(831, 43, 'DUID', 'Arcoxia 120 mg.', 73, 1, '1'),
(832, 43, 'DUID', 'CEF 3 1 g.IV ', 77, 1, '1'),
(833, 43, 'DUID', 'Fentanyl inj.', 154, 1, '1'),
(834, 43, 'DUID', 'Onsia inj.', 153, 1, '1'),
(835, 43, 'DUID', 'Ponstan (Neopain 500 mg.)', 89, 10, '1'),
(836, 43, 'DUID', 'Propofol 20 ml *1', 61, 4, '1'),
(838, 43, 'DUID', 'Xylocaine 2% For Inj ', 98, 1, '1'),
(839, 43, 'DUID', 'Tylenol 500 mg. ', 92, 10, '1'),
(840, 48, 'DUID', 'Arcoxia 120 mg.', 73, 1, '1'),
(841, 48, 'DUID', 'CEF 3 1 g.IV ', 77, 1, '1'),
(842, 48, 'DUID', 'Fentanyl inj.', 154, 1, '1'),
(843, 48, 'DUID', 'Onsia inj.', 153, 1, '1'),
(844, 48, 'DUID', 'Ponstan (Neopain 500 mg.)', 89, 10, '1'),
(845, 48, 'DUID', 'Propofol 20 ml *1', 61, 4, '1'),
(847, 48, 'DUID', 'Xylocaine 2% For Inj ', 98, 1, '1'),
(849, 24, 'DUID', 'Aspirin 81 mg. ', 74, 15, '1'),
(850, 24, 'DUID', 'Duphaston 10 mg ', 58, 45, '1'),
(852, 24, 'DUID', 'Progynova 2 mg.', 90, 45, '1'),
(853, 24, 'DUID', 'Utrogestan (Insert) 200mg', 161, 60, '1'),
(854, 24, 'DUID', 'Vitamin C', 133, 15, '1'),
(856, 47, 'DUID', 'Aspirin 81 mg. ', 74, 15, '1'),
(857, 47, 'DUID', 'Duphaston 10 mg ', 58, 45, '1'),
(858, 47, 'DUID', 'Folic Acid ', 104, 15, '1'),
(859, 47, 'DUID', 'Progynova 2 mg.', 90, 45, '1'),
(861, 47, 'DUID', 'Vitamin C', 133, 15, '1'),
(862, 62, 'LID', 'Anti-HAV', 168, 168, '1'),
(863, 56, 'DUID', 'Amoxycillin 500 mg', 83, 83, '1'),
(864, 56, 'DUID', 'Air-X', 114, 1, '1'),
(865, 0, 'LID', 'ANA (ANF,FANA)', 96, 0, '1'),
(866, 78, 'LID', 'a-CGH (8embryos) on D5', 54, 1, '1'),
(867, 78, 'SID', 'a-CGH : Extra per embryo', 105, 1, '1'),
(868, 78, 'DUID', 'Air-X', 114, 1, '1');

-- --------------------------------------------------------

--
-- Table structure for table `PackageHeader`
--

CREATE TABLE `PackageHeader` (
  `PCKID` int(11) NOT NULL,
  `PackageName` varchar(250) COLLATE utf8_unicode_ci NOT NULL,
  `Price` decimal(10,0) NOT NULL DEFAULT '0',
  `active` varchar(45) COLLATE utf8_unicode_ci DEFAULT '1'
) ENGINE=InnoDB DEFAULT CHARSET=utf8 COLLATE=utf8_unicode_ci;

--
-- Dumping data for table `PackageHeader`
--

INSERT INTO `PackageHeader` (`PCKID`, `PackageName`, `Price`, `active`) VALUES
(6, 'Blood screening Female', '4000', '1'),
(9, 'ICSI stimulation OPU, ET, B-HCG age under 32 years', '250000', '1'),
(10, 'ICSI stimulation OPU, ET, B-HCG age under 33-37 years', '270000', '1'),
(15, 'ICSI stimulation OPU, ET, B-HCG age under 38-39 years', '290000', '1'),
(21, 'Sperm selection XY', '4000', '1'),
(23, 'Package Oocyte Pick-Up', '200000', '1'),
(24, 'FET with Assisted Hatching (Dr. T)', '50000', '1'),
(27, 'Freezing Embryo Blast(8E,8S)', '30000', '1'),
(28, 'PGD (Maximum 10 embryos)', '100000', '1'),
(29, 'Freezing D3 (16E,4S)', '20000', '1'),
(30, 'Freezing Oocyte (12E,4S)', '30000', '1'),
(31, 'TESE/PESA', '35000', '1'),
(33, 'IUI Normal for Thai', '15000', '1'),
(34, 'IUI Normal for foreiger', '30000', '1'),
(35, 'IUI gender for Thai', '18000', '1'),
(36, 'IUI gender for foreiger', '38000', '1'),
(37, 'a-CGH (maximum 8 embryos)', '160000', '1'),
(38, 'Frozen Sperm Package', '9000', '1'),
(39, 'SM: Screening package', '4000', '1'),
(40, 'ED: Screening package', '4000', '1'),
(43, 'ICSI stimulation OPU, ET, B-HCG age upper 40 years', '310000', '1'),
(44, 'ANC after Beta-HCG positive', '80000', '1'),
(45, 'ANC after find heart beat', '70000', '1'),
(46, 'Caucasian Donor', '135000', '1'),
(47, 'FET with Assisted Hatching (Dr. Visut)', '50000', '1'),
(48, 'ICSI no stimulation OPU, ET, B-HCG ', '190000', '1'),
(49, 'FET with Assisted Hatching Special (Dr. Visut) ', '57000', '1'),
(51, 'Blood screening Male', '3500', '1'),
(52, 'LVR', '120000', '1'),
(53, 'Package: Egg sharing', '110000', '1'),
(54, 'Prepare Patient Package', '8000', '1'),
(56, 'a - CGH 4 embryos', '120000', '1'),
(61, 'Freezing Sperm PRECAITION CASE', '185000', '1'),
(62, 'LVR', '100000', '1'),
(65, 'Two times stimulation (PGD)', '700000', '1'),
(66, 'Two times stimulation (CGH)', '750000', '1'),
(67, 'Re-biopsy a-CGH 1 embryo', '25000', '1'),
(68, 'ICSI Egg Frozen 2PN+Culture-D5', '95000', '1'),
(69, 'NGS 10 embryos', '150000', '1'),
(70, 'NGS (maximum 10 embryos)', '150000', '1'),
(71, 'NGS 5 embryos', '100000', '1'),
(72, 'Egg Freezing: Stimulation,OPU,Freezing(12eggs/4straw under 35Yrs', '200000', '1'),
(73, 'Egg Freezing: Stimulation,OPU,Freezing(12eggs/4straw upper 35Yrs', '220000', '1'),
(74, 'Egg Stimulation - OPU other center', '120000', '1'),
(75, 'NGS with Thalassemia 5 embryos', '150000', '1'),
(76, 'NGS Day5 (13,16,18,21,22,XY)', '150000', '1'),
(77, 'NGS Day5 (13,16,18,21,22,XY) 5 EMB', '100000', '1'),
(78, 'test package', '50000', '1');

-- --------------------------------------------------------

--
-- Table structure for table `PackageSellThru`
--

CREATE TABLE `PackageSellThru` (
  `STID` int(11) NOT NULL,
  `SellThru` varchar(250) DEFAULT NULL
) ENGINE=InnoDB DEFAULT CHARSET=latin1;

--
-- Dumping data for table `PackageSellThru`
--

INSERT INTO `PackageSellThru` (`STID`, `SellThru`) VALUES
(1, 'Walk-in'),
(2, 'K. ADDY'),
(3, 'K. SAM'),
(4, 'K. Kung'),
(5, 'Dr. Titikorn'),
(6, 'AJ');

-- --------------------------------------------------------

--
-- Table structure for table `PackageSold`
--

CREATE TABLE `PackageSold` (
  `PCKSID` int(11) NOT NULL,
  `PID` int(11) DEFAULT NULL,
  `SellThruID` tinyint(1) DEFAULT NULL,
  `PCKID` int(11) DEFAULT NULL,
  `PackageName` varchar(250) DEFAULT NULL,
  `Price` decimal(10,0) DEFAULT NULL,
  `Date` date DEFAULT NULL,
  `PaymentTimes` tinyint(1) DEFAULT NULL,
  `Status` tinyint(1) DEFAULT '0' COMMENT '1 -> Add Pack, 2 -> Confirm Pack, 3 -> Pack Finish ',
  `Payment1` decimal(10,0) DEFAULT NULL,
  `Payment2` decimal(10,0) DEFAULT NULL,
  `Payment3` decimal(10,0) DEFAULT NULL,
  `Payment4` decimal(10,0) DEFAULT NULL,
  `P1BDetailID` int(11) DEFAULT '0',
  `P2BDetailID` int(11) DEFAULT '0',
  `P3BDetailID` int(11) DEFAULT '0',
  `P4BDetailID` int(11) DEFAULT '0',
  `VN` bigint(20) DEFAULT NULL,
  `row1` int(11) DEFAULT NULL,
  `payment_times` varchar(45) DEFAULT NULL
) ENGINE=InnoDB DEFAULT CHARSET=latin1;

--
-- Dumping data for table `PackageSold`
--

INSERT INTO `PackageSold` (`PCKSID`, `PID`, `SellThruID`, `PCKID`, `PackageName`, `Price`, `Date`, `PaymentTimes`, `Status`, `Payment1`, `Payment2`, `Payment3`, `Payment4`, `P1BDetailID`, `P2BDetailID`, `P3BDetailID`, `P4BDetailID`, `VN`, `row1`, `payment_times`) VALUES
(18014, 0, 1, 37, 'a-CGH (maximum 8 embryos)', '160000', '2019-03-21', 0, 1, '0', '0', '0', '0', 0, 0, 0, 0, 2019009, 20, NULL),
(18015, 0, 1, 9, 'ICSI stimulation OPU, ET, B-HCG age under 32 years', '250000', '2019-03-21', 0, 1, '0', '0', '0', '0', 0, 0, 0, 0, 2019012, 7, NULL),
(18016, 0, 1, 24, 'FET with Assisted Hatching (Dr. T)', '50000', '2019-03-23', 0, 1, '50000', '0', '0', '0', 0, 0, 0, 0, 0, 1, NULL),
(18021, 20190019, 1, 24, 'FET with Assisted Hatching (Dr. T)', '50000', '2019-03-23', 4, 1, '20000', '10000', '10000', '10000', 620300049, 620300050, 620300051, 0, 20190323004, 4, '4'),
(18022, 20190019, 0, 0, '', '0', '2019-03-24', 0, 1, '0', '0', '0', '0', 620300049, 620300050, 620300051, 620300052, 201903230, 5, '0'),
(18023, 20190010, 1, 24, 'FET with Assisted Hatching (Dr. T)', '50000', '2019-03-24', 4, 1, '20000', '10000', '10000', '10000', 0, 0, 0, 0, 2019003, 1, '4'),
(18024, 20190013, 2, 24, 'FET with Assisted Hatching (Dr. T)', '50000', '2019-03-25', 4, 1, '15000', '15000', '10000', '10000', 0, 0, 0, 0, 20190325002, 1, '4'),
(18025, 20190023, 1, 24, 'FET with Assisted Hatching (Dr. T)', '50000', '2019-03-25', 4, 1, '20000', '10000', '10000', '10000', 620300055, 620300056, 620300057, 620300058, 20190325008, 1, '4'),
(18026, 20190019, 1, 10, 'ICSI stimulation OPU, ET, B-HCG age under 33-37 years', '270000', '2019-03-26', 1, 1, '270000', '0', '0', '0', 0, 0, 0, 0, 20190325006, 3, '1'),
(18027, 20190001, 1, 37, 'a-CGH (maximum 8 embryos)', '160000', '2019-04-23', 1, 3, '160000', '0', '0', '0', 620400059, 0, 0, 0, 20190423001, 1, '1');

-- --------------------------------------------------------

--
-- Table structure for table `Patient`
--

CREATE TABLE `Patient` (
  `PID` int(11) NOT NULL,
  `PIDS` varchar(20) COLLATE utf8_unicode_ci DEFAULT NULL,
  `SurfixID` int(11) NOT NULL,
  `PName` varchar(200) COLLATE utf8_unicode_ci DEFAULT NULL,
  `PSurname` varchar(200) COLLATE utf8_unicode_ci DEFAULT NULL,
  `Age` varchar(20) COLLATE utf8_unicode_ci DEFAULT NULL,
  `DateOfBirth` date DEFAULT NULL,
  `IDNumber` varchar(50) COLLATE utf8_unicode_ci DEFAULT NULL,
  `IDType` tinyint(4) DEFAULT NULL,
  `SexID` int(11) NOT NULL,
  `MaritalID` int(11) NOT NULL DEFAULT '1',
  `Nationality` varchar(120) COLLATE utf8_unicode_ci DEFAULT NULL,
  `Religion` varchar(120) COLLATE utf8_unicode_ci DEFAULT NULL,
  `Race` varchar(120) COLLATE utf8_unicode_ci DEFAULT NULL,
  `Address` varchar(250) COLLATE utf8_unicode_ci DEFAULT NULL,
  `BuildingVillage` varchar(120) COLLATE utf8_unicode_ci DEFAULT NULL,
  `Moo` varchar(20) COLLATE utf8_unicode_ci DEFAULT NULL,
  `Soi` varchar(120) COLLATE utf8_unicode_ci DEFAULT NULL,
  `Road` varchar(120) COLLATE utf8_unicode_ci DEFAULT NULL,
  `SubDistrict` varchar(120) COLLATE utf8_unicode_ci DEFAULT NULL,
  `District` varchar(120) COLLATE utf8_unicode_ci DEFAULT NULL,
  `Province` varchar(120) COLLATE utf8_unicode_ci DEFAULT NULL,
  `ZipCode` varchar(20) COLLATE utf8_unicode_ci DEFAULT NULL,
  `HomePhoneNo` varchar(20) COLLATE utf8_unicode_ci DEFAULT NULL,
  `MobilePhoneNo` varchar(20) COLLATE utf8_unicode_ci DEFAULT NULL,
  `Email` varchar(120) COLLATE utf8_unicode_ci DEFAULT NULL,
  `Occupation` varchar(120) COLLATE utf8_unicode_ci DEFAULT NULL,
  `CompanyName` varchar(250) COLLATE utf8_unicode_ci DEFAULT NULL,
  `CompanyPhoneNo` varchar(20) COLLATE utf8_unicode_ci DEFAULT NULL,
  `EmergencyPersonalContact` varchar(250) COLLATE utf8_unicode_ci DEFAULT NULL,
  `RelationshipID` int(11) NOT NULL DEFAULT '1',
  `RelationshipOther` varchar(250) COLLATE utf8_unicode_ci DEFAULT NULL,
  `EmergencyPersonAddress` tinyint(4) DEFAULT NULL,
  `EPAddress` varchar(250) COLLATE utf8_unicode_ci DEFAULT NULL,
  `EPRoad` varchar(120) COLLATE utf8_unicode_ci DEFAULT NULL,
  `EPSubDistrict` varchar(120) COLLATE utf8_unicode_ci DEFAULT NULL,
  `EPDistrict` varchar(120) COLLATE utf8_unicode_ci DEFAULT NULL,
  `EPProvince` varchar(120) COLLATE utf8_unicode_ci DEFAULT NULL,
  `EPHomePhoneNo` varchar(20) COLLATE utf8_unicode_ci DEFAULT NULL,
  `EPMobilePhoneNo` varchar(20) COLLATE utf8_unicode_ci DEFAULT NULL,
  `EPEmail` varchar(120) COLLATE utf8_unicode_ci DEFAULT NULL,
  `PaymentID` int(11) NOT NULL DEFAULT '3',
  `ContractName` varchar(250) COLLATE utf8_unicode_ci DEFAULT NULL,
  `InsuranceName` varchar(250) COLLATE utf8_unicode_ci DEFAULT NULL,
  `AgentID` int(11) NOT NULL DEFAULT '1',
  `OName` varchar(250) COLLATE utf8_unicode_ci DEFAULT NULL,
  `OSurname` varchar(250) COLLATE utf8_unicode_ci DEFAULT NULL,
  `EPZipcode` varchar(10) COLLATE utf8_unicode_ci DEFAULT NULL,
  `PatientTypeID` int(11) NOT NULL DEFAULT '1',
  `Allergy` longtext COLLATE utf8_unicode_ci
) ENGINE=MyISAM DEFAULT CHARSET=utf8 COLLATE=utf8_unicode_ci;

--
-- Dumping data for table `Patient`
--

INSERT INTO `Patient` (`PID`, `PIDS`, `SurfixID`, `PName`, `PSurname`, `Age`, `DateOfBirth`, `IDNumber`, `IDType`, `SexID`, `MaritalID`, `Nationality`, `Religion`, `Race`, `Address`, `BuildingVillage`, `Moo`, `Soi`, `Road`, `SubDistrict`, `District`, `Province`, `ZipCode`, `HomePhoneNo`, `MobilePhoneNo`, `Email`, `Occupation`, `CompanyName`, `CompanyPhoneNo`, `EmergencyPersonalContact`, `RelationshipID`, `RelationshipOther`, `EmergencyPersonAddress`, `EPAddress`, `EPRoad`, `EPSubDistrict`, `EPDistrict`, `EPProvince`, `EPHomePhoneNo`, `EPMobilePhoneNo`, `EPEmail`, `PaymentID`, `ContractName`, `InsuranceName`, `AgentID`, `OName`, `OSurname`, `EPZipcode`, `PatientTypeID`, `Allergy`) VALUES
(20190001, 'HN-90001/62', 0, 'test', 'aaaa', '18.2.9', '0001-01-01', '', 0, 2, 0, '', '', '', '', '', '', '', '', '', '', '', '', '', '', '', '', '', '', ' ', 0, '', 0, '', '', '', '', '', '', '', '', 0, '', '', 0, '', '', '', 0, ''),
(20190002, 'HN-90002/62', 0, 'aaaa', 'fff', '18.2.9', '0001-01-01', '', 0, 2, 0, '', '', '', '', '', '', '', '', '', '', '', '', '', '', '', '', '', '', ' ', 0, '', 0, '', '', '', '', '', '', '', '', 0, '', '', 0, '', '', '', 0, ''),
(20190003, 'HN-90003/62', 0, 'zzzz', 'aaa', '18.2.9', '0001-01-01', '', 0, 2, 0, '', '', '', '', '', '', '', '', '', '', '', '', '', '', '', '', '', '', ' ', 0, '', 0, '', '', '', '', '', '', '', '', 0, '', '', 0, '', '', '', 0, ''),
(20190004, 'HN-90004/62', 0, 'vvvv', 'ccc', '18.2.9', '0001-01-01', '', 0, 2, 0, '', '', '', '', '', '', '', '', '', '', '', '', '', '', '', '', '', '', ' ', 0, '', 0, '', '', '', '', '', '', '', '', 0, '', '', 0, '', '', '', 0, ''),
(20190005, 'HN-90005/62', 1, 'Tes Tes', '', '27.1.9', '1992-02-02', 'E256434143', 0, 2, 0, '', '', '', '', '', '', '', '', '', '', '', '', '', '', '', '', '', '', ' ', 0, '', 0, '', '', '', '', '', '', '', '', 0, '', '', 306, '', '', '', 1, ''),
(20190006, 'HN-90006/62', 1, 'Tes Tes', '', '27.1.9', '1992-02-02', 'E256434143', 0, 2, 0, '', '', '', '', '', '', '', '', '', '', '', '', '', '', '', '', '', '', ' ', 0, '', 0, '', '', '', '', '', '', '', '', 0, '', '', 306, '', '', '', 1, ''),
(20190007, 'HN-90007/62', 1, 'Tes Tes', '', '27.1.9', '1992-02-02', 'E256434143', 0, 2, 0, '', '', '', '', '', '', '', '', '', '', '', '', '', '', '', '', '', '', ' ', 0, '', 0, '', '', '', '', '', '', '', '', 0, '', '', 306, '', '', '', 1, ''),
(20190008, 'HN-90008/62', 1, 'Tes Tes', 'Tes', '27.1.10', '1992-02-02', 'E256434143', 0, 2, 0, 'Algerian', '', '', '', '', '', '', '', '', '', '', '', '', '', '', '', '', '', ' ', 0, '', 0, '', '', '', '', '', '', '', '', 0, '', '', 306, '', '', '', 1, ''),
(20190009, 'HN-90009/62', 0, 'testaaaaa', 'mmmmmm', '18.2.10', '0001-01-01', '', 0, 2, 0, '', '', '', '', '', '', '', '', '', '', '', '', '', '', '', '', '', '', ' ', 0, '', 0, '', '', '', '', '', '', '', '', 0, '', '', 0, '', '', '', 0, ''),
(20190010, 'HN-90010/62', 1, 'Tes Tes', '', '34.0.26', '1985-02-21', 'E22645584', 0, 2, 0, '', '', '', '', '', '', '', '', '', '', '', '', '', '', '', '', '', '', 'Mr. Ta Ta ', 0, '', 0, '', '', '', '', '', '', '', '', 3, '', '', 306, '', '', '', 1, ''),
(20190011, 'HN-90011/62', 3, 'Ekapop', 'Ploentham', '18.2.18', '0001-01-01', '', 0, 1, 0, '', '', '', '', '', '', '', '', '', '', '', '', '', '', '', '', '', '', ' ', 0, '', 0, '', '', '', '', '', '', '', '', 0, '', '', 0, '', '', '', 0, ''),
(20190012, 'HN-90012/62', 3, 'ekapoppppppp', 'ploenthammmmmm', '18.2.18', '0001-01-01', '', 0, 2, 0, '', '', '', '', '', '', '', '', '', '', '', '', '', '', '', '', '', '', ' ', 0, '', 0, '', '', '', '', '', '', '', '', 0, '', '', 0, '', '', '', 0, ''),
(20190013, 'HN-90013/62', 3, 'ekapopwwwwww', 'ploenthamqqqqqq', '18.2.18', '0001-01-01', '', 0, 2, 0, '', '', '', '', '', '', '', '', '', '', '', '', '', '', '', '', '', '', ' ', 0, '', 0, '', '', '', '', '', '', '', '', 0, '', '', 0, '', '', '', 0, ''),
(20190014, 'HN-90014/62', 3, 'ekapoptttt', 'ploenthamrrrrr', '46.10.7', '1972-05-13', '', 0, 1, 0, '', '', '', '', '', '', '', '', '', '', '', '', '', '', '', '', '', '', ' ', 0, '', 0, '', '', '', '', '', '', '', '', 0, '', '', 0, '', '', '', 0, ''),
(20190015, 'HN-90015/62', 3, 'asdasdf', 'wqerqwerwqe', '18.2.18', '0001-01-01', '', 0, 2, 0, '', '', '', '', '', '', '', '', '', '', '', '', '', '', '', '', '', '', ' ', 0, '', 0, '', '', '', '', '', '', '', '', 0, '', '', 0, '', '', '', 0, ''),
(20190016, 'HN-90016/62', 1, 'Zhang Lifang', '', '43.0.14', '1976-03-08', 'E21386996', 0, 2, 0, 'Chinese', '', '', '', '', '', '', '', '', '', '', '', '', '', '', '', '', '', ' ', 0, '', 0, '', '', '', '', '', '', '', '', 0, '', '', 312, '', '', '', 0, ''),
(20190017, 'HN-90017/62', 3, 'Xu Xinqi', '', '45.9.25', '1973-05-28', 'E21425536', 0, 1, 0, 'Chinese', '', '', '', '', '', '', '', '', '', '', '', '', '', '', '', '', '', ' ', 0, '', 0, '', '', '', '', '', '', '', '', 0, '', '', 312, '', '', '', 0, ''),
(20190018, 'HN-90018/62', 3, 'twertwert', 'eqwerqwe', '46.10.10', '1972-05-13', '', 0, 2, 0, '', '', '', '', '', '', '', '', '', '', '', '', '', '', '', '', '', '', ' ', 0, '', 0, '', '', '', '', '', '', '', '', 0, '', '', 0, '', '', '', 0, ''),
(20190019, 'HN-90019/62', 3, 'qqwerqwe', 'qwtwerwer', '34.0.27', '1985-02-24', '', 0, 2, 0, '', '', '', '', '', '', '', '', '', '', '', '', '', '', '', '', '', '', ' ', 0, '', 0, '', '', '', '', '', '', '', '', 0, '', '', 0, '', '', '', 0, ''),
(20190020, 'HN-90020/62', 0, 'eerertye', 'uiopuiop', '46.10.11', '1972-05-13', '', 0, 2, 0, '', '', '', '', '', '', '', '', '', '', '', '', '', '', '', '', '', '', ' ', 0, '', 0, '', '', '', '', '', '', '', '', 0, '', '', 0, '', '', '', 0, ''),
(20190021, 'HN-90021/62', 0, 'qweqwer', 'qweqwer', '46.11.9', '1972-04-15', '', 0, 1, 0, '', '', '', '', '', '', '', '', '', '', '', '', '', '', '', '', '', '', ' ', 0, '', 0, '', '', '', '', '', '', '', '', 0, '', '', 0, '', '', '', 0, ''),
(20190022, 'HN-90022/62', 0, 'asdfasdf', 'weqwerqw', '46.10.9', '1972-05-15', '', 0, 2, 0, '', '', '', '', '', '', '', '', '', '', '', '', '', '', '', '', '', '', ' ', 0, '', 0, '', '', '', '', '', '', '', '', 0, '', '', 0, '', '', '', 0, ''),
(20190023, 'HN-90023/62', 3, 'upupup', 'ppppp', '46.10.15', '1972-05-10', '', 0, 2, 0, '', '', '', '', '', '', '', '', '', '', '', '', '', '', '', '', '', '', ' ', 0, '', 0, '', '', '', '', '', '', '', '', 0, '', '', 0, '', '', '', 0, ''),
(20190024, 'HN-90024/62', 0, 'rerereer', 'ererer', '47.1.13', '1972-02-12', '', 0, 2, 0, '', '', '', '', '', '', '', '', '', '', '', '', '', '', '', '', '', '', ' ', 0, '', 0, '', '', '', '', '', '', '', '', 0, '', '', 0, '', '', '', 0, ''),
(20190025, 'HN-90025/62', 0, '8888', '', '', NULL, '', 0, 2, 0, '', '', '', '', '', '', '', '', '', '', '', '', '', '', '', '', '', '', ' ', 0, '', 0, '', '', '', '', '', '', '', '', 0, '', '', 0, '', '', '', 0, ''),
(20190026, 'HN-90026/62', 0, 'aaaaa', 'bbbbb', '', NULL, '', 0, 2, 0, 'Chinese', '', '', '', '', '', '', '', '', '', '', '', '', '', '', '', '', '', ' ', 0, '', 0, '', '', '', '', '', '', '', '', 0, '', '', 0, '', '', '', 0, ''),
(20190027, 'HN-90027/62', 0, 'aaaaa', 'bbbbb', '', NULL, '', 0, 2, 0, 'Chinese', '', '', '', '', '', '', '', '', '', '', '', '', '', '', '', '', '', ' ', 0, '', 0, '', '', '', '', '', '', '', '', 0, '', '', 0, '', '', '', 0, ''),
(20190028, 'HN-90028/62', 0, 'aaaaa', 'bbbbb', '47.2.28', '1972-01-01', '', 0, 2, 0, 'Chinese', '', '', '', '', '', '', '', '', '', '', '', '', '', '', '', '', '', ' ', 0, '', 0, '', '', '', '', '', '', '', '', 0, '', '', 0, '', '', '', 0, ''),
(20190029, 'HN-90029/62', 0, 'aaa', 'aaaaaaa', '47.2.28', '1972-01-01', '', 0, 2, 0, 'Chinese', '', '', '', '', '', '', '', '', '', '', '', '', '', '', '', '', '', ' ', 0, '', 0, '', '', '', '', '', '', '', '', 0, '', '', 0, '', '', '', 0, ''),
(20190030, 'HN-90030/62', 0, 'aaaa', 'vvvv', '', NULL, '', 0, 2, 0, 'Chinese', '', '', '', '', '', '', '', '', '', '', '', '', '', '', '', '', '', ' ', 0, '', 0, '', '', '', '', '', '', '', '', 0, '', '', 0, '', '', '', 0, ''),
(20190031, 'HN-90031/62', 3, 'test aaaaaa', 'bbbbbbb', '16.9.7', '2002-07-19', '', 0, 1, 0, 'Chinese', '', '', '', '', '', '', '', '', '', '', '', '', '', '', '', '', '', ' ', 0, '', 0, '', '', '', '', '', '', '', '', 0, '', '', 0, '', '', '', 0, '');

-- --------------------------------------------------------

--
-- Table structure for table `PatientReleation`
--

CREATE TABLE `PatientReleation` (
  `PID` int(11) NOT NULL DEFAULT '0',
  `MatePID` int(11) DEFAULT NULL,
  `DonorSperm` int(11) DEFAULT NULL,
  `DonorEgg` int(11) DEFAULT NULL,
  `Surrogate` int(11) DEFAULT NULL
) ENGINE=InnoDB DEFAULT CHARSET=utf8 COLLATE=utf8_unicode_ci;

-- --------------------------------------------------------

--
-- Table structure for table `PatientType`
--

CREATE TABLE `PatientType` (
  `ID` int(11) NOT NULL,
  `PatientTypeName` varchar(255) COLLATE utf8_unicode_ci NOT NULL
) ENGINE=InnoDB DEFAULT CHARSET=utf8 COLLATE=utf8_unicode_ci;

--
-- Dumping data for table `PatientType`
--

INSERT INTO `PatientType` (`ID`, `PatientTypeName`) VALUES
(1, 'Patient'),
(2, 'Egg Donor'),
(3, 'Surrogate');

-- --------------------------------------------------------

--
-- Table structure for table `PaymentMethod`
--

CREATE TABLE `PaymentMethod` (
  `PaymentID` int(11) NOT NULL,
  `PaymentName` varchar(250) COLLATE utf8_unicode_ci DEFAULT NULL
) ENGINE=MyISAM DEFAULT CHARSET=utf8 COLLATE=utf8_unicode_ci;

--
-- Dumping data for table `PaymentMethod`
--

INSERT INTO `PaymentMethod` (`PaymentID`, `PaymentName`) VALUES
(1, 'Corporate Contract'),
(2, 'Insurance'),
(3, 'Individual Pay');

-- --------------------------------------------------------

--
-- Table structure for table `POdetail`
--

CREATE TABLE `POdetail` (
  `id` int(11) NOT NULL,
  `head_id` int(11) DEFAULT NULL,
  `PR_id` int(11) DEFAULT NULL,
  `item_name` varchar(255) DEFAULT NULL,
  `qty` int(11) DEFAULT NULL,
  `unit_price` decimal(11,2) DEFAULT NULL,
  `total_price` decimal(11,2) DEFAULT NULL,
  `ready_rec` int(11) DEFAULT '0'
) ENGINE=InnoDB DEFAULT CHARSET=utf8;

--
-- Dumping data for table `POdetail`
--

INSERT INTO `POdetail` (`id`, `head_id`, `PR_id`, `item_name`, `qty`, `unit_price`, `total_price`, `ready_rec`) VALUES
(13, 10, 20, 'Aspirin 81mg', 8, '295.00', '2360.00', 1),
(14, 10, 21, 'Amoxi 500mg', 0, '550.00', '0.00', 1),
(15, 10, 20, 'Aspirin 81mg', 2, '295.00', '590.00', 1),
(16, 10, 21, 'Amoxi 500mg', 20, '550.00', '11000.00', 1),
(17, 11, 24, 'IVF-M 75IU', 20, '550.00', '11000.00', 1),
(18, 11, 25, 'IVF-M 75IU', 2, '0.00', '0.00', 1),
(19, 12, 26, 'Utrogestan 200 mg 1x15', 40, '330.00', '13200.00', 1),
(20, 12, 27, 'Utrogestan 200 mg 1x15', 4, '0.00', '0.00', 1),
(21, 12, 28, 'Utrogestan 100mg (1x30capsules)', 40, '330.00', '13200.00', 1),
(22, 12, 29, 'Utrogestan 100mg (1x30capsules)', 2, '0.00', '0.00', 1),
(23, 13, 30, 'CEF 3 1G IV Siam', 50, '42.05', '2102.50', 1),
(28, 15, 35, 'Proluton Depot 20x250MG', 3, '2065.00', '6195.00', 1),
(29, 15, 36, 'Climara Pad', 20, '342.00', '6840.00', 1),
(30, 15, 37, 'Progynova 2 mg. 3x28 s', 20, '480.00', '9600.00', 1),
(31, 15, 38, 'Progynova 2 mg. 3x28 s', 4, '0.00', '0.00', 1),
(32, 15, 39, 'Primolut N  10x10', 1, '480.00', '480.00', 1),
(33, 16, 40, 'Ovidrel Syring 250มลก./0.5มล', 10, '1210.00', '12100.00', 1),
(34, 16, 41, 'Ovidrel Syring 250มลก./0.5มล', 1, '0.00', '0.00', 1),
(35, 17, 42, 'Alcohol pad', 10, '80.00', '800.00', 1),
(36, 17, 43, 'D-5-S/2 No Set 500cc', 20, '30.00', '600.00', 1),
(37, 17, 44, 'ถุงมือชนิดมีแป้ง Size M', 2, '100.00', '200.00', 1),
(38, 17, 45, 'St.water 1000 cc', 10, '37.00', '370.00', 1),
(39, 17, 46, 'Syring10ml', 4, '230.00', '920.00', 1),
(40, 17, 47, 'Syringe 1 cc+เข็ม27x1/2\"', 4, '250.00', '1000.00', 1),
(41, 17, 48, '3 Way', 150, '13.00', '1950.00', 1),
(42, 18, 49, 'Acroxia 90 mg', 1, '1937.00', '1937.00', 1),
(43, 18, 50, 'CPM 4 mg', 2, '27.00', '54.00', 1),
(44, 18, 51, 'Dimen', 1, '130.00', '130.00', 1),
(45, 18, 52, 'Folic acid', 3, '135.00', '405.00', 1),
(46, 18, 53, 'Meiact 100 mg', 1, '3020.00', '3020.00', 1),
(47, 18, 54, 'Obimin-AZ', 6, '216.00', '1296.00', 1),
(48, 18, 55, 'Clindavid 300 mg', 1, '310.00', '310.00', 1),
(49, 19, 56, 'Follitrope ชนิดฉีด 150IU', 40, '1900.00', '76000.00', 1),
(50, 19, 58, 'Follitrope inj.75 IU', 20, '1000.00', '20000.00', 1),
(51, 19, 60, 'IVF-M 150IU', 20, '1000.00', '20000.00', 1),
(52, 19, 61, 'Follitrope ชนิดฉีด 150IU', 12, '0.00', '0.00', 1),
(53, 19, 62, 'Follitrope inj.75 IU', 6, '0.00', '0.00', 1),
(54, 19, 63, 'IVF-M 150IU', 2, '0.00', '0.00', 1),
(55, 19, 64, 'IVF-M 75IU', 20, '550.00', '11000.00', 1),
(56, 19, 65, 'IVF-M 75IU', 2, '0.00', '0.00', 1),
(57, 14, 66, 'Gonal F 300IU/0.5ML', 15, '6000.00', '90000.00', 1),
(58, 14, 67, 'Gonal F 300IU/0.5ML', 9, '0.00', '0.00', 1),
(59, 27, 75, 'Cetrotide Inj 0.25mg 7VIA/Box', 5, '11760.00', '58800.00', 1),
(60, 27, 76, 'Cetrotide Inj 0.25mg 7VIA/Box', 1, '0.00', '0.00', 1),
(61, 28, 77, 'Follitrope ชนิดฉีด 150IU', 40, '1900.00', '76000.00', 1),
(62, 28, 78, 'Follitrope ชนิดฉีด 150IU', 12, '0.00', '0.00', 1),
(63, 28, 79, 'Follitrope inj.75 IU', 20, '1000.00', '20000.00', 1),
(64, 28, 80, 'Follitrope inj.75 IU', 6, '0.00', '0.00', 1),
(65, 29, 81, 'Propofol Lipuro 1% 20ML', 50, '90.00', '4500.00', 1),
(66, 30, 82, 'Crinone gel 8% 15app', 20, '2280.00', '45600.00', 1),
(67, 30, 83, 'Crinone gel 8% 15app', 2, '0.00', '0.00', 1),
(70, 31, 84, 'Gonal F 300IU/0.5ML', 15, '6000.00', '90000.00', 1),
(71, 31, 85, 'Gonal F 300IU/0.5ML', 9, '0.00', '0.00', 1),
(72, 32, 86, 'Gonal F 300IU/0.5ML', 15, '6000.00', '90000.00', 1),
(73, 32, 87, 'Gonal F 300IU/0.5ML', 9, '0.00', '0.00', 1),
(74, 33, 88, 'Follitrope ชนิดฉีด 150IU', 40, '1900.00', '76000.00', 1),
(75, 33, 89, 'Follitrope ชนิดฉีด 150IU', 12, '0.00', '0.00', 1),
(76, 33, 90, 'Follitrope inj.75 IU', 20, '1000.00', '20000.00', 1),
(77, 33, 91, 'Follitrope inj.75 IU', 6, '0.00', '0.00', 1),
(78, 34, 92, 'Progynova 2 mg. 3x28 s', 30, '480.00', '14400.00', 1),
(79, 34, 93, 'Progynova 2 mg. 3x28 s', 6, '0.00', '0.00', 1),
(80, 34, 94, 'Climara Pad', 20, '342.00', '6840.00', 1),
(81, 35, 95, 'Cyclogest 400 mg 1x15', 10, '820.00', '8200.00', 1),
(83, 36, 96, 'Yasmin 1x21', 12, '350.00', '4200.00', 1),
(84, 36, 97, 'Yasmin 1x21', 3, '0.00', '0.00', 1),
(85, 37, 98, 'Follitrope ชนิดฉีด 150IU', 40, '1900.00', '76000.00', 1),
(86, 37, 99, 'Follitrope ชนิดฉีด 150IU', 12, '0.00', '0.00', 1),
(87, 37, 100, 'Follitrope inj.75 IU', 20, '1000.00', '20000.00', 1),
(88, 37, 101, 'Follitrope inj.75 IU', 6, '0.00', '0.00', 1),
(89, 37, 102, 'IVF-M 150IU', 20, '1000.00', '20000.00', 1),
(90, 37, 103, 'IVF-M 150IU', 2, '0.00', '0.00', 1),
(91, 37, 105, 'IVF-M 75IU', 20, '550.00', '11000.00', 1),
(92, 37, 106, 'IVF-M 75IU', 2, '0.00', '0.00', 1),
(93, 38, 107, 'IVF-C 5000 IU 3 Vial/Box', 10, '1550.00', '15500.00', 1),
(94, 38, 108, 'IVF-C 5000 IU 3 Vial/Box', 2, '0.00', '0.00', 1),
(95, 39, 109, 'Follitrope inj.75 IU', 20, '1000.00', '20000.00', 1),
(96, 39, 110, 'Follitrope inj.75 IU', 6, '0.00', '0.00', 1),
(97, 39, 111, 'IVF-M 150IU', 40, '1000.00', '40000.00', 1),
(98, 39, 112, 'IVF-M 150IU', 4, '0.00', '0.00', 1),
(99, 39, 113, 'IVF-M 75IU', 20, '550.00', '11000.00', 1),
(100, 39, 114, 'IVF-M 75IU', 2, '0.00', '0.00', 1),
(101, 40, 115, 'Follitrope ชนิดฉีด 150IU', 50, '1900.00', '95000.00', 1),
(102, 40, 116, 'Follitrope ชนิดฉีด 150IU', 15, '0.00', '0.00', 1),
(103, 40, 117, 'Follitrope inj.75 IU', 40, '1000.00', '40000.00', 1),
(104, 40, 118, 'Follitrope inj.75 IU', 12, '0.00', '0.00', 1),
(105, 40, 119, 'IVF-M 75IU', 20, '550.00', '11000.00', 1),
(106, 40, 120, 'IVF-M 75IU', 2, '0.00', '0.00', 1),
(107, 41, 121, 'Ovidrel Syring 250มลก./0.5มล', 10, '1210.00', '12100.00', 1),
(108, 41, 122, 'Ovidrel Syring 250มลก./0.5มล', 1, '0.00', '0.00', 1),
(109, 42, 123, 'Proluton Depot 20x250MG', 5, '2065.00', '10325.00', 1),
(110, 42, 124, 'Progynova 2 mg. 3x28 s', 40, '480.00', '19200.00', 1),
(111, 42, 125, 'Progynova 2 mg. 3x28 s', 8, '0.00', '0.00', 1),
(112, 42, 126, 'Climara Pad', 10, '342.00', '3420.00', 1),
(113, 43, 127, 'Crinone gel 8% 15app', 20, '2280.00', '45600.00', 1),
(114, 43, 128, 'Crinone gel 8% 15app', 2, '0.00', '0.00', 1),
(115, 44, 129, 'Gonal F 300IU/0.5ML', 15, '6000.00', '90000.00', 1),
(116, 44, 130, 'Gonal F 300IU/0.5ML', 9, '0.00', '0.00', 1),
(117, 45, 131, 'Cetrotide Inj 0.25mg 7VIA/Box', 5, '11760.00', '58800.00', 1),
(118, 45, 132, 'Cetrotide Inj 0.25mg 7VIA/Box', 1, '0.00', '0.00', 1),
(120, 46, 134, 'Follitrope ชนิดฉีด 150IU', 18, '0.00', '0.00', 1),
(121, 46, 133, 'Follitrope ชนิดฉีด 150IU', 60, '1900.00', '114000.00', 1),
(122, 46, 135, 'IVF-M 150IU', 40, '1000.00', '40000.00', 1),
(123, 46, 136, 'IVF-M 150IU', 4, '0.00', '0.00', 1),
(124, 47, 137, 'Propofol Lipuro 1% 20ML', 50, '90.00', '4500.00', 1),
(125, 48, 138, 'Crinone gel 8% 15app', 20, '2280.00', '45600.00', 1),
(126, 48, 139, 'Crinone gel 8% 15app', 2, '0.00', '0.00', 1),
(127, 48, 140, 'Cetrotide Inj 0.25mg 7VIA/Box', 5, '11760.00', '58800.00', 1),
(128, 48, 141, 'Cetrotide Inj 0.25mg 7VIA/Box', 1, '0.00', '0.00', 1),
(129, 49, 142, 'Gonal F 300IU/0.5ML', 15, '6000.00', '90000.00', 1),
(130, 49, 143, 'Gonal F 300IU/0.5ML', 9, '0.00', '0.00', 1),
(131, 50, 144, 'Crinone gel 8% 15app', 20, '2280.00', '45600.00', 1),
(132, 50, 145, 'Crinone gel 8% 15app', 2, '0.00', '0.00', 1),
(133, 51, 146, 'Crinone gel 8% 15app', 20, '2280.00', '45600.00', 1),
(134, 51, 147, 'Crinone gel 8% 15app', 2, '0.00', '0.00', 1),
(135, 52, 150, 'Follitrope ชนิดฉีด 150IU', 50, '1900.00', '95000.00', 1),
(136, 52, 151, 'Follitrope ชนิดฉีด 150IU', 15, '0.00', '0.00', 1),
(137, 52, 152, 'Follitrope inj.75 IU', 20, '1000.00', '20000.00', 1),
(138, 52, 153, 'Follitrope inj.75 IU', 6, '0.00', '0.00', 1),
(139, 53, 154, 'Crinone gel 8% 15app', 20, '2280.00', '45600.00', 1),
(140, 53, 160, 'Crinone gel 8% 15app', 2, '0.00', '0.00', 1),
(141, 54, 156, 'Follitrope ชนิดฉีด 150IU', 60, '1900.00', '114000.00', 1),
(142, 54, 157, 'Follitrope ชนิดฉีด 150IU', 18, '0.00', '0.00', 1),
(143, 54, 158, 'Follitrope inj.75 IU', 40, '1000.00', '40000.00', 1),
(144, 54, 159, 'Follitrope inj.75 IU', 12, '0.00', '0.00', 1),
(145, 55, 161, 'Proluton Depot 20x250MG', 5, '2065.00', '10325.00', 1),
(146, 55, 162, 'Climara Pad', 30, '342.00', '10260.00', 1),
(147, 56, 163, 'Xylocain 2% สำหรับฉีด 10x20ML', 1, '481.00', '481.00', 1),
(148, 56, 164, 'Cyclogest 400 mg 1x15', 20, '820.00', '16400.00', 1),
(149, 57, 165, 'Cetrotide Inj 0.25mg 7VIA/Box', 5, '11760.00', '58800.00', 1),
(150, 57, 166, 'Cetrotide Inj 0.25mg 7VIA/Box', 1, '0.00', '0.00', 1),
(161, 60, 177, 'Propofol Lipuro 1% 20ML', 50, '90.00', '4500.00', 1),
(162, 61, 178, 'Cetrotide Inj 0.25mg 7VIA/Box', 5, '11760.00', '58800.00', 1),
(163, 61, 179, 'Cetrotide Inj 0.25mg 7VIA/Box', 1, '0.00', '0.00', 1),
(164, 62, 181, 'Crinone gel 8% 15app', 20, '2280.00', '45600.00', 1),
(165, 62, 182, 'Crinone gel 8% 15app', 2, '0.00', '0.00', 1),
(166, 63, 183, 'Follitrope ชนิดฉีด 150IU', 140, '1900.00', '266000.00', 1),
(167, 63, 184, 'Follitrope ชนิดฉีด 150IU', 42, '0.00', '0.00', 1),
(168, 63, 185, 'Follitrope inj.75 IU', 60, '1000.00', '60000.00', 1),
(169, 63, 186, 'Follitrope ฉนิดฉีด 75 IU', 18, '0.00', '0.00', 1),
(170, 63, 187, 'IVF-M 150IU', 50, '1000.00', '50000.00', 1),
(171, 63, 188, 'IVF-M 150IU', 5, '0.00', '0.00', 1),
(172, 63, 189, 'IVF-M 75IU', 50, '550.00', '27500.00', 1),
(173, 63, 190, 'IVF-M 75IU', 5, '0.00', '0.00', 1),
(174, 64, 191, 'Propofol Lipuro 1% 20ML', 50, '90.00', '4500.00', 1),
(175, 65, 192, 'Cetrotide Inj 0.25mg 7VIA/Box', 5, '11760.00', '58800.00', 1),
(176, 65, 193, 'Cetrotide Inj 0.25mg 7VIA/Box', 1, '0.00', '0.00', 1),
(177, 66, 194, 'Crinone gel 8% 15app', 20, '2280.00', '45600.00', 1),
(178, 66, 195, 'Crinone gel 8% 15app', 2, '0.00', '0.00', 1),
(179, 67, 196, 'Climara Pad', 30, '342.00', '10260.00', 1),
(180, 67, 197, 'Progynova 2 mg. 3x28 s', 40, '480.00', '19200.00', 1),
(181, 67, 198, 'Progynova 2 mg. 3x28 s', 8, '0.00', '0.00', 1),
(182, 67, 199, 'Primolut N  10x10', 3, '480.00', '1440.00', 1),
(183, 68, 200, 'Follitrope ชนิดฉีด 150IU', 50, '1900.00', '95000.00', 1),
(184, 68, 201, 'Follitrope ชนิดฉีด 150IU', 15, '0.00', '0.00', 1),
(185, 68, 202, 'Follitrope ฉนิดฉีด 75 IU', 50, '1000.00', '50000.00', 1),
(186, 68, 203, 'Follitrope ฉนิดฉีด 75 IU', 15, '0.00', '0.00', 1),
(187, 69, 204, 'Cetrotide Inj 0.25mg 7VIA/Box', 5, '11760.00', '58800.00', 1),
(188, 69, 205, 'Cetrotide Inj 0.25mg 7VIA/Box', 1, '0.00', '0.00', 1),
(189, 70, 206, 'Crinone gel 8% 15app', 20, '2280.00', '45600.00', 1),
(190, 70, 207, 'Crinone gel 8% 15app', 2, '0.00', '0.00', 1),
(191, 71, 208, 'Follitrope ชนิดฉีด 150IU', 60, '1900.00', '114000.00', 1),
(192, 71, 209, 'Follitrope ชนิดฉีด 150IU', 18, '0.00', '0.00', 1),
(193, 71, 210, 'Follitrope ฉนิดฉีด 75 IU', 20, '1000.00', '20000.00', 1),
(194, 71, 211, 'Follitrope ฉนิดฉีด 75 IU', 6, '0.00', '0.00', 1),
(195, 71, 212, 'IVF-M 75IU', 20, '550.00', '11000.00', 1),
(196, 71, 213, 'IVF-M 75IU', 2, '0.00', '0.00', 1),
(197, 71, 214, 'IVF-M 150IU', 20, '1000.00', '20000.00', 1),
(198, 71, 215, 'IVF-M 150IU', 2, '0.00', '0.00', 1),
(199, 72, 216, 'Cetrotide Inj 0.25mg 7VIA/Box', 5, '11760.00', '58800.00', 1),
(200, 72, 217, 'Cetrotide Inj 0.25mg 7VIA/Box', 1, '0.00', '0.00', 1),
(201, 73, 218, 'Follitrope ชนิดฉีด 150IU', 60, '1900.00', '114000.00', 1),
(202, 73, 219, 'Follitrope ชนิดฉีด 150IU', 18, '0.00', '0.00', 1),
(203, 73, 220, 'Follitrope ฉนิดฉีด 75 IU', 20, '1000.00', '20000.00', 1),
(204, 73, 221, 'Follitrope ฉนิดฉีด 75 IU', 6, '0.00', '0.00', 1),
(205, 73, 222, 'IVF-M 150IU', 20, '1000.00', '20000.00', 1),
(206, 73, 223, 'IVF-M 150IU', 2, '0.00', '0.00', 1),
(207, 73, 224, 'IVF-M 75IU', 20, '550.00', '11000.00', 1),
(208, 73, 225, 'IVF-M 75IU', 2, '0.00', '0.00', 1),
(209, 74, 226, 'Climara Pad', 40, '342.00', '13680.00', 1),
(210, 75, 227, 'Follitrope ชนิดฉีด 150IU', 60, '1900.00', '114000.00', 1),
(211, 75, 228, 'Follitrope ชนิดฉีด 150IU', 18, '0.00', '0.00', 1),
(212, 75, 229, 'Follitrope ฉนิดฉีด 75 IU', 20, '1000.00', '20000.00', 1),
(213, 75, 230, 'Follitrope ฉนิดฉีด 75 IU', 6, '0.00', '0.00', 1),
(214, 75, 231, 'IVF-M 150IU', 50, '1000.00', '50000.00', 1),
(215, 75, 232, 'IVF-M 150IU', 5, '0.00', '0.00', 1),
(216, 75, 233, 'IVF-M 75IU', 30, '550.00', '16500.00', 1),
(217, 75, 234, 'IVF-M 75IU', 3, '0.00', '0.00', 1),
(218, 76, 235, 'Propofol Lipuro 1% 20ML', 50, '90.00', '4500.00', 1),
(223, 78, 240, 'Follitrope ชนิดฉีด 150IU', 30, '1900.00', '57000.00', 1),
(224, 78, 241, 'Follitrope ชนิดฉีด 150IU', 9, '0.00', '0.00', 1),
(225, 78, 242, 'Follitrope inj.75 IU', 50, '1000.00', '50000.00', 1),
(226, 78, 243, 'Follitrope ฉนิดฉีด 75 IU', 15, '0.00', '0.00', 1),
(227, 79, 244, 'IVF-M 150IU', 50, '1000.00', '50000.00', 1),
(228, 79, 245, 'IVF-M 150IU', 5, '0.00', '0.00', 1),
(229, 79, 247, 'IVF-M 75IU', 20, '550.00', '11000.00', 1),
(230, 79, 248, 'IVF-M 75IU', 2, '0.00', '0.00', 1),
(231, 80, 249, 'Ovidrel Syring 250มลก./0.5มล', 10, '1210.00', '12100.00', 1),
(232, 80, 250, 'Ovidrel Syring 250มลก./0.5มล', 1, '0.00', '0.00', 1),
(233, 81, 251, 'Crinone gel 8% 15app', 20, '2280.00', '45600.00', 1),
(234, 81, 252, 'Crinone gel 8% 15app', 2, '0.00', '0.00', 1),
(237, 82, 253, 'Follitrope ชนิดฉีด 150IU', 50, '1900.00', '95000.00', 1),
(238, 82, 254, 'Follitrope ชนิดฉีด 150IU', 15, '0.00', '0.00', 1),
(239, 82, 255, 'Follitrope inj.75 IU', 50, '1000.00', '50000.00', 1),
(240, 82, 256, 'Follitrope inj.75 IU', 15, '0.00', '0.00', 1),
(241, 83, 257, 'Ovidrel Syring 250มลก./0.5มล', 10, '1210.00', '12100.00', 1),
(242, 83, 258, 'Ovidrel Syring 250มลก./0.5มล', 1, '0.00', '0.00', 1),
(245, 85, 261, 'Propofol Lipuro 1% 20ML', 50, '90.00', '4500.00', 1),
(246, 86, 262, 'IVF-C 5000 IU 3 Vial/Box', 5, '1550.00', '7750.00', 1),
(247, 86, 263, 'IVF-C 5000 IU 3 Vial/Box', 1, '0.00', '0.00', 1),
(248, 86, 264, 'Follitrope ชนิดฉีด 150IU', 60, '1900.00', '114000.00', 1),
(249, 86, 265, 'Follitrope ชนิดฉีด 150IU', 18, '0.00', '0.00', 1),
(250, 86, 266, 'Follitrope inj.75 IU', 40, '1000.00', '40000.00', 1),
(251, 86, 267, 'Follitrope inj.75 IU', 12, '0.00', '0.00', 1),
(252, 87, 268, 'Follitrope ชนิดฉีด 150IU', 60, '1900.00', '114000.00', 1),
(253, 87, 269, 'Follitrope ชนิดฉีด 150IU', 18, '0.00', '0.00', 1),
(254, 87, 270, 'Follitrope inj.75 IU', 20, '1000.00', '20000.00', 1),
(255, 87, 271, 'Follitrope inj.75 IU', 6, '0.00', '0.00', 1),
(256, 87, 272, 'IVF-M 75IU', 20, '550.00', '11000.00', 1),
(257, 87, 273, 'IVF-M 75IU', 2, '0.00', '0.00', 1),
(258, 88, 274, 'Crinone gel 8% 15app', 20, '2280.00', '45600.00', 1),
(259, 88, 275, 'Crinone gel 8% 15app', 2, '0.00', '0.00', 1),
(260, 89, 276, 'Follitrope ชนิดฉีด 150IU', 60, '1900.00', '114000.00', 1),
(261, 89, 277, 'Follitrope ชนิดฉีด 150IU', 18, '0.00', '0.00', 1),
(262, 90, 279, 'Progynova 2 mg. 3x28 s', 50, '480.00', '24000.00', 1),
(263, 90, 280, 'Progynova 2 mg. 3x28 s', 10, '0.00', '0.00', 1),
(264, 90, 281, 'Climara Pad', 40, '342.00', '13680.00', 1),
(265, 90, 282, 'Primolut N  10x10', 3, '480.00', '1440.00', 1),
(266, 90, 283, 'Proluton Depot 20x250MG', 6, '2065.00', '12390.00', 1),
(271, 93, 288, 'Crinone gel 8% 15app', 20, '2280.00', '45600.00', 1),
(272, 93, 289, 'Crinone gel 8% 15app', 2, '0.00', '0.00', 1),
(273, 94, 290, 'IVF-C 5000 IU 3 Vial/Box', 5, '1550.00', '7750.00', 1),
(274, 94, 291, 'IVF-C 5000 IU 3 Vial/Box', 1, '0.00', '0.00', 1),
(277, 96, 293, 'Cetrotide Inj 0.25mg 7VIA/Box', 5, '11760.00', '58800.00', 1),
(278, 96, 294, 'Cetrotide Inj 0.25mg 7VIA/Box', 1, '0.00', '0.00', 1),
(279, 96, 295, 'Crinone gel 8% 15app', 30, '2280.00', '68400.00', 1),
(280, 96, 296, 'Crinone gel 8% 15app', 3, '0.00', '0.00', 1),
(281, 96, 296, 'Crinone gel 8% 15app', 3, '0.00', '0.00', 1),
(282, 97, 297, 'Onsia 8 mg inj.5x4 ml', 10, '326.00', '3260.00', 1),
(283, 97, 298, 'Onsia 8 mg inj.5x4 ml', 8, '0.00', '0.00', 1),
(284, 98, 299, 'Progynova 2 mg. 3x28 s', 40, '480.00', '19200.00', 1),
(285, 98, 300, 'Progynova 2 mg. 3x28 s', 8, '0.00', '0.00', 1),
(286, 98, 301, 'Climara Pad', 30, '342.00', '10260.00', 1),
(287, 98, 302, 'Proluton Depot 20x250MG', 3, '2065.00', '6195.00', 1),
(288, 100, 303, 'Ovidrel Syring 250มลก./0.5มล', 10, '1210.00', '12100.00', 1),
(289, 100, 304, 'Ovidrel Syring 250มลก./0.5มล', 1, '0.00', '0.00', 1),
(290, 100, 305, 'Cetrotide Inj 0.25mg 7VIA/Box', 5, '11760.00', '58800.00', 1),
(291, 100, 306, 'Cetrotide Inj 0.25mg 7VIA/Box', 1, '0.00', '0.00', 1),
(292, 101, 307, 'Follitrope ชนิดฉีด 150IU', 50, '1900.00', '95000.00', 1),
(293, 101, 308, 'Follitrope ชนิดฉีด 150IU', 15, '0.00', '0.00', 1),
(294, 101, 309, 'IVF-M 150IU', 20, '1000.00', '20000.00', 1),
(295, 101, 310, 'IVF-M 150IU', 2, '0.00', '0.00', 1),
(296, 102, 311, 'Crinone gel 8% 15app', 20, '2280.00', '45600.00', 1),
(297, 102, 312, 'Crinone gel 8% 15app', 2, '0.00', '0.00', 1),
(298, 103, 313, 'Follitrope ชนิดฉีด 150IU', 10, '1900.00', '19000.00', 1),
(299, 103, 314, 'Follitrope ชนิดฉีด 150IU', 3, '0.00', '0.00', 1),
(300, 103, 315, 'Follitrope ฉนิดฉีด 75 IU', 10, '1000.00', '10000.00', 1),
(301, 103, 316, 'Follitrope ฉนิดฉีด 75 IU', 3, '0.00', '0.00', 1),
(302, 103, 317, 'IVF-M 75IU', 10, '550.00', '5500.00', 1),
(303, 103, 318, 'IVF-M 75IU', 1, '0.00', '0.00', 1),
(305, 104, 320, 'Follitrope ชนิดฉีด 150IU', 21, '0.00', '0.00', 1),
(306, 104, 321, 'Follitrope ฉนิดฉีด 75 IU', 50, '1000.00', '50000.00', 1),
(307, 104, 322, 'Follitrope ฉนิดฉีด 75 IU', 15, '0.00', '0.00', 1),
(308, 104, 323, 'IVF-M 150IU', 30, '1000.00', '30000.00', 1),
(309, 104, 324, 'IVF-M 150IU', 3, '0.00', '0.00', 1),
(310, 104, 319, 'Follitrope ชนิดฉีด 150IU', 70, '1900.00', '133000.00', 1),
(311, 104, 325, 'IVF-M 75IU', 30, '550.00', '16500.00', 1),
(312, 104, 326, 'IVF-M 75IU', 3, '0.00', '0.00', 1),
(313, 105, 327, 'Follitrope Prefilled syringe 75 IU', 10, '1200.00', '12000.00', 1),
(314, 105, 328, 'Follitrope Prefilled syringe 75 IU', 5, '0.00', '0.00', 1),
(315, 105, 329, 'Follitrope Prefilled syringe 150 IU', 10, '2400.00', '24000.00', 1),
(316, 105, 331, 'Follitrope Prefilled syringe 150 IU', 5, '0.00', '0.00', 1),
(317, 105, 332, 'Follitrope Prefilled syringe 225 IU', 10, '3600.00', '36000.00', 1),
(318, 105, 333, 'Follitrope Prefilled syringe 225 IU', 5, '0.00', '0.00', 1),
(319, 105, 334, 'Follitrope Prefilled syringe 300IU', 10, '4800.00', '48000.00', 1),
(320, 105, 335, 'Follitrope Prefilled syringe 300IU', 5, '0.00', '0.00', 1),
(321, 106, 336, 'Crinone gel 8% 15app', 20, '2280.00', '45600.00', 1),
(322, 106, 337, 'Crinone gel 8% 15app', 2, '0.00', '0.00', 1),
(323, 107, 338, 'Proluton Depot 20x250MG', 5, '2065.00', '10325.00', 1),
(328, 109, 343, 'Follitrope ชนิดฉีด 150IU', 50, '1900.00', '95000.00', 1),
(329, 109, 344, 'Follitrope ชนิดฉีด 150IU', 15, '0.00', '0.00', 1),
(330, 109, 345, 'Follitrope ฉนิดฉีด 75 IU', 40, '1000.00', '40000.00', 1),
(331, 109, 346, 'Follitrope ฉนิดฉีด 75 IU', 12, '0.00', '0.00', 1),
(332, 109, 347, 'IVF-C 5000 IU 3 Vial/Box', 5, '1550.00', '7750.00', 1),
(333, 109, 348, 'IVF-C 5000 IU 3 Vial/Box', 1, '0.00', '0.00', 1),
(338, 111, 349, 'Progynova 2 mg. 3x28 s', 40, '480.00', '19200.00', 1),
(339, 111, 350, 'Progynova 2 mg. 3x28 s', 8, '0.00', '0.00', 1),
(340, 111, 351, 'Climara Pad', 30, '342.00', '10260.00', 1),
(341, 111, 353, 'Proluton Depot 20x250MG', 2, '2065.00', '4130.00', 1),
(342, 112, 354, 'Propofol Lipuro 1% 20ML', 50, '90.00', '4500.00', 1),
(343, 114, 355, 'Cetrotide Inj 0.25mg 7VIA/Box', 5, '11760.00', '58800.00', 1),
(344, 114, 356, 'Cetrotide Inj 0.25mg 7VIA/Box', 1, '0.00', '0.00', 1),
(345, 114, 357, 'Ovidrel Syring 250มลก./0.5มล', 10, '1210.00', '12100.00', 1),
(346, 114, 358, 'Ovidrel Syring 250มลก./0.5มล', 1, '0.00', '0.00', 1),
(347, 114, 359, 'Crinone gel 8% 15app', 20, '2280.00', '45600.00', 1),
(348, 114, 360, 'Crinone gel 8% 15app', 2, '0.00', '0.00', 1),
(349, 115, 361, 'Follitrope ชนิดฉีด 150IU', 50, '1900.00', '95000.00', 1),
(350, 115, 362, 'Follitrope ชนิดฉีด 150IU', 15, '0.00', '0.00', 1),
(351, 115, 363, 'Follitrope ฉนิดฉีด 75 IU', 30, '1000.00', '30000.00', 1),
(352, 115, 364, 'Follitrope ฉนิดฉีด 75 IU', 9, '0.00', '0.00', 1),
(353, 116, 365, 'Cetrotide Inj 0.25mg 7VIA/Box', 5, '11760.00', '58800.00', 1),
(354, 116, 366, 'Cetrotide Inj 0.25mg 7VIA/Box', 1, '0.00', '0.00', 1),
(355, 117, 367, 'Follitrope ชนิดฉีด 150IU', 10, '1900.00', '19000.00', 1),
(356, 117, 368, 'Follitrope ชนิดฉีด 150IU', 3, '0.00', '0.00', 1),
(357, 117, 369, 'IVF-M 75IU', 20, '550.00', '11000.00', 1),
(358, 117, 370, 'IVF-M 75IU', 2, '0.00', '0.00', 1),
(359, 118, 371, 'IVF-C inj.1000 IU', 20, '170.00', '3400.00', 1),
(362, 119, 374, 'Follitrope ฉนิดฉีด 75 IU', 40, '1000.00', '40000.00', 1),
(363, 119, 375, 'Follitrope ฉนิดฉีด 75 IU', 12, '0.00', '0.00', 1),
(364, 119, 376, 'IVF-M 150IU', 30, '1000.00', '30000.00', 1),
(365, 119, 377, 'IVF-M 150IU', 3, '0.00', '0.00', 1),
(366, 119, 378, 'IVF-M 75IU', 30, '550.00', '16500.00', 1),
(368, 120, 381, 'IVF-M 150IU', 5, '0.00', '0.00', 1),
(369, 120, 382, 'IVF-M 75IU', 20, '550.00', '11000.00', 1),
(370, 120, 383, 'IVF-M 75IU', 2, '0.00', '0.00', 1),
(372, 121, 385, 'Crinone gel 8% 15app', 3, '0.00', '0.00', 1),
(373, 121, 384, 'Crinone gel 8% 15app', 30, '2280.00', '68400.00', 1),
(374, 120, 380, 'IVF-M 150IU', 50, '1000.00', '50000.00', 1),
(375, 122, 386, 'Follitrope ชนิดฉีด 150IU', 50, '1900.00', '95000.00', 1),
(376, 122, 387, 'Follitrope ชนิดฉีด 150IU', 15, '0.00', '0.00', 1),
(377, 123, 388, 'Crinone gel 8% 15app', 30, '2280.00', '68400.00', 1),
(378, 123, 389, 'Crinone gel 8% 15app', 3, '0.00', '0.00', 1),
(379, 124, 390, 'Climara Pad', 50, '342.00', '17100.00', 1),
(380, 124, 391, 'Progynova 2 mg. 3x28 s', 50, '480.00', '24000.00', 1),
(381, 124, 392, 'Progynova 2 mg. 3x28 s', 10, '0.00', '0.00', 1),
(382, 124, 393, 'Proluton Depot 20x250MG', 2, '2065.00', '4130.00', 1),
(383, 125, 394, 'Yasmin 1x21', 8, '350.00', '2800.00', 1),
(384, 125, 395, 'Yasmin 1x21', 2, '0.00', '0.00', 1),
(385, 126, 396, 'IVF-M 150IU', 40, '1000.00', '40000.00', 1),
(386, 126, 397, 'IVF-M 150IU', 4, '0.00', '0.00', 1),
(387, 126, 398, 'IVF-M 75IU', 20, '550.00', '11000.00', 1),
(388, 126, 399, 'IVF-M 75IU', 2, '0.00', '0.00', 1),
(389, 127, 400, 'Crinone gel 8% 15app', 20, '2280.00', '45600.00', 1),
(390, 127, 401, 'Crinone gel 8% 15app', 2, '0.00', '0.00', 1),
(391, 128, 402, 'Cetrotide Inj 0.25mg 7VIA/Box', 5, '11760.00', '58800.00', 1),
(392, 128, 403, 'Cetrotide Inj 0.25mg 7VIA/Box', 1, '0.00', '0.00', 1),
(393, 129, 404, 'Follitrope ชนิดฉีด 150IU', 50, '1900.00', '95000.00', 1),
(394, 129, 405, 'Follitrope ชนิดฉีด 150IU', 15, '0.00', '0.00', 1),
(395, 129, 406, 'Follitrope ฉนิดฉีด 75 IU', 40, '1000.00', '40000.00', 1),
(396, 129, 407, 'Follitrope ฉนิดฉีด 75 IU', 12, '0.00', '0.00', 1),
(397, 129, 408, 'IVF-M 150IU', 20, '1000.00', '20000.00', 1),
(398, 129, 409, 'IVF-M 150IU', 2, '0.00', '0.00', 1),
(399, 129, 410, 'IVF-M 75IU', 20, '550.00', '11000.00', 1),
(400, 129, 411, 'IVF-M 75IU', 2, '0.00', '0.00', 1),
(401, 130, 412, 'IVF-C 5000 IU 3 Vial/Box', 5, '1550.00', '7750.00', 1),
(402, 130, 413, 'IVF-C 5000 IU 3 Vial/Box', 1, '0.00', '0.00', 1),
(403, 119, 372, 'Follitrope ชนิดฉีด 150IU', 50, '1900.00', '95000.00', 1),
(404, 119, 373, 'Follitrope ชนิดฉีด 150IU', 15, '0.00', '0.00', 1),
(405, 132, 414, 'Propofol Lipuro 1% 20ML', 50, '90.00', '4500.00', 1),
(406, 133, 415, 'Follitrope ชนิดฉีด 150IU', 50, '1900.00', '95000.00', 1),
(407, 133, 416, 'Follitrope ชนิดฉีด 150IU', 15, '0.00', '0.00', 1),
(408, 133, 417, 'Follitrope ฉนิดฉีด 75 IU', 40, '1000.00', '40000.00', 1),
(409, 133, 418, 'Follitrope ฉนิดฉีด 75 IU', 12, '0.00', '0.00', 1),
(410, 134, 419, 'Gonal F 300IU/0.5ML', 15, '6000.00', '90000.00', 1),
(411, 134, 420, 'Gonal F 300IU/0.5ML', 9, '0.00', '0.00', 1),
(412, 135, 421, 'Gonal F 300IU/0.5ML', 15, '6000.00', '90000.00', 1),
(413, 135, 422, 'Gonal F 300IU/0.5ML', 9, '0.00', '0.00', 1),
(414, 135, 423, 'Ovidrel Syring 250มลก./0.5มล', 10, '1210.00', '12100.00', 1),
(415, 135, 424, 'Ovidrel Syring 250มลก./0.5มล', 1, '0.00', '0.00', 1),
(416, 135, 425, 'Cetrotide Inj 0.25mg 7VIA/Box', 5, '11760.00', '58800.00', 1),
(417, 135, 426, 'Cetrotide Inj 0.25mg 7VIA/Box', 1, '0.00', '0.00', 1),
(418, 136, 427, 'Propofol Lipuro 1% 20ML', 50, '90.00', '4500.00', 1),
(419, 137, 428, 'Crinone gel 8% 15app', 20, '2280.00', '45600.00', 1),
(420, 137, 429, 'Crinone gel 8% 15app', 2, '0.00', '0.00', 1),
(421, 138, 430, 'Gonal F 300IU/0.5ML', 15, '6000.00', '90000.00', 1),
(422, 138, 431, 'Gonal F 300IU/0.5ML', 9, '0.00', '0.00', 1),
(425, 140, 434, 'Pregnyl 1500 IU', 2, '604.94', '1209.88', 1),
(426, 140, 435, 'Pregnyl 5000 IU', 2, '589.31', '1178.62', 1),
(427, 141, 436, 'Gonal F 300IU/0.5ML', 15, '6000.00', '90000.00', 1),
(428, 141, 437, 'Gonal F 300IU/0.5ML', 9, '0.00', '0.00', 1),
(429, 142, 438, 'Gonal F 300IU/0.5ML', 15, '6000.00', '90000.00', 1),
(430, 142, 439, 'Gonal F 300IU/0.5ML', 9, '0.00', '0.00', 1),
(431, 142, 440, 'Crinone gel 8% 15app', 20, '2280.00', '45600.00', 1),
(432, 142, 441, 'Crinone gel 8% 15app', 2, '0.00', '0.00', 1),
(433, 143, 442, 'Duphaston', 40, '360.00', '14400.00', 1),
(434, 143, 443, 'Duphaston', 4, '0.00', '0.00', 1),
(435, 144, 444, 'Zalain Vaginal Tabs 500mg', 6, '170.00', '1020.00', 1),
(436, 145, 445, 'Gonal F 300IU/0.5ML', 15, '6000.00', '90000.00', 1),
(437, 145, 446, 'Gonal F 300IU/0.5ML', 9, '0.00', '0.00', 1),
(438, 146, 447, 'Crinone gel 8% 15app', 20, '2280.00', '45600.00', 1),
(439, 146, 448, 'Crinone gel 8% 15app', 2, '0.00', '0.00', 1),
(440, 146, 449, 'Ovidrel Syring 250มลก./0.5มล', 10, '1210.00', '12100.00', 1),
(441, 146, 450, 'Ovidrel Syring 250มลก./0.5มล', 1, '0.00', '0.00', 1),
(445, 148, 456, 'Gonal F 300IU/0.5ML', 15, '6000.00', '90000.00', 1),
(446, 148, 457, 'Gonal F 300IU/0.5ML', 9, '0.00', '0.00', 1),
(447, 149, 458, 'Clexane ( 4000 IU/0.4 ml)', 15, '540.80', '8112.00', 1),
(451, 152, 463, 'Proluton Depot 20x250MG', 3, '2065.00', '6195.00', 1),
(452, 152, 464, 'Climara Pad', 20, '342.00', '6840.00', 1),
(453, 152, 465, 'Progynova 2 mg. 3x28 s', 20, '480.00', '9600.00', 1),
(454, 152, 466, 'Progynova 2 mg. 3x28 s', 4, '0.00', '0.00', 1),
(455, 153, 467, 'Travocort cream', 5, '52.00', '260.00', 1),
(456, 154, 468, 'Gonal F 300IU/0.5ML', 15, '6000.00', '90000.00', 1),
(457, 154, 470, 'Gonal F 300IU/0.5ML', 9, '0.00', '0.00', 1),
(458, 154, 471, 'Crinone gel 8% 15app', 20, '2280.00', '45600.00', 1),
(459, 154, 473, 'Crinone gel 8% 15app', 2, '0.00', '0.00', 1),
(470, 159, 484, 'Cetrotide Inj 0.25mg 7VIA/Box', 5, '11760.00', '58800.00', 1),
(471, 159, 485, 'Cetrotide Inj 0.25mg 7VIA/Box', 1, '0.00', '0.00', 1),
(472, 159, 486, 'Gonal F 300IU/0.5ML', 15, '6000.00', '90000.00', 1),
(473, 159, 487, 'Gonal F 300IU/0.5ML', 9, '0.00', '0.00', 1),
(474, 160, 488, 'Gonal F 300IU/0.5ML', 15, '6000.00', '90000.00', 1),
(475, 160, 489, 'Gonal F 300IU/0.5ML', 9, '0.00', '0.00', 1),
(476, 160, 490, 'Crinone gel 8% 15app', 20, '2280.00', '45600.00', 1),
(477, 160, 491, 'Crinone gel 8% 15app', 2, '0.00', '0.00', 1),
(478, 161, 492, 'Gonal F 300IU/0.5ML', 15, '6000.00', '90000.00', 1),
(479, 161, 493, 'Gonal F 300IU/0.5ML', 9, '0.00', '0.00', 1),
(480, 161, 494, 'Cetrotide Inj 0.25mg 7VIA/Box', 5, '11760.00', '58800.00', 1),
(481, 161, 495, 'Cetrotide Inj 0.25mg 7VIA/Box', 1, '0.00', '0.00', 1),
(486, 163, 500, 'Duphaston', 800, '18.00', '14400.00', 1),
(487, 163, 501, 'Duphaston', 80, '0.00', '0.00', 1),
(488, 164, 502, 'Gonal F 300IU/0.5ML', 15, '6000.00', '90000.00', 1),
(489, 164, 503, 'Gonal F 300IU/0.5ML', 9, '0.00', '0.00', 1),
(490, 165, 504, 'Clexane ( 4000 IU/0.4 ml)', 20, '540.80', '10816.00', 1),
(491, 166, 505, 'Proluton Depot 20x250MG', 3, '2065.00', '6195.00', 1),
(492, 166, 506, 'Progynova 2 mg. 3x28 s', 40, '480.00', '19200.00', 1),
(493, 166, 507, 'Progynova 2 mg. 3x28 s', 8, '0.00', '0.00', 1),
(494, 166, 508, 'Climara Pad', 20, '342.00', '6840.00', 1),
(495, 166, 509, 'Primolut N', 2, '480.00', '960.00', 1),
(500, 168, 514, 'Z-BEC', 1, '2095.24', '2095.24', 1),
(501, 169, 515, 'Pregnyl 5000 IU', 20, '620.33', '12406.60', 1),
(502, 169, 516, 'Pregnyl 1500 IU', 5, '636.78', '3183.90', 1),
(503, 169, 517, 'Dalacin C', 2, '270.00', '540.00', 1),
(504, 170, 518, 'Utrogestan 100mg (1x30capsules)', 40, '330.00', '13200.00', 1),
(505, 170, 519, 'Utrogestan 100mg (1x30capsules)', 2, '0.00', '0.00', 1),
(506, 170, 520, 'Utrogestan 200 mg 1x15', 40, '330.00', '13200.00', 1),
(507, 170, 521, 'Utrogestan 200 mg 1x15', 4, '0.00', '0.00', 1),
(508, 171, 522, 'Cetrotide Inj 0.25mg 7VIA/Box', 5, '11760.00', '58800.00', 1),
(509, 171, 523, 'Cetrotide Inj 0.25mg 7VIA/Box', 1, '0.00', '0.00', 1),
(510, 172, 524, 'Onsia 8 mg inj.5x4 ml', 5, '326.00', '1630.00', 1),
(511, 172, 525, 'Onsia 8 mg inj.5x4 ml', 4, '0.00', '0.00', 1),
(512, 172, 526, 'Amoxicillin 500mg', 2, '399.00', '798.00', 1),
(513, 172, 527, 'Amoxicillin 500mg', 1, '0.00', '0.00', 1),
(516, 173, 528, 'Crinone gel 8% 15app', 20, '2280.00', '45600.00', 1),
(517, 173, 529, 'Crinone gel 8% 15app', 2, '0.00', '0.00', 1),
(518, 174, 530, 'Gonal F 300IU/0.5ML', 15, '6000.00', '90000.00', 1),
(519, 174, 531, 'Gonal F 300IU/0.5ML', 9, '0.00', '0.00', 1),
(520, 174, 532, 'Crinone gel 8% 15app', 20, '2280.00', '45600.00', 1),
(521, 174, 533, 'Crinone gel 8% 15app', 2, '0.00', '0.00', 1),
(522, 175, 534, 'Gonal F 300IU/0.5ML', 15, '6000.00', '90000.00', 0),
(523, 175, 535, 'Gonal F 300IU/0.5ML', 9, '0.00', '0.00', 0),
(524, 175, 536, 'Ovidrel Syring 250มลก./0.5มล', 10, '1210.00', '12100.00', 0),
(525, 175, 537, 'Ovidrel Syring 250มลก./0.5มล', 1, '0.00', '0.00', 0),
(526, 176, 538, 'Utrogestan 200 mg 1x15', 40, '330.00', '13200.00', 0),
(527, 176, 539, 'Utrogestan 200 mg 1x15', 4, '0.00', '0.00', 0),
(528, 176, 540, 'Utrogestan 100mg (1x30capsules)', 40, '330.00', '13200.00', 0),
(529, 176, 541, 'Utrogestan 100mg (1x30capsules)', 2, '0.00', '0.00', 0),
(530, 177, 542, 'Pregnyl 5000 IU', 30, '620.33', '18609.90', 0),
(531, 177, 543, 'Pregnyl 1500 IU', 10, '636.78', '6367.80', 0),
(532, 178, 544, 'Clexane ( 4000 IU/0.4 ml)', 20, '540.80', '10816.00', 0),
(533, 178, 545, 'Xylocain 2% สำหรับฉีด 10x20ML', 1, '481.00', '481.00', 0),
(534, 179, 546, 'Proluton Depot 20x250MG', 2, '2065.00', '4130.00', 0),
(536, 180, 547, 'Crinone gel 8% 15app', 20, '2280.00', '45600.00', 0),
(537, 180, 548, 'Crinone gel 8% 15app', 2, '0.00', '0.00', 0),
(538, 181, 549, 'Gonal F 300IU/0.5ML', 15, '6000.00', '90000.00', 0),
(539, 181, 550, 'Gonal F 300IU/0.5ML', 9, '0.00', '0.00', 0),
(540, 181, 551, 'Crinone gel 8% 15app', 20, '2280.00', '45600.00', 0),
(542, 183, 555, 'Gonal F 300IU/0.5ML', 15, '6000.00', '90000.00', 0),
(543, 183, 556, 'Gonal F 300IU/0.5ML', 9, '0.00', '0.00', 0),
(544, 184, 557, 'Bromocriptine (Suplac)', 4, '860.00', '3440.00', 0),
(548, 186, 560, 'Menopur 75 IU', 100, '760.00', '76000.00', 0),
(549, 186, 561, 'Menopur 75 IU', 10, '0.00', '0.00', 0),
(550, 187, 562, 'Gonal F 300IU/0.5ML', 15, '6000.00', '90000.00', 0),
(551, 187, 563, 'Gonal F 300IU/0.5ML', 9, '0.00', '0.00', 0),
(552, 188, 564, 'Proluton Depot 20x250MG', 2, '2065.00', '4130.00', 0),
(554, 189, 566, 'Clexane ( 4000 IU/0.4 ml)', 60, '270.40', '16224.00', 0),
(555, 190, 567, 'Menopur 75 IU', 100, '760.00', '76000.00', 0),
(556, 191, 568, 'Gonal F 300IU/0.5ML', 15, '6000.00', '90000.00', 0),
(557, 191, 569, 'Gonal F 300IU/0.5ML', 9, '0.00', '0.00', 0),
(558, 191, 570, 'Cetrotide Inj 0.25mg 7VIA/Box', 35, '1680.00', '58800.00', 0),
(559, 191, 571, 'Cetrotide Inj 0.25mg 7VIA/Box', 7, '0.00', '0.00', 0),
(562, 192, 572, 'Onsia 8 mg inj.5x4 ml', 5, '319.48', '1597.40', 0),
(563, 192, 573, 'Onsia 8 mg inj.5x4 ml', 4, '0.00', '0.00', 0),
(564, 192, 574, 'SIA-MOX', 2, '391.02', '782.04', 0),
(565, 192, 575, 'SIA-MOX', 1, '0.00', '0.00', 0),
(567, 194, 578, 'Clexane ( 4000 IU/0.4 ml)', 30, '540.80', '16224.00', 0),
(568, 196, 581, 'Gonal F 300IU/0.5ML', 15, '6000.00', '90000.00', 0),
(569, 196, 582, 'Gonal F 300IU/0.5ML', 9, '0.00', '0.00', 0),
(574, 200, 587, 'Gonal F 300IU/0.5ML', 15, '6000.00', '90000.00', 0),
(575, 200, 588, 'Gonal F 300IU/0.5ML', 9, '0.00', '0.00', 0),
(576, 200, 589, 'Cetrotide Inj 0.25mg 7VIA/Box', 5, '11760.00', '58800.00', 0),
(577, 200, 590, 'Cetrotide Inj 0.25mg 7VIA/Box', 1, '0.00', '0.00', 0),
(578, 201, 591, 'Organ Peptid ', 100, '1500.00', '150000.00', 0),
(579, 201, 592, 'Organ Peptid ', 10, '0.00', '0.00', 0),
(580, 202, 593, 'Progynova 2 mg. 3x28 s', 50, '480.00', '24000.00', 0),
(581, 202, 594, 'Progynova 2 mg. 3x28 s', 10, '0.00', '0.00', 0),
(582, 202, 595, 'Climara Pad', 30, '342.00', '10260.00', 0),
(583, 202, 596, 'Proluton Depot 20x250MG', 3, '2065.00', '6195.00', 0),
(584, 203, 597, 'Gonal F 300IU/0.5ML', 15, '6000.00', '90000.00', 0),
(585, 203, 598, 'Gonal F 300IU/0.5ML', 9, '0.00', '0.00', 0),
(588, 204, 599, 'Gonal F 300IU/0.5ML', 15, '6000.00', '90000.00', 0),
(589, 204, 600, 'Gonal F 300IU/0.5ML', 9, '0.00', '0.00', 0),
(592, 206, 601, 'Gonal F 300IU/0.5ML', 15, '6000.00', '90000.00', 0),
(593, 206, 602, 'Gonal F 300IU/0.5ML', 9, '0.00', '0.00', 0),
(594, 206, 603, 'Crinone gel 8% 15app', 20, '2280.00', '45600.00', 0),
(595, 206, 604, 'Crinone gel 8% 15app', 2, '0.00', '0.00', 0),
(596, 207, 605, 'Menopur 75 IU', 20, '7600.00', '152000.00', 0),
(597, 207, 606, 'Menopur 75 IU', 2, '0.00', '0.00', 0),
(598, 208, 607, 'Duphaston', 40, '360.00', '14400.00', 0),
(599, 208, 608, 'Duphaston', 4, '0.00', '0.00', 0),
(600, 209, 609, 'Propofol Lipuro 1% 20ML', 50, '90.00', '4500.00', 0),
(602, 211, 611, 'Clexane ( 4000 IU/0.4 ml)', 30, '540.80', '16224.00', 0),
(603, 212, 612, 'Gonal F 300IU/0.5ML', 15, '6000.00', '90000.00', 0),
(604, 212, 613, 'Gonal F 300IU/0.5ML', 9, '0.00', '0.00', 0),
(605, 212, 614, 'Crinone gel 8% 15app', 20, '2280.00', '45600.00', 0),
(606, 212, 615, 'Crinone gel 8% 15app', 2, '0.00', '0.00', 0),
(607, 213, 616, 'Utrogestan 100mg (1x30capsules)', 40, '330.00', '13200.00', 0),
(608, 213, 617, 'Utrogestan 100mg (1x30capsules)', 2, '0.00', '0.00', 0),
(611, 215, 620, 'CEF 3 1G IV Siam', 50, '64.68', '3234.00', 0),
(612, 215, 621, 'CEF 3 1G IV Siam', 25, '0.00', '0.00', 0),
(613, 216, 622, 'Cetrotide Inj 0.25mg 7VIA/Box', 5, '11760.00', '58800.00', 0),
(614, 216, 623, 'Cetrotide Inj 0.25mg 7VIA/Box', 1, '0.00', '0.00', 0),
(615, 217, 624, 'Gonal F 300IU/0.5ML', 15, '6000.00', '90000.00', 0),
(616, 217, 625, 'Cetrotide Inj 0.25mg 7VIA/Box', 9, '0.00', '0.00', 0),
(621, 220, 630, 'Organ Peptid ', 100, '1401.87', '140187.00', 1),
(622, 220, 631, 'Organ Peptid ', 10, '0.00', '0.00', 1),
(623, 222, 632, 'Yasmin 1x21', 12, '350.00', '4200.00', 0),
(624, 222, 633, 'Yasmin 1x21', 3, '0.00', '0.00', 0),
(625, 223, 634, 'Gonal F 300IU/0.5ML', 15, '6000.00', '90000.00', 0),
(626, 223, 635, 'Gonal F 300IU/0.5ML', 9, '0.00', '0.00', 0),
(627, 223, 636, 'Crinone gel 8% 15app', 20, '2280.00', '45600.00', 0),
(628, 223, 637, 'Crinone gel 8% 15app', 2, '0.00', '0.00', 0),
(631, 225, 640, 'Gonal F 300IU/0.5ML', 30, '6000.00', '180000.00', 0),
(632, 225, 641, 'Gonal F 300IU/0.5ML', 18, '0.00', '0.00', 0),
(633, 226, 642, 'Cetrotide Inj 0.25mg 7VIA/Box', 5, '11760.00', '58800.00', 0),
(634, 226, 643, 'Cetrotide Inj 0.25mg 7VIA/Box', 1, '0.00', '0.00', 0),
(636, 228, 645, 'Progynova 2 mg. 3x28 s', 60, '480.00', '28800.00', 0),
(637, 228, 646, 'Progynova 2 mg. 3x28 s', 12, '0.00', '0.00', 0),
(638, 228, 647, 'Climara Pad', 20, '342.00', '6840.00', 0),
(639, 229, 648, 'Gonal F 300IU/0.5ML', 30, '6000.00', '180000.00', 0),
(640, 229, 649, 'Gonal F 300IU/0.5ML', 18, '0.00', '0.00', 0),
(646, 233, 653, 'Gonal F 300IU/0.5ML', 15, '6000.00', '90000.00', 0),
(647, 233, 654, 'Gonal F 300IU/0.5ML', 9, '0.00', '0.00', 0),
(648, 234, 655, 'Gonal F 300IU/0.5ML', 30, '6000.00', '180000.00', 0),
(649, 234, 656, 'Gonal F 300IU/0.5ML', 18, '0.00', '0.00', 0),
(650, 234, 657, 'Crinone gel 8% 15app', 20, '2280.00', '45600.00', 0),
(651, 234, 658, 'Crinone gel 8% 15app', 2, '0.00', '0.00', 0),
(655, 236, 662, 'Zalain Vaginal Tabs 500mg', 10, '170.00', '1700.00', 0),
(656, 236, 663, 'Zalain cream 5 mg', 2, '60.00', '120.00', 0),
(657, 237, 664, 'Cetrotide Inj 0.25mg 7VIA/Box', 5, '11760.00', '58800.00', 0),
(658, 237, 665, 'Cetrotide Inj 0.25mg 7VIA/Box', 1, '0.00', '0.00', 0),
(661, 239, 668, 'Onsia 8 mg inj.5x4 ml', 10, '319.48', '3194.80', 0),
(662, 239, 669, 'Onsia 8 mg inj.5x4 ml', 8, '0.00', '0.00', 0),
(663, 240, 670, 'Gonal F 300IU/0.5ML', 30, '6000.00', '180000.00', 0),
(664, 240, 671, 'Gonal F 300IU/0.5ML', 18, '0.00', '0.00', 0),
(665, 240, 672, 'Ovidrel Syring 250มลก./0.5มล', 10, '1210.00', '12100.00', 0),
(666, 240, 673, 'Ovidrel Syring 250มลก./0.5มล', 1, '0.00', '0.00', 0),
(668, 242, 675, 'Crinone gel 8% 15app', 40, '2280.00', '91200.00', 0),
(669, 242, 676, 'Crinone gel 8% 15app', 4, '0.00', '0.00', 0),
(670, 243, 677, 'Propofol Lipuro 1% 20ML', 50, '90.00', '4500.00', 0),
(671, 244, 678, 'Proluton Depot 20x250MG', 5, '2065.00', '10325.00', 0),
(672, 245, 679, 'Clexane ( 4000 IU/0.4 ml)', 50, '540.80', '27040.00', 0),
(706, 259, 713, 'Gonal F 300IU/0.5ML', 30, '6000.00', '180000.00', 0),
(707, 259, 714, 'Gonal F 300IU/0.5ML', 18, '0.00', '0.00', 0),
(708, 260, 715, 'Gonal F 300IU/0.5ML', 15, '6000.00', '90000.00', 0),
(709, 260, 716, 'Gonal F 300IU/0.5ML', 9, '0.00', '0.00', 0),
(712, 263, 720, 'Gonal F 300IU/0.5ML', 30, '6000.00', '180000.00', 0),
(713, 263, 721, 'Gonal F 300IU/0.5ML', 18, '0.00', '0.00', 0),
(714, 263, 722, 'Crinone gel 8% 15app', 20, '2280.00', '45600.00', 0),
(715, 263, 723, 'Crinone gel 8% 15app', 2, '0.00', '0.00', 0),
(724, 267, 731, 'Gonal F 300IU/0.5ML', 30, '6000.00', '180000.00', 0),
(725, 267, 732, 'Gonal F 300IU/0.5ML', 18, '0.00', '0.00', 0),
(726, 267, 733, 'Ovidrel Syring 250มลก./0.5มล', 10, '1210.00', '12100.00', 0),
(727, 267, 734, 'Ovidrel Syring 250มลก./0.5มล', 1, '0.00', '0.00', 0),
(730, 269, 737, 'Propofol Lipuro 1% 20ML', 50, '90.00', '4500.00', 0),
(732, 271, 739, 'Clexane ( 4000 IU/0.4 ml)', 50, '540.80', '27040.00', 1),
(738, 273, 744, 'Progynova 2 mg. 3x28 s', 60, '480.00', '28800.00', 1),
(739, 273, 745, 'Progynova 2 mg. 3x28 s', 12, '0.00', '0.00', 1),
(740, 273, 746, 'Primolut N  10x10', 1, '480.00', '480.00', 1),
(742, 274, 747, 'Gonal F 300IU/0.5ML', 30, '6000.00', '180000.00', 0),
(743, 274, 748, 'Gonal F 300IU/0.5ML', 18, '0.00', '0.00', 0),
(744, 274, 749, 'Cetrotide Inj 0.25mg 7VIA/Box', 5, '11760.00', '58800.00', 0),
(745, 274, 750, 'Cetrotide Inj 0.25mg 7VIA/Box', 1, '0.00', '0.00', 0),
(746, 275, 751, 'Gonal F 300IU/0.5ML', 30, '6000.00', '180000.00', 0),
(747, 275, 752, 'Gonal F 300IU/0.5ML', 18, '0.00', '0.00', 0),
(748, 275, 753, 'Amoxicillin 500mg', 20, '2280.00', '45600.00', 0),
(749, 275, 754, 'Crinone gel 8% 15app', 2, '0.00', '0.00', 0),
(763, 283, 768, 'Gonal F 300IU/0.5ML', 15, '6000.00', '90000.00', 0),
(764, 283, 769, 'Gonal F 300IU/0.5ML', 9, '0.00', '0.00', 0),
(765, 283, 770, 'Cetrotide Inj 0.25mg 7VIA/Box', 5, '11760.00', '58800.00', 0),
(766, 283, 771, 'Cetrotide Inj 0.25mg 7VIA/Box', 1, '0.00', '0.00', 0),
(767, 283, 772, 'Crinone gel 8% 15app', 20, '2280.00', '45600.00', 0),
(768, 283, 773, 'Crinone gel 8% 15app', 2, '0.00', '0.00', 0),
(788, 289, 797, 'Utrogestan 100mg (1x30capsules)', 40, '330.00', '13200.00', 1),
(789, 289, 798, 'Utrogestan 100mg (1x30capsules)', 2, '0.00', '0.00', 1),
(790, 289, 799, 'Utrogestan 200 mg 1x15', 40, '330.00', '13200.00', 1),
(791, 289, 800, 'Utrogestan 200 mg 1x15', 4, '0.00', '0.00', 1),
(792, 290, 801, 'Orgalutran', 40, '1600.00', '64000.00', 1),
(793, 290, 802, 'Orgalutran', 4, '0.00', '0.00', 1),
(796, 292, 805, 'Utrogestan 200 mg 1x15', 40, '330.00', '13200.00', 1),
(797, 292, 806, 'Utrogestan 200 mg 1x15', 4, '0.00', '0.00', 1),
(798, 292, 807, 'Utrogestan 100mg (1x30capsules)', 40, '330.00', '13200.00', 1),
(799, 292, 808, 'Utrogestan 100mg (1x30capsules)', 2, '0.00', '0.00', 1),
(800, 292, 809, 'Oestrogel', 10, '205.00', '2050.00', 1),
(806, 295, 812, 'Utrogestan 100mg (1x30capsules)', 80, '330.00', '26400.00', 1),
(807, 295, 814, 'Utrogestan 100mg (1x30capsules)', 4, '0.00', '0.00', 1),
(808, 296, 815, 'Gonal F 300IU/0.5ML', 30, '6000.00', '180000.00', 1),
(809, 296, 816, 'Gonal F 300IU/0.5ML', 18, '0.00', '0.00', 1),
(810, 297, 818, 'CEF 3 1G IV Siam', 25, '0.00', '0.00', 1),
(811, 297, 819, 'CEF 3 1G IV Siam', 50, '64.68', '3234.00', 1),
(819, 301, 825, 'Gonal F 300IU/0.5ML', 30, '6000.00', '180000.00', 1),
(820, 301, 826, 'Gonal F 300IU/0.5ML', 18, '0.00', '0.00', 1),
(829, 305, 837, 'Duphaston', 40, '360.00', '14400.00', 1),
(830, 305, 838, 'Duphaston', 4, '0.00', '0.00', 1),
(831, 306, 839, 'Pregnyl 1500 IU', 30, '636.78', '19103.40', 1),
(832, 308, 840, 'Orgalutran', 20, '1600.00', '32000.00', 1),
(833, 308, 841, 'Orgalutran', 2, '0.00', '0.00', 1),
(834, 309, 842, 'Suplac 1x10x10', 400, '7.79', '3116.00', 1),
(835, 310, 843, 'Utrogestan 100mg (1x30capsules)', 40, '330.00', '13200.00', 1),
(836, 310, 844, 'Utrogestan 100mg (1x30capsules)', 2, '0.00', '0.00', 1),
(837, 310, 845, 'Utrogestan 200 mg 1x15', 40, '330.00', '13200.00', 1),
(838, 310, 846, 'Utrogestan 200 mg 1x15', 4, '0.00', '0.00', 1),
(839, 310, 847, 'Oestrogel', 10, '205.00', '2050.00', 1),
(840, 312, 848, 'Suplac 1x10x10', 400, '7.79', '3116.00', 1),
(841, 313, 849, 'Crinone gel 8% 15app', 20, '2280.00', '45600.00', 1),
(842, 313, 850, 'Crinone gel 8% 15app', 2, '0.00', '0.00', 1),
(847, 315, 855, 'Propofol Lipuro 1% 20ML', 50, '90.00', '4500.00', 1),
(862, 322, 811, 'Menopur 75 IU', 4, '0.00', '0.00', 1),
(863, 322, 863, 'Menopur 75 IU', 400, '760.00', '304000.00', 1),
(864, 323, 804, 'Dalacin C', 4, '270.00', '1080.00', 1),
(865, 323, 864, 'Pregnyl 1500 IU', 30, '212.26', '6367.80', 1),
(876, 326, 875, '9200 Avagard Sol.', 1, '1000.00', '1000.00', 1),
(887, 330, 882, 'Gonal F 300IU/0.5ML', 30, '6000.00', '180000.00', 1),
(888, 330, 883, 'Gonal F 300IU/0.5ML', 18, '0.00', '0.00', 1),
(889, 330, 884, 'Ovidrel Syring 250มลก./0.5มล', 10, '1210.00', '12100.00', 1),
(890, 330, 885, 'Ovidrel Syring 250มลก./0.5มล', 1, '0.00', '0.00', 1),
(891, 331, 886, 'Cetrotide Inj 0.25mg 7VIA/Box', 5, '11760.00', '58800.00', 1),
(892, 331, 887, 'Cetrotide Inj 0.25mg 7VIA/Box', 1, '0.00', '0.00', 1),
(893, 332, 888, 'Cetrotide Inj 0.25mg 7VIA/Box', 5, '11760.00', '58800.00', 1),
(894, 332, 889, 'Cetrotide Inj 0.25mg 7VIA/Box', 1, '0.00', '0.00', 1),
(895, 333, 890, 'Cetrotide Inj 0.25mg 7VIA/Box', 5, '11760.00', '58800.00', 1),
(896, 333, 891, 'Cetrotide Inj 0.25mg 7VIA/Box', 1, '0.00', '0.00', 1),
(897, 333, 892, 'Gonal F 300IU/0.5ML', 30, '6000.00', '180000.00', 1),
(898, 333, 893, 'Gonal F 300IU/0.5ML', 18, '0.00', '0.00', 1),
(899, 334, 894, 'Clexane ( 4000 IU/0.4 ml)', 50, '540.80', '27040.00', 1),
(900, 335, 895, 'Gonal F 300IU/0.5ML', 30, '6000.00', '180000.00', 1),
(901, 335, 896, 'Gonal F 300IU/0.5ML', 18, '0.00', '0.00', 1),
(902, 335, 897, 'Cetrotide Inj 0.25mg 7VIA/Box', 5, '11760.00', '58800.00', 1),
(903, 335, 898, 'Cetrotide Inj 0.25mg 7VIA/Box', 1, '0.00', '0.00', 1),
(904, 336, 899, 'Progynova 2 mg. 3x28 s', 50, '480.00', '24000.00', 1),
(905, 336, 900, 'Progynova 2 mg. 3x28 s', 10, '0.00', '0.00', 1),
(906, 336, 901, 'Climara 1x4 pad', 30, '342.00', '10260.00', 1),
(907, 336, 902, 'Proluton Depot 20x250MG', 5, '2065.00', '10325.00', 1),
(908, 336, 903, 'Primolut N  10x10', 1, '480.00', '480.00', 1),
(909, 337, 904, 'Gonal F 300IU/0.5ML', 30, '6000.00', '180000.00', 1),
(910, 337, 905, 'Gonal F 300IU/0.5ML', 18, '0.00', '0.00', 1),
(911, 337, 907, 'Crinone gel 8% 15app', 20, '2280.00', '45600.00', 1),
(912, 337, 908, 'Crinone gel 8% 15app', 2, '0.00', '0.00', 1),
(913, 337, 909, 'Ovidrel Syring 250มลก./0.5มล', 10, '1210.00', '12100.00', 1),
(914, 337, 910, 'Ovidrel Syring 250มลก./0.5มล', 1, '0.00', '0.00', 1),
(915, 338, 911, 'Gonal F 300IU/0.5ML', 15, '6000.00', '90000.00', 1),
(916, 338, 912, 'Gonal F 300IU/0.5ML', 9, '0.00', '0.00', 1),
(917, 338, 913, 'Crinone gel 8% 15app', 20, '2280.00', '45600.00', 1),
(918, 338, 914, 'Crinone gel 8% 15app', 2, '0.00', '0.00', 1),
(919, 338, 915, 'Cetrotide Inj 0.25mg 7VIA/Box', 5, '11760.00', '58800.00', 1),
(920, 338, 916, 'Cetrotide Inj 0.25mg 7VIA/Box', 1, '0.00', '0.00', 1),
(921, 339, 917, 'Gonal F 300IU/0.5ML', 30, '6000.00', '180000.00', 1),
(922, 339, 918, 'Crinone gel 8% 15app', 18, '0.00', '0.00', 1),
(923, 339, 919, 'Crinone gel 8% 15app', 20, '2280.00', '45600.00', 1),
(924, 339, 920, 'Crinone gel 8% 15app', 2, '0.00', '0.00', 1),
(925, 340, 921, '9200 Avagard Sol.', 1, '1000.00', '1000.00', 1),
(926, 341, 922, 'Orgalutran', 40, '1600.00', '64000.00', 1),
(927, 341, 923, 'Orgalutran', 4, '0.00', '0.00', 1),
(928, 342, 924, 'Utrogestan 200 mg 1x15', 40, '330.00', '13200.00', 1),
(929, 342, 925, 'Utrogestan 200 mg 1x15', 4, '0.00', '0.00', 1),
(930, 342, 926, 'Utrogestan 100mg (1x30capsules)', 40, '330.00', '13200.00', 1),
(931, 342, 927, 'Utrogestan 100mg (1x30capsules)', 2, '0.00', '0.00', 1),
(932, 342, 928, 'Oestrogel', 10, '205.00', '2050.00', 1),
(933, 343, 929, 'Testoviron 250 mg inj.20 amp.', 1, '2710.00', '2710.00', 1),
(935, 344, 931, 'Clexane ( 4000 IU/0.4 ml) 2 syringes', 50, '540.80', '27040.00', 1),
(936, 345, 932, 'Gonal F 300IU/0.5ML', 30, '6000.00', '180000.00', 1),
(937, 345, 933, 'Gonal F 300IU/0.5ML', 18, '0.00', '0.00', 1),
(938, 345, 934, 'Cetrotide Inj 0.25mg 7VIA/Box', 5, '11760.00', '58800.00', 1),
(939, 345, 935, 'Cetrotide Inj 0.25mg 7VIA/Box', 1, '0.00', '0.00', 1),
(942, 347, 938, 'Onsia 8 mg inj.5x4 ml', 10, '319.48', '3194.80', 1),
(943, 347, 939, 'Onsia 8 mg inj.5x4 ml', 8, '0.00', '0.00', 1),
(944, 348, 940, 'Propofol Lipuro 1% 20ML', 50, '90.00', '4500.00', 1),
(945, 349, 941, 'Primolut N  10x10', 4, '480.00', '1920.00', 1),
(946, 349, 942, 'Climara 1x4 pad', 40, '342.00', '13680.00', 1),
(947, 349, 943, 'Progynova 2 mg. 3x28 s', 40, '480.00', '19200.00', 1),
(948, 349, 944, 'Progynova 2 mg. 3x28 s', 8, '0.00', '0.00', 1),
(949, 349, 945, 'Proluton Depot 20x250MG', 2, '2065.00', '4130.00', 1),
(950, 350, 946, 'Suprefact E nasal spray', 1, '2040.00', '2040.00', 1),
(951, 351, 947, 'Gonal F 300IU/0.5ML', 30, '6000.00', '180000.00', 1),
(952, 351, 948, 'Gonal F 300IU/0.5ML', 18, '0.00', '0.00', 1),
(953, 351, 949, 'Crinone gel 8% 15app', 20, '2280.00', '45600.00', 1),
(954, 351, 951, 'Crinone gel 8% 15app', 2, '0.00', '0.00', 1),
(955, 352, 953, 'Crinone gel 8% 15app', 20, '2280.00', '45600.00', 1),
(956, 352, 954, 'Crinone gel 8% 15app', 2, '0.00', '0.00', 1),
(957, 352, 955, 'Gonal F 300IU/0.5ML', 30, '6000.00', '180000.00', 1),
(958, 352, 956, 'Gonal F 300IU/0.5ML', 18, '0.00', '0.00', 1),
(959, 353, 957, 'Follitrope inj.75 IU', 20, '1000.00', '20000.00', 1),
(960, 353, 958, 'Follitrope inj.75 IU', 6, '0.00', '0.00', 1),
(961, 353, 959, 'Follitrope ชนิดฉีด 150IU', 20, '1900.00', '38000.00', 1),
(962, 353, 960, 'Follitrope ชนิดฉีด 150IU', 6, '0.00', '0.00', 1),
(963, 354, 961, 'Cetrotide Inj 0.25mg 7VIA/Box', 5, '11760.00', '58800.00', 1),
(964, 354, 962, 'Cetrotide Inj 0.25mg 7VIA/Box', 1, '0.00', '0.00', 1),
(965, 355, 964, 'IVF-M 75IU', 20, '550.00', '11000.00', 1),
(966, 355, 965, 'IVF-M 75IU', 4, '0.00', '0.00', 1),
(967, 356, 966, 'Gonal F 300IU/0.5ML', 30, '6000.00', '180000.00', 1),
(968, 356, 967, 'Gonal F 300IU/0.5ML', 18, '0.00', '0.00', 1),
(969, 356, 968, 'Crinone gel 8% 15app', 20, '2280.00', '45600.00', 1),
(970, 356, 969, 'Crinone gel 8% 15app', 2, '0.00', '0.00', 1),
(971, 356, 970, 'Cetrotide Inj 0.25mg 7VIA/Box', 5, '11760.00', '58800.00', 1),
(972, 356, 971, 'Cetrotide Inj 0.25mg 7VIA/Box', 1, '0.00', '0.00', 1),
(973, 357, 972, 'Clexane ( 4000 IU/0.4 ml) 2 syringes', 50, '540.80', '27040.00', 1),
(974, 358, 973, 'Crinone gel 8% 15app', 20, '2280.00', '45600.00', 1),
(975, 358, 974, 'Crinone gel 8% 15app', 2, '0.00', '0.00', 1),
(976, 358, 975, 'Gonal F 300IU/0.5ML', 30, '6000.00', '180000.00', 1),
(977, 358, 976, 'Gonal F 300IU/0.5ML', 18, '0.00', '0.00', 1),
(978, 359, 977, 'Climara 1x4 pad', 30, '342.00', '10260.00', 1),
(979, 359, 978, 'Progynova 2 mg. 3x28 s', 30, '480.00', '14400.00', 1),
(980, 359, 979, 'Proluton Depot 20x250MG', 2, '2065.00', '4130.00', 1),
(982, 361, 981, 'Menopur inj.10x75IU', 40, '7600.00', '304000.00', 1),
(983, 361, 982, 'Menopur inj.10x75IU', 4, '0.00', '0.00', 1),
(984, 362, 983, 'Gonal F 300IU/0.5ML', 30, '6000.00', '180000.00', 1),
(985, 362, 984, 'Gonal F 300IU/0.5ML', 18, '0.00', '0.00', 1),
(986, 362, 985, 'Crinone gel 8% 15app', 20, '2280.00', '45600.00', 1),
(987, 362, 986, 'Crinone gel 8% 15app', 2, '0.00', '0.00', 1),
(988, 363, 987, 'Cetrotide Inj 0.25mg 7VIA/Box', 5, '11760.00', '58800.00', 1),
(989, 363, 988, 'Cetrotide Inj 0.25mg 7VIA/Box', 1, '0.00', '0.00', 1),
(990, 363, 989, 'Crinone gel 8% 15app', 20, '2280.00', '45600.00', 1),
(991, 363, 990, 'Crinone gel 8% 15app', 2, '0.00', '0.00', 1),
(992, 363, 991, 'Ovidrel Syring 250มลก./0.5มล', 10, '1210.00', '12100.00', 1),
(993, 363, 992, 'Ovidrel Syring 250มลก./0.5มล', 1, '0.00', '0.00', 1),
(994, 364, 993, 'Proluton Depot 20x250MG', 2, '2065.00', '4130.00', 1),
(995, 365, 994, 'Propofol Lipuro 1% 20ML', 50, '90.00', '4500.00', 1),
(996, 366, 995, 'Utrogestan 100mg (1x30capsules)', 60, '330.00', '19800.00', 1),
(997, 366, 996, 'Utrogestan 100mg (1x30capsules)', 3, '0.00', '0.00', 1),
(998, 366, 997, 'Utrogestan 200 mg 1x15', 40, '330.00', '13200.00', 1),
(999, 366, 998, 'Utrogestan 200 mg 1x15', 4, '0.00', '0.00', 1),
(1000, 367, 999, 'Duphaston 10mg 20 tablets', 40, '360.00', '14400.00', 1),
(1001, 368, 1001, 'Ceftrex 1 g', 30, '36.26', '1087.80', 1),
(1002, 369, 1002, 'Aspirin 81mg 50x20 tablets', 6, '280.25', '1681.50', 1),
(1003, 369, 1003, 'Folic acid 1000 tablets', 4, '133.00', '532.00', 1),
(1004, 369, 1004, 'Vitamin C 1000\'s', 3, '156.75', '470.25', 1),
(1005, 369, 1005, 'Acroxia 120 mg 10x5 \'s', 1, '2251.50', '2251.50', 1),
(1006, 370, 1006, 'Cetrotide Inj 0.25mg 7VIA/Box', 5, '11760.00', '58800.00', 1),
(1007, 370, 1007, 'Cetrotide Inj 0.25mg 7VIA/Box', 1, '0.00', '0.00', 1),
(1009, 371, 1008, 'Orgalutran 1 syringe', 40, '1600.00', '64000.00', 1),
(1010, 371, 1009, 'Orgalutran 1 syringe', 4, '0.00', '0.00', 1),
(1011, 372, 1010, 'Utrogestan 100mg 1x30', 40, '330.00', '13200.00', 1),
(1012, 372, 1011, 'Utrogestan 100mg 1x30', 2, '0.00', '0.00', 1),
(1013, 372, 1012, 'Utrogestan 200 mg 1x15', 40, '330.00', '13200.00', 1),
(1014, 372, 1013, 'Utrogestan 200 mg 1x15', 4, '0.00', '0.00', 1),
(1015, 372, 1014, 'Oestrogel 1 x80gm', 10, '205.00', '2050.00', 1),
(1016, 373, 1015, 'Gonal F 300IU/0.5ML', 30, '6000.00', '180000.00', 1),
(1017, 373, 1016, 'Gonal F 300IU/0.5ML', 18, '0.00', '0.00', 1),
(1018, 374, 1017, 'Gonal F 300IU/0.5ML', 30, '6000.00', '180000.00', 1),
(1019, 374, 1018, 'Gonal F 300IU/0.5ML', 18, '0.00', '0.00', 1),
(1020, 374, 1019, 'Cetrotide Inj 0.25mg 7VIA/Box', 5, '11760.00', '58800.00', 1),
(1021, 374, 1020, 'Cetrotide Inj 0.25mg 7VIA/Box', 1, '0.00', '0.00', 1),
(1022, 375, 1021, 'Gonal F 300IU/0.5ML', 30, '6000.00', '180000.00', 1),
(1023, 375, 1022, 'Gonal F 300IU/0.5ML', 18, '0.00', '0.00', 1),
(1024, 375, 1023, 'Cetrotide Inj 0.25mg 7VIA/Box', 5, '11760.00', '58800.00', 1),
(1025, 375, 1024, 'Cetrotide Inj 0.25mg 7VIA/Box', 1, '0.00', '0.00', 1),
(1026, 375, 1025, 'Crinone gel 8% 15app', 20, '2280.00', '45600.00', 1),
(1027, 375, 1026, 'Crinone gel 8% 15app', 2, '0.00', '0.00', 1),
(1028, 376, 1027, 'Clexane ( 4000 IU/0.4 ml) 2 syringes', 50, '540.80', '27040.00', 1),
(1029, 376, 1028, 'Climara 1x4 pad', 30, '342.00', '10260.00', 1),
(1030, 376, 1029, 'Progynova 2 mg. 3x28 s', 30, '480.00', '14400.00', 1),
(1031, 376, 1030, 'Progynova 2 mg. 3x28 s', 6, '0.00', '0.00', 1),
(1032, 376, 1031, 'Primolut N  10x10', 2, '480.00', '960.00', 1),
(1033, 377, 1032, 'Gonal F 300IU/0.5ML', 30, '6000.00', '180000.00', 1),
(1034, 377, 1033, 'Gonal F 300IU/0.5ML', 18, '0.00', '0.00', 1);
INSERT INTO `POdetail` (`id`, `head_id`, `PR_id`, `item_name`, `qty`, `unit_price`, `total_price`, `ready_rec`) VALUES
(1035, 377, 1034, 'Ovidrel Syring 250มลก. 1 syringe', 10, '1210.00', '12100.00', 1),
(1036, 377, 1035, 'Ovidrel Syring 250มลก. 1 syringe', 1, '0.00', '0.00', 1),
(1037, 378, 1036, 'Acroxia 120 mg 10x5 \'s', 2, '2251.50', '4503.00', 1),
(1038, 378, 1037, 'Acroxia 90 mg 10x5\'s', 1, '1828.75', '1828.75', 1),
(1039, 379, 1038, 'Aspirin 81mg 50x20 tablets', 6, '280.25', '1681.50', 1),
(1040, 379, 1039, 'Tylenol Foil 500 mg. 20x10 s', 6, '161.50', '969.00', 1),
(1041, 380, 1040, 'Transamine 250mg 1 amp.', 20, '36.10', '722.00', 1),
(1042, 380, 1041, 'Vomitin inj. 1 amp.', 50, '2.61', '130.50', 1),
(1045, 381, 980, 'Neopain 250 mg(Ponstan)1000\'c', 4, '289.75', '1159.00', 1),
(1046, 382, 1043, 'Tylenol Foil 500 mg. 20x10 s', 6, '161.50', '969.00', 1),
(1047, 382, 1044, 'Vitamin C 1000\'s', 2, '156.75', '313.50', 1),
(1048, 383, 1045, 'Cetrotide Inj 0.25mg 7VIA/Box', 5, '11760.00', '58800.00', 1),
(1049, 383, 1046, 'Cetrotide Inj 0.25mg 7VIA/Box', 1, '0.00', '0.00', 1),
(1050, 384, 1047, 'Gonal F 300IU/0.5ML', 30, '6000.00', '180000.00', 1),
(1051, 384, 1048, 'Gonal F 300IU/0.5ML', 18, '0.00', '0.00', 1),
(1052, 385, 1049, 'Propofol Lipuro 1% 20ML', 50, '90.00', '4500.00', 1),
(1053, 386, 1050, 'Proluton Depot 20x250MG', 5, '2065.00', '10325.00', 1),
(1054, 386, 1051, 'Progynova 2 mg. 3x28 s', 30, '480.00', '14400.00', 1),
(1055, 386, 1052, 'Progynova 2 mg. 3x28 s', 6, '0.00', '0.00', 1),
(1056, 386, 1053, 'Climara 1x4 pad', 20, '342.00', '6840.00', 1),
(1057, 387, 1054, 'Crinone gel 8% 15app', 20, '2280.00', '45600.00', 1),
(1058, 387, 1055, 'Crinone gel 8% 15app', 2, '0.00', '0.00', 1),
(1059, 388, 1056, 'Cetrotide Inj 0.25mg 7VIA/Box', 5, '11760.00', '58800.00', 1),
(1060, 388, 1057, 'Cetrotide Inj 0.25mg 7VIA/Box', 1, '0.00', '0.00', 1),
(1061, 388, 1058, 'Crinone gel 8% 15app', 20, '2280.00', '45600.00', 1),
(1062, 388, 1059, 'Crinone gel 8% 15app', 2, '0.00', '0.00', 1),
(1063, 389, 1060, 'CEF 3 1G IV Siam', 50, '64.68', '3234.00', 1),
(1064, 389, 1061, 'CEF 3 1G IV Siam', 25, '0.00', '0.00', 1),
(1065, 390, 1064, 'Pregnyl 1500 IU 1x3 amp.', 30, '636.78', '19103.40', 1),
(1066, 390, 1065, 'Pregnyl 5000 IU x 1 ', 30, '620.33', '18609.90', 1),
(1067, 391, 1066, 'Onsia 8 mg inj.5x4 ml', 10, '319.48', '3194.80', 1),
(1068, 391, 1068, 'Onsia 8 mg inj.5x4 ml', 8, '0.00', '0.00', 1),
(1069, 392, 1069, 'Enantone 1.88 mg x 1', 5, '4927.00', '24635.00', 1),
(1070, 392, 1070, 'Enantone 1.88 mg x 1', 1, '0.00', '0.00', 1),
(1071, 393, 1071, 'Clexane ( 4000 IU/0.4 ml) 2 syringes', 50, '540.80', '27040.00', 1),
(1072, 394, 1072, 'Utrogestan 100mg 1x30', 40, '330.00', '13200.00', 1),
(1073, 394, 1073, 'Utrogestan 100mg 1x30', 2, '0.00', '0.00', 1),
(1074, 395, 1074, 'Duphaston 10mg 20 tablets', 60, '360.00', '21600.00', 1),
(1075, 395, 1075, 'Duphaston 10mg 20 tablets', 6, '0.00', '0.00', 1),
(1076, 396, 1076, 'Tylenol Foil 500 mg. 20x10 s', 10, '161.50', '1615.00', 1),
(1077, 397, 1077, 'Gonal F 300IU/0.5ML', 30, '6000.00', '180000.00', 1),
(1078, 397, 1078, 'Gonal F 300IU/0.5ML', 18, '0.00', '0.00', 1),
(1079, 398, 1079, 'Gonal F 300IU/0.5ML', 30, '6000.00', '180000.00', 1),
(1080, 398, 1080, 'Gonal F 300IU/0.5ML', 18, '0.00', '0.00', 1),
(1082, 399, 1082, 'Gonal F 300IU/0.5ML', 18, '0.00', '0.00', 1),
(1083, 399, 1083, 'Crinone gel 8% 15app', 20, '2280.00', '45600.00', 1),
(1084, 399, 1081, 'Gonal F 300IU/0.5ML', 30, '6000.00', '180000.00', 1),
(1085, 399, 1084, 'Crinone gel 8% 15app', 2, '0.00', '0.00', 1),
(1086, 400, 1085, 'Utrogestan 200 mg 1x15', 40, '330.00', '13200.00', 1),
(1087, 400, 1086, 'Utrogestan 200 mg 1x15', 4, '0.00', '0.00', 1),
(1088, 400, 1087, 'Oestrogel 1 x80gm', 10, '205.00', '2050.00', 1),
(1089, 401, 1088, 'Utrogestan 200 mg 1x15', 40, '330.00', '13200.00', 1),
(1090, 401, 1089, 'Utrogestan 200 mg 1x15', 4, '0.00', '0.00', 1),
(1091, 401, 1090, 'Oestrogel 1 x80gm', 10, '205.00', '2050.00', 1),
(1092, 402, 1092, 'CEF 3 1G IV Siam', 50, '64.68', '3234.00', 1),
(1093, 402, 1093, 'CEF 3 1G IV Siam', 25, '0.00', '0.00', 1),
(1094, 403, 1094, 'Onsia 8 mg inj.5x4 ml', 10, '319.48', '3194.80', 1),
(1095, 403, 1095, 'Onsia 8 mg inj.5x4 ml', 8, '0.00', '0.00', 1),
(1096, 404, 1096, 'Cetrotide Inj 0.25mg 7VIA/Box', 5, '11760.00', '58800.00', 1),
(1097, 404, 1097, 'Cetrotide Inj 0.25mg 7VIA/Box', 1, '0.00', '0.00', 1),
(1098, 404, 1098, 'Ovidrel Syring 250มลก. 1 syringe', 10, '1210.00', '12100.00', 1),
(1099, 404, 1099, 'Ovidrel Syring 250มลก. 1 syringe', 1, '0.00', '0.00', 1),
(1100, 405, 1100, 'Climara 1x4 pad', 40, '342.00', '13680.00', 1),
(1101, 405, 1101, 'Progynova 2 mg. 3x28 s', 40, '480.00', '19200.00', 1),
(1102, 405, 1102, 'Progynova 2 mg. 3x28 s', 8, '0.00', '0.00', 1),
(1103, 406, 1103, 'Gonal F 300IU/0.5ML', 30, '6000.00', '180000.00', 1),
(1104, 406, 1104, 'Gonal F 300IU/0.5ML', 18, '0.00', '0.00', 1),
(1105, 407, 1105, 'Propofol Lipuro 1% 20ML', 80, '90.00', '7200.00', 1),
(1106, 408, 1106, 'Gonal F 300IU/0.5ML', 30, '6000.00', '180000.00', 1),
(1107, 408, 1107, 'Gonal F 300IU/0.5ML', 18, '0.00', '0.00', 1),
(1108, 408, 1108, 'Crinone gel 8% 15app', 20, '2280.00', '45600.00', 1),
(1109, 408, 1109, 'Crinone gel 8% 15app', 2, '0.00', '0.00', 1),
(1110, 409, 1110, 'Clexane ( 4000 IU/0.4 ml) 2 syringes', 50, '540.80', '27040.00', 1),
(1111, 410, 1111, 'Crinone gel 8% 15app', 20, '2280.00', '45600.00', 1),
(1112, 410, 1112, 'Crinone gel 8% 15app', 2, '0.00', '0.00', 1),
(1113, 411, 1113, 'Cetrotide Inj 0.25mg 7VIA/Box', 5, '11760.00', '58800.00', 1),
(1114, 411, 1114, 'Cetrotide Inj 0.25mg 7VIA/Box', 1, '0.00', '0.00', 1),
(1115, 412, 1115, 'IVF-M 150IU', 30, '1000.00', '30000.00', 1),
(1116, 412, 1116, 'IVF-M 150IU', 6, '0.00', '0.00', 1),
(1117, 413, 1117, 'Gonal F 300IU/0.5ML', 30, '6000.00', '180000.00', 1),
(1118, 413, 1118, 'Gonal F 300IU/0.5ML', 18, '0.00', '0.00', 1),
(1119, 414, 1119, 'Crinone gel 8% 15app', 40, '2280.00', '91200.00', 1),
(1120, 414, 1120, 'Crinone gel 8% 15app', 4, '0.00', '0.00', 1),
(1121, 414, 1121, 'Cetrotide Inj 0.25mg 7VIA/Box', 5, '11760.00', '58800.00', 1),
(1122, 414, 1122, 'Cetrotide Inj 0.25mg 7VIA/Box', 1, '0.00', '0.00', 1),
(1123, 415, 1123, 'Follitrope inj.75 IU', 20, '1000.00', '20000.00', 1),
(1124, 415, 1124, 'Follitrope inj.75 IU', 6, '0.00', '0.00', 1),
(1125, 415, 1125, 'Follitrope ชนิดฉีด 150IU', 20, '1900.00', '38000.00', 1),
(1126, 415, 1126, 'Follitrope ชนิดฉีด 150IU', 6, '0.00', '0.00', 1),
(1127, 416, 1127, 'Gonal F 300IU/0.5ML', 30, '6000.00', '180000.00', 1),
(1128, 416, 1128, 'Gonal F 300IU/0.5ML', 18, '0.00', '0.00', 1),
(1129, 417, 1130, 'Bromocriptine 2.5 mg (Suplac)10x10 tablets ', 4, '779.63', '3118.52', 1),
(1130, 418, 1131, 'Utrogestan 100mg 1x30', 80, '330.00', '26400.00', 1),
(1131, 418, 1132, 'Utrogestan 100mg 1x30', 4, '0.00', '0.00', 1),
(1132, 419, 1133, 'Menopur inj.10x75IU', 40, '7600.00', '304000.00', 1),
(1133, 419, 1134, 'Menopur inj.10x75IU', 4, '0.00', '0.00', 1),
(1134, 420, 1135, 'Oestrogel 1 x80gm', 10, '205.00', '2050.00', 1),
(1135, 421, 1136, 'Ovidrel Syring 250มลก. 1 syringe', 10, '1210.00', '12100.00', 1),
(1136, 421, 1137, 'Ovidrel Syring 250มลก. 1 syringe', 1, '0.00', '0.00', 1),
(1137, 422, 1138, 'Gonal F 300IU/0.5ML', 30, '6000.00', '180000.00', 1),
(1138, 422, 1139, 'Gonal F 300IU/0.5ML', 18, '0.00', '0.00', 1),
(1139, 422, 1140, 'Crinone gel 8% 15app', 20, '2280.00', '45600.00', 1),
(1140, 422, 1141, 'Crinone gel 8% 15app', 2, '0.00', '0.00', 1),
(1141, 424, 1142, 'Crinone gel 8% 15app', 40, '2280.00', '91200.00', 1),
(1142, 424, 1143, 'Crinone gel 8% 15app', 4, '0.00', '0.00', 1),
(1143, 424, 1144, 'Cetrotide Inj 0.25mg 7VIA/Box', 5, '11760.00', '58800.00', 1),
(1144, 424, 1145, 'Cetrotide Inj 0.25mg 7VIA/Box', 1, '0.00', '0.00', 1),
(1145, 425, 1146, 'Clexane ( 4000 IU/0.4 ml) 2 syringes', 50, '540.80', '27040.00', 1),
(1146, 426, 1147, 'Progynova 2 mg. 3x28 s', 50, '480.00', '24000.00', 1),
(1147, 426, 1148, 'Progynova 2 mg. 3x28 s', 10, '0.00', '0.00', 1),
(1148, 426, 1149, 'Climara Pad', 50, '342.00', '17100.00', 1),
(1149, 426, 1150, 'Proluton Depot 20x250MG', 6, '2065.00', '12390.00', 1),
(1150, 427, 1151, 'Gonal F 300IU/0.5ML', 30, '6000.00', '180000.00', 1),
(1151, 427, 1152, 'Gonal F 300IU/0.5ML', 18, '0.00', '0.00', 1),
(1152, 428, 1154, 'Gonal F 300IU/0.5ML', 30, '6000.00', '180000.00', 1),
(1153, 428, 1155, 'Gonal F 300IU/0.5ML', 18, '0.00', '0.00', 1),
(1154, 428, 1156, 'Ovidrel Syring 250มลก. 1 syringe', 10, '1210.00', '12100.00', 1),
(1155, 428, 1157, 'Ovidrel Syring 250มลก. 1 syringe', 1, '0.00', '0.00', 1),
(1156, 429, 1158, 'CEF 3 1G IV Siam', 50, '64.68', '3234.00', 1),
(1157, 429, 1159, 'CEF 3 1G IV Siam', 25, '0.00', '0.00', 1),
(1158, 430, 1160, 'Gonal F 300IU/0.5ML', 30, '6000.00', '180000.00', 1),
(1159, 430, 1161, 'Gonal F 300IU/0.5ML', 18, '0.00', '0.00', 1),
(1160, 430, 1162, 'Cetrotide Inj 0.25mg 7VIA/Box', 5, '11760.00', '58800.00', 1),
(1161, 430, 1163, 'Cetrotide Inj 0.25mg 7VIA/Box', 1, '0.00', '0.00', 1),
(1162, 431, 1164, 'Crinone gel 8% 15app', 20, '2280.00', '45600.00', 1),
(1163, 431, 1165, 'Crinone gel 8% 15app', 2, '0.00', '0.00', 1),
(1164, 432, 1166, 'Organ Peptid ', 100, '1500.00', '150000.00', 1),
(1165, 432, 1167, 'Organ Peptid ', 10, '0.00', '0.00', 1),
(1166, 433, 1168, 'Follitrope Prefilled syringe 150 IU', 30, '1900.00', '57000.00', 1),
(1167, 433, 1169, 'Follitrope ชนิดฉีด 150IU', 9, '0.00', '0.00', 1),
(1168, 433, 1170, 'IVF-M 75IU', 20, '550.00', '11000.00', 1),
(1169, 433, 1171, 'IVF-M 75IU', 4, '0.00', '0.00', 1),
(1170, 434, 1172, 'Crinone gel 8% 15app', 40, '2280.00', '91200.00', 1),
(1171, 434, 1173, 'Crinone gel 8% 15app', 4, '0.00', '0.00', 1),
(1172, 434, 1174, 'Cetrotide Inj 0.25mg 7VIA/Box', 5, '11760.00', '58800.00', 1),
(1173, 434, 1175, 'Cetrotide Inj 0.25mg 7VIA/Box', 1, '0.00', '0.00', 1),
(1174, 435, 1176, 'Proluton Depot 20x250MG', 5, '2065.00', '10325.00', 1),
(1175, 435, 1177, 'Progynova 2 mg. 3x28 s', 30, '480.00', '14400.00', 1),
(1176, 435, 1178, 'Progynova 2 mg. 3x28 s', 6, '0.00', '0.00', 1),
(1177, 435, 1179, 'Climara Pad', 20, '342.00', '6840.00', 1),
(1178, 436, 1180, 'Propofol Lipuro 1% 20ML', 50, '90.00', '4500.00', 1),
(1179, 436, 1181, 'Travocort cream', 6, '52.00', '312.00', 1),
(1180, 437, 1182, 'Crinone gel 8% 15app', 40, '2280.00', '91200.00', 1),
(1181, 437, 1183, 'Crinone gel 8% 15app', 4, '0.00', '0.00', 1),
(1182, 437, 1184, 'Gonal F 300IU/0.5ML', 30, '6000.00', '180000.00', 1),
(1183, 437, 1185, 'Gonal F 300IU/0.5ML', 18, '0.00', '0.00', 1),
(1184, 438, 1186, 'Gonal F 300IU/0.5ML', 30, '6000.00', '180000.00', 1),
(1185, 438, 1187, 'Gonal F 300IU/0.5ML', 18, '0.00', '0.00', 1),
(1186, 439, 1188, 'Clexane ( 4000 IU/0.4 ml) 2 syringes', 50, '540.80', '27040.00', 1),
(1187, 441, 1191, 'Cetrotide Inj 0.25mg 7VIA/Box', 5, '11760.00', '58800.00', 1),
(1188, 441, 1192, 'Cetrotide Inj 0.25mg 7VIA/Box', 1, '0.00', '0.00', 1),
(1189, 442, 1195, 'Onsia 8 mg inj.5x4 ml', 10, '319.48', '3194.80', 1),
(1190, 442, 1196, 'Onsia 8 mg inj.5x4 ml', 8, '0.00', '0.00', 1),
(1191, 443, 1197, 'IVF-M 150IU', 20, '1000.00', '20000.00', 1),
(1192, 443, 1198, 'IVF-M 150IU', 4, '0.00', '0.00', 1),
(1195, 445, 1201, 'Ovidrel Syring 250มลก. 1 syringe', 10, '1210.00', '12100.00', 1),
(1196, 445, 1202, 'Ovidrel Syring 250มลก. 1 syringe', 1, '0.00', '0.00', 1),
(1197, 445, 1203, 'Gonal F 300IU/0.5ML', 30, '6000.00', '180000.00', 1),
(1198, 445, 1204, 'Gonal F 300IU/0.5ML', 18, '0.00', '0.00', 1),
(1199, 446, 1205, 'Cetrotide Inj 0.25mg 7VIA/Box', 5, '11760.00', '58800.00', 1),
(1200, 446, 1206, 'Cetrotide Inj 0.25mg 7VIA/Box', 1, '0.00', '0.00', 1),
(1201, 447, 1207, 'Cetrotide Inj 0.25mg 7VIA/Box', 5, '11760.00', '58800.00', 1),
(1202, 447, 1208, 'Cetrotide Inj 0.25mg 7VIA/Box', 1, '0.00', '0.00', 1),
(1203, 447, 1209, 'Gonal F 300IU/0.5ML', 30, '6000.00', '180000.00', 1),
(1204, 447, 1210, 'Gonal F 300IU/0.5ML', 18, '0.00', '0.00', 1),
(1208, 452, 1212, 'Follitrope ชนิดฉีด 150IU', 30, '1900.00', '57000.00', 1),
(1209, 452, 1213, 'Follitrope ชนิดฉีด 150IU', 9, '0.00', '0.00', 1),
(1210, 453, 1214, 'Propofol Lipuro 1% 20ML', 50, '90.00', '4500.00', 1),
(1211, 454, 1215, 'Progynova 2 mg. 3x28 s', 80, '480.00', '38400.00', 1),
(1212, 454, 1216, 'Progynova 2 mg. 3x28 s', 16, '0.00', '0.00', 1),
(1213, 454, 1217, 'Primolut N  10x10', 3, '480.00', '1440.00', 1),
(1214, 455, 1218, 'Gonal F 300IU/0.5ML', 30, '6000.00', '180000.00', 1),
(1215, 455, 1219, 'Gonal F 300IU/0.5ML', 18, '0.00', '0.00', 1),
(1216, 455, 1220, 'Cetrotide Inj 0.25mg 7VIA/Box', 5, '11760.00', '58800.00', 1),
(1217, 455, 1221, 'Cetrotide Inj 0.25mg 7VIA/Box', 1, '0.00', '0.00', 1),
(1218, 456, 1222, 'Orgalutran 1 syringe', 40, '1600.00', '64000.00', 1),
(1219, 456, 1223, 'Orgalutran 1 syringe', 4, '0.00', '0.00', 1),
(1221, 457, 1225, 'Utrogestan 100mg 1x30', 1, '0.00', '0.00', 1),
(1222, 457, 1226, 'Oestrogel 1 x80gm', 20, '205.00', '4100.00', 1),
(1223, 457, 1224, 'Utrogestan 100mg 1x30', 20, '330.00', '6600.00', 1),
(1224, 458, 1227, 'Utrogestan 100mg 1x30', 60, '330.00', '19800.00', 1),
(1225, 458, 1228, 'Utrogestan 100mg 1x30', 3, '0.00', '0.00', 1),
(1226, 459, 1229, 'Menopur inj.10x75IU', 40, '7600.00', '304000.00', 1),
(1227, 459, 1230, 'Menopur inj.10x75IU', 4, '0.00', '0.00', 1),
(1228, 460, 1231, 'Utrogestan 200 mg 1x15', 60, '330.00', '19800.00', 1),
(1229, 460, 1232, 'Utrogestan 200 mg 1x15', 6, '0.00', '0.00', 1),
(1236, 463, 1239, 'Utrogestan 100mg 1x30', 40, '330.00', '13200.00', 1),
(1237, 463, 1240, 'Utrogestan 100mg 1x30', 2, '0.00', '0.00', 1),
(1238, 463, 1241, 'Utrogestan 200 mg 1x15', 40, '330.00', '13200.00', 1),
(1239, 463, 1242, 'Utrogestan 200 mg 1x15', 4, '0.00', '0.00', 1),
(1240, 463, 1243, 'Oestrogel 1 x80gm', 10, '205.00', '2050.00', 1),
(1241, 464, 1244, 'Duphaston 10mg 20 tablets', 60, '360.00', '21600.00', 1),
(1242, 464, 1245, 'Duphaston 10mg 20 tablets', 6, '0.00', '0.00', 1),
(1243, 465, 1246, 'Acroxia 120 mg 10x5 \'s', 1, '2251.50', '2251.50', 1),
(1244, 466, 1247, 'Oestrogel 1 x80gm', 20, '205.00', '4100.00', 1),
(1246, 469, 1237, 'Duphaston 10mg 20 tablets', 40, '360.00', '14400.00', 1),
(1247, 469, 1238, 'Duphaston 10mg 20 tablets', 4, '0.00', '0.00', 1),
(1254, 471, 1256, 'Proluton Depot 20x250MG', 5, '2065.00', '10325.00', 1),
(1255, 471, 1257, 'Climara Pad', 20, '342.00', '6840.00', 1),
(1256, 472, 1258, 'IVF-M 75IU', 10, '550.00', '5500.00', 1),
(1257, 472, 1259, 'IVF-M 75IU', 2, '0.00', '0.00', 1),
(1258, 472, 1260, 'IVF-M 150IU', 30, '1000.00', '30000.00', 1),
(1259, 472, 1261, 'IVF-M 150IU', 6, '0.00', '0.00', 1),
(1260, 473, 1262, 'Clexane ( 4000 IU/0.4 ml) 2 syringes', 50, '540.80', '27040.00', 1),
(1261, 474, 1263, 'Gonal F 300IU/0.5ML', 30, '6000.00', '180000.00', 1),
(1262, 474, 1264, 'Gonal F 300IU/0.5ML', 18, '0.00', '0.00', 1),
(1263, 474, 1265, 'Ovidrel Syring 250มลก. 1 syringe', 10, '1210.00', '12100.00', 1),
(1264, 474, 1266, 'Ovidrel Syring 250มลก. 1 syringe', 1, '0.00', '0.00', 1),
(1265, 475, 1267, 'Gonal F 300IU/0.5ML', 30, '6000.00', '180000.00', 1),
(1266, 475, 1268, 'Gonal F 300IU/0.5ML', 18, '0.00', '0.00', 1),
(1267, 475, 1269, 'Crinone gel 8% 15app', 40, '2280.00', '91200.00', 1),
(1268, 475, 1270, 'Crinone gel 8% 15app', 4, '0.00', '0.00', 1),
(1269, 476, 1271, 'Follitrope ชนิดฉีด 150IU', 20, '1900.00', '38000.00', 1),
(1270, 476, 1272, 'Follitrope ชนิดฉีด 150IU', 6, '0.00', '0.00', 1),
(1271, 476, 1273, 'Follitrope Prefilled syringe 225 IU', 30, '3600.00', '108000.00', 1),
(1272, 476, 1274, 'Follitrope Prefilled syringe 225 IU', 15, '0.00', '0.00', 1),
(1273, 476, 1275, 'Follitrope Prefilled syringe 150 IU', 30, '2400.00', '72000.00', 1),
(1274, 476, 1276, 'Follitrope Prefilled syringe 150 IU', 15, '0.00', '0.00', 1),
(1275, 476, 1277, 'IVF-M 75IU', 20, '550.00', '11000.00', 1),
(1276, 476, 1278, 'IVF-M 75IU', 4, '0.00', '0.00', 1),
(1278, 477, 1279, 'Cetrotide Inj 0.25mg 7VIA/Box', 5, '11760.00', '58800.00', 1),
(1279, 477, 1280, 'Cetrotide Inj 0.25mg 7VIA/Box', 1, '0.00', '0.00', 1),
(1280, 478, 1281, 'Travocort cream', 6, '52.00', '312.00', 1),
(1281, 479, 1282, 'Gonal F 300IU/0.5ML', 30, '6000.00', '180000.00', 1),
(1282, 479, 1283, 'Gonal F 300IU/0.5ML', 18, '0.00', '0.00', 1),
(1283, 479, 1284, 'Cetrotide Inj 0.25mg 7VIA/Box', 5, '11760.00', '58800.00', 1),
(1284, 479, 1285, 'Cetrotide Inj 0.25mg 7VIA/Box', 1, '0.00', '0.00', 1),
(1285, 479, 1286, 'Crinone gel 8% 15app', 20, '2280.00', '45600.00', 1),
(1286, 479, 1287, 'Crinone gel 8% 15app', 2, '0.00', '0.00', 1),
(1287, 480, 1288, 'Progynova 2 mg. 3x28 s', 30, '480.00', '14400.00', 1),
(1288, 480, 1289, 'Progynova 2 mg. 3x28 s', 6, '0.00', '0.00', 1),
(1289, 480, 1290, 'Climara Pad', 20, '342.00', '6840.00', 1),
(1290, 481, 1291, 'Propofol Lipuro 1% 20ML', 80, '90.00', '7200.00', 1),
(1291, 482, 1292, 'CEF 3 1G IV Siam', 50, '64.68', '3234.00', 1),
(1292, 482, 1293, 'CEF 3 1G IV Siam', 25, '0.00', '0.00', 1),
(1293, 483, 1294, 'Premium Royal Jelly', 20, '891.59', '17831.80', 1),
(1294, 484, 1295, 'Cetrotide Inj 0.25mg 7VIA/Box', 5, '11760.00', '58800.00', 1),
(1295, 484, 1296, 'Cetrotide Inj 0.25mg 7VIA/Box', 1, '0.00', '0.00', 1),
(1296, 484, 1297, 'Crinone gel 8% 15app', 20, '2280.00', '45600.00', 1),
(1297, 484, 1298, 'Crinone gel 8% 15app', 2, '0.00', '0.00', 1),
(1298, 485, 1250, 'Gonal F 300IU/0.5ML', 30, '6000.00', '180000.00', 1),
(1299, 485, 1251, 'Gonal F 300IU/0.5ML', 18, '0.00', '0.00', 1),
(1300, 485, 1252, 'Cetrotide Inj 0.25mg 7VIA/Box', 5, '11760.00', '58800.00', 1),
(1301, 485, 1253, 'Cetrotide Inj 0.25mg 7VIA/Box', 1, '0.00', '0.00', 1),
(1302, 485, 1254, 'Crinone gel 8% 15app', 20, '2280.00', '45600.00', 1),
(1303, 485, 1255, 'Crinone gel 8% 15app', 2, '0.00', '0.00', 1),
(1304, 486, 1299, 'Gonal F 300IU/0.5ML', 30, '6000.00', '180000.00', 1),
(1305, 486, 1300, 'Gonal F 300IU/0.5ML', 18, '0.00', '0.00', 1),
(1306, 486, 1301, 'Crinone gel 8% 15app', 20, '2280.00', '45600.00', 1),
(1307, 486, 1302, 'Crinone gel 8% 15app', 2, '0.00', '0.00', 1),
(1312, 487, 1303, 'Follitrope ชนิดฉีด 150IU', 60, '1900.00', '114000.00', 1),
(1313, 487, 1305, 'Follitrope ชนิดฉีด 150IU', 18, '0.00', '0.00', 1),
(1314, 487, 1308, 'IVF-M 150IU', 30, '1000.00', '30000.00', 1),
(1315, 487, 1309, 'IVF-M 150IU', 6, '0.00', '0.00', 1),
(1316, 489, 1310, 'Follitrope Prefilled syringe 225 IU', 60, '3600.00', '216000.00', 1),
(1317, 489, 1311, 'Follitrope Prefilled syringe 225 IU', 30, '0.00', '0.00', 1),
(1318, 490, 1312, 'Climara Pad', 40, '342.00', '13680.00', 1),
(1319, 490, 1313, 'Progynova 2 mg. 3x28 s', 40, '480.00', '19200.00', 1),
(1320, 490, 1314, 'Progynova 2 mg. 3x28 s', 8, '0.00', '0.00', 1),
(1321, 490, 1315, 'Proluton Depot 20x250MG', 5, '2065.00', '10325.00', 1),
(1322, 490, 1316, 'Primolut N  10x10', 2, '480.00', '960.00', 1),
(1323, 491, 1317, 'Zalain Vaginal Tabs 500mg', 6, '170.00', '1020.00', 1),
(1324, 491, 1318, 'Zalain cream 5 mg', 2, '60.00', '120.00', 1),
(1325, 492, 1319, 'Bromocriptine 2.5 mg (Suplac)10x10 tablets ', 6, '779.63', '4677.78', 1),
(1326, 493, 1320, 'Proluton Depot 20x250MG', 5, '2065.00', '10325.00', 1),
(1327, 493, 1321, 'Climara Pad', 20, '342.00', '6840.00', 1),
(1333, 496, 1327, 'Duphaston 10mg 20 tablets', 60, '360.00', '21600.00', 1),
(1334, 496, 1328, 'Duphaston 10mg 20 tablets', 6, '0.00', '0.00', 1),
(1335, 497, 1330, 'Utrogestan 100mg 1x30', 80, '330.00', '26400.00', 1),
(1336, 497, 1331, 'Utrogestan 100mg 1x30', 4, '0.00', '0.00', 1),
(1337, 497, 1332, 'Utrogestan 200 mg 1x15', 80, '330.00', '26400.00', 1),
(1338, 497, 1333, 'Utrogestan 200 mg 1x15', 8, '0.00', '0.00', 1),
(1339, 498, 1334, 'Utrogestan 100mg 1x30', 40, '330.00', '13200.00', 1),
(1340, 498, 1335, 'Utrogestan 100mg 1x30', 2, '0.00', '0.00', 1),
(1341, 498, 1336, 'Utrogestan 200 mg 1x15', 40, '330.00', '13200.00', 1),
(1342, 498, 1337, 'Utrogestan 200 mg 1x15', 4, '0.00', '0.00', 1),
(1343, 499, 1338, 'Orgalutran 1 syringe', 40, '1600.00', '64000.00', 1),
(1344, 499, 1339, 'Orgalutran 1 syringe', 4, '0.00', '0.00', 1),
(1345, 500, 1340, 'Pregnyl 1500 IU 1x3 amp.', 30, '636.78', '19103.40', 1),
(1346, 501, 1341, 'Dalacin C', 10, '270.00', '2700.00', 1),
(1347, 502, 1342, 'Acroxia 120 mg ', 1, '1330.00', '1330.00', 1),
(1348, 503, 1343, 'Oestrogel 1 x80gm', 20, '205.00', '4100.00', 1),
(1349, 504, 1344, 'Utrogestan 200 mg 1x15', 40, '330.00', '13200.00', 1),
(1350, 504, 1345, 'Utrogestan 200 mg 1x15', 4, '0.00', '0.00', 1),
(1351, 505, 1346, 'Menopur inj.10x75IU', 40, '7600.00', '304000.00', 1),
(1352, 505, 1347, 'Menopur inj.10x75IU', 4, '0.00', '0.00', 1),
(1353, 506, 1348, 'Crinone gel 8% ', 20, '2280.00', '45600.00', 1),
(1354, 506, 1349, 'Crinone gel 8% ', 2, '0.00', '0.00', 1),
(1355, 507, 1350, 'Crinone gel 8% ', 20, '2280.00', '45600.00', 1),
(1356, 507, 1351, 'Crinone gel 8% ', 2, '0.00', '0.00', 1),
(1357, 507, 1352, 'Cetrotide Inj 0.25mg ', 5, '11760.00', '58800.00', 1),
(1358, 507, 1353, 'Cetrotide Inj 0.25mg ', 1, '0.00', '0.00', 1),
(1359, 507, 1354, 'Ovidrel Syring 250มลก. 1 syringe', 10, '1210.00', '12100.00', 1),
(1360, 507, 1355, 'Ovidrel Syring 250มลก. 1 syringe', 1, '0.00', '0.00', 1),
(1361, 508, 1356, 'Follitrope ชนิดฉีด 150IU', 30, '1900.00', '57000.00', 1),
(1362, 508, 1357, 'Follitrope ชนิดฉีด 150IU', 9, '0.00', '0.00', 1),
(1363, 508, 1358, 'IVF-M 150IU', 20, '1000.00', '20000.00', 1),
(1364, 508, 1359, 'IVF-M 150IU', 4, '0.00', '0.00', 1),
(1365, 508, 1360, 'IVF-M 75IU', 20, '550.00', '11000.00', 1),
(1366, 508, 1361, 'IVF-M 75IU', 4, '0.00', '0.00', 1),
(1367, 509, 1362, 'Follitrope ชนิดฉีด 150IU', 60, '1900.00', '114000.00', 1),
(1368, 509, 1363, 'Follitrope ชนิดฉีด 150IU', 18, '0.00', '0.00', 1),
(1369, 510, 1364, 'Follitrope Prefilled syringe 225 IU', 60, '3600.00', '216000.00', 1),
(1370, 510, 1365, 'Follitrope Prefilled syringe 225 IU', 30, '0.00', '0.00', 1),
(1371, 511, 1366, 'Clexane ( 4000 IU/0.4 ml) 2 syringes', 60, '540.80', '32448.00', 1),
(1372, 512, 1367, 'Follitrope ชนิดฉีด 150IU', 40, '1900.00', '76000.00', 1),
(1373, 512, 1368, 'Follitrope ชนิดฉีด 150IU', 12, '0.00', '0.00', 1),
(1374, 512, 1369, 'IVF-M 150IU', 40, '1000.00', '40000.00', 1),
(1375, 512, 1370, 'IVF-M 150IU', 8, '0.00', '0.00', 1),
(1376, 512, 1371, 'IVF-M 75IU', 30, '550.00', '16500.00', 1),
(1377, 512, 1372, 'IVF-M 75IU', 6, '0.00', '0.00', 1),
(1378, 513, 1373, 'Cetrotide Inj 0.25mg ', 5, '11760.00', '58800.00', 1),
(1379, 513, 1374, 'Cetrotide Inj 0.25mg ', 1, '0.00', '0.00', 1),
(1380, 513, 1375, 'Crinone gel 8% ', 20, '2280.00', '45600.00', 1),
(1381, 513, 1376, 'Crinone gel 8% ', 2, '0.00', '0.00', 1),
(1382, 514, 1377, 'Follitrope inj.75 IU', 30, '1000.00', '30000.00', 1),
(1383, 514, 1378, 'Follitrope ฉนิดฉีด 75 IU', 9, '0.00', '0.00', 1),
(1384, 515, 1379, 'Duphaston 10mg 20 tablets', 60, '360.00', '21600.00', 1),
(1385, 516, 1380, 'Utrogestan 200 mg 1x15', 40, '330.00', '13200.00', 1),
(1386, 516, 1381, 'Utrogestan 200 mg 1x15', 2, '0.00', '0.00', 1),
(1387, 516, 1382, 'Oestrogel 1 x80gm', 10, '205.00', '2050.00', 1),
(1388, 517, 1383, 'Propofol Lipuro 1% 20ML', 60, '90.00', '5400.00', 1),
(1389, 518, 1384, 'Progynova 2 mg. ', 40, '480.00', '19200.00', 1),
(1390, 518, 1385, 'Progynova 2 mg. ', 8, '0.00', '0.00', 1),
(1391, 518, 1386, 'Climara 1x4 pad', 30, '342.00', '10260.00', 1),
(1392, 519, 1387, 'Ovidrel Syring 250มลก. 1 syringe', 10, '1210.00', '12100.00', 1),
(1393, 519, 1388, 'Ovidrel Syring 250มลก. 1 syringe', 1, '0.00', '0.00', 1),
(1394, 519, 1389, 'Crinone gel 8% ', 20, '2280.00', '45600.00', 1),
(1395, 519, 1390, 'Crinone gel 8% ', 2, '0.00', '0.00', 1),
(1396, 520, 1391, 'Follitrope Prefilled syringe 225 IU', 60, '3600.00', '216000.00', 1),
(1397, 520, 1392, 'Follitrope Prefilled syringe 225 IU', 30, '0.00', '0.00', 1),
(1398, 521, 1393, 'Cetrotide Inj 0.25mg ', 5, '11760.00', '58800.00', 1),
(1399, 521, 1394, 'Cetrotide Inj 0.25mg ', 1, '0.00', '0.00', 1),
(1400, 522, 1395, 'Follitrope ชนิดฉีด 150IU', 30, '1900.00', '57000.00', 1),
(1401, 522, 1396, 'Follitrope ชนิดฉีด 150IU', 9, '0.00', '0.00', 1),
(1402, 522, 1397, 'IVF-M 75IU', 20, '550.00', '11000.00', 1),
(1403, 522, 1398, 'IVF-M 75IU', 4, '0.00', '0.00', 1),
(1404, 522, 1399, 'IVF-M 150IU', 20, '1000.00', '20000.00', 1),
(1405, 522, 1400, 'IVF-M 150IU', 4, '0.00', '0.00', 1),
(1407, 523, 1401, 'Proluton Depot 250 mg inj.', 5, '2065.00', '10325.00', 1),
(1408, 523, 1402, 'Progynova 2 mg. ', 40, '480.00', '19200.00', 1),
(1409, 523, 1403, 'Progynova 2 mg. ', 8, '0.00', '0.00', 1),
(1410, 523, 1404, 'Primolut N  10x10', 2, '480.00', '960.00', 1),
(1411, 524, 1405, 'Onsia 8 mg inj.5x4 ml', 10, '319.48', '3194.80', 1),
(1412, 524, 1406, 'Onsia 8 mg inj.5x4 ml', 8, '0.00', '0.00', 1),
(1413, 525, 1407, 'Crinone gel 8% ', 40, '2280.00', '91200.00', 1),
(1414, 525, 1408, 'Crinone gel 8% ', 4, '0.00', '0.00', 1),
(1415, 526, 1409, 'Cetrotide Inj 0.25mg ', 10, '11760.00', '117600.00', 1),
(1416, 526, 1410, 'Cetrotide Inj 0.25mg ', 2, '0.00', '0.00', 1),
(1417, 527, 1411, 'Follitrope Prefilled syringe 150 IU', 40, '2400.00', '96000.00', 1),
(1418, 527, 1412, 'Follitrope Prefilled syringe 150 IU', 20, '0.00', '0.00', 1),
(1419, 527, 1413, 'Follitrope Prefilled syringe 225 IU', 60, '3600.00', '216000.00', 1),
(1420, 527, 1414, 'Follitrope Prefilled syringe 225 IU', 30, '0.00', '0.00', 1),
(1421, 528, 1415, 'IVF-M 150IU', 20, '1000.00', '20000.00', 1),
(1422, 528, 1416, 'IVF-M 150IU', 4, '0.00', '0.00', 1),
(1423, 529, 1417, 'Follitrope Prefilled syringe 225 IU', 60, '3600.00', '216000.00', 1),
(1424, 529, 1418, 'Follitrope Prefilled syringe 225 IU', 30, '0.00', '0.00', 1),
(1425, 530, 1419, 'Follitrope ฉนิดฉีด 75 IU', 10, '1000.00', '10000.00', 1),
(1426, 530, 1420, 'Follitrope inj.75 IU', 3, '0.00', '0.00', 1),
(1427, 531, 1421, 'Crinone gel 8% ', 40, '2280.00', '91200.00', 1),
(1428, 531, 1422, 'Crinone gel 8% ', 4, '0.00', '0.00', 1),
(1429, 532, 1423, 'Propofol Lipuro 1% 20ML', 60, '90.00', '5400.00', 1),
(1430, 533, 1424, 'Follitrope ชนิดฉีด 150IU', 60, '1900.00', '114000.00', 1),
(1431, 533, 1425, 'Follitrope ชนิดฉีด 150IU', 18, '0.00', '0.00', 1),
(1432, 534, 1426, 'Follitrope Prefilled syringe 225 IU', 60, '3600.00', '216000.00', 1),
(1433, 534, 1427, 'Follitrope Prefilled syringe 225 IU', 30, '0.00', '0.00', 1),
(1434, 534, 1428, 'IVF-M 75IU', 20, '550.00', '11000.00', 1),
(1435, 534, 1429, 'IVF-M 75IU', 4, '0.00', '0.00', 1),
(1436, 535, 1430, 'Cetrotide Inj 0.25mg ', 10, '11760.00', '117600.00', 1),
(1437, 535, 1431, 'Cetrotide Inj 0.25mg ', 2, '0.00', '0.00', 1),
(1438, 536, 1432, 'Premium Royal Jelly', 20, '891.59', '17831.80', 1),
(1439, 537, 1433, 'Clexane ( 4000 IU/0.4 ml) 2 syringes', 80, '540.80', '43264.00', 1),
(1440, 538, 1434, 'Climara Pad', 60, '342.00', '20520.00', 1),
(1441, 538, 1435, 'Progynova 2 mg. ', 60, '480.00', '28800.00', 1),
(1442, 538, 1436, 'Progynova 2 mg. ', 12, '0.00', '0.00', 1),
(1443, 538, 1437, 'Proluton Depot 250 mg inj.', 5, '2065.00', '10325.00', 1),
(1444, 539, 1438, 'Crinone gel 8% ', 40, '2280.00', '91200.00', 1),
(1445, 539, 1439, 'Crinone gel 8% ', 4, '0.00', '0.00', 1),
(1446, 539, 1440, 'Ovidrel Syring 250มลก. 1 syringe', 10, '1210.00', '12100.00', 1),
(1447, 539, 1441, 'Ovidrel Syring 250มลก. 1 syringe', 1, '0.00', '0.00', 1),
(1448, 540, 1442, 'Gonal F 300IU/0.5ML', 15, '6000.00', '90000.00', 1),
(1449, 540, 1443, 'Gonal F 300IU/0.5ML', 9, '0.00', '0.00', 1),
(1450, 540, 1444, 'Crinone gel 8% ', 40, '2280.00', '91200.00', 1),
(1451, 540, 1445, 'Crinone gel 8% ', 4, '0.00', '0.00', 1),
(1452, 541, 1446, 'IVF-M 150IU', 20, '1000.00', '20000.00', 1),
(1453, 541, 1447, 'IVF-M 150IU', 4, '0.00', '0.00', 1),
(1454, 541, 1448, 'Follitrope Prefilled syringe 150 IU', 30, '2400.00', '72000.00', 1),
(1455, 541, 1449, 'Follitrope Prefilled syringe 150 IU', 15, '0.00', '0.00', 1),
(1456, 541, 1450, 'Follitrope Prefilled syringe 225 IU', 40, '3600.00', '144000.00', 1),
(1457, 541, 1451, 'Follitrope Prefilled syringe 225 IU', 20, '0.00', '0.00', 1),
(1458, 542, 1452, 'Gonal F 450 IU', 5, '5625.00', '28125.00', 1),
(1459, 543, 1453, 'Cetrotide Inj 0.25mg ', 10, '11760.00', '117600.00', 1),
(1460, 543, 1454, 'Cetrotide Inj 0.25mg ', 2, '0.00', '0.00', 1),
(1461, 544, 1455, 'Gonal F 300IU/0.5ML', 15, '6000.00', '90000.00', 1),
(1462, 544, 1456, 'Gonal F 300IU/0.5ML', 9, '0.00', '0.00', 1),
(1463, 545, 1457, 'Follitrope ชนิดฉีด 150IU', 20, '1900.00', '38000.00', 1),
(1464, 545, 1458, 'Follitrope ชนิดฉีด 150IU', 6, '0.00', '0.00', 1),
(1465, 545, 1459, 'Follitrope Prefilled syringe 225 IU', 60, '3600.00', '216000.00', 1),
(1466, 545, 1460, 'Follitrope Prefilled syringe 225 IU', 30, '0.00', '0.00', 1),
(1467, 546, 1461, 'Follitrope ชนิดฉีด 150IU', 50, '1900.00', '95000.00', 1),
(1468, 546, 1462, 'Follitrope ชนิดฉีด 150IU', 15, '0.00', '0.00', 1),
(1469, 547, 1463, 'Gonal F 300IU/0.5ML', 15, '6000.00', '90000.00', 1),
(1470, 547, 1464, 'Gonal F 300IU/0.5ML', 9, '0.00', '0.00', 1),
(1471, 548, 1465, 'Crinone gel 8% ', 40, '2280.00', '91200.00', 1),
(1472, 548, 1466, 'Crinone gel 8% ', 4, '0.00', '0.00', 1),
(1473, 548, 1467, 'Ovidrel Syring 250มลก. 1 syringe', 10, '1210.00', '12100.00', 1),
(1474, 548, 1468, 'Ovidrel Syring 250มลก. 1 syringe', 1, '0.00', '0.00', 1),
(1476, 550, 1470, 'Bromocriptine 2.5 mg (Suplac)', 6, '779.63', '4677.78', 1),
(1483, 553, 1475, 'Gonal F 300IU/0.5ML', 30, '6000.00', '180000.00', 1),
(1484, 553, 1476, 'Gonal F 300IU/0.5ML', 18, '0.00', '0.00', 1),
(1485, 553, 1477, 'Ovidrel Syring 250มลก. 1 syringe', 10, '1210.00', '12100.00', 1),
(1486, 553, 1478, 'Ovidrel Syring 250มลก. 1 syringe', 1, '0.00', '0.00', 1),
(1487, 554, 1479, 'Crinone gel 8% ', 40, '2280.00', '91200.00', 1),
(1488, 554, 1480, 'Crinone gel 8% ', 4, '0.00', '0.00', 1),
(1489, 555, 1481, 'Follitrope Prefilled syringe 150 IU', 20, '2400.00', '48000.00', 1),
(1490, 555, 1482, 'Follitrope Prefilled syringe 150 IU', 10, '0.00', '0.00', 1),
(1491, 555, 1483, 'Follitrope Prefilled syringe 225 IU', 60, '3600.00', '216000.00', 1),
(1492, 555, 1484, 'Follitrope Prefilled syringe 225 IU', 30, '0.00', '0.00', 1),
(1493, 556, 1485, 'Cetrotide Inj 0.25mg ', 10, '11760.00', '117600.00', 1),
(1494, 556, 1486, 'Cetrotide Inj 0.25mg ', 2, '0.00', '0.00', 1),
(1495, 557, 1487, 'Cetrotide Inj 0.25mg ', 10, '11760.00', '117600.00', 1),
(1496, 557, 1488, 'Cetrotide Inj 0.25mg ', 2, '0.00', '0.00', 1),
(1497, 558, 1489, 'Gonal F 300IU/0.5ML', 30, '6000.00', '180000.00', 1),
(1498, 558, 1490, 'Gonal F 300IU/0.5ML', 18, '0.00', '0.00', 1),
(1499, 559, 1491, 'Propofol Lipuro 1% 20ML', 50, '90.00', '4500.00', 1),
(1500, 560, 1492, 'Progynova 2 mg. ', 60, '480.00', '28800.00', 1),
(1501, 560, 1493, 'Progynova 2 mg. ', 12, '0.00', '0.00', 1),
(1502, 560, 1494, 'Proluton Depot 250 mg inj.', 5, '2065.00', '10325.00', 1),
(1503, 562, 1498, 'Follitrope Prefilled syringe 150 IU', 20, '2400.00', '48000.00', 1),
(1504, 562, 1499, 'Follitrope Prefilled syringe 150 IU', 10, '0.00', '0.00', 1),
(1505, 562, 1500, 'Follitrope Prefilled syringe 225 IU', 50, '3600.00', '180000.00', 1),
(1506, 562, 1501, 'Follitrope Prefilled syringe 225 IU', 25, '0.00', '0.00', 1),
(1507, 562, 1502, 'IVF-M 150IU', 20, '1000.00', '20000.00', 1),
(1508, 562, 1503, 'IVF-M 150IU', 4, '0.00', '0.00', 1),
(1509, 563, 1504, 'Crinone gel 8% ', 20, '2280.00', '45600.00', 1),
(1510, 563, 1505, 'Crinone gel 8% ', 2, '0.00', '0.00', 1),
(1511, 564, 1506, 'IVF-M 150IU', 20, '1000.00', '20000.00', 1),
(1512, 564, 1507, 'IVF-M 150IU', 4, '0.00', '0.00', 1),
(1513, 565, 1508, 'Xylocaine Jelly 2%30 gm', 3, '133.00', '399.00', 1),
(1514, 566, 1509, 'Gonal F 300IU/0.5ML', 30, '6000.00', '180000.00', 1),
(1515, 566, 1510, 'Gonal F 300IU/0.5ML', 18, '0.00', '0.00', 1),
(1516, 567, 1511, 'Crinone gel 8% ', 40, '2280.00', '91200.00', 1),
(1517, 567, 1512, 'Crinone gel 8% ', 4, '0.00', '0.00', 1),
(1518, 568, 1513, 'Follitrope Prefilled syringe 150 IU', 30, '2400.00', '72000.00', 1),
(1519, 568, 1514, 'Follitrope Prefilled syringe 150 IU', 15, '0.00', '0.00', 1),
(1520, 568, 1515, 'Follitrope Prefilled syringe 225 IU', 60, '3600.00', '216000.00', 1),
(1521, 568, 1516, 'Follitrope Prefilled syringe 225 IU', 30, '0.00', '0.00', 1),
(1524, 570, 1519, 'CEF 3 1G IV Siam', 50, '64.68', '3234.00', 1),
(1525, 570, 1520, 'CEF 3 1G IV Siam', 25, '0.00', '0.00', 1),
(1526, 571, 1521, 'Follitrope ชนิดฉีด 150IU', 40, '1900.00', '76000.00', 1),
(1527, 571, 1522, 'Follitrope ชนิดฉีด 150IU', 12, '0.00', '0.00', 1),
(1528, 572, 1523, 'Progynova 2 mg. ', 60, '480.00', '28800.00', 1),
(1529, 572, 1524, 'Progynova 2 mg. ', 12, '0.00', '0.00', 1),
(1530, 572, 1525, 'Climara Pad', 40, '342.00', '13680.00', 1),
(1531, 572, 1526, 'Primolut N  10x10', 3, '480.00', '1440.00', 1),
(1532, 572, 1527, 'Proluton Depot 250 mg inj.', 8, '2065.00', '16520.00', 1),
(1533, 573, 1528, 'Clexane ( 4000 IU/0.4 ml) 2 syringes', 100, '540.80', '54080.00', 1),
(1534, 574, 1529, 'Cetrotide Inj 0.25mg ', 10, '11760.00', '117600.00', 1),
(1535, 574, 1530, 'Cetrotide Inj 0.25mg ', 2, '0.00', '0.00', 1),
(1536, 574, 1531, 'Gonal F 300IU/0.5ML', 30, '6000.00', '180000.00', 1),
(1537, 574, 1532, 'Gonal F 300IU/0.5ML', 18, '0.00', '0.00', 1),
(1538, 575, 1533, 'Follitrope Prefilled syringe 225 IU', 80, '3600.00', '288000.00', 1),
(1539, 575, 1534, 'Follitrope Prefilled syringe 225 IU', 40, '0.00', '0.00', 1),
(1540, 576, 1535, 'Gonal F 300IU/0.5ML', 30, '6000.00', '180000.00', 1),
(1541, 576, 1536, 'Gonal F 300IU/0.5ML', 18, '0.00', '0.00', 1),
(1543, 551, 1537, 'CEF 3 1G IV Siam', 50, '64.68', '3234.00', 1),
(1544, 551, 1538, 'CEF 3 1G IV Siam', 25, '0.00', '0.00', 1),
(1545, 552, 1539, 'Onsia 8 mg inj.5x4 ml', 10, '319.48', '3194.80', 1),
(1546, 552, 1540, 'Onsia 8 mg inj.5x4 ml', 8, '0.00', '0.00', 1),
(1547, 577, 1541, 'Utrogestan 100mg 1x30', 40, '330.00', '13200.00', 1),
(1548, 577, 1542, 'Utrogestan 100mg 1x30', 2, '0.00', '0.00', 1),
(1549, 578, 1543, 'Pregnyl 1500 IU 1x3 amp.', 20, '636.78', '12735.60', 1),
(1550, 579, 1544, 'Duphaston 10mg 20 tablets', 80, '360.00', '28800.00', 1),
(1551, 579, 1545, 'Duphaston 10mg 20 tablets', 8, '0.00', '0.00', 1),
(1554, 581, 1549, 'Tractocile inj.7.5 mg/ml', 1, '4400.00', '4400.00', 1),
(1555, 582, 1550, 'Oestrogel 1 x80gm', 20, '205.00', '4100.00', 1),
(1556, 583, 1551, 'Tractocile inj.7.5 mg/ml', 1, '4400.00', '4400.00', 1),
(1557, 584, 1552, 'Crinone gel 8% ', 40, '2280.00', '91200.00', 1),
(1558, 584, 1553, 'Crinone gel 8% ', 4, '0.00', '0.00', 1),
(1559, 584, 1554, 'Cetrotide Inj 0.25mg ', 10, '11760.00', '117600.00', 1),
(1560, 584, 1555, 'Cetrotide Inj 0.25mg ', 2, '0.00', '0.00', 1),
(1561, 585, 1556, 'Propofol Lipuro 1% 20ML', 50, '90.00', '4500.00', 1),
(1562, 586, 1557, 'Progynova 2 mg. ', 80, '480.00', '38400.00', 1),
(1563, 586, 1558, 'Progynova 2 mg. ', 16, '0.00', '0.00', 1),
(1564, 586, 1559, 'Climara Pad', 50, '342.00', '17100.00', 1),
(1565, 587, 1560, 'Follitrope ชนิดฉีด 150IU', 60, '1900.00', '114000.00', 1),
(1566, 587, 1561, 'Follitrope ชนิดฉีด 150IU', 18, '0.00', '0.00', 1),
(1567, 587, 1562, 'Follitrope inj.75 IU', 20, '1000.00', '20000.00', 1),
(1568, 587, 1563, 'Follitrope inj.75 IU', 6, '0.00', '0.00', 1),
(1569, 587, 1564, 'IVF-M 75IU', 40, '550.00', '22000.00', 1),
(1570, 587, 1565, 'IVF-M 75IU', 8, '0.00', '0.00', 1),
(1571, 587, 1566, 'IVF-M 150IU', 40, '1000.00', '40000.00', 1),
(1572, 587, 1567, 'IVF-M 150IU', 8, '0.00', '0.00', 1),
(1573, 587, 1568, 'Follitrope Prefilled syringe 150 IU', 60, '2400.00', '144000.00', 1),
(1574, 587, 1569, 'Follitrope Prefilled syringe 150 IU', 30, '0.00', '0.00', 1),
(1575, 587, 1570, 'Follitrope Prefilled syringe 225 IU', 60, '3600.00', '216000.00', 1),
(1576, 587, 1571, 'Follitrope Prefilled syringe 225 IU', 30, '0.00', '0.00', 1),
(1577, 588, 1572, 'Gonal F 300IU/0.5ML', 15, '6000.00', '90000.00', 1),
(1578, 588, 1573, 'Gonal F 300IU/0.5ML', 9, '0.00', '0.00', 1),
(1579, 588, 1574, 'Cetrotide Inj 0.25mg ', 5, '11760.00', '58800.00', 1),
(1580, 588, 1575, 'Cetrotide Inj 0.25mg ', 1, '0.00', '0.00', 1),
(1581, 588, 1576, 'Crinone gel 8% ', 20, '2280.00', '45600.00', 1),
(1582, 588, 1577, 'Crinone gel 8% ', 2, '0.00', '0.00', 1),
(1583, 589, 1578, 'Follitrope ชนิดฉีด 150IU', 20, '1900.00', '38000.00', 1),
(1584, 589, 1579, 'Follitrope ชนิดฉีด 150IU', 6, '0.00', '0.00', 1),
(1585, 590, 1583, 'Onsia 8 mg inj.5x4 ml', 10, '319.48', '3194.80', 1),
(1586, 590, 1584, 'Onsia 8 mg inj.5x4 ml', 8, '0.00', '0.00', 1),
(1587, 590, 1585, 'CEF 3 1G IV Siam', 50, '64.68', '3234.00', 1),
(1588, 590, 1586, 'CEF 3 1G IV Siam', 25, '0.00', '0.00', 1),
(1589, 591, 1587, 'Orgalutran 1 syringe', 40, '1520.00', '60800.00', 1),
(1590, 591, 1588, 'Orgalutran 1 syringe', 4, '0.00', '0.00', 1),
(1591, 592, 1589, 'Proluton Depot 250 mg inj.', 1, '2065.00', '2065.00', 1),
(1592, 593, 1590, 'Propofol Lipuro 1% 20ML', 20, '90.00', '1800.00', 1),
(1593, 594, 1591, 'Progynova 2 mg. ', 40, '480.00', '19200.00', 1),
(1594, 594, 1592, 'Progynova 2 mg. ', 8, '0.00', '0.00', 1),
(1595, 594, 1593, 'Proluton Depot 250 mg inj.', 3, '2065.00', '6195.00', 1),
(1596, 595, 1594, 'Follitrope ชนิดฉีด 150IU', 50, '1900.00', '95000.00', 1),
(1597, 595, 1596, 'Follitrope ชนิดฉีด 150IU', 15, '0.00', '0.00', 1),
(1598, 596, 1597, 'IVF-M 150IU', 20, '1000.00', '20000.00', 1),
(1599, 596, 1598, 'IVF-M 150IU', 4, '0.00', '0.00', 1),
(1600, 596, 1599, 'IVF-M 75IU', 20, '550.00', '11000.00', 1),
(1601, 596, 1600, 'IVF-M 75IU', 4, '0.00', '0.00', 1),
(1602, 596, 1601, 'Follitrope inj.75 IU', 20, '1000.00', '20000.00', 1),
(1603, 596, 1602, 'Follitrope inj.75 IU', 6, '0.00', '0.00', 1),
(1604, 597, 1603, 'Gonal F 300IU/0.5ML', 15, '6000.00', '90000.00', 1),
(1605, 597, 1604, 'Gonal F 300IU/0.5ML', 9, '0.00', '0.00', 1),
(1606, 598, 1605, '9200 Avagard Sol.', 1, '1000.00', '1000.00', 1),
(1609, 601, 1610, 'Bromocriptine 2.5 mg (Suplac)', 6, '779.63', '4677.78', 1),
(1610, 602, 1611, 'Z-BEC', 1, '2095.24', '2095.24', 1),
(1611, 603, 1612, 'Orgalutran 1 syringe', 40, '1520.00', '60800.00', 1),
(1612, 603, 1613, 'Orgalutran 1 syringe', 4, '0.00', '0.00', 1),
(1613, 604, 1614, 'Utrogestan 200 mg 1x15', 60, '330.00', '19800.00', 1),
(1614, 604, 1615, 'Utrogestan 200 mg 1x15', 6, '0.00', '0.00', 1),
(1615, 605, 1616, 'Crinone gel 8% ', 20, '2280.00', '45600.00', 1),
(1616, 605, 1617, 'Crinone gel 8% ', 2, '0.00', '0.00', 1),
(1617, 605, 1618, 'Gonal F 300IU/0.5ML', 15, '6000.00', '90000.00', 1),
(1618, 605, 1619, 'Gonal F 300IU/0.5ML', 9, '0.00', '0.00', 1),
(1619, 605, 1620, 'Ovidrel Syring 250มลก. 1 syringe', 10, '1210.00', '12100.00', 1),
(1620, 605, 1621, 'Ovidrel Syring 250มลก. 1 syringe', 1, '0.00', '0.00', 1),
(1621, 606, 1622, 'Follitrope Prefilled syringe 150 IU', 20, '2400.00', '48000.00', 1),
(1622, 606, 1623, 'Follitrope Prefilled syringe 150 IU', 10, '0.00', '0.00', 1),
(1623, 606, 1624, 'Follitrope Prefilled syringe 225 IU', 80, '3600.00', '288000.00', 1),
(1624, 606, 1625, 'Follitrope Prefilled syringe 225 IU', 40, '0.00', '0.00', 1),
(1625, 606, 1626, 'Follitrope inj.75 IU', 20, '1000.00', '20000.00', 1),
(1626, 606, 1627, 'Follitrope inj.75 IU', 6, '0.00', '0.00', 1),
(1627, 607, 1628, 'Cetrotide Inj 0.25mg ', 10, '11760.00', '117600.00', 1),
(1628, 607, 1629, 'Cetrotide Inj 0.25mg ', 2, '0.00', '0.00', 1),
(1629, 608, 1630, 'Cetrotide Inj 0.25mg ', 5, '11760.00', '58800.00', 1),
(1630, 608, 1631, 'Cetrotide Inj 0.25mg ', 1, '0.00', '0.00', 1),
(1631, 609, 1632, 'Gonal F 300IU/0.5ML', 15, '6000.00', '90000.00', 1),
(1632, 609, 1633, 'Gonal F 300IU/0.5ML', 9, '0.00', '0.00', 1),
(1633, 610, 1634, 'Follitrope Prefilled syringe 150 IU', 30, '2400.00', '72000.00', 1),
(1634, 610, 1635, 'Follitrope Prefilled syringe 150 IU', 15, '0.00', '0.00', 1),
(1635, 610, 1636, 'IVF-M 150IU', 20, '1000.00', '20000.00', 1),
(1636, 610, 1637, 'IVF-M 150IU', 4, '0.00', '0.00', 1),
(1637, 610, 1638, 'IVF-M 75IU', 20, '550.00', '11000.00', 1),
(1638, 610, 1639, 'IVF-M 75IU', 4, '0.00', '0.00', 1),
(1639, 611, 1640, 'Crinone gel 8% ', 40, '2280.00', '91200.00', 1),
(1640, 611, 1641, 'Crinone gel 8% ', 4, '0.00', '0.00', 1),
(1641, 612, 1644, 'Xylocain 2% สำหรับฉีด 10x20ML', 1, '481.00', '481.00', 1),
(1642, 612, 1645, 'Propofol Lipuro 1% 20ML', 60, '90.00', '5400.00', 1),
(1643, 613, 1646, 'Follitrope Prefilled syringe 225 IU', 80, '3600.00', '288000.00', 1),
(1644, 613, 1647, 'Follitrope Prefilled syringe 225 IU', 40, '0.00', '0.00', 1),
(1645, 613, 1648, 'Follitrope Prefilled syringe 150 IU', 20, '2400.00', '48000.00', 1),
(1646, 613, 1649, 'Follitrope Prefilled syringe 150 IU', 10, '0.00', '0.00', 1),
(1647, 614, 1650, 'Cetrotide Inj 0.25mg ', 10, '11760.00', '117600.00', 1),
(1648, 614, 1651, 'Cetrotide Inj 0.25mg ', 2, '0.00', '0.00', 1),
(1661, 615, 1652, 'Follitrope ชนิดฉีด 150IU', 20, '1900.00', '38000.00', 1),
(1662, 615, 1653, 'Follitrope ชนิดฉีด 150IU', 6, '0.00', '0.00', 1),
(1663, 615, 1654, 'Follitrope inj.75 IU', 20, '1000.00', '20000.00', 1),
(1664, 615, 1668, 'Follitrope inj.75 IU', 6, '0.00', '0.00', 1),
(1665, 615, 1669, 'IVF-M 150IU', 20, '1000.00', '20000.00', 1),
(1666, 615, 1670, 'IVF-M 150IU', 4, '0.00', '0.00', 1),
(1667, 615, 1671, 'IVF-M 75IU', 20, '550.00', '11000.00', 1),
(1668, 615, 1672, 'IVF-M 75IU', 4, '0.00', '0.00', 1),
(1669, 615, 1673, 'Follitrope Prefilled syringe 150 IU', 20, '2400.00', '48000.00', 1),
(1670, 615, 1674, 'Follitrope Prefilled syringe 150 IU', 10, '0.00', '0.00', 1),
(1671, 615, 1675, 'Follitrope Prefilled syringe 225 IU', 40, '3600.00', '144000.00', 1),
(1672, 615, 1676, 'Follitrope Prefilled syringe 225 IU', 20, '0.00', '0.00', 1),
(1673, 616, 1677, 'Follitrope ชนิดฉีด 150IU', 20, '1900.00', '38000.00', 1),
(1674, 616, 1678, 'Follitrope ชนิดฉีด 150IU', 6, '0.00', '0.00', 1),
(1675, 616, 1679, 'IVF-M 75IU', 20, '550.00', '11000.00', 1),
(1676, 616, 1680, 'IVF-M 75IU', 4, '0.00', '0.00', 1),
(1677, 617, 1681, 'Crinone gel 8% ', 40, '2280.00', '91200.00', 1),
(1678, 617, 1682, 'Crinone gel 8% ', 4, '0.00', '0.00', 1),
(1679, 618, 1685, 'Follitrope inj.75 IU', 30, '1000.00', '30000.00', 1),
(1680, 618, 1686, 'Follitrope inj.75 IU', 9, '0.00', '0.00', 1),
(1684, 620, 1689, 'Progynova 2 mg. ', 40, '480.00', '19200.00', 1),
(1685, 620, 1690, 'Progynova 2 mg. ', 8, '0.00', '0.00', 1),
(1686, 620, 1691, 'Climara Pad', 40, '342.00', '13680.00', 1),
(1687, 620, 1692, 'Proluton Depot 250 mg inj.', 5, '2065.00', '10325.00', 1),
(1688, 621, 1693, 'IVF-M 75IU', 20, '550.00', '11000.00', 1),
(1689, 621, 1694, 'IVF-M 75IU', 4, '0.00', '0.00', 1),
(1690, 621, 1695, 'Follitrope Prefilled syringe 150 IU', 20, '2400.00', '48000.00', 1),
(1691, 621, 1696, 'Follitrope Prefilled syringe 150 IU', 10, '0.00', '0.00', 1),
(1692, 622, 1697, 'Crinone gel 8% ', 20, '2280.00', '45600.00', 1),
(1693, 622, 1698, 'Crinone gel 8% ', 2, '0.00', '0.00', 1),
(1694, 622, 1699, 'Gonal F 300IU/0.5ML', 30, '6000.00', '180000.00', 1),
(1695, 622, 1700, 'Gonal F 300IU/0.5ML', 18, '0.00', '0.00', 1),
(1696, 622, 1701, 'Ovidrel Syring 250มลก. 1 syringe', 10, '1210.00', '12100.00', 1),
(1697, 622, 1702, 'Ovidrel Syring 250มลก. 1 syringe', 1, '0.00', '0.00', 1),
(1698, 623, 1703, 'Travocort cream', 4, '52.00', '208.00', 1),
(1699, 624, 1704, 'Propofol Lipuro 1% 20ML', 30, '90.00', '2700.00', 1),
(1700, 625, 1705, 'Follitrope Prefilled syringe 225 IU', 80, '3600.00', '288000.00', 1),
(1701, 625, 1706, 'Follitrope Prefilled syringe 225 IU', 40, '0.00', '0.00', 1),
(1702, 626, 1707, 'Gonal F 300IU/0.5ML', 15, '6000.00', '90000.00', 1),
(1703, 626, 1708, 'Gonal F 300IU/0.5ML', 9, '0.00', '0.00', 1),
(1704, 626, 1709, 'Cetrotide Inj 0.25mg ', 10, '11760.00', '117600.00', 1),
(1705, 626, 1710, 'Cetrotide Inj 0.25mg ', 2, '0.00', '0.00', 1),
(1706, 626, 1711, 'Ovidrel Syring 250มลก. 1 syringe', 10, '1210.00', '12100.00', 1),
(1707, 626, 1712, 'Ovidrel Syring 250มลก. 1 syringe', 1, '0.00', '0.00', 1),
(1708, 627, 1713, 'Follitrope inj.75 IU', 50, '1000.00', '50000.00', 1),
(1709, 627, 1714, 'Follitrope inj.75 IU', 15, '0.00', '0.00', 1),
(1710, 628, 1715, 'Utrogestan 100mg 1x30', 60, '330.00', '19800.00', 1),
(1711, 628, 1716, 'Utrogestan 100mg 1x30', 3, '0.00', '0.00', 1),
(1712, 628, 1718, 'Oestrogel 1 x80gm', 20, '205.00', '4100.00', 1),
(1713, 629, 1719, 'Utrogestan 200 mg 1x15', 40, '330.00', '13200.00', 1),
(1714, 629, 1720, 'Utrogestan 200 mg 1x15', 4, '0.00', '0.00', 1),
(1715, 629, 1721, 'Utrogestan 100mg 1x30', 40, '330.00', '13200.00', 1),
(1716, 629, 1722, 'Utrogestan 100mg 1x30', 2, '0.00', '0.00', 1),
(1717, 630, 1723, 'Acroxia 120 mg ', 1, '1330.00', '1330.00', 1),
(1718, 631, 1724, 'Duphaston 10mg 20 tablets', 60, '360.00', '21600.00', 1),
(1719, 631, 1725, 'Duphaston 10mg 20 tablets', 6, '0.00', '0.00', 1),
(1720, 632, 1726, 'Utrogestan 100mg 1x30', 20, '330.00', '6600.00', 1),
(1721, 632, 1727, 'Utrogestan 200 mg 1x15', 60, '330.00', '19800.00', 1),
(1722, 632, 1728, 'Utrogestan 200 mg 1x15', 6, '0.00', '0.00', 1),
(1723, 633, 1729, 'Tractocile inj.7.5 mg/ml', 2, '4400.00', '8800.00', 1),
(1724, 634, 1731, 'Orgalutran 1 syringe', 40, '1520.00', '60800.00', 1),
(1725, 634, 1732, 'Orgalutran 1 syringe', 4, '0.00', '0.00', 1),
(1726, 635, 1733, 'Propofol Lipuro 1% 20ML', 50, '90.00', '4500.00', 1),
(1727, 636, 1734, 'Climara Pad', 40, '342.00', '13680.00', 1),
(1728, 636, 1735, 'Progynova 2 mg. ', 30, '480.00', '14400.00', 1),
(1729, 636, 1736, 'Progynova 2 mg. ', 6, '0.00', '0.00', 1),
(1730, 636, 1737, 'Proluton Depot 250 mg inj.', 3, '2065.00', '6195.00', 1),
(1731, 637, 1738, 'Clexane ( 4000 IU/0.4 ml) 2 syringes', 50, '540.80', '27040.00', 1),
(1732, 638, 1739, 'Gonal F 300IU/0.5ML', 15, '6000.00', '90000.00', 1),
(1733, 638, 1740, 'Gonal F 300IU/0.5ML', 9, '0.00', '0.00', 1),
(1734, 638, 1741, 'Crinone gel 8% ', 20, '2280.00', '45600.00', 1),
(1735, 638, 1742, 'Crinone gel 8% ', 2, '0.00', '0.00', 1),
(1736, 638, 1743, 'Ovidrel Syring 250มลก. 1 syringe', 10, '1210.00', '12100.00', 1),
(1737, 638, 1744, 'Ovidrel Syring 250มลก. 1 syringe', 1, '0.00', '0.00', 1),
(1738, 640, 1745, 'Cetrotide Inj 0.25mg ', 10, '11760.00', '117600.00', 1),
(1739, 640, 1746, 'Cetrotide Inj 0.25mg ', 2, '0.00', '0.00', 1),
(1740, 641, 1747, 'IVF-M 75IU', 50, '550.00', '27500.00', 1),
(1741, 641, 1748, 'IVF-M 75IU', 10, '0.00', '0.00', 1),
(1742, 641, 1749, 'Follitrope ชนิดฉีด 150IU', 60, '1900.00', '114000.00', 1),
(1743, 641, 1750, 'Follitrope ชนิดฉีด 150IU', 18, '0.00', '0.00', 1),
(1744, 641, 1751, 'Follitrope Prefilled syringe 150 IU', 70, '2400.00', '168000.00', 1),
(1745, 641, 1752, 'Follitrope Prefilled syringe 150 IU', 35, '0.00', '0.00', 1),
(1746, 641, 1753, 'Follitrope Prefilled syringe 225 IU', 80, '3600.00', '288000.00', 1),
(1747, 641, 1754, 'Follitrope Prefilled syringe 225 IU', 40, '0.00', '0.00', 1),
(1752, 643, 1759, 'Crinone gel 8% ', 40, '2280.00', '91200.00', 1),
(1753, 643, 1760, 'Crinone gel 8% ', 4, '0.00', '0.00', 1),
(1754, 644, 1755, 'Follitrope ชนิดฉีด 150IU', 60, '1900.00', '114000.00', 1),
(1755, 644, 1756, 'Follitrope ชนิดฉีด 150IU', 18, '0.00', '0.00', 1),
(1756, 644, 1757, 'Follitrope Prefilled syringe 225 IU', 60, '3600.00', '216000.00', 1),
(1757, 644, 1758, 'Follitrope Prefilled syringe 225 IU', 30, '0.00', '0.00', 1),
(1758, 645, 1761, 'Follitrope inj.75 IU', 20, '1000.00', '20000.00', 1),
(1759, 645, 1762, 'Follitrope inj.75 IU', 6, '0.00', '0.00', 1),
(1760, 645, 1763, 'IVF-M 75IU', 20, '550.00', '11000.00', 1),
(1761, 645, 1764, 'IVF-M 75IU', 4, '0.00', '0.00', 1),
(1762, 646, 1765, 'Cetrotide Inj 0.25mg ', 10, '11760.00', '117600.00', 1),
(1763, 646, 1766, 'Cetrotide Inj 0.25mg ', 2, '0.00', '0.00', 1),
(1764, 646, 1767, 'Crinone gel 8% ', 20, '2280.00', '45600.00', 1),
(1765, 646, 1768, 'Crinone gel 8% ', 2, '0.00', '0.00', 1),
(1766, 647, 1769, 'Follitrope ชนิดฉีด 150IU', 40, '1900.00', '76000.00', 1),
(1767, 647, 1770, 'Follitrope ชนิดฉีด 150IU', 12, '0.00', '0.00', 1),
(1768, 647, 1771, 'Follitrope Prefilled syringe 225 IU', 40, '3600.00', '144000.00', 1),
(1769, 647, 1772, 'Follitrope Prefilled syringe 225 IU', 20, '0.00', '0.00', 1),
(1770, 648, 1773, 'Clexane ( 4000 IU/0.4 ml) 2 syringes', 80, '540.80', '43264.00', 1),
(1771, 648, 1774, 'Propofol Lipuro 1% 20ML', 50, '90.00', '4500.00', 1),
(1772, 649, 1775, 'Follitrope ชนิดฉีด 150IU', 30, '1900.00', '57000.00', 1),
(1773, 649, 1776, 'Follitrope ชนิดฉีด 150IU', 9, '0.00', '0.00', 1),
(1774, 649, 1777, 'Follitrope Prefilled syringe 225 IU', 50, '3600.00', '180000.00', 1),
(1775, 649, 1778, 'Follitrope Prefilled syringe 225 IU', 25, '0.00', '0.00', 1),
(1776, 650, 1781, 'Bromocriptine 2.5 mg (Suplac)', 6, '779.62', '4677.72', 1),
(1777, 651, 1782, 'Ovidrel Syring 250มลก. 1 syringe', 10, '1210.00', '12100.00', 1),
(1778, 651, 1783, 'Ovidrel Syring 250มลก. 1 syringe', 1, '0.00', '0.00', 1),
(1779, 652, 1784, 'CEF 3 1G IV Siam', 50, '64.68', '3234.00', 1),
(1780, 652, 1785, 'CEF 3 1G IV Siam', 25, '0.00', '0.00', 1),
(1781, 653, 1786, 'Progynova 2 mg. ', 40, '480.00', '19200.00', 1),
(1782, 653, 1787, 'Progynova 2 mg. ', 8, '0.00', '0.00', 1),
(1783, 653, 1788, 'Climara Pad', 40, '342.00', '13680.00', 1),
(1784, 653, 1789, 'Testoviron 250 mg inj.', 1, '2710.00', '2710.00', 1),
(1785, 653, 1790, 'Proluton Depot 250 mg inj.', 4, '2065.00', '8260.00', 1),
(1786, 654, 1791, 'Crinone gel 8% ', 40, '2280.00', '91200.00', 1),
(1787, 654, 1792, 'Crinone gel 8% ', 4, '0.00', '0.00', 1),
(1788, 654, 1793, 'Cetrotide Inj 0.25mg ', 5, '11760.00', '58800.00', 1),
(1789, 654, 1794, 'Cetrotide Inj 0.25mg ', 1, '0.00', '0.00', 1),
(1798, 656, 1795, 'Follitrope Prefilled syringe 225 IU', 50, '3600.00', '180000.00', 1),
(1799, 656, 1796, 'Follitrope Prefilled syringe 225 IU', 25, '0.00', '0.00', 1),
(1800, 656, 1797, 'Follitrope ชนิดฉีด 150IU', 50, '1900.00', '95000.00', 1),
(1801, 656, 1798, 'Follitrope ชนิดฉีด 150IU', 15, '0.00', '0.00', 1),
(1802, 656, 1799, 'Follitrope inj.75 IU', 30, '1000.00', '30000.00', 1),
(1803, 656, 1804, 'Follitrope inj.75 IU', 9, '0.00', '0.00', 1),
(1804, 656, 1805, 'IVF-M 75IU', 20, '550.00', '11000.00', 1),
(1805, 656, 1806, 'IVF-M 75IU', 4, '0.00', '0.00', 1),
(1806, 657, 1807, 'Follitrope Prefilled syringe 225 IU', 60, '3600.00', '216000.00', 1),
(1807, 657, 1808, 'Follitrope Prefilled syringe 225 IU', 30, '0.00', '0.00', 1),
(1808, 657, 1809, 'Follitrope ชนิดฉีด 150IU', 40, '1900.00', '76000.00', 1),
(1809, 657, 1810, 'Follitrope ชนิดฉีด 150IU', 12, '0.00', '0.00', 1),
(1810, 658, 1811, 'Gonal F 300IU/0.5ML', 15, '6000.00', '90000.00', 1),
(1811, 658, 1812, 'Gonal F 300IU/0.5ML', 9, '0.00', '0.00', 1),
(1812, 658, 1813, 'Cetrotide Inj 0.25mg ', 5, '11760.00', '58800.00', 1),
(1813, 658, 1814, 'Cetrotide Inj 0.25mg ', 1, '0.00', '0.00', 1),
(1814, 659, 1815, 'Primolut N 10x10 tablets', 3, '480.00', '1440.00', 1),
(1815, 660, 1816, 'Crinone gel 8% ', 40, '2280.00', '91200.00', 1),
(1816, 660, 1817, 'Crinone gel 8% ', 4, '0.00', '0.00', 1),
(1817, 660, 1818, 'Cetrotide Inj 0.25mg ', 5, '11760.00', '58800.00', 1),
(1818, 660, 1819, 'Cetrotide Inj 0.25mg ', 1, '0.00', '0.00', 1),
(1819, 661, 1821, 'Propofol Lipuro 1% 20ML', 60, '90.00', '5400.00', 1),
(1820, 661, 1822, 'Xylocaine 2% w adrenaline', 1, '583.00', '583.00', 1),
(1821, 662, 1823, 'Climara Pad', 60, '342.00', '20520.00', 1),
(1822, 662, 1824, 'Progynova 2 mg. ', 40, '480.00', '19200.00', 1),
(1823, 662, 1825, 'Progynova 2 mg. ', 8, '0.00', '0.00', 1),
(1824, 663, 1826, 'Primolut N  10x10', 3, '480.00', '1440.00', 1),
(1825, 663, 1827, 'Progynova 2 mg. ', 30, '480.00', '14400.00', 1),
(1826, 663, 1828, 'Progynova 2 mg. ', 6, '0.00', '0.00', 1),
(1827, 663, 1829, 'Climara Pad', 20, '342.00', '6840.00', 1),
(1828, 664, 1830, 'Xylocaine Jelly 2%30 gm', 3, '133.00', '399.00', 1);
INSERT INTO `POdetail` (`id`, `head_id`, `PR_id`, `item_name`, `qty`, `unit_price`, `total_price`, `ready_rec`) VALUES
(1829, 665, 1831, 'Cetrotide Inj 0.25mg ', 5, '11760.00', '58800.00', 1),
(1830, 665, 1832, 'Cetrotide Inj 0.25mg ', 1, '0.00', '0.00', 1),
(1831, 666, 1833, 'Gonal F 300IU/0.5ML', 15, '6000.00', '90000.00', 1),
(1832, 666, 1834, 'Gonal F 300IU/0.5ML', 9, '0.00', '0.00', 1),
(1833, 666, 1835, 'Cetrotide Inj 0.25mg ', 10, '11760.00', '117600.00', 1),
(1834, 666, 1836, 'Cetrotide Inj 0.25mg ', 2, '0.00', '0.00', 1),
(1835, 667, 1837, 'Follitrope inj.75 IU', 40, '1000.00', '40000.00', 1),
(1836, 667, 1838, 'Follitrope inj.75 IU', 12, '0.00', '0.00', 1),
(1837, 667, 1839, 'Follitrope ชนิดฉีด 150IU', 60, '1900.00', '114000.00', 1),
(1838, 667, 1840, 'Follitrope ชนิดฉีด 150IU', 18, '0.00', '0.00', 1),
(1839, 667, 1841, 'IVF-M 75IU', 60, '550.00', '33000.00', 1),
(1840, 667, 1842, 'IVF-M 75IU', 12, '0.00', '0.00', 1),
(1841, 668, 1843, 'Gonal F 300IU/0.5ML', 15, '6000.00', '90000.00', 1),
(1842, 668, 1844, 'Gonal F 300IU/0.5ML', 9, '0.00', '0.00', 1),
(1843, 668, 1845, 'Ovidrel Syring 250มลก. 1 syringe', 10, '1210.00', '12100.00', 1),
(1844, 668, 1846, 'Ovidrel Syring 250มลก. 1 syringe', 1, '0.00', '0.00', 1),
(1845, 669, 1847, 'Follitrope ชนิดฉีด 150IU', 40, '1900.00', '76000.00', 1),
(1846, 669, 1848, 'Follitrope ชนิดฉีด 150IU', 12, '0.00', '0.00', 1),
(1847, 670, 1849, 'Onsia 8 mg inj.5x4 ml', 10, '319.48', '3194.80', 1),
(1848, 670, 1850, 'Onsia 8 mg inj.5x4 ml', 8, '0.00', '0.00', 1),
(1850, 672, 1851, 'Crinone gel 8% ', 40, '2280.00', '91200.00', 1),
(1851, 672, 1853, 'Crinone gel 8% ', 4, '0.00', '0.00', 1),
(1852, 673, 1854, 'Proluton Depot 250 mg inj.', 5, '2065.00', '10325.00', 1),
(1853, 673, 1855, 'Progynova 2 mg. ', 40, '480.00', '19200.00', 1),
(1854, 673, 1856, 'Progynova 2 mg. ', 8, '0.00', '0.00', 1),
(1856, 674, 1857, 'Follitrope inj.75 IU', 30, '1000.00', '30000.00', 1),
(1857, 674, 1858, 'Follitrope inj.75 IU', 9, '0.00', '0.00', 1),
(1858, 676, 1859, 'Follitrope ชนิดฉีด 150IU', 30, '1900.00', '57000.00', 1),
(1859, 676, 1860, 'Follitrope ชนิดฉีด 150IU', 9, '0.00', '0.00', 1),
(1860, 676, 1861, 'Follitrope inj.75 IU', 30, '1000.00', '30000.00', 1),
(1861, 676, 1862, 'Follitrope inj.75 IU', 9, '0.00', '0.00', 1),
(1862, 676, 1863, 'Follitrope Prefilled syringe 225 IU', 80, '3600.00', '288000.00', 1),
(1863, 676, 1864, 'Follitrope Prefilled syringe 225 IU', 40, '0.00', '0.00', 1),
(1864, 678, 1865, 'Propofol Lipuro 1% 20ML', 80, '90.00', '7200.00', 1),
(1865, 678, 1866, 'Travocort cream', 6, '52.00', '312.00', 1),
(1866, 679, 1867, 'Gonal F 300IU/0.5ML', 30, '6000.00', '180000.00', 1),
(1867, 679, 1869, 'Gonal F 300IU/0.5ML', 18, '0.00', '0.00', 1),
(1868, 680, 1870, 'Crinone gel 8% ', 40, '2280.00', '91200.00', 1),
(1869, 680, 1871, 'Crinone gel 8% ', 4, '0.00', '0.00', 1),
(1870, 680, 1872, 'Ovidrel Syring 250มลก. 1 syringe', 10, '1210.00', '12100.00', 1),
(1871, 680, 1873, 'Ovidrel Syring 250มลก. 1 syringe', 1, '0.00', '0.00', 1),
(1872, 680, 1874, 'Cetrotide Inj 0.25mg ', 5, '11760.00', '58800.00', 1),
(1873, 680, 1875, 'Cetrotide Inj 0.25mg ', 1, '0.00', '0.00', 1),
(1874, 681, 1877, 'Gonal F 300IU/0.5ML', 30, '6000.00', '180000.00', 1),
(1875, 681, 1878, 'Gonal F 300IU/0.5ML', 18, '0.00', '0.00', 1),
(1876, 682, 1879, 'Follitrope ชนิดฉีด 150IU', 10, '1900.00', '19000.00', 1),
(1877, 682, 1880, 'Follitrope ชนิดฉีด 150IU', 3, '0.00', '0.00', 1),
(1878, 683, 1881, 'Crinone gel 8% ', 40, '2280.00', '91200.00', 1),
(1879, 683, 1882, 'Crinone gel 8% ', 4, '0.00', '0.00', 1),
(1880, 683, 1883, 'Gonal F 300IU/0.5ML', 15, '6000.00', '90000.00', 1),
(1881, 683, 1884, 'Gonal F 300IU/0.5ML', 9, '0.00', '0.00', 1),
(1882, 684, 1885, 'Diphereline 0.1 mg 7 vial', 5, '5900.00', '29500.00', 1),
(1883, 685, 1886, 'Utrogestan 100mg 1x30', 80, '330.00', '26400.00', 0),
(1884, 685, 1887, 'Utrogestan 100mg 1x30', 4, '0.00', '0.00', 0),
(1885, 685, 1888, 'Utrogestan 200 mg 1x15', 40, '330.00', '13200.00', 0),
(1886, 685, 1889, 'Utrogestan 200 mg 1x15', 4, '0.00', '0.00', 0),
(1887, 685, 1890, 'Oestrogel 1 x80gm', 20, '205.00', '4100.00', 0),
(1888, 686, 1891, 'Menopur inj.10x75IU', 5, '7600.00', '38000.00', 0),
(1889, 687, 1892, 'Cetrotide Inj 0.25mg ', 5, '11760.00', '58800.00', 1),
(1890, 687, 1893, 'Cetrotide Inj 0.25mg ', 1, '0.00', '0.00', 1),
(1891, 688, 1894, 'Tractocile inj.7.5 mg/ml', 1, '4400.00', '4400.00', 1),
(1892, 689, 1895, 'Orgalutran 1 syringe', 40, '1600.00', '64000.00', 1),
(1893, 689, 1896, 'Orgalutran 1 syringe', 4, '0.00', '0.00', 1),
(1894, 691, 1897, 'Utrogestan 100mg 1x30', 60, '330.00', '19800.00', 1),
(1895, 691, 1901, 'Utrogestan 100mg 1x30', 3, '0.00', '0.00', 1),
(1896, 691, 1902, 'Utrogestan 200 mg 1x15', 60, '330.00', '19800.00', 1),
(1897, 691, 1903, 'Utrogestan 200 mg 1x15', 6, '0.00', '0.00', 1),
(1898, 691, 1904, 'Oestrogel 1 x80gm', 10, '205.00', '2050.00', 1),
(1899, 692, 1905, 'Duphaston 10mg 20 tablets', 60, '360.00', '21600.00', 1),
(1900, 692, 1906, 'Duphaston 10mg 20 tablets', 6, '0.00', '0.00', 1),
(1901, 693, 1907, 'Tractocile inj.7.5 mg/ml', 1, '4400.00', '4400.00', 1),
(1902, 694, 1908, 'Gonal F 300IU/0.5ML', 30, '6000.00', '180000.00', 1),
(1903, 694, 1909, 'Gonal F 300IU/0.5ML', 18, '0.00', '0.00', 1),
(1904, 694, 1910, 'Cetrotide Inj 0.25mg ', 10, '11760.00', '117600.00', 1),
(1905, 694, 1911, 'Cetrotide Inj 0.25mg ', 2, '0.00', '0.00', 1),
(1906, 695, 1912, 'Gonal F 300IU/0.5ML', 15, '6000.00', '90000.00', 1),
(1907, 695, 1913, 'Gonal F 300IU/0.5ML', 9, '0.00', '0.00', 1),
(1908, 695, 1914, 'Crinone gel 8% ', 40, '2280.00', '91200.00', 1),
(1909, 695, 1915, 'Crinone gel 8% ', 4, '0.00', '0.00', 1),
(1910, 696, 1916, 'Ovidrel Syring 250มลก. 1 syringe', 10, '1210.00', '12100.00', 1),
(1911, 696, 1917, 'Ovidrel Syring 250มลก. 1 syringe', 1, '0.00', '0.00', 1),
(1912, 697, 1918, 'Progynova 2 mg. ', 60, '480.00', '28800.00', 1),
(1913, 697, 1919, 'Progynova 2 mg. ', 12, '0.00', '0.00', 1),
(1914, 697, 1920, 'Climara Pad', 40, '342.00', '13680.00', 1),
(1915, 697, 1921, 'Proluton Depot 250 mg inj.', 3, '2065.00', '6195.00', 1),
(1916, 698, 1922, 'Ovidrel Syring 250มลก. 1 syringe', 10, '1210.00', '12100.00', 1),
(1917, 698, 1923, 'Ovidrel Syring 250มลก. 1 syringe', 1, '0.00', '0.00', 1),
(1918, 699, 1924, 'IVF-M 150IU', 30, '1000.00', '30000.00', 1),
(1919, 699, 1925, 'IVF-M 150IU', 6, '0.00', '0.00', 1),
(1920, 700, 1926, 'IVF-M 75IU', 30, '550.00', '16500.00', 1),
(1921, 700, 1927, 'IVF-M 75IU', 6, '0.00', '0.00', 1),
(1922, 700, 1928, 'Follitrope Prefilled syringe 225 IU', 80, '3600.00', '288000.00', 1),
(1923, 700, 1929, 'Follitrope Prefilled syringe 225 IU', 40, '0.00', '0.00', 1),
(1924, 700, 1930, 'Follitrope Prefilled syringe 150 IU', 40, '2400.00', '96000.00', 1),
(1925, 700, 1931, 'Follitrope Prefilled syringe 150 IU', 20, '0.00', '0.00', 1),
(1926, 701, 1932, 'Gonal F 300IU/0.5ML', 30, '6000.00', '180000.00', 1),
(1927, 701, 1933, 'Gonal F 300IU/0.5ML', 18, '0.00', '0.00', 1),
(1928, 702, 1934, 'Gonal F 300IU/0.5ML', 15, '6000.00', '90000.00', 1),
(1929, 702, 1935, 'Gonal F 300IU/0.5ML', 9, '0.00', '0.00', 1),
(1930, 702, 1936, 'Crinone gel 8% ', 20, '2280.00', '45600.00', 1),
(1931, 702, 1937, 'Crinone gel 8% ', 2, '0.00', '0.00', 1),
(1932, 703, 1938, 'Follitrope Prefilled syringe 225 IU', 60, '3600.00', '216000.00', 1),
(1933, 703, 1939, 'Follitrope Prefilled syringe 225 IU', 30, '0.00', '0.00', 1),
(1934, 703, 1940, 'Follitrope ชนิดฉีด 150IU', 40, '1900.00', '76000.00', 1),
(1935, 703, 1941, 'Follitrope ชนิดฉีด 150IU', 12, '0.00', '0.00', 1),
(1936, 703, 1942, 'IVF-M 75IU', 40, '550.00', '22000.00', 1),
(1937, 703, 1943, 'IVF-M 75IU', 8, '0.00', '0.00', 1),
(1938, 704, 1944, 'CEF 3 1G IV Siam', 50, '64.68', '3234.00', 1),
(1939, 704, 1945, 'CEF 3 1G IV Siam', 25, '0.00', '0.00', 1),
(1940, 705, 1946, 'Cetrotide Inj 0.25mg ', 10, '11760.00', '117600.00', 1),
(1941, 705, 1947, 'Cetrotide Inj 0.25mg ', 2, '0.00', '0.00', 1),
(1942, 706, 1948, 'Proluton Depot 250 mg inj.', 5, '2065.00', '10325.00', 1),
(1943, 706, 1949, 'Progynova 2 mg. ', 30, '480.00', '14400.00', 1),
(1944, 706, 1950, 'Progynova 2 mg. ', 6, '0.00', '0.00', 1),
(1945, 706, 1951, 'Climara Pad', 20, '342.00', '6840.00', 1),
(1946, 707, 1952, 'Propofol Lipuro 1% 20ML', 80, '90.00', '7200.00', 1),
(1947, 708, 1953, 'Intralipid 20%', 10, '461.00', '4610.00', 1),
(1948, 708, 1954, 'Xylocaine Jelly 2%30 gm', 6, '133.00', '798.00', 1),
(1949, 709, 1955, 'Follitrope Prefilled syringe 225 IU', 60, '3600.00', '216000.00', 1),
(1950, 709, 1956, 'Follitrope Prefilled syringe 225 IU', 30, '0.00', '0.00', 1),
(1951, 710, 1957, 'Gonal F 300IU/0.5ML', 15, '6000.00', '90000.00', 0),
(1952, 710, 1958, 'Gonal F 300IU/0.5ML', 9, '0.00', '0.00', 0),
(1953, 710, 1959, 'Crinone gel 8% ', 40, '2280.00', '91200.00', 0),
(1954, 710, 1960, 'Crinone gel 8% ', 4, '0.00', '0.00', 0),
(1955, 711, 1961, 'Follitrope ชนิดฉีด 150IU', 60, '1900.00', '114000.00', 1),
(1956, 711, 1962, 'Follitrope ชนิดฉีด 150IU', 18, '0.00', '0.00', 1),
(1957, 711, 1963, 'Follitrope inj.75 IU', 60, '1000.00', '60000.00', 1),
(1958, 711, 1964, 'Follitrope inj.75 IU', 18, '0.00', '0.00', 1),
(1959, 711, 1965, 'IVF-M 75IU', 50, '550.00', '27500.00', 1),
(1960, 711, 1966, 'IVF-M 75IU', 10, '0.00', '0.00', 1),
(1961, 711, 1967, 'IVF-M 150IU', 20, '1000.00', '20000.00', 1),
(1962, 711, 1968, 'IVF-M 150IU', 4, '0.00', '0.00', 1),
(1963, 712, 1969, 'Clexane ( 4000 IU/0.4 ml) 2 syringes', 80, '540.80', '43264.00', 1),
(1964, 712, 1970, 'Propofol Lipuro 1% 20ML', 50, '90.00', '4500.00', 1),
(1965, 713, 1971, 'Crinone gel 8% ', 40, '2280.00', '91200.00', 1),
(1966, 713, 1972, 'Crinone gel 8% ', 4, '0.00', '0.00', 1),
(1967, 714, 1973, 'Gonal F 300IU/0.5ML', 15, '6000.00', '90000.00', 1),
(1968, 714, 1974, 'Gonal F 300IU/0.5ML', 9, '0.00', '0.00', 1),
(1969, 714, 1975, 'Cetrotide Inj 0.25mg ', 5, '11760.00', '58800.00', 1),
(1970, 714, 1976, 'Cetrotide Inj 0.25mg ', 1, '0.00', '0.00', 1),
(1971, 715, 1977, 'Follitrope Prefilled syringe 150 IU', 40, '2400.00', '96000.00', 1),
(1972, 715, 1978, 'Follitrope Prefilled syringe 150 IU', 20, '0.00', '0.00', 1),
(1973, 715, 1979, 'Follitrope Prefilled syringe 225 IU', 60, '3600.00', '216000.00', 1),
(1974, 715, 1980, 'Follitrope Prefilled syringe 225 IU', 30, '0.00', '0.00', 1),
(1975, 716, 1981, 'Crinone gel 8% ', 40, '2280.00', '91200.00', 1),
(1976, 716, 1982, 'Crinone gel 8% ', 4, '0.00', '0.00', 1),
(1977, 716, 1983, 'Cetrotide Inj 0.25mg ', 5, '11760.00', '58800.00', 1),
(1979, 716, 1985, 'Cetrotide Inj 0.25mg ', 1, '0.00', '0.00', 1),
(1980, 717, 1986, 'Follitrope Prefilled syringe 150 IU', 30, '2400.00', '72000.00', 1),
(1981, 717, 1987, 'Follitrope Prefilled syringe 150 IU', 15, '0.00', '0.00', 1),
(1982, 717, 1988, 'Follitrope Prefilled syringe 225 IU', 60, '3600.00', '216000.00', 1),
(1983, 717, 1989, 'Follitrope Prefilled syringe 225 IU', 30, '0.00', '0.00', 1),
(1984, 718, 1990, 'Crinone gel 8% ', 20, '2280.00', '45600.00', 1),
(1985, 718, 1991, 'Crinone gel 8% ', 2, '0.00', '0.00', 1),
(1986, 718, 1992, 'Ovidrel Syring 250มลก. 1 syringe', 10, '1210.00', '12100.00', 1),
(1987, 718, 1993, 'Ovidrel Syring 250มลก. 1 syringe', 1, '0.00', '0.00', 1),
(1988, 719, 1994, 'Primolut N 10x10 tablets', 3, '480.00', '1440.00', 1),
(1989, 719, 1995, 'Progynova 2 mg. ', 60, '480.00', '28800.00', 1),
(1990, 719, 1996, 'Progynova 2 mg. ', 12, '0.00', '0.00', 1),
(1991, 719, 1997, 'Climara Pad', 30, '342.00', '10260.00', 1),
(1992, 719, 1998, 'Proluton Depot 250 mg inj.', 3, '2065.00', '6195.00', 1),
(1993, 720, 1999, 'Ceftrex 1 g', 30, '36.26', '1087.80', 1),
(1994, 721, 2000, 'Pregnyl 1500 IU 1x3 amp.', 15, '636.78', '9551.70', 1),
(1995, 722, 2002, 'Utrogestan 100mg 1x30', 60, '330.00', '19800.00', 1),
(1996, 722, 2003, 'Utrogestan 100mg 1x30', 3, '0.00', '0.00', 1),
(1997, 722, 2004, 'Utrogestan 200 mg 1x15', 40, '330.00', '13200.00', 1),
(1998, 722, 2005, 'Utrogestan 200 mg 1x15', 4, '0.00', '0.00', 1),
(1999, 722, 2006, 'Oestrogel 1 x80gm', 20, '205.00', '4100.00', 1),
(2000, 723, 2007, 'Orgalutran 1 syringe', 40, '1600.00', '64000.00', 1),
(2001, 723, 2008, 'Orgalutran 1 syringe', 4, '0.00', '0.00', 1),
(2002, 724, 2009, 'Orgalutran 1 syringe', 40, '1600.00', '64000.00', 1),
(2003, 724, 2010, 'Orgalutran 1 syringe', 4, '0.00', '0.00', 1),
(2004, 725, 2011, 'Menopur inj.10x75IU', 5, '7600.00', '38000.00', 1),
(2005, 726, 2012, 'Duphaston 10mg 20 tablets', 60, '360.00', '21600.00', 1),
(2006, 726, 2013, 'Duphaston 10mg 20 tablets', 6, '0.00', '0.00', 1),
(2007, 727, 2014, 'Utrogestan 100mg 1x30', 60, '330.00', '19800.00', 1),
(2008, 727, 2015, 'Utrogestan 100mg 1x30', 3, '0.00', '0.00', 1),
(2009, 727, 2016, 'Utrogestan 200 mg 1x15', 40, '330.00', '13200.00', 1),
(2010, 727, 2017, 'Utrogestan 200 mg 1x15', 4, '0.00', '0.00', 1),
(2011, 728, 2018, 'Clexane ( 4000 IU/0.4 ml) 2 syringes', 80, '540.80', '43264.00', 1),
(2012, 728, 2019, 'Propofol Lipuro 1% 20ML', 50, '90.00', '4500.00', 1),
(2013, 729, 2020, 'Cetrotide Inj 0.25mg ', 10, '11760.00', '117600.00', 1),
(2014, 729, 2021, 'Cetrotide Inj 0.25mg ', 2, '0.00', '0.00', 1),
(2015, 730, 2022, 'Oestrogel 1 x80gm', 20, '205.00', '4100.00', 1),
(2016, 731, 2023, 'Diphereline 0.1 mg 7 vial', 5, '5900.00', '29500.00', 1),
(2017, 732, 2024, 'Duphaston 10mg 20 tablets', 30, '360.00', '10800.00', 1),
(2018, 732, 2025, 'Duphaston 10mg 20 tablets', 3, '0.00', '0.00', 1),
(2019, 733, 2026, 'Utrogestan 100mg 1x30', 60, '330.00', '19800.00', 1),
(2020, 733, 2027, 'Utrogestan 100mg 1x30', 3, '0.00', '0.00', 1),
(2021, 733, 2028, 'Utrogestan 200 mg 1x15', 40, '330.00', '13200.00', 1),
(2022, 733, 2029, 'Utrogestan 200 mg 1x15', 4, '0.00', '0.00', 1),
(2023, 734, 2030, 'Dalacin C', 10, '270.00', '2700.00', 1),
(2027, 736, 2031, 'Aspent-M ', 1, '275.50', '275.50', 1),
(2028, 736, 2032, 'Kamillosan-M', 4, '133.95', '535.80', 1),
(2029, 736, 2034, 'Tylenol 500 mg.', 6, '166.25', '997.50', 1),
(2030, 737, 2035, 'Pregnyl 1500 IU 1x3 amp.', 20, '636.78', '12735.60', 1),
(2031, 739, 2036, 'Utrogestan 100mg 1x30', 60, '330.00', '19800.00', 1),
(2032, 739, 2037, 'Utrogestan 100mg 1x30', 3, '0.00', '0.00', 1),
(2033, 739, 2038, 'Utrogestan 200 mg 1x15', 60, '330.00', '19800.00', 1),
(2034, 739, 2039, 'Utrogestan 200 mg 1x15', 6, '0.00', '0.00', 1),
(2035, 739, 2040, 'Oestrogel 1 x80gm', 20, '205.00', '4100.00', 1),
(2036, 740, 2041, 'Duphaston 10mg 20 tablets', 80, '360.00', '28800.00', 1),
(2037, 740, 2042, 'Duphaston 10mg 20 tablets', 8, '0.00', '0.00', 1),
(2040, 742, 2045, 'Onsia 8 mg inj.5x4 ml', 10, '319.48', '3194.80', 1),
(2041, 742, 2046, 'Onsia 8 mg inj.5x4 ml', 8, '0.00', '0.00', 1),
(2042, 743, 2047, 'Yasmin 1x21', 12, '360.00', '4320.00', 1),
(2043, 743, 2048, 'Yasmin 1x21', 3, '0.00', '0.00', 1),
(2044, 744, 2049, 'Cetrotide Inj 0.25mg ', 10, '11760.00', '117600.00', 1),
(2045, 744, 2050, 'Cetrotide Inj 0.25mg ', 2, '0.00', '0.00', 1),
(2046, 745, 2052, 'Gonal F 300IU/0.5ML', 15, '6000.00', '90000.00', 1),
(2047, 745, 2053, 'Gonal F 300IU/0.5ML', 9, '0.00', '0.00', 1),
(2048, 745, 2054, 'Crinone gel 8% ', 40, '2280.00', '91200.00', 1),
(2049, 745, 2055, 'Crinone gel 8% ', 4, '0.00', '0.00', 1),
(2050, 746, 2056, 'Gonal F 300IU/0.5ML', 15, '6000.00', '90000.00', 1),
(2051, 746, 2057, 'Gonal F 300IU/0.5ML', 9, '0.00', '0.00', 1),
(2052, 747, 2058, 'Follitrope Prefilled syringe 225 IU', 60, '3600.00', '216000.00', 1),
(2053, 747, 2059, 'Follitrope Prefilled syringe 225 IU', 30, '0.00', '0.00', 1),
(2054, 747, 2060, 'Follitrope ชนิดฉีด 150IU', 40, '1900.00', '76000.00', 1),
(2055, 747, 2061, 'Follitrope ชนิดฉีด 150IU', 12, '0.00', '0.00', 1),
(2056, 747, 2062, 'IVF-M 150IU', 40, '1000.00', '40000.00', 1),
(2057, 747, 2063, 'IVF-M 150IU', 8, '0.00', '0.00', 1),
(2058, 748, 2064, 'Follitrope ชนิดฉีด 150IU', 50, '1900.00', '95000.00', 1),
(2059, 748, 2065, 'Follitrope ชนิดฉีด 150IU', 15, '0.00', '0.00', 1),
(2060, 748, 2066, 'IVF-M 150IU', 50, '1000.00', '50000.00', 1),
(2061, 748, 2067, 'IVF-M 150IU', 10, '0.00', '0.00', 1),
(2062, 749, 2068, 'Ovidrel Syring 250มลก. 1 syringe', 10, '1210.00', '12100.00', 1),
(2063, 749, 2069, 'Ovidrel Syring 250มลก. 1 syringe', 1, '0.00', '0.00', 1),
(2064, 750, 2070, 'Propofol Lipuro 1% 20ML', 50, '90.00', '4500.00', 1),
(2065, 751, 2071, 'Progynova 2 mg. ', 100, '480.00', '48000.00', 1),
(2066, 751, 2072, 'Progynova 2 mg. ', 20, '0.00', '0.00', 1),
(2067, 751, 2073, 'Climara Pad', 60, '342.00', '20520.00', 1),
(2068, 751, 2074, 'Primolut N  10x10', 2, '480.00', '960.00', 1),
(2069, 751, 2075, 'Proluton Depot 250 mg inj.', 5, '2065.00', '10325.00', 1),
(2070, 752, 2076, 'Ovidrel Syring 250มลก. 1 syringe', 10, '1210.00', '12100.00', 1),
(2071, 752, 2077, 'Ovidrel Syring 250มลก. 1 syringe', 1, '0.00', '0.00', 1),
(2072, 752, 2078, 'Gonal F 300IU/0.5ML', 15, '6000.00', '90000.00', 1),
(2073, 752, 2080, 'Gonal F 300IU/0.5ML', 9, '0.00', '0.00', 1),
(2074, 752, 2081, 'Cetrotide Inj 0.25mg ', 5, '11760.00', '58800.00', 1),
(2075, 752, 2082, 'Cetrotide Inj 0.25mg ', 1, '0.00', '0.00', 1),
(2076, 753, 2083, 'Follitrope Prefilled syringe 225 IU', 40, '3600.00', '144000.00', 1),
(2077, 753, 2084, 'Follitrope Prefilled syringe 225 IU', 20, '0.00', '0.00', 1),
(2078, 753, 2085, 'IVF-M 150IU', 20, '1000.00', '20000.00', 1),
(2079, 753, 2086, 'IVF-M 150IU', 4, '0.00', '0.00', 1),
(2080, 753, 2087, 'IVF-M 75IU', 20, '550.00', '11000.00', 1),
(2081, 753, 2088, 'IVF-M 75IU', 4, '0.00', '0.00', 1),
(2082, 754, 2089, 'Follitrope Prefilled syringe 225 IU', 40, '3600.00', '144000.00', 1),
(2083, 754, 2090, 'Follitrope Prefilled syringe 225 IU', 20, '0.00', '0.00', 1),
(2084, 755, 2091, 'Cetrotide Inj 0.25mg ', 10, '11760.00', '117600.00', 1),
(2085, 755, 2092, 'Cetrotide Inj 0.25mg ', 2, '0.00', '0.00', 1),
(2086, 756, 2093, 'Clexane ( 4000 IU/0.4 ml) 2 syringes', 50, '540.80', '27040.00', 1),
(2087, 757, 2094, 'Organ Peptid ', 100, '1500.00', '150000.00', 1),
(2088, 758, 2095, 'Utrogestan 200 mg 1x15', 50, '330.00', '16500.00', 1),
(2089, 758, 2096, 'Utrogestan 200 mg 1x15', 5, '0.00', '0.00', 1),
(2090, 759, 2097, 'Utrogestan 100mg 1x30', 80, '330.00', '26400.00', 1),
(2091, 759, 2098, 'Utrogestan 100mg 1x30', 4, '0.00', '0.00', 1),
(2092, 759, 2099, 'Oestrogel 1 x80gm', 20, '205.00', '4100.00', 1),
(2093, 760, 2101, 'Viagra tablet 50 mg(Sidegra)', 5, '59.81', '299.05', 1),
(2094, 761, 2103, 'Viagra tablet 100 mg(Sidegra)', 30, '113.65', '3409.50', 1),
(2097, 762, 2106, 'Bromocriptine 2.5 mg (Suplac)', 6, '779.63', '4677.78', 1),
(2100, 763, 2109, 'Acroxia 90 mg 10x5\'s', 2, '1035.50', '2071.00', 1),
(2101, 764, 2110, 'Aspirin 81mg ', 2, '275.50', '551.00', 1),
(2102, 764, 2111, 'Ponstan (Neopain 250 mg)', 2, '289.75', '579.50', 1),
(2103, 764, 2112, 'Tylenol 500 mg.', 10, '166.25', '1662.50', 1),
(2104, 765, 2113, 'Pregnyl 1500 IU 1x3 amp.', 20, '636.78', '12735.60', 1),
(2105, 765, 2114, 'Pregnyl 5000 IU x 1 ', 20, '620.33', '12406.60', 1),
(2106, 766, 2115, 'Folic acid 1000 tablets', 2, '186.95', '373.90', 1),
(2107, 767, 2116, 'Amoxicillin 500mg', 2, '654.20', '1308.40', 1),
(2108, 768, 2117, 'Ceftrex 1 g', 30, '36.26', '1087.80', 1),
(2111, 770, 2118, 'Utrogestan 200 mg 1x15', 60, '330.00', '19800.00', 1),
(2112, 770, 2120, 'Utrogestan 200 mg 1x15', 6, '0.00', '0.00', 1),
(2113, 770, 2121, 'Oestrogel 1 x80gm', 25, '205.00', '5125.00', 1),
(2114, 771, 2122, 'Utrogestan 100mg 1x30', 80, '330.00', '26400.00', 1),
(2115, 771, 2123, 'Utrogestan 100mg 1x30', 4, '0.00', '0.00', 1),
(2117, 772, 2125, 'Orgalutran 1 syringe', 40, '1520.00', '60800.00', 1),
(2118, 772, 2126, 'Orgalutran 1 syringe', 4, '0.00', '0.00', 1),
(2119, 773, 2127, 'Oestrogel 1 x80gm', 20, '205.00', '4100.00', 1),
(2120, 774, 2128, 'Diphereline 0.1 mg 7 vial', 5, '5900.00', '29500.00', 1),
(2121, 774, 2129, 'Diphereline 0.1 mg 7 vial', 1, '0.00', '0.00', 1),
(2122, 775, 2130, 'Diphereline 0.1 mg 7 vial', 5, '5900.00', '29500.00', 1),
(2123, 776, 2132, 'Diphereline 0.1 mg 7 vial', 5, '5900.00', '29500.00', 1),
(2124, 776, 2133, 'Diphereline 0.1 mg 7 vial', 1, '0.00', '0.00', 1),
(2125, 777, 2134, 'Gonal F 300IU/0.5ML', 15, '6000.00', '90000.00', 1),
(2126, 777, 2135, 'Gonal F 300IU/0.5ML', 9, '0.00', '0.00', 1),
(2127, 777, 2136, 'Crinone gel 8% ', 20, '2280.00', '45600.00', 1),
(2128, 777, 2137, 'Crinone gel 8% ', 2, '0.00', '0.00', 1),
(2129, 778, 2138, 'Follitrope Prefilled syringe 150 IU', 20, '2400.00', '48000.00', 1),
(2130, 778, 2139, 'Follitrope Prefilled syringe 150 IU', 10, '0.00', '0.00', 1),
(2131, 778, 2140, 'Follitrope Prefilled syringe 225 IU', 40, '3600.00', '144000.00', 1),
(2132, 778, 2141, 'Follitrope Prefilled syringe 225 IU', 20, '0.00', '0.00', 1),
(2133, 779, 2142, 'Follitrope Prefilled syringe 225 IU', 40, '3600.00', '144000.00', 1),
(2134, 779, 2143, 'Follitrope Prefilled syringe 225 IU', 20, '0.00', '0.00', 1),
(2135, 779, 2144, 'IVF-M 75IU', 20, '550.00', '11000.00', 1),
(2136, 779, 2145, 'IVF-M 75IU', 4, '0.00', '0.00', 1),
(2137, 780, 2146, 'IVF-M 150IU', 30, '1000.00', '30000.00', 1),
(2138, 780, 2147, 'IVF-M 150IU', 6, '0.00', '0.00', 1),
(2139, 780, 2148, 'IVF-M 75IU', 20, '550.00', '11000.00', 1),
(2140, 780, 2149, 'IVF-M 75IU', 4, '0.00', '0.00', 1),
(2141, 780, 2150, 'Follitrope ชนิดฉีด 150IU', 20, '1900.00', '38000.00', 1),
(2142, 780, 2151, 'Follitrope ชนิดฉีด 150IU', 6, '0.00', '0.00', 1),
(2143, 780, 2152, 'Follitrope ฉนิดฉีด 75 IU', 20, '1000.00', '20000.00', 1),
(2144, 780, 2153, 'Follitrope inj.75 IU', 6, '0.00', '0.00', 1),
(2145, 780, 2154, 'Follitrope Prefilled syringe 150 IU', 30, '2400.00', '72000.00', 1),
(2146, 780, 2155, 'Follitrope Prefilled syringe 150 IU', 15, '0.00', '0.00', 1),
(2147, 780, 2156, 'Follitrope Prefilled syringe 225 IU', 60, '3600.00', '216000.00', 1),
(2148, 780, 2157, 'Follitrope Prefilled syringe 225 IU', 30, '0.00', '0.00', 1),
(2149, 781, 2158, 'Gonal F 300IU/0.5ML', 15, '6000.00', '90000.00', 1),
(2150, 781, 2159, 'Gonal F 300IU/0.5ML', 9, '0.00', '0.00', 1),
(2151, 781, 2160, 'Crinone gel 8% ', 40, '2280.00', '91200.00', 1),
(2152, 781, 2161, 'Crinone gel 8% ', 4, '0.00', '0.00', 1),
(2153, 781, 2162, 'Cetrotide Inj 0.25mg ', 5, '11760.00', '58800.00', 1),
(2154, 781, 2163, 'Cetrotide Inj 0.25mg ', 1, '0.00', '0.00', 1),
(2155, 782, 2164, 'Zalain Vaginal Tabs 500mg', 6, '140.00', '840.00', 1),
(2156, 782, 2165, 'Zalain cream 5 mg', 6, '60.00', '360.00', 1),
(2157, 783, 2166, 'Gonal F 300IU/0.5ML', 15, '6000.00', '90000.00', 1),
(2158, 783, 2167, 'Gonal F 300IU/0.5ML', 9, '0.00', '0.00', 1),
(2159, 783, 2168, 'Crinone gel 8% ', 40, '2280.00', '91200.00', 1),
(2160, 783, 2169, 'Crinone gel 8% ', 4, '0.00', '0.00', 1),
(2161, 784, 2170, 'Cetrotide Inj 0.25mg ', 10, '11760.00', '117600.00', 1),
(2162, 784, 2171, 'Cetrotide Inj 0.25mg ', 2, '0.00', '0.00', 1),
(2163, 785, 2172, 'Follitrope inj.75 IU', 20, '1000.00', '20000.00', 1),
(2164, 785, 2173, 'Follitrope inj.75 IU', 6, '0.00', '0.00', 1),
(2165, 785, 2174, 'Follitrope ชนิดฉีด 150IU', 40, '1900.00', '76000.00', 1),
(2166, 785, 2175, 'Follitrope ชนิดฉีด 150IU', 12, '0.00', '0.00', 1),
(2167, 786, 2176, 'Ovidrel Syring 250มลก. 1 syringe', 10, '1210.00', '12100.00', 1),
(2168, 786, 2177, 'Ovidrel Syring 250มลก. 1 syringe', 1, '0.00', '0.00', 1),
(2169, 787, 2178, 'Propofol Lipuro 1% 20ML', 80, '90.00', '7200.00', 1),
(2170, 788, 2181, 'Follitrope ชนิดฉีด 150IU', 30, '1900.00', '57000.00', 1),
(2171, 788, 2182, 'Follitrope ชนิดฉีด 150IU', 9, '0.00', '0.00', 1),
(2176, 790, 2183, 'Progynova 2 mg. ', 80, '480.00', '38400.00', 1),
(2177, 790, 2184, 'Progynova 2 mg. ', 16, '0.00', '0.00', 1),
(2178, 790, 2185, 'Climara Pad', 60, '342.00', '20520.00', 1),
(2179, 790, 2186, 'Climara Pad', 5, '0.00', '0.00', 1),
(2180, 790, 2187, 'Proluton Depot 250 mg inj.', 5, '2065.00', '10325.00', 1),
(2181, 791, 2188, 'Onsia 8 mg inj.5x4 ml', 10, '319.48', '3194.80', 1),
(2182, 791, 2189, 'Onsia 8 mg inj.5x4 ml', 8, '0.00', '0.00', 1),
(2183, 792, 2190, 'Gonal F 300IU/0.5ML', 30, '6000.00', '180000.00', 1),
(2184, 792, 2191, 'Gonal F 300IU/0.5ML', 18, '0.00', '0.00', 1),
(2185, 792, 2192, 'Crinone gel 8% ', 40, '2280.00', '91200.00', 1),
(2186, 792, 2193, 'Crinone gel 8% ', 4, '0.00', '0.00', 1),
(2187, 793, 2194, 'Cetrotide Inj 0.25mg ', 5, '11760.00', '58800.00', 1),
(2188, 793, 2195, 'Cetrotide Inj 0.25mg ', 1, '0.00', '0.00', 1),
(2189, 794, 2196, 'Primolut N  10x10', 1, '480.00', '480.00', 1),
(2190, 795, 2197, 'Travocort cream', 10, '52.00', '520.00', 1),
(2191, 796, 2198, 'IVF-M 75IU', 40, '550.00', '22000.00', 1),
(2192, 796, 2199, 'IVF-M 75IU', 8, '0.00', '0.00', 1),
(2193, 797, 2200, 'Intralipid 20%', 20, '461.00', '9220.00', 1),
(2194, 798, 2201, 'Follitrope Prefilled syringe 225 IU', 60, '3600.00', '216000.00', 1),
(2195, 798, 2202, 'Follitrope Prefilled syringe 225 IU', 30, '0.00', '0.00', 1),
(2196, 798, 2204, 'Follitrope ชนิดฉีด 150IU', 60, '1900.00', '114000.00', 1),
(2197, 798, 2205, 'Follitrope ชนิดฉีด 150IU', 18, '0.00', '0.00', 1),
(2198, 799, 2206, 'Gonal F 300IU/0.5ML', 30, '6000.00', '180000.00', 1),
(2199, 799, 2207, 'Gonal F 300IU/0.5ML', 18, '0.00', '0.00', 1),
(2200, 799, 2208, 'Ovidrel Syring 250มลก. 1 syringe', 10, '1210.00', '12100.00', 1),
(2201, 799, 2209, 'Ovidrel Syring 250มลก. 1 syringe', 1, '0.00', '0.00', 1),
(2202, 799, 2210, 'Cetrotide Inj 0.25mg ', 5, '11760.00', '58800.00', 1),
(2203, 799, 2211, 'Cetrotide Inj 0.25mg ', 1, '0.00', '0.00', 1),
(2204, 800, 2212, 'Crinone gel 8% ', 40, '2280.00', '91200.00', 1),
(2205, 800, 2213, 'Crinone gel 8% ', 4, '0.00', '0.00', 1),
(2206, 801, 2214, 'Follitrope Prefilled syringe 225 IU', 40, '3600.00', '144000.00', 1),
(2207, 801, 2215, 'Follitrope Prefilled syringe 225 IU', 20, '0.00', '0.00', 1),
(2208, 801, 2216, 'Follitrope Prefilled syringe 150 IU', 20, '2400.00', '48000.00', 1),
(2209, 801, 2217, 'Follitrope Prefilled syringe 150 IU', 10, '0.00', '0.00', 1),
(2210, 802, 2218, 'Crinone gel 8% ', 20, '2280.00', '45600.00', 1),
(2211, 802, 2219, 'Crinone gel 8% ', 2, '0.00', '0.00', 1),
(2212, 802, 2220, 'Cetrotide Inj 0.25mg ', 5, '11760.00', '58800.00', 1),
(2213, 802, 2221, 'Cetrotide Inj 0.25mg ', 1, '0.00', '0.00', 1),
(2214, 803, 2222, 'Ovidrel Syring 250มลก. 1 syringe', 10, '1210.00', '12100.00', 1),
(2215, 803, 2223, 'Ovidrel Syring 250มลก. 1 syringe', 1, '0.00', '0.00', 1),
(2216, 804, 2224, 'Follitrope inj.75 IU', 20, '1000.00', '20000.00', 1),
(2217, 804, 2225, 'Follitrope inj.75 IU', 6, '0.00', '0.00', 1),
(2218, 804, 2226, 'IVF-M 75IU', 20, '550.00', '11000.00', 1),
(2219, 804, 2227, 'IVF-M 75IU', 4, '0.00', '0.00', 1),
(2220, 804, 2228, 'Follitrope Prefilled syringe 150 IU', 20, '2400.00', '48000.00', 1),
(2221, 804, 2229, 'Follitrope Prefilled syringe 150 IU', 10, '0.00', '0.00', 1),
(2222, 804, 2230, 'Follitrope Prefilled syringe 225 IU', 40, '3600.00', '144000.00', 1),
(2223, 804, 2231, 'Follitrope Prefilled syringe 225 IU', 20, '0.00', '0.00', 1),
(2224, 805, 2232, 'Vitamin C 100 mg', 6, '171.00', '1026.00', 1),
(2225, 806, 2233, 'Diphereline 0.1 mg 7 vial', 5, '5900.00', '29500.00', 1),
(2226, 807, 2234, 'Diphereline 0.1 mg 7 vial', 5, '5900.00', '29500.00', 1),
(2227, 807, 2235, 'Diphereline 0.1 mg 7 vial', 1, '0.00', '0.00', 1),
(2228, 808, 2238, 'Utrogestan 100mg 1x30', 60, '330.00', '19800.00', 1),
(2229, 808, 2239, 'Utrogestan 100mg 1x30', 3, '0.00', '0.00', 1),
(2230, 809, 2240, 'Pregnyl 1500 IU 1x3 amp.', 30, '636.78', '19103.40', 1),
(2231, 810, 2241, 'Utrogestan 100mg 1x30', 40, '330.00', '13200.00', 1),
(2232, 810, 2242, 'Utrogestan 100mg 1x30', 2, '0.00', '0.00', 1),
(2233, 810, 2243, 'Utrogestan 200 mg 1x15', 60, '330.00', '19800.00', 1),
(2234, 810, 2244, 'Utrogestan 200 mg 1x15', 6, '0.00', '0.00', 1),
(2235, 810, 2245, 'Oestrogel 1 x80gm', 20, '205.00', '4100.00', 1),
(2237, 811, 2246, 'Duphaston 10mg 20 tablets', 80, '360.00', '28800.00', 1),
(2238, 811, 2247, 'Duphaston 10mg 20 tablets', 8, '0.00', '0.00', 1),
(2239, 812, 2248, 'Tylenol 500 mg.', 6, '166.25', '997.50', 1),
(2240, 813, 2249, 'Crinone gel 8% ', 40, '2280.00', '91200.00', 1),
(2241, 813, 2250, 'Crinone gel 8% ', 4, '0.00', '0.00', 1),
(2242, 814, 2251, 'Cetrotide Inj 0.25mg ', 10, '11760.00', '117600.00', 1),
(2243, 814, 2252, 'Cetrotide Inj 0.25mg ', 2, '0.00', '0.00', 1),
(2244, 815, 2253, 'Follitrope Prefilled syringe 225 IU', 60, '3600.00', '216000.00', 1),
(2245, 815, 2254, 'Follitrope Prefilled syringe 225 IU', 30, '0.00', '0.00', 1),
(2246, 816, 2255, 'Premium Royal Jelly', 12, '891.59', '10699.08', 1),
(2247, 817, 2256, 'Follitrope Prefilled syringe 150 IU', 20, '2400.00', '48000.00', 1),
(2248, 817, 2257, 'Follitrope Prefilled syringe 150 IU', 10, '0.00', '0.00', 1),
(2249, 817, 2258, 'Follitrope Prefilled syringe 225 IU', 60, '3600.00', '216000.00', 1),
(2250, 817, 2259, 'Follitrope Prefilled syringe 225 IU', 30, '0.00', '0.00', 1),
(2251, 818, 2260, 'Ovidrel Syring 250มลก. 1 syringe', 10, '1210.00', '12100.00', 1),
(2252, 818, 2261, 'Ovidrel Syring 250มลก. 1 syringe', 1, '0.00', '0.00', 1),
(2253, 818, 2262, 'Gonal F 300IU/0.5ML', 15, '6000.00', '90000.00', 1),
(2254, 818, 2263, 'Gonal F 300IU/0.5ML', 9, '0.00', '0.00', 1),
(2255, 820, 2264, 'Crinone gel 8% ', 40, '2280.00', '91200.00', 1),
(2256, 820, 2265, 'Crinone gel 8% ', 4, '0.00', '0.00', 1),
(2257, 820, 2266, 'Gonal F 300IU/0.5ML', 30, '6000.00', '180000.00', 1),
(2258, 820, 2267, 'Gonal F 300IU/0.5ML', 18, '0.00', '0.00', 1),
(2259, 821, 2268, 'Cetrotide Inj 0.25mg ', 5, '11760.00', '58800.00', 1),
(2261, 821, 2269, 'Cetrotide Inj 0.25mg ', 1, '0.00', '0.00', 1),
(2262, 822, 2270, 'Follitrope Prefilled syringe 225 IU', 60, '3600.00', '216000.00', 1),
(2263, 822, 2271, 'Follitrope Prefilled syringe 225 IU', 30, '0.00', '0.00', 1),
(2264, 822, 2272, 'Follitrope ชนิดฉีด 150IU', 40, '1900.00', '76000.00', 1),
(2265, 822, 2273, 'Follitrope ชนิดฉีด 150IU', 12, '0.00', '0.00', 1),
(2266, 822, 2274, 'IVF-M 75IU', 30, '550.00', '16500.00', 1),
(2267, 822, 2275, 'IVF-M 75IU', 6, '0.00', '0.00', 1),
(2269, 823, 2276, 'Progynova 2 mg. ', 40, '480.00', '19200.00', 1),
(2270, 823, 2277, 'Progynova 2 mg. ', 8, '0.00', '0.00', 1),
(2271, 823, 2278, 'Climara Pad', 30, '342.00', '10260.00', 1),
(2272, 824, 2279, 'Gonal F 300IU/0.5ML', 30, '6000.00', '180000.00', 1),
(2273, 824, 2280, 'Gonal F 300IU/0.5ML', 18, '0.00', '0.00', 1),
(2274, 824, 2281, 'Cetrotide Inj 0.25mg ', 10, '11760.00', '117600.00', 1),
(2275, 824, 2282, 'Cetrotide Inj 0.25mg ', 2, '0.00', '0.00', 1),
(2276, 825, 2283, 'Follitrope Prefilled syringe 225 IU', 80, '3600.00', '288000.00', 1),
(2277, 825, 2284, 'Follitrope Prefilled syringe 225 IU', 40, '0.00', '0.00', 1),
(2278, 826, 2285, 'Crinone gel 8% ', 40, '2280.00', '91200.00', 1),
(2279, 826, 2286, 'Crinone gel 8% ', 4, '0.00', '0.00', 1),
(2280, 828, 2287, 'Cetrotide Inj 0.25mg ', 10, '11760.00', '117600.00', 1),
(2281, 828, 2288, 'Cetrotide Inj 0.25mg ', 2, '0.00', '0.00', 1),
(2282, 829, 2289, 'Progynova 2 mg. ', 60, '480.00', '28800.00', 1),
(2283, 829, 2290, 'Progynova 2 mg. ', 12, '0.00', '0.00', 1),
(2284, 829, 2291, 'Primolut N  10x10', 2, '480.00', '960.00', 1),
(2285, 830, 2292, 'Onsia 8 mg inj.5x4 ml', 10, '319.48', '3194.80', 1),
(2286, 830, 2293, 'Onsia 8 mg inj.5x4 ml', 8, '0.00', '0.00', 1),
(2287, 831, 2294, 'Fresofol 1% (5x20ml)', 10, '1400.00', '14000.00', 1),
(2288, 832, 2295, 'Ovidrel Syring 250มลก. 1 syringe', 10, '1210.00', '12100.00', 1),
(2289, 832, 2296, 'Ovidrel Syring 250มลก. 1 syringe', 1, '0.00', '0.00', 1),
(2290, 833, 2297, 'Follitrope inj.75 IU', 60, '1000.00', '60000.00', 1),
(2291, 833, 2298, 'Follitrope inj.75 IU', 18, '0.00', '0.00', 1),
(2292, 833, 2299, 'Follitrope ชนิดฉีด 150IU', 60, '1900.00', '114000.00', 1),
(2293, 833, 2301, 'Follitrope ชนิดฉีด 150IU', 18, '0.00', '0.00', 1),
(2294, 834, 2302, 'Proluton Depot 250 mg inj.', 5, '2065.00', '10325.00', 1),
(2295, 835, 2303, 'CEF 3 1G IV Siam', 50, '64.68', '3234.00', 1),
(2296, 835, 2304, 'CEF 3 1G IV Siam', 25, '0.00', '0.00', 1),
(2297, 836, 2305, 'Gonal F 300IU/0.5ML', 30, '6000.00', '180000.00', 1),
(2298, 836, 2306, 'Gonal F 300IU/0.5ML', 18, '0.00', '0.00', 1),
(2299, 838, 2307, 'Propofol Lipuro 1% 20ML', 80, '90.00', '7200.00', 1),
(2306, 840, 2309, 'IVF-M 75IU', 30, '550.00', '16500.00', 1),
(2307, 840, 2310, 'IVF-M 75IU', 6, '0.00', '0.00', 1),
(2308, 840, 2311, 'Follitrope Prefilled syringe 225 IU', 60, '3600.00', '216000.00', 1),
(2309, 840, 2312, 'Follitrope Prefilled syringe 225 IU', 30, '0.00', '0.00', 1),
(2310, 840, 2313, 'Follitrope ชนิดฉีด 150IU', 60, '1900.00', '114000.00', 1),
(2311, 840, 2316, 'Follitrope ชนิดฉีด 150IU', 18, '0.00', '0.00', 1),
(2312, 841, 2317, 'Gonal F 300IU/0.5ML', 30, '6000.00', '180000.00', 1),
(2313, 841, 2318, 'Gonal F 300IU/0.5ML', 18, '0.00', '0.00', 1),
(2314, 841, 2319, 'Ovidrel Syring 250มลก. 1 syringe', 10, '1210.00', '12100.00', 1),
(2315, 841, 2320, 'Ovidrel Syring 250มลก. 1 syringe', 1, '0.00', '0.00', 1),
(2316, 842, 2321, 'IVF-M 75IU', 20, '550.00', '11000.00', 1),
(2317, 842, 2322, 'IVF-M 75IU', 4, '0.00', '0.00', 1),
(2318, 842, 2323, 'Follitrope Prefilled syringe 225 IU', 20, '3600.00', '72000.00', 1),
(2319, 842, 2324, 'Follitrope Prefilled syringe 225 IU', 10, '0.00', '0.00', 1),
(2320, 843, 2325, 'Crinone gel 8% ', 40, '2280.00', '91200.00', 1),
(2321, 843, 2326, 'Crinone gel 8% ', 4, '0.00', '0.00', 1),
(2322, 844, 2327, 'Cetrotide Inj 0.25mg ', 5, '11760.00', '58800.00', 1),
(2323, 844, 2328, 'Cetrotide Inj 0.25mg ', 1, '0.00', '0.00', 1),
(2324, 845, 2329, 'Gonal F 300IU/0.5ML', 15, '6000.00', '90000.00', 1),
(2325, 845, 2330, 'Gonal F 300IU/0.5ML', 9, '0.00', '0.00', 1),
(2326, 846, 2331, 'Gonal F 300IU/0.5ML', 30, '6000.00', '180000.00', 1),
(2327, 846, 2332, 'Gonal F 300IU/0.5ML', 18, '0.00', '0.00', 1),
(2328, 847, 2333, 'Progynova 2 mg. ', 40, '480.00', '19200.00', 1),
(2329, 847, 2334, 'Progynova 2 mg. ', 8, '0.00', '0.00', 1),
(2330, 847, 2335, 'Climara Pad', 20, '342.00', '6840.00', 1),
(2331, 847, 2337, 'Proluton Depot 250 mg inj.', 5, '2065.00', '10325.00', 1),
(2333, 848, 2338, 'Propofol Lipuro 1% 20ML', 50, '90.00', '4500.00', 1),
(2334, 849, 2339, 'CEF 3 1G IV Siam', 50, '64.68', '3234.00', 0),
(2335, 849, 2340, 'CEF 3 1G IV Siam', 25, '0.00', '0.00', 0),
(2336, 850, 2341, 'IVF-M 75IU', 30, '550.00', '16500.00', 1),
(2337, 850, 2342, 'IVF-M 75IU', 6, '0.00', '0.00', 1),
(2338, 851, 2343, 'Follitrope Prefilled syringe 225 IU', 60, '3600.00', '216000.00', 1),
(2339, 851, 2344, 'Follitrope Prefilled syringe 225 IU', 30, '0.00', '0.00', 1),
(2340, 851, 2345, 'Follitrope inj.75 IU', 20, '1000.00', '20000.00', 1),
(2341, 851, 2346, 'Follitrope inj.75 IU', 6, '0.00', '0.00', 1),
(2342, 851, 2347, 'Follitrope ชนิดฉีด 150IU', 30, '1900.00', '57000.00', 1),
(2343, 851, 2348, 'Follitrope ชนิดฉีด 150IU', 9, '0.00', '0.00', 1),
(2344, 852, 2349, 'Cetrotide Inj 0.25mg ', 5, '11760.00', '58800.00', 1),
(2345, 852, 2350, 'Cetrotide Inj 0.25mg ', 1, '0.00', '0.00', 1),
(2346, 852, 2351, 'Crinone gel 8% ', 20, '2280.00', '45600.00', 1),
(2347, 852, 2352, 'Crinone gel 8% ', 2, '0.00', '0.00', 1),
(2348, 853, 2353, 'Gonal F 300IU/0.5ML', 30, '6000.00', '180000.00', 1),
(2349, 853, 2354, 'Gonal F 300IU/0.5ML', 18, '0.00', '0.00', 1),
(2350, 854, 2355, 'Clexane ( 4000 IU/0.4 ml) 2 syringes', 80, '540.80', '43264.00', 1),
(2353, 856, 2358, 'Orgalutran 1 syringe', 40, '1600.00', '64000.00', 1),
(2354, 856, 2359, 'Orgalutran 1 syringe', 4, '0.00', '0.00', 1),
(2355, 857, 2360, 'Utrogestan 100mg 1x30', 40, '330.00', '13200.00', 1),
(2356, 857, 2361, 'Utrogestan 100mg 1x30', 2, '0.00', '0.00', 1),
(2357, 857, 2362, 'Utrogestan 200 mg 1x15', 40, '330.00', '13200.00', 1),
(2358, 857, 2363, 'Utrogestan 200 mg 1x15', 4, '0.00', '0.00', 1),
(2359, 857, 2365, 'Oestrogel 1 x80gm', 20, '205.00', '4100.00', 1),
(2360, 858, 2366, 'Oestrogel 1 x80gm', 20, '205.00', '4100.00', 1),
(2361, 859, 2367, 'Utrogestan 100mg 1x30', 80, '330.00', '26400.00', 1),
(2362, 859, 2368, 'Utrogestan 100mg 1x30', 4, '0.00', '0.00', 1),
(2363, 859, 2369, 'Utrogestan 200 mg 1x15', 60, '330.00', '19800.00', 1),
(2364, 859, 2370, 'Utrogestan 200 mg 1x15', 6, '0.00', '0.00', 1),
(2365, 860, 2371, 'Acroxia 90 mg 10x5\'s', 2, '1090.00', '2180.00', 1),
(2366, 861, 2372, 'Orgalutran 1 syringe', 40, '1600.00', '64000.00', 1),
(2367, 861, 2373, 'Orgalutran 1 syringe', 4, '0.00', '0.00', 1),
(2368, 862, 2374, 'Utrogestan 100mg 1x30', 40, '330.00', '13200.00', 1),
(2369, 862, 2375, 'Utrogestan 100mg 1x30', 2, '0.00', '0.00', 1),
(2370, 862, 2376, 'Utrogestan 200 mg 1x15', 40, '330.00', '13200.00', 1),
(2371, 862, 2377, 'Utrogestan 200 mg 1x15', 4, '0.00', '0.00', 1),
(2372, 863, 2378, 'Propofol Lipuro 1% 20ML', 100, '90.00', '9000.00', 1),
(2373, 864, 2379, 'Crinone gel 8% ', 40, '2280.00', '91200.00', 1),
(2374, 864, 2380, 'Crinone gel 8% ', 4, '0.00', '0.00', 1),
(2375, 864, 2381, 'Gonal F 300IU/0.5ML', 15, '6000.00', '90000.00', 1),
(2376, 864, 2383, 'Gonal F 300IU/0.5ML', 9, '0.00', '0.00', 1),
(2377, 865, 2384, 'Cetrotide Inj 0.25mg ', 15, '11760.00', '176400.00', 1),
(2378, 865, 2385, 'Cetrotide Inj 0.25mg ', 3, '0.00', '0.00', 1),
(2379, 866, 2386, 'Crinone gel 8% ', 20, '2280.00', '45600.00', 1),
(2380, 866, 2387, 'Crinone gel 8% ', 2, '0.00', '0.00', 1),
(2381, 866, 2388, 'Gonal F 300IU/0.5ML', 15, '6000.00', '90000.00', 1),
(2382, 866, 2389, 'Gonal F 300IU/0.5ML', 9, '0.00', '0.00', 1),
(2383, 866, 2390, 'Cetrotide Inj 0.25mg ', 5, '11760.00', '58800.00', 1),
(2384, 866, 2391, 'Cetrotide Inj 0.25mg ', 1, '0.00', '0.00', 1),
(2385, 867, 2392, 'Follitrope Prefilled syringe 225 IU', 40, '3600.00', '144000.00', 1),
(2386, 868, 2393, 'Climara Pad', 40, '342.00', '13680.00', 1),
(2387, 869, 2394, 'Follitrope Prefilled syringe 225 IU', 40, '3600.00', '144000.00', 1),
(2388, 870, 2395, 'Propofol-Lipuro 1% 50ml', 40, '200.00', '8000.00', 1),
(2389, 871, 2396, 'Follitrope inj.75 IU', 40, '1000.00', '40000.00', 1),
(2390, 871, 2397, 'Follitrope inj.75 IU', 12, '0.00', '0.00', 1),
(2391, 871, 2398, 'Follitrope ชนิดฉีด 150IU', 40, '1900.00', '76000.00', 1),
(2392, 871, 2399, 'Follitrope ชนิดฉีด 150IU', 12, '0.00', '0.00', 1),
(2393, 871, 2400, 'IVF-M 75IU', 40, '550.00', '22000.00', 1),
(2394, 871, 2401, 'IVF-M 75IU', 8, '0.00', '0.00', 1),
(2395, 871, 2402, 'IVF-M 150IU', 40, '1000.00', '40000.00', 1),
(2396, 871, 2403, 'IVF-M 150IU', 8, '0.00', '0.00', 1),
(2397, 872, 2404, 'Progynova 2 mg. ', 80, '480.00', '38400.00', 1),
(2398, 872, 2405, 'Progynova 2 mg. ', 16, '0.00', '0.00', 1),
(2399, 873, 2406, 'Follitrope Prefilled syringe 225 IU', 40, '3600.00', '144000.00', 1),
(2400, 873, 2407, 'Follitrope Prefilled syringe 225 IU', 20, '0.00', '0.00', 1),
(2401, 874, 2408, 'Crinone gel 8% ', 40, '2280.00', '91200.00', 1),
(2402, 874, 2409, 'Crinone gel 8% ', 4, '0.00', '0.00', 1),
(2403, 874, 2410, 'Ovidrel Syring 250มลก. 1 syringe', 10, '1210.00', '12100.00', 1),
(2404, 874, 2411, 'Ovidrel Syring 250มลก. 1 syringe', 1, '0.00', '0.00', 1),
(2405, 875, 2412, 'Follitrope Prefilled syringe 225 IU', 20, '3600.00', '72000.00', 1),
(2406, 875, 2413, 'Follitrope Prefilled syringe 225 IU', 10, '0.00', '0.00', 1),
(2407, 876, 2414, 'Clexane ( 4000 IU/0.4 ml) 2 syringes', 50, '540.80', '27040.00', 1),
(2408, 876, 2415, 'Propofol-Lipuro 1% 50ml', 30, '200.00', '6000.00', 1),
(2409, 877, 2416, 'Climara Pad', 60, '342.00', '20520.00', 1),
(2410, 877, 2417, 'Proluton Depot 250 mg inj.', 5, '2065.00', '10325.00', 1),
(2411, 878, 2418, 'Cetrotide Inj 0.25mg ', 10, '11760.00', '117600.00', 1),
(2412, 878, 2419, 'Cetrotide Inj 0.25mg ', 2, '0.00', '0.00', 1),
(2413, 879, 2420, 'Crinone gel 8% ', 40, '2280.00', '91200.00', 1),
(2414, 879, 2421, 'Crinone gel 8% ', 4, '0.00', '0.00', 1),
(2415, 879, 2422, 'Ovidrel Syring 250มลก. 1 syringe', 10, '1210.00', '12100.00', 1),
(2416, 879, 2423, 'Ovidrel Syring 250มลก. 1 syringe', 1, '0.00', '0.00', 1),
(2417, 879, 2424, 'Gonal F 300IU/0.5ML', 30, '6000.00', '180000.00', 1),
(2418, 879, 2425, 'Gonal F 300IU/0.5ML', 18, '0.00', '0.00', 1),
(2419, 880, 2426, 'Follitrope Prefilled syringe 225 IU', 80, '3600.00', '288000.00', 1),
(2420, 880, 2427, 'Follitrope Prefilled syringe 225 IU', 40, '0.00', '0.00', 1),
(2421, 880, 2428, 'Follitrope ชนิดฉีด 150IU', 40, '1900.00', '76000.00', 1),
(2422, 880, 2429, 'Follitrope ชนิดฉีด 150IU', 12, '0.00', '0.00', 1),
(2423, 880, 2430, 'IVF-M 150IU', 30, '1000.00', '30000.00', 1),
(2424, 880, 2431, 'IVF-M 150IU', 6, '0.00', '0.00', 1),
(2426, 881, 2432, 'Propofol-Lipuro 1% 50ml', 20, '200.00', '4000.00', 1),
(2427, 882, 2433, 'Cetrotide Inj 0.25mg ', 10, '11760.00', '117600.00', 1),
(2428, 882, 2437, 'Cetrotide Inj 0.25mg ', 2, '0.00', '0.00', 1),
(2429, 882, 2438, 'Gonal F 300IU/0.5ML', 30, '6000.00', '180000.00', 1),
(2430, 882, 2440, 'Gonal F 300IU/0.5ML', 18, '0.00', '0.00', 1),
(2431, 883, 2441, 'Crinone gel 8% ', 40, '2280.00', '91200.00', 1),
(2432, 883, 2444, 'Crinone gel 8% ', 4, '0.00', '0.00', 1),
(2433, 884, 2445, 'Follitrope Prefilled syringe 225 IU', 80, '3600.00', '288000.00', 1),
(2434, 884, 2446, 'Follitrope Prefilled syringe 225 IU', 40, '0.00', '0.00', 1),
(2435, 885, 2447, 'Follitrope Prefilled syringe 225 IU', 60, '3600.00', '216000.00', 1),
(2436, 885, 2448, 'Follitrope Prefilled syringe 225 IU', 30, '0.00', '0.00', 1),
(2437, 887, 2449, 'Onsia 8 mg inj.5x4 ml', 10, '319.48', '3194.80', 1),
(2438, 887, 2450, 'Onsia 8 mg inj.5x4 ml', 8, '0.00', '0.00', 1),
(2439, 887, 2454, 'CEF 3 1G IV Siam', 50, '64.68', '3234.00', 1),
(2440, 887, 2455, 'CEF 3 1G IV Siam', 25, '0.00', '0.00', 1),
(2441, 888, 2456, 'Cetrotide Inj 0.25mg ', 10, '11760.00', '117600.00', 1),
(2442, 888, 2457, 'Cetrotide Inj 0.25mg ', 2, '0.00', '0.00', 1),
(2443, 888, 2458, 'Crinone gel 8% ', 40, '2280.00', '91200.00', 1),
(2444, 888, 2459, 'Crinone gel 8% ', 4, '0.00', '0.00', 1),
(2445, 889, 2460, 'Progynova 2 mg. ', 80, '480.00', '38400.00', 1),
(2446, 889, 2461, 'Progynova 2 mg. ', 16, '0.00', '0.00', 1),
(2447, 889, 2462, 'Proluton Depot 250 mg inj.', 5, '2065.00', '10325.00', 1),
(2448, 889, 2463, 'Primolut N 10x10 tablets', 2, '480.00', '960.00', 1),
(2449, 890, 2464, 'Follitrope ชนิดฉีด 150IU', 60, '1900.00', '114000.00', 1),
(2450, 890, 2465, 'Follitrope ชนิดฉีด 150IU', 18, '0.00', '0.00', 1),
(2451, 890, 2466, 'Follitrope inj.75 IU', 40, '1000.00', '40000.00', 1),
(2452, 890, 2467, 'Follitrope inj.75 IU', 12, '0.00', '0.00', 1),
(2453, 890, 2468, 'Follitrope Prefilled syringe 225 IU', 80, '3600.00', '288000.00', 1),
(2454, 890, 2469, 'Follitrope Prefilled syringe 225 IU', 40, '0.00', '0.00', 1),
(2455, 891, 2470, 'Gonal F 300IU/0.5ML', 30, '6000.00', '180000.00', 1),
(2456, 891, 2471, 'Gonal F 300IU/0.5ML', 18, '0.00', '0.00', 1),
(2457, 892, 2472, 'Gonal F 300IU/0.5ML', 30, '6000.00', '180000.00', 1),
(2458, 892, 2473, 'Gonal F 300IU/0.5ML', 18, '0.00', '0.00', 1),
(2459, 893, 2474, 'Follitrope Prefilled syringe 225 IU', 50, '3600.00', '180000.00', 1),
(2460, 893, 2475, 'Follitrope Prefilled syringe 225 IU', 25, '0.00', '0.00', 1),
(2461, 893, 2476, 'Follitrope inj.75 IU', 30, '1000.00', '30000.00', 1),
(2462, 893, 2478, 'Follitrope inj.75 IU', 9, '0.00', '0.00', 1),
(2463, 893, 2479, 'Follitrope ชนิดฉีด 150IU', 40, '1900.00', '76000.00', 1),
(2464, 893, 2480, 'Follitrope ชนิดฉีด 150IU', 12, '0.00', '0.00', 1),
(2465, 894, 2481, 'Crinone gel 8% ', 40, '2280.00', '91200.00', 1),
(2466, 894, 2482, 'Crinone gel 8% ', 4, '0.00', '0.00', 1),
(2467, 895, 2483, 'Cetrotide Inj 0.25mg ', 10, '11760.00', '117600.00', 1),
(2468, 895, 2484, 'Cetrotide Inj 0.25mg ', 2, '0.00', '0.00', 1),
(2469, 896, 2485, 'Ovidrel Syring 250มลก. 1 syringe', 10, '1210.00', '12100.00', 1),
(2470, 896, 2486, 'Ovidrel Syring 250มลก. 1 syringe', 1, '0.00', '0.00', 1),
(2471, 897, 2487, 'Gonal F 300IU/0.5ML', 15, '6000.00', '90000.00', 1),
(2472, 897, 2488, 'Gonal F 300IU/0.5ML', 9, '0.00', '0.00', 1),
(2473, 897, 2489, 'Cetrotide Inj 0.25mg ', 5, '11760.00', '58800.00', 1),
(2474, 897, 2490, 'Cetrotide Inj 0.25mg ', 1, '0.00', '0.00', 1),
(2475, 898, 2491, 'Follitrope Prefilled syringe 150 IU', 60, '2400.00', '144000.00', 1),
(2476, 898, 2492, 'Follitrope Prefilled syringe 150 IU', 30, '0.00', '0.00', 1),
(2477, 898, 2493, 'Follitrope Prefilled syringe 225 IU', 80, '3600.00', '288000.00', 1),
(2478, 898, 2494, 'Follitrope Prefilled syringe 225 IU', 40, '0.00', '0.00', 1),
(2479, 898, 2495, 'IVF-M 75IU', 80, '550.00', '44000.00', 1),
(2480, 898, 2496, 'IVF-M 75IU', 16, '0.00', '0.00', 1),
(2481, 898, 2497, 'IVF-M 150IU', 80, '1000.00', '80000.00', 1),
(2482, 898, 2498, 'IVF-M 150IU', 16, '0.00', '0.00', 1),
(2483, 899, 2499, 'Duphaston 10mg 20 tablets', 100, '360.00', '36000.00', 1),
(2484, 900, 2500, 'Orgalutran 1 syringe', 30, '1520.00', '45600.00', 1),
(2485, 902, 2501, 'Utrogestan 100mg 1x30', 40, '330.00', '13200.00', 1),
(2486, 902, 2502, 'Utrogestan 100mg 1x30', 2, '0.00', '0.00', 1),
(2487, 902, 2503, 'Utrogestan 200 mg 1x15', 40, '330.00', '13200.00', 1),
(2488, 902, 2504, 'Utrogestan 200 mg 1x15', 4, '0.00', '0.00', 1),
(2489, 902, 2505, 'Oestrogel 1 x80gm', 20, '205.00', '4100.00', 1),
(2490, 903, 2506, 'Folic acid 1000 tablets', 6, '200.00', '1200.00', 1),
(2491, 904, 2507, 'Orgalutran 1 syringe', 30, '1520.00', '45600.00', 1),
(2492, 904, 2508, 'Orgalutran 1 syringe', 3, '0.00', '0.00', 1),
(2493, 905, 2509, 'Acroxia 90 mg 10x5\'s', 2, '1090.00', '2180.00', 1),
(2494, 906, 2510, 'Utrogestan 200 mg 1x15', 60, '330.00', '19800.00', 1),
(2495, 906, 2511, 'Utrogestan 200 mg 1x15', 6, '0.00', '0.00', 1),
(2496, 907, 2512, 'Utrogestan 100mg 1x30', 60, '330.00', '19800.00', 1),
(2497, 907, 2513, 'Utrogestan 100mg 1x30', 3, '0.00', '0.00', 1),
(2498, 908, 2514, 'Utrogestan 100mg 1x30', 60, '330.00', '19800.00', 1),
(2499, 908, 2515, 'Utrogestan 100mg 1x30', 3, '0.00', '0.00', 1),
(2500, 908, 2516, 'Utrogestan 200 mg 1x15', 60, '330.00', '19800.00', 1),
(2501, 908, 2517, 'Utrogestan 200 mg 1x15', 3, '0.00', '0.00', 1),
(2502, 908, 2518, 'Oestrogel 1 x80gm', 20, '205.00', '4100.00', 1),
(2503, 909, 2519, 'Diphereline 0.1 mg 7 vial', 5, '5900.00', '29500.00', 1),
(2504, 910, 2520, 'Diphereline 0.1 mg 7 vial', 5, '5900.00', '29500.00', 1),
(2505, 910, 2521, 'Diphereline 0.1 mg 7 vial', 1, '0.00', '0.00', 1),
(2506, 911, 2522, 'Diphereline 0.1 mg 7 vial', 5, '5900.00', '29500.00', 1),
(2507, 912, 2523, 'Utrogestan 100mg 1x30', 80, '330.00', '26400.00', 1),
(2508, 912, 2524, 'Utrogestan 100mg 1x30', 4, '0.00', '0.00', 1),
(2509, 912, 2525, 'Utrogestan 200 mg 1x15', 60, '330.00', '19800.00', 1),
(2510, 912, 2526, 'Utrogestan 200 mg 1x15', 6, '0.00', '0.00', 1),
(2511, 913, 2527, 'Oestrogel 1 x80gm', 10, '205.00', '2050.00', 1),
(2512, 914, 2528, 'Pregnyl 1500 IU 1x3 amp.', 30, '636.78', '19103.40', 1),
(2521, 915, 2529, 'Follitrope Prefilled syringe 225 IU', 60, '3600.00', '216000.00', 1),
(2522, 915, 2530, 'Follitrope Prefilled syringe 225 IU', 30, '0.00', '0.00', 1),
(2523, 915, 2531, 'Follitrope Prefilled syringe 150 IU', 30, '2400.00', '72000.00', 1),
(2524, 915, 2532, 'Follitrope Prefilled syringe 150 IU', 15, '0.00', '0.00', 1),
(2525, 915, 2533, 'Follitrope inj.75 IU', 20, '1000.00', '20000.00', 1),
(2526, 915, 2534, 'Follitrope inj.75 IU', 6, '0.00', '0.00', 1),
(2527, 915, 2535, 'Follitrope ชนิดฉีด 150IU', 60, '1900.00', '114000.00', 1),
(2528, 915, 2536, 'Follitrope ชนิดฉีด 150IU', 18, '0.00', '0.00', 1),
(2529, 915, 2537, 'IVF-M 75IU', 20, '550.00', '11000.00', 1),
(2530, 915, 2538, 'IVF-M 75IU', 4, '0.00', '0.00', 1),
(2531, 915, 2539, 'IVF-M 150IU', 20, '1000.00', '20000.00', 1),
(2532, 915, 2540, 'IVF-M 150IU', 4, '0.00', '0.00', 1),
(2533, 916, 2541, 'Follitrope Prefilled syringe 150 IU', 80, '2400.00', '192000.00', 1),
(2534, 916, 2542, 'Follitrope Prefilled syringe 150 IU', 40, '0.00', '0.00', 1),
(2535, 916, 2543, 'Follitrope Prefilled syringe 225 IU', 100, '3600.00', '360000.00', 1),
(2536, 916, 2544, 'Follitrope Prefilled syringe 225 IU', 50, '0.00', '0.00', 1),
(2537, 917, 2545, 'Cetrotide Inj 0.25mg ', 10, '11760.00', '117600.00', 1),
(2538, 917, 2546, 'Cetrotide Inj 0.25mg ', 2, '0.00', '0.00', 1),
(2539, 918, 2547, 'Gonal F 300IU/0.5ML', 30, '6000.00', '180000.00', 1),
(2540, 918, 2548, 'Gonal F 300IU/0.5ML', 18, '0.00', '0.00', 1),
(2541, 918, 2549, 'Crinone gel 8% ', 20, '2280.00', '45600.00', 1),
(2542, 918, 2551, 'Crinone gel 8% ', 2, '0.00', '0.00', 1),
(2543, 919, 2552, 'Ovidrel Syring 250มลก. 1 syringe', 10, '1210.00', '12100.00', 1),
(2544, 919, 2553, 'Ovidrel Syring 250มลก. 1 syringe', 1, '0.00', '0.00', 1),
(2545, 920, 2554, 'CEF 3 1G IV Siam', 50, '64.68', '3234.00', 1),
(2546, 920, 2555, 'CEF 3 1G IV Siam', 25, '0.00', '0.00', 1),
(2547, 920, 2556, 'Onsia 8 mg inj.5x4 ml', 10, '319.48', '3194.80', 1),
(2548, 920, 2557, 'Onsia 8 mg inj.5x4 ml', 8, '0.00', '0.00', 1),
(2549, 921, 2558, 'Cetrotide Inj 0.25mg ', 10, '11760.00', '117600.00', 1),
(2550, 921, 2559, 'Cetrotide Inj 0.25mg ', 2, '0.00', '0.00', 1),
(2551, 922, 2560, 'Proluton Depot 250 mg inj.', 5, '2065.00', '10325.00', 1),
(2552, 922, 2561, 'Progynova 2 mg. ', 60, '480.00', '28800.00', 1),
(2553, 922, 2562, 'Progynova 2 mg. ', 12, '0.00', '0.00', 1),
(2554, 923, 2563, 'Clexane ( 4000 IU/0.4 ml) 2 syringes', 60, '540.80', '32448.00', 1),
(2555, 924, 2564, 'Follitrope Prefilled syringe 225 IU', 60, '3600.00', '216000.00', 1),
(2556, 924, 2565, 'Follitrope Prefilled syringe 225 IU', 30, '0.00', '0.00', 1),
(2557, 924, 2566, 'Follitrope Prefilled syringe 150 IU', 20, '2400.00', '48000.00', 1),
(2558, 924, 2567, 'Follitrope Prefilled syringe 150 IU', 10, '0.00', '0.00', 1),
(2559, 925, 2568, 'Gonal F 300IU/0.5ML', 30, '6000.00', '180000.00', 1),
(2560, 925, 2569, 'Gonal F 300IU/0.5ML', 18, '0.00', '0.00', 1),
(2561, 926, 2570, 'Crinone gel 8% ', 20, '2280.00', '45600.00', 1),
(2562, 926, 2571, 'Crinone gel 8% ', 2, '0.00', '0.00', 1),
(2563, 927, 2572, 'Follitrope Prefilled syringe 225 IU', 60, '3600.00', '216000.00', 1),
(2564, 927, 2573, 'Follitrope Prefilled syringe 225 IU', 30, '0.00', '0.00', 1),
(2565, 928, 2574, 'Follitrope ชนิดฉีด 150IU', 30, '1900.00', '57000.00', 1),
(2566, 928, 2575, 'Follitrope ชนิดฉีด 150IU', 9, '0.00', '0.00', 1),
(2567, 929, 2576, 'Propofol-Lipuro 1% 50ml', 20, '200.00', '4000.00', 1),
(2568, 930, 2577, 'Primolut N 10x10 tablets', 10, '520.00', '5200.00', 1),
(2569, 930, 2578, 'Primolut N 10x10 tablets', 1, '0.00', '0.00', 1),
(2570, 930, 2579, 'Progynova 2 mg. ', 60, '480.00', '28800.00', 1),
(2571, 930, 2580, 'Progynova 2 mg. ', 12, '0.00', '0.00', 1),
(2572, 930, 2581, 'Climara Pad', 50, '342.00', '17100.00', 1),
(2573, 930, 2582, 'Proluton Depot 250 mg inj.', 2, '2065.00', '4130.00', 1),
(2574, 931, 2583, 'Cetrotide Inj 0.25mg ', 10, '11760.00', '117600.00', 1),
(2575, 931, 2584, 'Cetrotide Inj 0.25mg ', 2, '0.00', '0.00', 1),
(2576, 931, 2585, 'Gonal F 300IU/0.5ML', 30, '6000.00', '180000.00', 1),
(2577, 931, 2586, 'Gonal F 300IU/0.5ML', 18, '0.00', '0.00', 1),
(2578, 931, 2587, 'Ovidrel Syring 250มลก. 1 syringe', 10, '1210.00', '12100.00', 1),
(2579, 931, 2588, 'Ovidrel Syring 250มลก. 1 syringe', 1, '0.00', '0.00', 1),
(2580, 932, 2589, 'Follitrope Prefilled syringe 225 IU', 60, '3600.00', '216000.00', 1),
(2581, 932, 2590, 'Follitrope Prefilled syringe 225 IU', 30, '0.00', '0.00', 1),
(2582, 932, 2591, 'Follitrope ชนิดฉีด 150IU', 50, '1900.00', '95000.00', 1),
(2583, 932, 2592, 'Follitrope ชนิดฉีด 150IU', 15, '0.00', '0.00', 1),
(2584, 933, 2593, 'Cetrotide Inj 0.25mg ', 5, '11760.00', '58800.00', 1),
(2585, 933, 2594, 'Cetrotide Inj 0.25mg ', 1, '0.00', '0.00', 1),
(2586, 933, 2595, 'Gonal F 300IU/0.5ML', 30, '6000.00', '180000.00', 1),
(2587, 933, 2596, 'Gonal F 300IU/0.5ML', 18, '0.00', '0.00', 1);
INSERT INTO `POdetail` (`id`, `head_id`, `PR_id`, `item_name`, `qty`, `unit_price`, `total_price`, `ready_rec`) VALUES
(2588, 933, 2597, 'Ovidrel Syring 250มลก. 1 syringe', 10, '1210.00', '12100.00', 1),
(2589, 933, 2598, 'Ovidrel Syring 250มลก. 1 syringe', 1, '0.00', '0.00', 1),
(2590, 934, 2599, 'Albutein 20%x50ml', 20, '1400.00', '28000.00', 1),
(2591, 935, 2600, 'Follitrope ชนิดฉีด 150IU', 40, '1900.00', '76000.00', 1),
(2592, 935, 2601, 'Follitrope ชนิดฉีด 150IU', 12, '0.00', '0.00', 1),
(2593, 935, 2602, 'Follitrope Prefilled syringe 225 IU', 80, '3600.00', '288000.00', 1),
(2594, 935, 2603, 'Follitrope Prefilled syringe 225 IU', 40, '0.00', '0.00', 1),
(2595, 936, 2604, 'IVF-M 150IU', 50, '1000.00', '50000.00', 1),
(2596, 936, 2605, 'IVF-M 150IU', 10, '0.00', '0.00', 1),
(2597, 937, 2606, 'Cetrotide Inj 0.25mg ', 10, '11760.00', '117600.00', 1),
(2598, 937, 2607, 'Cetrotide Inj 0.25mg ', 2, '0.00', '0.00', 1),
(2599, 937, 2608, 'Gonal F 300IU/0.5ML', 30, '6000.00', '180000.00', 1),
(2600, 937, 2609, 'Gonal F 300IU/0.5ML', 18, '0.00', '0.00', 1),
(2601, 937, 2611, 'Crinone gel 8% ', 40, '2280.00', '91200.00', 1),
(2602, 937, 2612, 'Crinone gel 8% ', 4, '0.00', '0.00', 1),
(2603, 938, 2613, 'Propofol Lipuro 1% 20ML', 40, '90.00', '3600.00', 1),
(2604, 939, 2614, 'CEF 3 1G IV Siam', 50, '64.68', '3234.00', 1),
(2605, 939, 2615, 'CEF 3 1G IV Siam', 25, '0.00', '0.00', 1),
(2606, 940, 2616, 'Follitrope Prefilled syringe 225 IU', 100, '3600.00', '360000.00', 1),
(2607, 940, 2617, 'Follitrope Prefilled syringe 225 IU', 50, '0.00', '0.00', 1),
(2608, 941, 2618, 'Progynova 2 mg. ', 100, '480.00', '48000.00', 1),
(2609, 941, 2619, 'Progynova 2 mg. ', 20, '0.00', '0.00', 1),
(2610, 941, 2620, 'Climara Pad', 80, '342.00', '27360.00', 1),
(2611, 941, 2621, 'Proluton Depot 250 mg inj.', 5, '2065.00', '10325.00', 1),
(2612, 942, 2622, 'Follitrope Prefilled syringe 225 IU', 150, '3600.00', '540000.00', 1),
(2613, 942, 2623, 'Follitrope Prefilled syringe 225 IU', 75, '0.00', '0.00', 1),
(2614, 942, 2624, 'Follitrope ชนิดฉีด 150IU', 50, '1900.00', '95000.00', 1),
(2615, 942, 2625, 'Follitrope ชนิดฉีด 150IU', 15, '0.00', '0.00', 1),
(2616, 942, 2626, 'IVF-M 75IU', 30, '550.00', '16500.00', 1),
(2617, 942, 2627, 'IVF-M 75IU', 6, '0.00', '0.00', 1),
(2618, 942, 2628, 'IVF-M 150IU', 50, '1000.00', '50000.00', 1),
(2619, 942, 2629, 'IVF-M 150IU', 10, '0.00', '0.00', 1),
(2620, 943, 2630, 'Cetrotide Inj 0.25mg ', 10, '11760.00', '117600.00', 0),
(2621, 943, 2631, 'Cetrotide Inj 0.25mg ', 2, '0.00', '0.00', 0),
(2622, 943, 2632, 'Ovidrel Syring 250มลก. 1 syringe', 10, '1210.00', '12100.00', 0),
(2623, 943, 2633, 'Ovidrel Syring 250มลก. 1 syringe', 1, '0.00', '0.00', 0),
(2624, 944, 2634, 'Gonal F 300IU/0.5ML', 45, '6000.00', '270000.00', 1),
(2625, 944, 2635, 'Gonal F 300IU/0.5ML', 27, '0.00', '0.00', 1),
(2626, 944, 2636, 'Crinone gel 8% ', 40, '2280.00', '91200.00', 1),
(2627, 944, 2637, 'Crinone gel 8% ', 4, '0.00', '0.00', 1),
(2628, 945, 2638, 'Cetrotide Inj 0.25mg ', 10, '11760.00', '117600.00', 1),
(2629, 945, 2639, 'Cetrotide Inj 0.25mg ', 2, '0.00', '0.00', 1),
(2630, 946, 2640, 'Ovidrel Syring 250มลก. 1 syringe', 10, '1210.00', '12100.00', 1),
(2631, 946, 2641, 'Ovidrel Syring 250มลก. 1 syringe', 1, '0.00', '0.00', 1),
(2632, 947, 2642, 'Crinone gel 8% ', 20, '2280.00', '45600.00', 1),
(2633, 947, 2643, 'Crinone gel 8% ', 2, '0.00', '0.00', 1),
(2634, 947, 2644, 'Ovidrel Syring 250มลก. 1 syringe', 10, '1210.00', '12100.00', 1),
(2635, 947, 2645, 'Ovidrel Syring 250มลก. 1 syringe', 1, '0.00', '0.00', 1),
(2636, 948, 2646, 'Cetrotide Inj 0.25mg ', 15, '11760.00', '176400.00', 1),
(2637, 948, 2647, 'Cetrotide Inj 0.25mg ', 3, '0.00', '0.00', 1),
(2638, 949, 2648, 'Xylocain 2% สำหรับฉีด 10x20ML', 1, '481.00', '481.00', 1),
(2639, 949, 2649, 'Xylocaine 2% w adrenaline', 1, '583.00', '583.00', 1),
(2640, 950, 2650, 'Enantone 1.88 mg x 1', 2, '4927.00', '9854.00', 1),
(2641, 951, 2651, 'Follitrope Prefilled syringe 225 IU', 100, '3600.00', '360000.00', 1),
(2642, 951, 2652, 'Follitrope Prefilled syringe 225 IU', 50, '0.00', '0.00', 1),
(2643, 951, 2653, 'Follitrope ชนิดฉีด 150IU', 60, '1900.00', '114000.00', 1),
(2644, 951, 2655, 'Follitrope ชนิดฉีด 150IU', 18, '0.00', '0.00', 1),
(2645, 951, 2656, 'IVF-M 75IU', 40, '550.00', '22000.00', 1),
(2646, 951, 2657, 'IVF-M 75IU', 8, '0.00', '0.00', 1),
(2647, 952, 2658, 'Propofol-Lipuro 1% 50ml', 20, '200.00', '4000.00', 1),
(2648, 953, 2659, 'Crinone gel 8% ', 40, '2280.00', '91200.00', 1),
(2649, 953, 2660, 'Crinone gel 8% ', 4, '0.00', '0.00', 1),
(2650, 954, 2661, 'Follitrope ชนิดฉีด 150IU', 60, '1900.00', '114000.00', 1),
(2651, 954, 2662, 'Follitrope ชนิดฉีด 150IU', 18, '0.00', '0.00', 1),
(2652, 954, 2663, 'IVF-M 150IU', 60, '1000.00', '60000.00', 1),
(2653, 954, 2664, 'IVF-M 150IU', 12, '0.00', '0.00', 1),
(2654, 955, 2665, 'Onsia 8 mg inj.5x4 ml', 10, '319.48', '3194.80', 1),
(2655, 955, 2666, 'Onsia 8 mg inj.5x4 ml', 8, '0.00', '0.00', 1),
(2656, 956, 2667, 'Follitrope ชนิดฉีด 150IU', 40, '1900.00', '76000.00', 1),
(2657, 956, 2668, 'Follitrope ชนิดฉีด 150IU', 12, '0.00', '0.00', 1),
(2658, 956, 2669, 'IVF-M 150IU', 40, '1000.00', '40000.00', 1),
(2659, 956, 2670, 'IVF-M 150IU', 8, '0.00', '0.00', 1),
(2660, 957, 2671, 'Follitrope ชนิดฉีด 150IU', 40, '1900.00', '76000.00', 1),
(2661, 957, 2672, 'Follitrope ชนิดฉีด 150IU', 12, '0.00', '0.00', 1),
(2662, 958, 2673, 'Proluton Depot 250 mg inj.', 5, '2065.00', '10325.00', 1),
(2663, 959, 2674, 'Intralipid 20%', 24, '461.00', '11064.00', 1),
(2664, 959, 2675, 'Propofol-Lipuro 1% 50ml', 20, '200.00', '4000.00', 1),
(2665, 960, 2676, 'Cetrotide Inj 0.25mg ', 5, '11760.00', '58800.00', 1),
(2666, 960, 2677, 'Cetrotide Inj 0.25mg ', 1, '0.00', '0.00', 1),
(2667, 960, 2679, 'Gonal F 300IU/0.5ML', 30, '6000.00', '180000.00', 1),
(2668, 960, 2680, 'Gonal F 300IU/0.5ML', 18, '0.00', '0.00', 1),
(2669, 961, 2681, 'Crinone gel 8% ', 40, '2280.00', '91200.00', 1),
(2670, 961, 2682, 'Crinone gel 8% ', 4, '0.00', '0.00', 1),
(2671, 962, 2683, 'Follitrope ชนิดฉีด 150IU', 100, '1900.00', '190000.00', 1),
(2672, 962, 2685, 'Follitrope ชนิดฉีด 150IU', 30, '0.00', '0.00', 1),
(2673, 962, 2686, 'Follitrope Prefilled syringe 225 IU', 80, '3600.00', '288000.00', 1),
(2674, 962, 2687, 'Follitrope Prefilled syringe 225 IU', 40, '0.00', '0.00', 1),
(2675, 962, 2688, 'IVF-M 150IU', 60, '1000.00', '60000.00', 1),
(2676, 962, 2689, 'IVF-M 150IU', 12, '0.00', '0.00', 1),
(2677, 963, 2690, 'Progynova 2 mg. ', 100, '480.00', '48000.00', 1),
(2678, 963, 2691, 'Progynova 2 mg. ', 20, '0.00', '0.00', 1),
(2679, 963, 2692, 'Climara Pad', 80, '342.00', '27360.00', 1),
(2681, 964, 2693, 'CEF 3 1G IV Siam', 50, '64.68', '3234.00', 1),
(2682, 964, 2694, 'CEF 3 1G IV Siam', 25, '0.00', '0.00', 1),
(2683, 965, 2695, 'Crinone gel 8% ', 40, '2280.00', '91200.00', 1),
(2684, 965, 2696, 'Crinone gel 8% ', 4, '0.00', '0.00', 1),
(2685, 965, 2697, 'Gonal F 300IU/0.5ML', 30, '6000.00', '180000.00', 1),
(2686, 965, 2698, 'Gonal F 300IU/0.5ML', 18, '0.00', '0.00', 1),
(2687, 966, 2699, 'Ovidrel Syring 250มลก. 1 syringe', 20, '1210.00', '24200.00', 1),
(2688, 966, 2700, 'Ovidrel Syring 250มลก. 1 syringe', 2, '0.00', '0.00', 1),
(2689, 967, 2701, 'Cetrotide Inj 0.25mg ', 10, '11760.00', '117600.00', 1),
(2690, 967, 2702, 'Cetrotide Inj 0.25mg ', 2, '0.00', '0.00', 1),
(2691, 968, 2703, 'IVF-M 75IU', 40, '550.00', '22000.00', 1),
(2692, 968, 2704, 'IVF-M 75IU', 8, '0.00', '0.00', 1),
(2693, 968, 2705, 'IVF-M 150IU', 40, '1000.00', '40000.00', 1),
(2694, 968, 2706, 'IVF-M 150IU', 8, '0.00', '0.00', 1),
(2695, 968, 2707, 'Follitrope ชนิดฉีด 150IU', 50, '1900.00', '95000.00', 1),
(2696, 968, 2708, 'Follitrope ชนิดฉีด 150IU', 15, '0.00', '0.00', 1),
(2697, 970, 2709, 'Clexane ( 4000 IU/0.4 ml) 2 syringes', 80, '540.80', '43264.00', 1),
(2698, 971, 2710, 'Albutein 20%x50ml', 20, '1400.00', '28000.00', 1),
(2699, 972, 2711, 'Zalain Vaginal Tabs 500mg', 10, '140.00', '1400.00', 1),
(2702, 974, 2714, 'Yasmin 1x21', 12, '360.00', '4320.00', 1),
(2703, 974, 2715, 'Yasmin 1x21', 3, '0.00', '0.00', 1),
(2704, 975, 2716, 'Cetrotide Inj 0.25mg ', 5, '11760.00', '58800.00', 1),
(2705, 975, 2717, 'Cetrotide Inj 0.25mg ', 1, '0.00', '0.00', 1),
(2706, 975, 2718, 'Crinone gel 8% ', 40, '2280.00', '91200.00', 1),
(2707, 975, 2719, 'Crinone gel 8% ', 4, '0.00', '0.00', 1),
(2708, 975, 2720, 'Gonal F 300IU/0.5ML', 30, '6000.00', '180000.00', 1),
(2709, 975, 2721, 'ปากกา น้ำเงิน', 18, '0.00', '0.00', 1),
(2710, 976, 2722, 'Follitrope Prefilled syringe 225 IU', 40, '3600.00', '144000.00', 1),
(2711, 976, 2723, 'Follitrope Prefilled syringe 225 IU', 20, '0.00', '0.00', 1),
(2712, 977, 2724, 'Ovidrel Syring 250มลก. 1 syringe', 20, '1210.00', '24200.00', 1),
(2713, 977, 2725, 'Ovidrel Syring 250มลก. 1 syringe', 2, '0.00', '0.00', 1),
(2714, 978, 2726, 'Onsia 8 mg inj.5x4 ml', 10, '319.48', '3194.80', 1),
(2715, 978, 2727, 'Onsia 8 mg inj.5x4 ml', 8, '0.00', '0.00', 1),
(2716, 980, 2728, 'Proluton Depot 250 mg inj.', 5, '2065.00', '10325.00', 1),
(2717, 980, 2729, 'Progynova 2 mg. ', 60, '480.00', '28800.00', 1),
(2718, 980, 2730, 'Progynova 2 mg. ', 12, '0.00', '0.00', 1),
(2719, 980, 2731, 'Climara Pad', 60, '342.00', '20520.00', 1),
(2720, 981, 2732, 'Propofol-Lipuro 1% 50ml', 40, '200.00', '8000.00', 1),
(2721, 982, 2733, 'IVF-M 150IU', 60, '1000.00', '60000.00', 1),
(2722, 982, 2734, 'IVF-M 150IU', 12, '0.00', '0.00', 1),
(2723, 982, 2735, 'Follitrope ชนิดฉีด 150IU', 80, '1900.00', '152000.00', 1),
(2724, 982, 2736, 'Follitrope ชนิดฉีด 150IU', 24, '0.00', '0.00', 1),
(2725, 983, 2737, 'Follitrope Prefilled syringe 225 IU', 80, '3600.00', '288000.00', 1),
(2726, 983, 2738, 'Follitrope Prefilled syringe 225 IU', 40, '0.00', '0.00', 1),
(2727, 984, 2739, 'Cetrotide Inj 0.25mg ', 10, '11760.00', '117600.00', 1),
(2728, 984, 2740, 'Cetrotide Inj 0.25mg ', 2, '0.00', '0.00', 1),
(2729, 985, 2741, 'Cetrotide Inj 0.25mg ', 10, '11760.00', '117600.00', 1),
(2730, 985, 2742, 'Cetrotide Inj 0.25mg ', 2, '0.00', '0.00', 1),
(2731, 985, 2743, 'Crinone gel 8% ', 60, '2280.00', '136800.00', 1),
(2732, 985, 2744, 'Crinone gel 8% ', 6, '0.00', '0.00', 1),
(2733, 986, 2745, 'Gonal F 300IU/0.5ML', 30, '6000.00', '180000.00', 1),
(2734, 986, 2746, 'Gonal F 300IU/0.5ML', 18, '0.00', '0.00', 1),
(2735, 987, 2747, 'Follitrope Prefilled syringe 225 IU', 100, '3600.00', '360000.00', 1),
(2736, 987, 2748, 'Follitrope Prefilled syringe 225 IU', 50, '0.00', '0.00', 1),
(2737, 987, 2749, 'Follitrope ชนิดฉีด 150IU', 50, '1900.00', '95000.00', 1),
(2738, 987, 2750, 'Follitrope ชนิดฉีด 150IU', 15, '0.00', '0.00', 1),
(2739, 987, 2751, 'IVF-M 75IU', 30, '550.00', '16500.00', 1),
(2740, 987, 2752, 'IVF-M 75IU', 6, '0.00', '0.00', 1),
(2741, 988, 2753, 'Follitrope inj.75 IU', 60, '1000.00', '60000.00', 1),
(2742, 988, 2754, 'Follitrope inj.75 IU', 18, '0.00', '0.00', 1),
(2743, 988, 2755, 'IVF-M 75IU', 60, '550.00', '33000.00', 1),
(2744, 988, 2756, 'IVF-M 75IU', 12, '0.00', '0.00', 1),
(2745, 988, 2757, 'IVF-M 150IU', 60, '1000.00', '60000.00', 1),
(2746, 988, 2758, 'IVF-M 150IU', 12, '0.00', '0.00', 1),
(2747, 988, 2759, 'Follitrope Prefilled syringe 150 IU', 60, '2400.00', '144000.00', 1),
(2748, 988, 2760, 'Follitrope Prefilled syringe 150 IU', 30, '0.00', '0.00', 1),
(2749, 989, 2761, 'Cetrotide Inj 0.25mg ', 15, '11760.00', '176400.00', 1),
(2750, 989, 2762, 'Cetrotide Inj 0.25mg ', 3, '0.00', '0.00', 1),
(2751, 989, 2763, 'Crinone gel 8% ', 40, '2280.00', '91200.00', 1),
(2752, 989, 2764, 'Crinone gel 8% ', 4, '0.00', '0.00', 1),
(2753, 989, 2765, 'Gonal F 300IU/0.5ML', 30, '6000.00', '180000.00', 1),
(2754, 989, 2766, 'Gonal F 300IU/0.5ML', 18, '0.00', '0.00', 1),
(2755, 991, 2767, 'Climara Pad', 80, '342.00', '27360.00', 1),
(2756, 992, 2768, 'Primolut N  10x10', 10, '520.00', '5200.00', 1),
(2757, 992, 2769, 'Primolut N  10x10', 1, '0.00', '0.00', 1),
(2758, 993, 2770, 'Follitrope Prefilled syringe 225 IU', 120, '3600.00', '432000.00', 1),
(2759, 993, 2771, 'Follitrope Prefilled syringe 225 IU', 60, '0.00', '0.00', 1),
(2760, 993, 2772, 'Follitrope ชนิดฉีด 150IU', 80, '1900.00', '152000.00', 1),
(2761, 993, 2773, 'Follitrope ชนิดฉีด 150IU', 24, '0.00', '0.00', 1),
(2762, 994, 2774, 'Cetrotide Inj 0.25mg ', 10, '11760.00', '117600.00', 1),
(2763, 994, 2775, 'Cetrotide Inj 0.25mg ', 2, '0.00', '0.00', 1),
(2764, 995, 2776, 'Follitrope ชนิดฉีด 150IU', 60, '1900.00', '114000.00', 1),
(2765, 995, 2777, 'Follitrope ชนิดฉีด 150IU', 18, '0.00', '0.00', 1),
(2766, 995, 2778, 'Follitrope Prefilled syringe 225 IU', 100, '3600.00', '360000.00', 1),
(2767, 995, 2779, 'Follitrope Prefilled syringe 225 IU', 50, '0.00', '0.00', 1),
(2768, 996, 2780, 'IVF-M 150IU', 50, '1000.00', '50000.00', 1),
(2769, 996, 2781, 'IVF-M 150IU', 10, '0.00', '0.00', 1),
(2770, 996, 2782, 'Follitrope Prefilled syringe 225 IU', 120, '3600.00', '432000.00', 1),
(2771, 996, 2783, 'Follitrope Prefilled syringe 225 IU', 60, '0.00', '0.00', 1),
(2774, 998, 2786, 'Ovidrel Syring 250มลก. 1 syringe', 10, '1210.00', '12100.00', 1),
(2775, 998, 2787, 'Ovidrel Syring 250มลก. 1 syringe', 1, '0.00', '0.00', 1),
(2776, 998, 2788, 'Crinone gel 8% ', 40, '2280.00', '91200.00', 1),
(2777, 998, 2789, 'Crinone gel 8% ', 4, '0.00', '0.00', 1),
(2778, 999, 2790, 'Progynova 2 mg. ', 50, '480.00', '24000.00', 1),
(2779, 999, 2791, 'Progynova 2 mg. ', 10, '0.00', '0.00', 1),
(2780, 999, 2792, 'Proluton Depot 250 mg inj.', 5, '2065.00', '10325.00', 1),
(2781, 1000, 2793, 'Enantone 1.88 mg x 1', 3, '4927.00', '14781.00', 1),
(2788, 1003, 2794, 'CEF 3 1G IV Siam', 50, '64.68', '3234.00', 1),
(2789, 1003, 2795, 'CEF 3 1G IV Siam', 25, '0.00', '0.00', 1),
(2790, 1003, 2800, 'Metrolex 400mg', 2, '112.70', '225.40', 1),
(2791, 1004, 2801, '9200 Avagard Sol.', 2, '1000.00', '2000.00', 1),
(2792, 1005, 2802, 'Follitrope Prefilled syringe 225 IU', 100, '3600.00', '360000.00', 1),
(2793, 1005, 2803, 'Follitrope Prefilled syringe 225 IU', 50, '0.00', '0.00', 1),
(2794, 1006, 2804, 'Cetrotide Inj 0.25mg ', 10, '11760.00', '117600.00', 1),
(2795, 1006, 2805, 'Cetrotide Inj 0.25mg ', 2, '0.00', '0.00', 1),
(2796, 1006, 2806, 'Crinone gel 8% ', 40, '2280.00', '91200.00', 1),
(2797, 1006, 2807, 'Crinone gel 8% ', 4, '0.00', '0.00', 1),
(2798, 1007, 2808, 'IVF-M 75IU', 40, '550.00', '22000.00', 1),
(2799, 1007, 2811, 'IVF-M 75IU', 8, '0.00', '0.00', 1),
(2800, 1007, 2812, 'Follitrope ชนิดฉีด 150IU', 60, '1900.00', '114000.00', 1),
(2801, 1007, 2813, 'Follitrope ชนิดฉีด 150IU', 18, '0.00', '0.00', 1),
(2802, 1008, 2814, 'Follitrope Prefilled syringe 225 IU', 100, '3600.00', '360000.00', 1),
(2803, 1008, 2815, 'Follitrope Prefilled syringe 225 IU', 50, '0.00', '0.00', 1),
(2804, 1008, 2816, 'IVF-M 150IU', 50, '1000.00', '50000.00', 1),
(2805, 1008, 2817, 'IVF-M 150IU', 10, '0.00', '0.00', 1),
(2806, 1009, 2818, 'Albutein 20%x50ml', 20, '1400.00', '28000.00', 1),
(2807, 1009, 2819, 'Clexane ( 4000 IU/0.4 ml) 2 syringes', 80, '540.80', '43264.00', 1),
(2808, 1010, 2820, 'Propofol-Lipuro 1% 50ml', 30, '200.00', '6000.00', 1),
(2809, 1011, 2821, 'Proluton Depot 250 mg inj.', 6, '2065.00', '12390.00', 1),
(2810, 1011, 2822, 'Progynova 2 mg. ', 40, '480.00', '19200.00', 1),
(2811, 1011, 2823, 'Progynova 2 mg. ', 8, '0.00', '0.00', 1),
(2812, 1011, 2824, 'Climara Pad', 60, '342.00', '20520.00', 1),
(2813, 1012, 2825, 'Onsia 8 mg inj.5x4 ml', 10, '319.48', '3194.80', 1),
(2814, 1012, 2826, 'Onsia 8 mg inj.5x4 ml', 8, '0.00', '0.00', 1),
(2815, 1013, 2827, 'Cetrotide Inj 0.25mg ', 10, '11760.00', '117600.00', 1),
(2816, 1013, 2828, 'Cetrotide Inj 0.25mg ', 2, '0.00', '0.00', 1),
(2817, 1014, 2829, 'Follitrope Prefilled syringe 225 IU', 100, '3600.00', '360000.00', 1),
(2818, 1014, 2830, 'Follitrope Prefilled syringe 225 IU', 50, '0.00', '0.00', 1),
(2819, 1014, 2831, 'Follitrope inj.75 IU', 30, '1000.00', '30000.00', 1),
(2820, 1014, 2832, 'Follitrope inj.75 IU', 9, '0.00', '0.00', 1),
(2821, 1014, 2833, 'Follitrope ชนิดฉีด 150IU', 60, '1900.00', '114000.00', 1),
(2822, 1014, 2835, 'Follitrope ชนิดฉีด 150IU', 18, '0.00', '0.00', 1),
(2823, 1014, 2836, 'IVF-M 150IU', 60, '1000.00', '60000.00', 1),
(2824, 1014, 2837, 'IVF-M 150IU', 12, '0.00', '0.00', 1),
(2825, 1015, 2838, 'Zalain Vaginal Tabs 500mg', 10, '140.00', '1400.00', 1),
(2826, 1016, 2839, 'Crinone gel 8% ', 40, '2280.00', '91200.00', 1),
(2827, 1016, 2840, 'Crinone gel 8% ', 4, '0.00', '0.00', 1),
(2832, 1019, 2846, 'Cetrotide Inj 0.25mg ', 10, '11760.00', '117600.00', 1),
(2833, 1020, 2850, 'Cetrotide Inj 0.25mg ', 10, '11760.00', '117600.00', 1),
(2834, 1020, 2851, 'Cetrotide Inj 0.25mg ', 2, '0.00', '0.00', 1),
(2835, 1020, 2852, 'Gonal F 300IU/0.5ML', 30, '6000.00', '180000.00', 1),
(2836, 1020, 2853, 'Gonal F 300IU/0.5ML', 18, '0.00', '0.00', 1),
(2837, 1021, 2854, 'Ovidrel Syring 250มลก. 1 syringe', 20, '1210.00', '24200.00', 1),
(2838, 1021, 2855, 'Ovidrel Syring 250มลก. 1 syringe', 2, '0.00', '0.00', 1),
(2839, 1022, 2856, 'Crinone gel 8% ', 40, '2280.00', '91200.00', 1),
(2840, 1022, 2857, 'Crinone gel 8% ', 4, '0.00', '0.00', 1),
(2841, 1023, 2858, 'Follitrope Prefilled syringe 225 IU', 100, '3600.00', '360000.00', 1),
(2842, 1023, 2859, 'Follitrope Prefilled syringe 225 IU', 50, '0.00', '0.00', 1),
(2843, 1023, 2860, 'Follitrope Prefilled syringe 150 IU', 60, '2400.00', '144000.00', 1),
(2844, 1023, 2861, 'Follitrope Prefilled syringe 150 IU', 30, '0.00', '0.00', 1),
(2845, 1023, 2862, 'Follitrope ชนิดฉีด 150IU', 40, '1900.00', '76000.00', 1),
(2846, 1023, 2863, 'Follitrope ชนิดฉีด 150IU', 12, '0.00', '0.00', 1),
(2847, 1024, 2864, 'Proluton Depot 250 mg inj.', 5, '2065.00', '10325.00', 1),
(2848, 1024, 2865, 'Progynova 2 mg. ', 80, '480.00', '38400.00', 1),
(2849, 1024, 2866, 'Progynova 2 mg. ', 16, '0.00', '0.00', 1),
(2850, 1025, 2867, 'Cetrotide Inj 0.25mg ', 10, '11760.00', '117600.00', 1),
(2851, 1025, 2868, 'Cetrotide Inj 0.25mg ', 2, '0.00', '0.00', 1),
(2852, 1026, 2869, 'CEF 3 1G IV Siam', 50, '64.68', '3234.00', 1),
(2853, 1026, 2870, 'CEF 3 1G IV Siam', 25, '0.00', '0.00', 1),
(2854, 1027, 2871, 'CEF 3 1G IV Siam', 50, '64.68', '3234.00', 1),
(2855, 1027, 2872, 'CEF 3 1G IV Siam', 25, '0.00', '0.00', 1),
(2856, 1027, 2876, 'Onsia 8 mg inj.5x4 ml', 10, '319.48', '3194.80', 1),
(2857, 1027, 2877, 'Onsia 8 mg inj.5x4 ml', 8, '0.00', '0.00', 1),
(2858, 1028, 2878, 'Crinone gel 8% ', 40, '2280.00', '91200.00', 1),
(2859, 1028, 2879, 'Crinone gel 8% ', 4, '0.00', '0.00', 1),
(2860, 1028, 2880, 'Ovidrel Syring 250มลก. 1 syringe', 10, '1210.00', '12100.00', 1),
(2861, 1028, 2881, 'Ovidrel Syring 250มลก. 1 syringe', 1, '0.00', '0.00', 1),
(2862, 1029, 2882, 'Follitrope Prefilled syringe 225 IU', 120, '3600.00', '432000.00', 1),
(2863, 1029, 2883, 'Follitrope Prefilled syringe 225 IU', 60, '0.00', '0.00', 1),
(2872, 1031, 2884, 'Crinone gel 8% ', 40, '2280.00', '91200.00', 1),
(2873, 1031, 2885, 'Crinone gel 8% ', 4, '0.00', '0.00', 1),
(2874, 1031, 2886, 'Ovidrel Syring 250มลก. 1 syringe', 10, '1210.00', '12100.00', 1),
(2875, 1031, 2887, 'Ovidrel Syring 250มลก. 1 syringe', 1, '0.00', '0.00', 1),
(2876, 1031, 2888, 'Cetrotide Inj 0.25mg ', 10, '11760.00', '117600.00', 1),
(2877, 1031, 2889, 'Cetrotide Inj 0.25mg ', 2, '0.00', '0.00', 1),
(2878, 1031, 2890, 'Gonal F 300IU/0.5ML', 30, '6000.00', '180000.00', 1),
(2879, 1031, 2892, 'Gonal F 300IU/0.5ML', 18, '0.00', '0.00', 1),
(2883, 1032, 2893, 'Intralipid 20%', 50, '461.00', '23050.00', 1),
(2884, 1033, 2895, 'Progynova 2 mg. ', 100, '480.00', '48000.00', 1),
(2885, 1033, 2896, 'Progynova 2 mg. ', 20, '0.00', '0.00', 1),
(2886, 1034, 2898, 'Propofol Lipuro 1% 20ML', 50, '90.00', '4500.00', 1),
(2887, 1035, 2899, 'Ovidrel Syring 250มลก. 1 syringe', 10, '1210.00', '12100.00', 1),
(2888, 1035, 2900, 'Ovidrel Syring 250มลก. 1 syringe', 1, '0.00', '0.00', 1),
(2889, 1036, 2901, 'Propofol-Lipuro 1% 50ml', 50, '200.00', '10000.00', 1),
(2890, 1037, 2902, 'Crinone gel 8% ', 40, '2280.00', '91200.00', 1),
(2891, 1037, 2903, 'Crinone gel 8% ', 4, '0.00', '0.00', 1),
(2892, 1037, 2904, 'Cetrotide Inj 0.25mg ', 10, '11760.00', '117600.00', 1),
(2893, 1037, 2905, 'Cetrotide Inj 0.25mg ', 2, '0.00', '0.00', 1),
(2894, 1037, 2906, 'Gonal F 300IU/0.5ML', 30, '6000.00', '180000.00', 1),
(2895, 1037, 2908, 'Gonal F 300IU/0.5ML', 18, '0.00', '0.00', 1),
(2896, 1038, 2909, 'Clexane ( 4000 IU/0.4 ml) 2 syringes', 100, '540.80', '54080.00', 1),
(2897, 1039, 2910, 'Proluton Depot 250 mg inj.', 5, '2065.00', '10325.00', 1),
(2898, 1040, 2911, 'Proluton Depot 250 mg inj.', 5, '2065.00', '10325.00', 1),
(2899, 1041, 2912, 'Cetrotide Inj 0.25mg ', 10, '11760.00', '117600.00', 1),
(2900, 1041, 2913, 'Cetrotide Inj 0.25mg ', 2, '0.00', '0.00', 1),
(2901, 1042, 2914, 'Follitrope Prefilled syringe 225 IU', 100, '3600.00', '360000.00', 1),
(2902, 1042, 2915, 'Follitrope Prefilled syringe 225 IU', 50, '0.00', '0.00', 1),
(2903, 1042, 2916, 'Follitrope Prefilled syringe 150 IU', 80, '2400.00', '192000.00', 1),
(2904, 1042, 2917, 'Follitrope Prefilled syringe 150 IU', 40, '0.00', '0.00', 1),
(2905, 1042, 2918, 'Follitrope ชนิดฉีด 150IU', 60, '1900.00', '114000.00', 1),
(2906, 1042, 2919, 'Follitrope ชนิดฉีด 150IU', 18, '0.00', '0.00', 1),
(2907, 1042, 2920, 'Follitrope inj.75 IU', 60, '1000.00', '60000.00', 1),
(2908, 1042, 2921, 'Follitrope inj.75 IU', 18, '0.00', '0.00', 1),
(2909, 1042, 2922, 'IVF-M 75IU', 60, '550.00', '33000.00', 1),
(2910, 1042, 2923, 'IVF-M 75IU', 12, '0.00', '0.00', 1),
(2911, 1043, 2924, 'Crinone gel 8% ', 20, '2280.00', '45600.00', 0),
(2912, 1043, 2925, 'Crinone gel 8% ', 2, '0.00', '0.00', 0),
(2913, 1043, 2926, 'Cetrotide Inj 0.25mg ', 10, '11760.00', '117600.00', 0),
(2914, 1043, 2927, 'Cetrotide Inj 0.25mg ', 2, '0.00', '0.00', 0),
(2915, 1043, 2928, 'Gonal F 300IU/0.5ML', 15, '6000.00', '90000.00', 0),
(2916, 1043, 2929, 'Gonal F 300IU/0.5ML', 9, '0.00', '0.00', 0),
(2917, 1044, 2930, 'Follitrope Prefilled syringe 225 IU', 120, '3600.00', '432000.00', 1),
(2918, 1044, 2931, 'Follitrope Prefilled syringe 225 IU', 60, '0.00', '0.00', 1),
(2919, 1044, 2932, 'Follitrope Prefilled syringe 150 IU', 60, '2400.00', '144000.00', 1),
(2920, 1044, 2933, 'Follitrope Prefilled syringe 150 IU', 30, '0.00', '0.00', 1),
(2921, 1044, 2934, 'Follitrope ชนิดฉีด 150IU', 60, '1900.00', '114000.00', 1),
(2922, 1044, 2935, 'Follitrope ชนิดฉีด 150IU', 18, '0.00', '0.00', 1),
(2923, 1044, 2936, 'IVF-M 150IU', 60, '1000.00', '60000.00', 1),
(2924, 1044, 2937, 'IVF-M 150IU', 12, '0.00', '0.00', 1),
(2925, 1045, 2938, 'Travocort cream', 20, '52.00', '1040.00', 1),
(2926, 1046, 2939, 'Progynova 2 mg. ', 100, '480.00', '48000.00', 1),
(2927, 1046, 2940, 'Progynova 2 mg. ', 20, '0.00', '0.00', 1),
(2928, 1046, 2941, 'Climara Pad', 100, '342.00', '34200.00', 1),
(2929, 1046, 2942, 'Proluton Depot 250 mg inj.', 5, '2065.00', '10325.00', 1),
(2930, 1047, 2943, 'Propofol-Lipuro 1% 50ml', 40, '200.00', '8000.00', 1),
(2931, 1048, 2944, 'Crinone gel 8% ', 20, '2280.00', '45600.00', 1),
(2932, 1048, 2945, 'Crinone gel 8% ', 2, '0.00', '0.00', 1),
(2933, 1048, 2946, 'Cetrotide Inj 0.25mg ', 5, '11760.00', '58800.00', 1),
(2934, 1048, 2947, 'Cetrotide Inj 0.25mg ', 1, '0.00', '0.00', 1),
(2935, 1049, 2948, 'Crinone gel 8% ', 20, '2280.00', '45600.00', 1),
(2936, 1049, 2949, 'Crinone gel 8% ', 2, '0.00', '0.00', 1),
(2937, 1050, 2950, 'Crinone gel 8% ', 40, '2280.00', '91200.00', 1),
(2938, 1050, 2951, 'Crinone gel 8% ', 4, '0.00', '0.00', 1),
(2939, 1050, 2952, 'Cetrotide Inj 0.25mg ', 5, '11760.00', '58800.00', 1),
(2940, 1050, 2953, 'Cetrotide Inj 0.25mg ', 1, '0.00', '0.00', 1),
(2941, 1050, 2954, 'Gonal F 300IU/0.5ML', 15, '6000.00', '90000.00', 1),
(2942, 1050, 2955, 'Gonal F 300IU/0.5ML', 9, '0.00', '0.00', 1),
(2943, 1051, 2956, 'CEF 3 1G IV Siam', 50, '64.68', '3234.00', 1),
(2944, 1051, 2957, 'CEF 3 1G IV Siam', 25, '0.00', '0.00', 1),
(2945, 1051, 2958, 'Onsia 8 mg inj.5x4 ml', 10, '319.48', '3194.80', 1),
(2946, 1051, 2959, 'Onsia 8 mg inj.5x4 ml', 8, '0.00', '0.00', 1),
(2947, 1052, 2960, 'Gonal F 300IU/0.5ML', 30, '6000.00', '180000.00', 1),
(2948, 1052, 2961, 'Gonal F 300IU/0.5ML', 18, '0.00', '0.00', 1),
(2949, 1053, 2962, 'Follitrope Prefilled syringe 225 IU', 120, '3600.00', '432000.00', 1),
(2950, 1053, 2963, 'Follitrope Prefilled syringe 225 IU', 60, '0.00', '0.00', 1),
(2951, 1053, 2964, 'Follitrope ชนิดฉีด 150IU', 60, '1900.00', '114000.00', 1),
(2952, 1053, 2965, 'Follitrope ชนิดฉีด 150IU', 18, '0.00', '0.00', 1),
(2953, 1053, 2966, 'IVF-M 150IU', 60, '1000.00', '60000.00', 1),
(2954, 1053, 2967, 'IVF-M 150IU', 12, '0.00', '0.00', 1),
(2955, 1054, 2968, 'Clexane ( 4000 IU/0.4 ml) 2 syringes', 100, '540.80', '54080.00', 1),
(2956, 1055, 2969, 'Proluton Depot 250 mg inj.', 5, '2065.00', '10325.00', 1),
(2957, 1056, 2970, 'Crinone gel 8% ', 20, '2280.00', '45600.00', 1),
(2958, 1056, 2971, 'Crinone gel 8% ', 2, '0.00', '0.00', 1),
(2959, 1056, 2972, 'Cetrotide Inj 0.25mg ', 10, '11760.00', '117600.00', 1),
(2960, 1056, 2973, 'Cetrotide Inj 0.25mg ', 2, '0.00', '0.00', 1),
(2961, 1056, 2974, 'Gonal F 300IU/0.5ML', 30, '6000.00', '180000.00', 1),
(2962, 1056, 2975, 'Gonal F 300IU/0.5ML', 18, '0.00', '0.00', 1),
(2963, 1057, 2976, 'Cetrotide Inj 0.25mg ', 10, '11760.00', '117600.00', 1),
(2964, 1057, 2977, 'Cetrotide Inj 0.25mg ', 2, '0.00', '0.00', 1),
(2965, 1057, 2978, 'Gonal F 300IU/0.5ML', 30, '6000.00', '180000.00', 1),
(2966, 1057, 2979, 'Gonal F 300IU/0.5ML', 18, '0.00', '0.00', 1),
(2967, 1058, 2980, 'Crinone gel 8% ', 20, '2280.00', '45600.00', 1),
(2968, 1058, 2981, 'Crinone gel 8% ', 2, '0.00', '0.00', 1),
(2969, 1058, 2982, 'Ovidrel Syring 250มลก. 1 syringe', 10, '1210.00', '12100.00', 1),
(2970, 1058, 2983, 'Ovidrel Syring 250มลก. 1 syringe', 1, '0.00', '0.00', 1),
(2971, 1059, 2984, 'Enantone 1.88 mg x 1', 1, '4927.00', '4927.00', 1),
(2972, 1060, 2985, 'Propofol-Lipuro 1% 50ml', 50, '200.00', '10000.00', 1),
(2973, 1061, 2986, 'Albutein 20%x50ml', 30, '1300.00', '39000.00', 1),
(2974, 1062, 2987, 'Follitrope Prefilled syringe 225 IU', 120, '3600.00', '432000.00', 1),
(2975, 1062, 2988, 'Follitrope Prefilled syringe 225 IU', 60, '0.00', '0.00', 1),
(2976, 1063, 2989, 'Clexane ( 4000 IU/0.4 ml) 2 syringes', 100, '540.80', '54080.00', 1),
(2977, 1064, 2990, 'Premium Royal Jelly', 20, '891.59', '17831.80', 1),
(2982, 1068, 2995, 'Crinone gel 8% ', 40, '2280.00', '91200.00', 1),
(2983, 1068, 2996, 'Crinone gel 8% ', 4, '0.00', '0.00', 1),
(2984, 1068, 2997, 'Cetrotide Inj 0.25mg ', 5, '11760.00', '58800.00', 1),
(2985, 1068, 2998, 'Cetrotide Inj 0.25mg ', 1, '0.00', '0.00', 1),
(2986, 1068, 2999, 'Gonal F 300IU/0.5ML', 30, '6000.00', '180000.00', 1),
(2987, 1068, 3000, 'Gonal F 300IU/0.5ML', 18, '0.00', '0.00', 1),
(2988, 1070, 2991, 'Crinone gel 8% ', 20, '2280.00', '45600.00', 1),
(2989, 1070, 2992, 'Crinone gel 8% ', 2, '0.00', '0.00', 1),
(2994, 1072, 2993, 'Ovidrel Syring 250มลก. 1 syringe', 10, '1210.00', '12100.00', 1),
(2995, 1072, 2994, 'Ovidrel Syring 250มลก. 1 syringe', 1, '0.00', '0.00', 1),
(2996, 1073, 3005, 'Progynova 2 mg. ', 100, '480.00', '48000.00', 1),
(2997, 1073, 3006, 'Progynova 2 mg. ', 20, '0.00', '0.00', 1),
(2998, 1073, 3007, 'Climara Pad', 50, '342.00', '17100.00', 1),
(2999, 1073, 3009, 'Proluton Depot 250 mg inj.', 5, '2065.00', '10325.00', 1),
(3000, 1074, 3011, 'IVF-M 150IU', 80, '1000.00', '80000.00', 1),
(3001, 1074, 3012, 'IVF-M 150IU', 16, '0.00', '0.00', 1),
(3002, 1074, 3013, 'IVF-M 75IU', 20, '550.00', '11000.00', 1),
(3003, 1074, 3014, 'IVF-M 75IU', 4, '0.00', '0.00', 1),
(3004, 1075, 3015, 'Follitrope ชนิดฉีด 150IU', 60, '1900.00', '114000.00', 1),
(3005, 1075, 3016, 'Follitrope ชนิดฉีด 150IU', 18, '0.00', '0.00', 1),
(3006, 1075, 3017, 'Follitrope Prefilled syringe 225 IU', 100, '3600.00', '360000.00', 1),
(3007, 1075, 3018, 'Follitrope Prefilled syringe 225 IU', 50, '0.00', '0.00', 1),
(3008, 1076, 3019, 'CEF 3 1G IV Siam', 50, '64.68', '3234.00', 1),
(3009, 1076, 3020, 'CEF 3 1G IV Siam', 25, '0.00', '0.00', 1),
(3010, 1076, 3021, 'Onsia 8 mg inj.5x4 ml', 10, '319.48', '3194.80', 1),
(3011, 1076, 3022, 'Onsia 8 mg inj.5x4 ml', 8, '0.00', '0.00', 1),
(3012, 1077, 3023, 'Crinone gel 8% ', 20, '2280.00', '45600.00', 1),
(3013, 1077, 3024, 'Crinone gel 8% ', 2, '0.00', '0.00', 1),
(3014, 1077, 3025, 'Cetrotide Inj 0.25mg ', 10, '11760.00', '117600.00', 1),
(3015, 1077, 3026, 'Cetrotide Inj 0.25mg ', 2, '0.00', '0.00', 1),
(3016, 1077, 3027, 'Ovidrel Syring 250มลก. 1 syringe', 10, '1210.00', '12100.00', 1),
(3017, 1077, 3028, 'Ovidrel Syring 250มลก. 1 syringe', 1, '0.00', '0.00', 1),
(3018, 1078, 3029, 'Crinone gel 8% ', 20, '2280.00', '45600.00', 1),
(3019, 1078, 3030, 'Crinone gel 8% ', 2, '0.00', '0.00', 1),
(3020, 1079, 3031, 'Crinone gel 8% ', 20, '2280.00', '45600.00', 1),
(3021, 1079, 3032, 'Crinone gel 8% ', 2, '0.00', '0.00', 1),
(3022, 1079, 3033, 'Cetrotide Inj 0.25mg ', 10, '11760.00', '117600.00', 1),
(3023, 1079, 3034, 'Cetrotide Inj 0.25mg ', 2, '0.00', '0.00', 1),
(3024, 1079, 3035, 'Ovidrel Syring 250มลก. 1 syringe', 10, '1210.00', '12100.00', 1),
(3025, 1079, 3036, 'Ovidrel Syring 250มลก. 1 syringe', 1, '0.00', '0.00', 1),
(3026, 1080, 3037, 'Follitrope ชนิดฉีด 150IU', 80, '1900.00', '152000.00', 1),
(3027, 1080, 3038, 'Follitrope ชนิดฉีด 150IU', 24, '0.00', '0.00', 1),
(3028, 1080, 3039, 'Follitrope Prefilled syringe 225 IU', 100, '3600.00', '360000.00', 1),
(3029, 1080, 3040, 'Follitrope Prefilled syringe 225 IU', 50, '0.00', '0.00', 1),
(3030, 1081, 3041, 'Progynova 2 mg. ', 100, '480.00', '48000.00', 1),
(3031, 1081, 3042, 'Progynova 2 mg. ', 20, '0.00', '0.00', 1),
(3032, 1082, 3043, 'Follitrope Prefilled syringe 225 IU', 100, '3600.00', '360000.00', 1),
(3033, 1082, 3044, 'Follitrope Prefilled syringe 225 IU', 50, '0.00', '0.00', 1),
(3034, 1082, 3045, 'Follitrope Prefilled syringe 150 IU', 60, '2400.00', '144000.00', 1),
(3035, 1082, 3046, 'Follitrope Prefilled syringe 150 IU', 30, '0.00', '0.00', 1),
(3036, 1082, 3047, 'IVF-M 75IU', 60, '550.00', '33000.00', 1),
(3037, 1082, 3048, 'IVF-M 75IU', 12, '0.00', '0.00', 1),
(3038, 1082, 3049, 'IVF-M 150IU', 60, '1000.00', '60000.00', 1),
(3039, 1082, 3050, 'IVF-M 150IU', 12, '0.00', '0.00', 1),
(3040, 1083, 3051, 'Crinone gel 8% ', 20, '2280.00', '45600.00', 1),
(3041, 1083, 3052, 'Crinone gel 8% ', 2, '0.00', '0.00', 1),
(3042, 1084, 3053, 'Cetrotide Inj 0.25mg ', 10, '11760.00', '117600.00', 1),
(3043, 1084, 3054, 'Cetrotide Inj 0.25mg ', 2, '0.00', '0.00', 1),
(3044, 1085, 3055, 'Crinone gel 8% ', 20, '2280.00', '45600.00', 1),
(3045, 1085, 3056, 'Crinone gel 8% ', 2, '0.00', '0.00', 1),
(3046, 1085, 3057, 'Ovidrel Syring 250มลก. 1 syringe', 10, '1210.00', '12100.00', 1),
(3047, 1085, 3058, 'Ovidrel Syring 250มลก. 1 syringe', 1, '0.00', '0.00', 1),
(3051, 1086, 3060, 'Xylocaine 2% w adrenaline', 1, '583.00', '583.00', 1),
(3052, 1086, 3061, 'Clexane ( 4000 IU/0.4 ml) 2 syringes', 60, '540.80', '32448.00', 1),
(3053, 1087, 3062, 'Proluton Depot 250 mg inj.', 5, '2065.00', '10325.00', 1),
(3054, 1088, 3063, 'Follitrope ชนิดฉีด 150IU', 80, '1900.00', '152000.00', 1),
(3055, 1088, 3064, 'Follitrope ชนิดฉีด 150IU', 24, '0.00', '0.00', 1),
(3056, 1089, 3065, 'Follitrope Prefilled syringe 150 IU', 80, '2400.00', '192000.00', 1),
(3057, 1089, 3066, 'Follitrope Prefilled syringe 150 IU', 40, '0.00', '0.00', 1),
(3058, 1089, 3067, 'IVF-M 150IU', 50, '1000.00', '50000.00', 1),
(3059, 1089, 3068, 'IVF-M 150IU', 10, '0.00', '0.00', 1),
(3060, 1089, 3069, 'Follitrope inj.75 IU', 50, '1000.00', '50000.00', 1),
(3061, 1089, 3070, 'Follitrope ฉนิดฉีด 75 IU', 15, '0.00', '0.00', 1),
(3062, 1090, 3071, 'Crinone gel 8% ', 40, '2280.00', '91200.00', 1),
(3063, 1090, 3072, 'Crinone gel 8% ', 4, '0.00', '0.00', 1),
(3064, 1090, 3073, 'Cetrotide Inj 0.25mg ', 5, '11760.00', '58800.00', 1),
(3065, 1090, 3074, 'Cetrotide Inj 0.25mg ', 1, '0.00', '0.00', 1),
(3066, 1090, 3075, 'Gonal F 300IU/0.5ML', 30, '6000.00', '180000.00', 1),
(3067, 1090, 3076, 'Gonal F 300IU/0.5ML', 18, '0.00', '0.00', 1),
(3068, 1091, 3077, 'Proluton Depot 250 mg inj.', 5, '2065.00', '10325.00', 1),
(3069, 1092, 3078, 'Intralipid 20%', 30, '461.00', '13830.00', 1),
(3070, 1092, 3079, 'Propofol-Lipuro 1% 50ml', 20, '200.00', '4000.00', 1),
(3071, 1093, 3080, 'Follitrope Prefilled syringe 225 IU', 100, '3600.00', '360000.00', 1),
(3072, 1093, 3081, 'Follitrope Prefilled syringe 225 IU', 50, '0.00', '0.00', 1),
(3073, 1094, 3082, 'Follitrope ชนิดฉีด 150IU', 40, '1900.00', '76000.00', 1),
(3074, 1094, 3083, 'Follitrope ชนิดฉีด 150IU', 12, '0.00', '0.00', 1),
(3075, 1095, 3084, 'Follitrope ชนิดฉีด 150IU', 40, '1900.00', '76000.00', 1),
(3076, 1095, 3085, 'Follitrope ชนิดฉีด 150IU', 12, '0.00', '0.00', 1),
(3077, 1096, 3086, 'Cetrotide Inj 0.25mg ', 5, '11760.00', '58800.00', 1),
(3078, 1096, 3087, 'Cetrotide Inj 0.25mg ', 1, '0.00', '0.00', 1),
(3079, 1097, 3088, 'Crinone gel 8% ', 40, '2280.00', '91200.00', 1),
(3080, 1097, 3089, 'Crinone gel 8% ', 4, '0.00', '0.00', 1),
(3081, 1097, 3090, 'Cetrotide Inj 0.25mg ', 10, '11760.00', '117600.00', 1),
(3082, 1097, 3091, 'Cetrotide Inj 0.25mg ', 2, '0.00', '0.00', 1),
(3083, 1098, 3092, 'Albutein 20%x50ml', 30, '1300.00', '39000.00', 1),
(3085, 1099, 3094, 'Follitrope Prefilled syringe 225 IU', 80, '0.00', '0.00', 1),
(3086, 1099, 3095, 'Follitrope ชนิดฉีด 150IU', 60, '1900.00', '114000.00', 1),
(3087, 1099, 3096, 'Follitrope ชนิดฉีด 150IU', 18, '0.00', '0.00', 1),
(3088, 1099, 3097, 'IVF-M 150IU', 50, '1000.00', '50000.00', 1),
(3089, 1099, 3098, 'IVF-M 150IU', 10, '0.00', '0.00', 1),
(3090, 1099, 3093, 'Follitrope Prefilled syringe 225 IU', 160, '3600.00', '576000.00', 1),
(3091, 1100, 3099, 'Crinone gel 8% ', 20, '2280.00', '45600.00', 1),
(3092, 1100, 3100, 'Crinone gel 8% ', 2, '0.00', '0.00', 1),
(3093, 1100, 3101, 'Cetrotide Inj 0.25mg ', 5, '11760.00', '58800.00', 1),
(3094, 1100, 3102, 'Cetrotide Inj 0.25mg ', 1, '0.00', '0.00', 1),
(3095, 1100, 3103, 'Ovidrel Syring 250มลก. 1 syringe', 10, '1210.00', '12100.00', 1),
(3096, 1100, 3104, 'Ovidrel Syring 250มลก. 1 syringe', 1, '0.00', '0.00', 1),
(3097, 1101, 3105, 'Progynova 2 mg. ', 100, '480.00', '48000.00', 1),
(3098, 1101, 3106, 'Progynova 2 mg. ', 20, '0.00', '0.00', 1),
(3099, 1101, 3107, 'Climara Pad', 80, '342.00', '27360.00', 1),
(3100, 1101, 3108, 'Proluton Depot 250 mg inj.', 10, '2065.00', '20650.00', 1),
(3103, 1103, 3111, 'IVF-M 150IU', 20, '1000.00', '20000.00', 1),
(3104, 1103, 3112, 'IVF-M 150IU', 4, '0.00', '0.00', 1),
(3105, 1104, 3113, 'Yasmin 1x21', 12, '360.00', '4320.00', 1),
(3106, 1104, 3114, 'Yasmin 1x21', 3, '0.00', '0.00', 1),
(3107, 1105, 3115, 'Follitrope Prefilled syringe 225 IU', 100, '3600.00', '360000.00', 1),
(3108, 1105, 3116, 'Follitrope Prefilled syringe 225 IU', 50, '0.00', '0.00', 1),
(3109, 1105, 3117, 'IVF-M 75IU', 50, '550.00', '27500.00', 1),
(3110, 1105, 3118, 'IVF-M 75IU', 10, '0.00', '0.00', 1),
(3111, 1105, 3119, 'Follitrope ชนิดฉีด 150IU', 50, '1900.00', '95000.00', 1),
(3112, 1105, 3120, 'Follitrope ชนิดฉีด 150IU', 15, '0.00', '0.00', 1),
(3113, 1106, 3121, 'Crinone gel 8% ', 20, '2280.00', '45600.00', 1),
(3114, 1106, 3122, 'Crinone gel 8% ', 2, '0.00', '0.00', 1),
(3115, 1106, 3123, 'Cetrotide Inj 0.25mg ', 5, '11760.00', '58800.00', 1),
(3116, 1106, 3124, 'Cetrotide Inj 0.25mg ', 1, '0.00', '0.00', 1),
(3117, 1106, 3125, 'Ovidrel Syring 250มลก. 1 syringe', 10, '1210.00', '12100.00', 1),
(3118, 1106, 3126, 'Ovidrel Syring 250มลก. 1 syringe', 1, '0.00', '0.00', 1),
(3119, 1106, 3127, 'Gonal F 300IU/0.5ML', 15, '6000.00', '90000.00', 1),
(3120, 1106, 3128, 'Gonal F 300IU/0.5ML', 9, '0.00', '0.00', 1),
(3121, 1107, 3129, 'Onsia 8 mg inj.5x4 ml', 10, '319.48', '3194.80', 1),
(3122, 1107, 3130, 'Onsia 8 mg inj.5x4 ml', 8, '0.00', '0.00', 1),
(3123, 1107, 3131, 'CEF 3 1G IV Siam', 50, '64.68', '3234.00', 1),
(3124, 1107, 3132, 'CEF 3 1G IV Siam', 25, '0.00', '0.00', 1),
(3125, 1107, 3133, 'แคล-ออส พลัส ดี ', 1, '0.00', '0.00', 1),
(3126, 1108, 3134, 'IVF-M 150IU', 60, '1000.00', '60000.00', 1),
(3127, 1108, 3135, 'IVF-M 150IU', 12, '0.00', '0.00', 1),
(3128, 1108, 3136, 'Follitrope ชนิดฉีด 150IU', 80, '1900.00', '152000.00', 1),
(3129, 1108, 3138, 'Follitrope ชนิดฉีด 150IU', 24, '0.00', '0.00', 1),
(3130, 1109, 3139, 'Crinone gel 8% ', 20, '2280.00', '45600.00', 1),
(3131, 1109, 3140, 'Crinone gel 8% ', 2, '0.00', '0.00', 1),
(3132, 1109, 3141, 'Gonal F 300IU/0.5ML', 15, '6000.00', '90000.00', 1),
(3133, 1109, 3142, 'Gonal F 300IU/0.5ML', 9, '0.00', '0.00', 1),
(3134, 1110, 3143, 'Gonal F 300IU/0.5ML', 15, '6000.00', '90000.00', 1),
(3135, 1110, 3145, 'Gonal F 300IU/0.5ML', 9, '0.00', '0.00', 1),
(3136, 1110, 3146, 'Ovidrel Syring 250มลก. 1 syringe', 10, '1210.00', '12100.00', 1),
(3137, 1110, 3147, 'Ovidrel Syring 250มลก. 1 syringe', 1, '0.00', '0.00', 1),
(3138, 1111, 3148, 'Follitrope Prefilled syringe 225 IU', 100, '3600.00', '360000.00', 1),
(3139, 1111, 3149, 'Follitrope Prefilled syringe 225 IU', 50, '0.00', '0.00', 1),
(3140, 1112, 3150, 'Crinone gel 8% ', 40, '2280.00', '91200.00', 1),
(3141, 1112, 3151, 'Crinone gel 8% ', 4, '0.00', '0.00', 1),
(3142, 1112, 3152, 'Cetrotide Inj 0.25mg ', 10, '11760.00', '117600.00', 1),
(3143, 1112, 3153, 'Cetrotide Inj 0.25mg ', 2, '0.00', '0.00', 1),
(3144, 1113, 3154, 'Follitrope Prefilled syringe 225 IU', 150, '3600.00', '540000.00', 1),
(3145, 1113, 3155, 'Follitrope Prefilled syringe 225 IU', 75, '0.00', '0.00', 1),
(3146, 1113, 3156, 'Follitrope ชนิดฉีด 150IU', 60, '1900.00', '114000.00', 1),
(3147, 1113, 3157, 'Follitrope ชนิดฉีด 150IU', 18, '0.00', '0.00', 1),
(3148, 1113, 3158, 'IVF-M 150IU', 60, '1000.00', '60000.00', 1),
(3149, 1113, 3159, 'IVF-M 150IU', 12, '0.00', '0.00', 1),
(3150, 1114, 3160, 'Clexane ( 4000 IU/0.4 ml) 2 syringes', 150, '540.80', '81120.00', 1),
(3151, 1115, 3161, 'IVF-M 150IU', 40, '1000.00', '40000.00', 1),
(3152, 1115, 3162, 'IVF-M 150IU', 8, '0.00', '0.00', 1),
(3153, 1115, 3163, 'Follitrope ชนิดฉีด 150IU', 40, '1900.00', '76000.00', 1),
(3154, 1115, 3164, 'Follitrope ชนิดฉีด 150IU', 12, '0.00', '0.00', 1),
(3155, 1116, 3165, 'Crinone gel 8% ', 20, '2280.00', '45600.00', 1),
(3156, 1116, 3166, 'Crinone gel 8% ', 2, '0.00', '0.00', 1),
(3157, 1116, 3167, 'Gonal F 300IU/0.5ML', 15, '6000.00', '90000.00', 1),
(3158, 1116, 3168, 'Gonal F 300IU/0.5ML', 9, '0.00', '0.00', 1),
(3159, 1116, 3169, 'Cetrotide Inj 0.25mg ', 10, '11760.00', '117600.00', 1),
(3160, 1116, 3170, 'Cetrotide Inj 0.25mg ', 2, '0.00', '0.00', 1),
(3161, 1117, 3171, 'Propofol-Lipuro 1% 50ml', 50, '200.00', '10000.00', 1),
(3162, 1118, 3172, 'Crinone gel 8% ', 20, '2280.00', '45600.00', 1),
(3163, 1118, 3173, 'Crinone gel 8% ', 2, '0.00', '0.00', 1),
(3164, 1118, 3174, 'Cetrotide Inj 0.25mg ', 5, '11760.00', '58800.00', 1),
(3165, 1118, 3175, 'Cetrotide Inj 0.25mg ', 1, '0.00', '0.00', 1),
(3166, 1119, 3176, 'Follitrope Prefilled syringe 225 IU', 100, '3600.00', '360000.00', 1),
(3167, 1119, 3177, 'Follitrope Prefilled syringe 225 IU', 50, '0.00', '0.00', 1),
(3168, 1120, 3178, 'Albutein 20%x50ml', 60, '1300.00', '78000.00', 1),
(3169, 1121, 3179, 'IVF-M 75IU', 50, '550.00', '27500.00', 1),
(3170, 1121, 3180, 'IVF-M 75IU', 10, '0.00', '0.00', 1),
(3171, 1121, 3181, 'Follitrope inj.75 IU', 50, '1000.00', '50000.00', 1),
(3172, 1121, 3182, 'Follitrope inj.75 IU', 15, '0.00', '0.00', 1),
(3173, 1122, 3183, 'Onsia 8 mg inj.5x4 ml', 10, '319.48', '3194.80', 1),
(3174, 1122, 3184, 'Onsia 8 mg inj.5x4 ml', 8, '0.00', '0.00', 1),
(3175, 1123, 3185, 'Climara Pad', 150, '342.00', '51300.00', 1),
(3176, 1124, 3186, 'Progynova 2 mg. ', 200, '480.00', '96000.00', 1),
(3177, 1124, 3187, 'Progynova 2 mg. ', 40, '0.00', '0.00', 1),
(3178, 1125, 3188, 'Crinone gel 8% ', 40, '2280.00', '91200.00', 1),
(3179, 1125, 3189, 'Crinone gel 8% ', 4, '0.00', '0.00', 1),
(3180, 1125, 3190, 'Cetrotide Inj 0.25mg ', 10, '11760.00', '117600.00', 1),
(3181, 1125, 3191, 'Cetrotide Inj 0.25mg ', 2, '0.00', '0.00', 1),
(3182, 1126, 3192, 'CEF 3 1G IV Siam', 50, '64.68', '3234.00', 1),
(3183, 1126, 3193, 'CEF 3 1G IV Siam', 25, '0.00', '0.00', 1),
(3184, 1127, 3194, 'IVF-M 75IU', 50, '550.00', '27500.00', 1),
(3185, 1127, 3195, 'IVF-M 75IU', 10, '0.00', '0.00', 1),
(3186, 1128, 3196, 'Ovidrel Syring 250มลก. 1 syringe', 10, '1210.00', '12100.00', 1),
(3187, 1128, 3197, 'Ovidrel Syring 250มลก. 1 syringe', 1, '0.00', '0.00', 1),
(3188, 1129, 3198, 'Ovidrel Syring 250มลก. 1 syringe', 10, '1210.00', '12100.00', 1),
(3189, 1129, 3199, 'Ovidrel Syring 250มลก. 1 syringe', 1, '0.00', '0.00', 1),
(3190, 1129, 3200, 'Gonal F 300IU/0.5ML', 30, '6000.00', '180000.00', 1),
(3191, 1129, 3201, 'Gonal F 300IU/0.5ML', 18, '0.00', '0.00', 1),
(3192, 1130, 3203, 'Cetrotide Inj 0.25mg ', 10, '11760.00', '117600.00', 1),
(3193, 1130, 3204, 'Cetrotide Inj 0.25mg ', 2, '0.00', '0.00', 1),
(3194, 1131, 3205, 'Testoviron 250 mg inj.', 1, '2710.00', '2710.00', 1),
(3195, 1132, 3206, 'Propofol-Lipuro 1% 50ml', 50, '200.00', '10000.00', 1),
(3196, 1133, 3207, 'Follitrope Prefilled syringe 225 IU', 120, '3600.00', '432000.00', 1),
(3197, 1133, 3208, 'Follitrope Prefilled syringe 225 IU', 60, '0.00', '0.00', 1),
(3198, 1134, 3209, 'Albutein 20%x50ml', 60, '1300.00', '78000.00', 1),
(3199, 1135, 3210, 'Follitrope Prefilled syringe 225 IU', 120, '3600.00', '432000.00', 1),
(3200, 1135, 3211, 'Follitrope Prefilled syringe 225 IU', 60, '0.00', '0.00', 1),
(3201, 1135, 3212, 'Follitrope Prefilled syringe 150 IU', 50, '2400.00', '120000.00', 1),
(3202, 1135, 3218, 'Follitrope Prefilled syringe 150 IU', 25, '0.00', '0.00', 1),
(3203, 1135, 3219, 'IVF-M 150IU', 100, '1000.00', '100000.00', 1),
(3204, 1135, 3220, 'IVF-M 150IU', 20, '0.00', '0.00', 1),
(3205, 1135, 3221, 'Follitrope ชนิดฉีด 150IU', 120, '1900.00', '228000.00', 1),
(3206, 1135, 3222, 'Follitrope ชนิดฉีด 150IU', 36, '0.00', '0.00', 1),
(3207, 1136, 3223, 'Crinone gel 8% ', 40, '2280.00', '91200.00', 1),
(3208, 1136, 3224, 'Crinone gel 8% ', 4, '0.00', '0.00', 1),
(3209, 1136, 3225, 'Cetrotide Inj 0.25mg ', 10, '11760.00', '117600.00', 1),
(3210, 1136, 3226, 'Cetrotide Inj 0.25mg ', 2, '0.00', '0.00', 1),
(3211, 1136, 3227, 'Ovidrel Syring 250มลก. 1 syringe', 20, '1210.00', '24200.00', 1),
(3212, 1136, 3228, 'Ovidrel Syring 250มลก. 1 syringe', 2, '0.00', '0.00', 1),
(3213, 1136, 3229, 'Gonal F 300IU/0.5ML', 30, '6000.00', '180000.00', 1),
(3214, 1136, 3230, 'Gonal F 300IU/0.5ML', 18, '0.00', '0.00', 1),
(3215, 1137, 3231, 'Crinone gel 8% ', 40, '2280.00', '91200.00', 1),
(3216, 1137, 3232, 'Crinone gel 8% ', 4, '0.00', '0.00', 1),
(3217, 1137, 3233, 'Cetrotide Inj 0.25mg ', 10, '11760.00', '117600.00', 1),
(3218, 1137, 3234, 'Cetrotide Inj 0.25mg ', 2, '0.00', '0.00', 1),
(3233, 1142, 3244, 'CEF 3 1G IV Siam', 50, '64.68', '3234.00', 1),
(3234, 1142, 3245, 'CEF 3 1G IV Siam', 25, '0.00', '0.00', 1),
(3235, 1142, 3246, 'Onsia 8 mg inj.5x4 ml', 10, '319.48', '3194.80', 1),
(3236, 1142, 3247, 'Onsia 8 mg inj.5x4 ml', 8, '0.00', '0.00', 1),
(3237, 1142, 3250, 'Folic acid (100x10 tablets)', 1, '0.00', '0.00', 1),
(3238, 1143, 3251, 'IVF-M 150IU', 50, '1000.00', '50000.00', 1),
(3239, 1143, 3252, 'IVF-M 150IU', 10, '0.00', '0.00', 1),
(3240, 1143, 3253, 'Follitrope ชนิดฉีด 150IU', 100, '1900.00', '190000.00', 1),
(3241, 1143, 3254, 'Follitrope ชนิดฉีด 150IU', 30, '0.00', '0.00', 1),
(3242, 1144, 3255, 'Clexane ( 4000 IU/0.4 ml) 2 syringes', 100, '540.80', '54080.00', 1),
(3243, 1145, 3256, 'Gonal F 300IU/0.5ML', 30, '6000.00', '180000.00', 1),
(3244, 1145, 3257, 'Gonal F 300IU/0.5ML', 18, '0.00', '0.00', 1),
(3245, 1145, 3258, 'Cetrotide Inj 0.25mg ', 10, '11760.00', '117600.00', 1),
(3246, 1145, 3259, 'Cetrotide Inj 0.25mg ', 2, '0.00', '0.00', 1),
(3247, 1146, 3260, 'Ovidrel Syring 250มลก. 1 syringe', 20, '1210.00', '24200.00', 1),
(3248, 1146, 3261, 'Ovidrel Syring 250มลก. 1 syringe', 2, '0.00', '0.00', 1),
(3249, 1146, 3262, 'Cetrotide Inj 0.25mg ', 10, '11760.00', '117600.00', 1),
(3250, 1146, 3263, 'Cetrotide Inj 0.25mg ', 2, '0.00', '0.00', 1),
(3251, 1147, 3264, 'Follitrope Prefilled syringe 225 IU', 100, '3600.00', '360000.00', 1),
(3252, 1147, 3265, 'Follitrope Prefilled syringe 225 IU', 50, '0.00', '0.00', 1),
(3253, 1147, 3266, 'IVF-M 75IU', 50, '550.00', '27500.00', 1),
(3254, 1147, 3267, 'IVF-M 75IU', 10, '0.00', '0.00', 1),
(3255, 1147, 3268, 'IVF-M 150IU', 50, '1000.00', '50000.00', 1),
(3256, 1147, 3269, 'IVF-M 150IU', 10, '0.00', '0.00', 1),
(3257, 1148, 3270, 'Follitrope Prefilled syringe 225 IU', 150, '3600.00', '540000.00', 1),
(3258, 1148, 3271, 'Follitrope Prefilled syringe 225 IU', 75, '0.00', '0.00', 1),
(3259, 1149, 3272, 'Gonal F 300IU/0.5ML', 15, '6000.00', '90000.00', 1),
(3260, 1149, 3273, 'Gonal F 300IU/0.5ML', 9, '0.00', '0.00', 1),
(3261, 1149, 3274, 'Cetrotide Inj 0.25mg ', 5, '11760.00', '58800.00', 1),
(3262, 1149, 3275, 'Cetrotide Inj 0.25mg ', 1, '0.00', '0.00', 1),
(3263, 1149, 3276, 'Crinone gel 8% ', 20, '2280.00', '45600.00', 1),
(3264, 1149, 3277, 'Crinone gel 8% ', 2, '0.00', '0.00', 1),
(3265, 1150, 3278, 'Follitrope Prefilled syringe 150 IU', 100, '2400.00', '240000.00', 1),
(3266, 1150, 3279, 'Follitrope Prefilled syringe 150 IU', 50, '0.00', '0.00', 1),
(3267, 1150, 3280, 'IVF-M 150IU', 80, '1000.00', '80000.00', 1),
(3268, 1150, 3281, 'IVF-M 150IU', 16, '0.00', '0.00', 1),
(3269, 1151, 3282, 'Gonal F 300IU/0.5ML', 30, '6000.00', '180000.00', 1),
(3270, 1151, 3283, 'Gonal F 300IU/0.5ML', 18, '0.00', '0.00', 1),
(3271, 1151, 3284, 'Crinone gel 8% ', 20, '2280.00', '45600.00', 1),
(3272, 1151, 3285, 'Crinone gel 8% ', 2, '0.00', '0.00', 1),
(3273, 1152, 3286, 'Proluton Depot 250 mg inj.', 10, '2065.00', '20650.00', 1),
(3274, 1153, 3287, 'Follitrope inj.75 IU', 60, '1000.00', '60000.00', 1),
(3275, 1153, 3288, 'Follitrope inj.75 IU', 18, '0.00', '0.00', 1),
(3276, 1153, 3289, 'Follitrope ชนิดฉีด 150IU', 100, '1900.00', '190000.00', 1),
(3277, 1153, 3290, 'Follitrope ชนิดฉีด 150IU', 30, '0.00', '0.00', 1),
(3278, 1154, 3291, 'Gonal F 300IU/0.5ML', 30, '6000.00', '180000.00', 1),
(3279, 1154, 3292, 'Gonal F 300IU/0.5ML', 18, '0.00', '0.00', 1),
(3280, 1154, 3293, 'Crinone gel 8% ', 20, '2280.00', '45600.00', 1),
(3281, 1154, 3294, 'Crinone gel 8% ', 2, '0.00', '0.00', 1),
(3282, 1154, 3295, 'Cetrotide Inj 0.25mg ', 5, '11760.00', '58800.00', 1),
(3283, 1154, 3296, 'Cetrotide Inj 0.25mg ', 1, '0.00', '0.00', 1),
(3284, 1155, 3297, 'Crinone gel 8% ', 20, '2280.00', '45600.00', 1),
(3285, 1155, 3298, 'Crinone gel 8% ', 2, '0.00', '0.00', 1),
(3286, 1155, 3299, 'Cetrotide Inj 0.25mg ', 5, '11760.00', '58800.00', 1),
(3287, 1155, 3300, 'Cetrotide Inj 0.25mg ', 1, '0.00', '0.00', 1),
(3288, 1156, 3301, 'Follitrope Prefilled syringe 225 IU', 100, '3600.00', '360000.00', 1),
(3289, 1156, 3302, 'Follitrope Prefilled syringe 225 IU', 50, '0.00', '0.00', 1),
(3290, 1157, 3303, 'Climara Pad', 100, '342.00', '34200.00', 1),
(3291, 1158, 3304, 'Xylocaine Jelly 2%30 gm', 6, '133.00', '798.00', 1),
(3292, 1158, 3305, 'Intralipid 20%', 24, '461.00', '11064.00', 1),
(3293, 1158, 3306, 'Propofol-Lipuro 1% 50ml', 20, '200.00', '4000.00', 1),
(3294, 1159, 3307, 'Ovidrel Syring 250มลก. 1 syringe', 10, '1210.00', '12100.00', 1),
(3295, 1159, 3309, 'Ovidrel Syring 250มลก. 1 syringe', 1, '0.00', '0.00', 1),
(3296, 1159, 3310, 'Crinone gel 8% ', 20, '2280.00', '45600.00', 1),
(3297, 1159, 3311, 'Crinone gel 8% ', 2, '0.00', '0.00', 1),
(3298, 1159, 3312, 'Cetrotide Inj 0.25mg ', 5, '11760.00', '58800.00', 1),
(3299, 1159, 3313, 'Cetrotide Inj 0.25mg ', 1, '0.00', '0.00', 1),
(3300, 1160, 3314, 'Cetrotide Inj 0.25mg ', 10, '11760.00', '117600.00', 1),
(3301, 1160, 3315, 'Cetrotide Inj 0.25mg ', 2, '0.00', '0.00', 1),
(3302, 1160, 3316, 'Crinone gel 8% ', 40, '2280.00', '91200.00', 1),
(3303, 1160, 3317, 'Crinone gel 8% ', 4, '0.00', '0.00', 1),
(3304, 1160, 3318, 'Ovidrel Syring 250มลก. 1 syringe', 10, '1210.00', '12100.00', 1),
(3305, 1160, 3319, 'Ovidrel Syring 250มลก. 1 syringe', 1, '0.00', '0.00', 1),
(3306, 1160, 3320, 'Gonal F 300IU/0.5ML', 15, '6000.00', '90000.00', 1),
(3307, 1160, 3321, 'Gonal F 300IU/0.5ML', 9, '0.00', '0.00', 1),
(3308, 1161, 3322, 'Proluton Depot 250 mg inj.', 10, '2065.00', '20650.00', 1),
(3309, 1162, 3323, 'Follitrope ชนิดฉีด 150IU', 80, '1900.00', '152000.00', 1),
(3310, 1162, 3324, 'Follitrope ชนิดฉีด 150IU', 24, '0.00', '0.00', 1),
(3311, 1162, 3325, 'Follitrope Prefilled syringe 150 IU', 80, '2400.00', '192000.00', 1),
(3312, 1162, 3326, 'Follitrope Prefilled syringe 150 IU', 40, '0.00', '0.00', 1),
(3313, 1162, 3327, 'IVF-M 150IU', 80, '1000.00', '80000.00', 1),
(3314, 1162, 3328, 'IVF-M 150IU', 16, '0.00', '0.00', 1),
(3320, 1164, 3329, 'CEF 3 1G IV Siam', 50, '64.68', '3234.00', 1),
(3321, 1164, 3330, 'CEF 3 1G IV Siam', 25, '0.00', '0.00', 1),
(3322, 1164, 3331, 'Onsia 8 mg inj.5x4 ml', 10, '319.48', '3194.80', 1),
(3323, 1164, 3332, 'Onsia 8 mg inj.5x4 ml', 8, '0.00', '0.00', 1),
(3324, 1164, 3333, 'Folic acid (100x10 tablets)', 1, '0.00', '0.00', 1),
(3325, 1165, 3334, 'Progynova 2 mg. ', 100, '480.00', '48000.00', 1),
(3326, 1165, 3335, 'Progynova 2 mg. ', 20, '0.00', '0.00', 1),
(3327, 1166, 3336, 'Follitrope Prefilled syringe 225 IU', 100, '3600.00', '360000.00', 1),
(3328, 1166, 3337, 'Follitrope Prefilled syringe 225 IU', 50, '0.00', '0.00', 1),
(3329, 1167, 3338, 'Crinone gel 8% ', 40, '2280.00', '91200.00', 1),
(3330, 1167, 3339, 'Crinone gel 8% ', 4, '0.00', '0.00', 1),
(3331, 1168, 3340, 'Ovidrel Syring 250มลก. 1 syringe', 10, '1210.00', '12100.00', 1),
(3332, 1168, 3341, 'Ovidrel Syring 250มลก. 1 syringe', 1, '0.00', '0.00', 1),
(3333, 1168, 3342, 'Gonal F 300IU/0.5ML', 15, '6000.00', '90000.00', 1),
(3334, 1168, 3343, 'Gonal F 300IU/0.5ML', 9, '0.00', '0.00', 1),
(3335, 1169, 3344, 'Cyclo-Progynova', 20, '160.00', '3200.00', 1),
(3336, 1170, 3345, 'Follitrope Prefilled syringe 225 IU', 50, '3600.00', '180000.00', 1),
(3337, 1170, 3346, 'Follitrope Prefilled syringe 225 IU', 25, '0.00', '0.00', 1),
(3338, 1170, 3347, 'IVF-M 150IU', 50, '1000.00', '50000.00', 1),
(3339, 1170, 3348, 'IVF-M 150IU', 10, '0.00', '0.00', 1),
(3340, 1170, 3349, 'Follitrope ชนิดฉีด 150IU', 80, '1900.00', '152000.00', 1),
(3341, 1170, 3350, 'Follitrope ชนิดฉีด 150IU', 24, '0.00', '0.00', 1),
(3342, 1171, 3351, 'Clexane ( 4000 IU/0.4 ml) 2 syringes', 100, '540.80', '54080.00', 1),
(3343, 1171, 3352, 'Propofol-Lipuro 1% 50ml', 30, '200.00', '6000.00', 1),
(3344, 1171, 3354, 'Cyclogest 400 Pessaries', 10, '820.00', '8200.00', 1),
(3345, 1172, 3355, 'Crinone gel 8% ', 40, '2280.00', '91200.00', 1),
(3346, 1172, 3356, 'Crinone gel 8% ', 4, '0.00', '0.00', 1),
(3347, 1172, 3357, 'Gonal F 300IU/0.5ML', 30, '6000.00', '180000.00', 1),
(3348, 1172, 3358, 'Gonal F 300IU/0.5ML', 18, '0.00', '0.00', 1),
(3349, 1173, 3359, 'Cetrotide Inj 0.25mg ', 10, '11760.00', '117600.00', 1),
(3350, 1173, 3360, 'Cetrotide Inj 0.25mg ', 2, '0.00', '0.00', 1),
(3351, 1174, 3361, 'Progynova 2 mg. ', 100, '480.00', '48000.00', 1),
(3352, 1174, 3362, 'Progynova 2 mg. ', 20, '0.00', '0.00', 1),
(3353, 1175, 3363, 'IVF-M 75IU', 60, '550.00', '33000.00', 1),
(3354, 1175, 3364, 'IVF-M 75IU', 12, '0.00', '0.00', 1),
(3355, 1176, 3365, 'Crinone gel 8% ', 40, '2280.00', '91200.00', 1),
(3356, 1176, 3366, 'Crinone gel 8% ', 4, '0.00', '0.00', 1),
(3357, 1177, 3367, 'Cetrotide Inj 0.25mg ', 10, '11760.00', '117600.00', 1),
(3358, 1177, 3368, 'Cetrotide Inj 0.25mg ', 2, '0.00', '0.00', 1),
(3359, 1178, 3369, 'Cetrotide Inj 0.25mg ', 5, '11760.00', '58800.00', 1),
(3360, 1178, 3370, 'Cetrotide Inj 0.25mg ', 1, '0.00', '0.00', 1);
INSERT INTO `POdetail` (`id`, `head_id`, `PR_id`, `item_name`, `qty`, `unit_price`, `total_price`, `ready_rec`) VALUES
(3361, 1178, 3372, 'Crinone gel 8% ', 20, '2280.00', '45600.00', 1),
(3362, 1178, 3373, 'Crinone gel 8% ', 2, '0.00', '0.00', 1),
(3363, 1179, 3374, 'Yasmin 1x21', 12, '350.00', '4200.00', 1),
(3364, 1179, 3375, 'Yasmin 1x21', 3, '0.00', '0.00', 1),
(3365, 1180, 3376, 'Follitrope Prefilled syringe 225 IU', 100, '3600.00', '360000.00', 1),
(3366, 1180, 3377, 'Follitrope Prefilled syringe 225 IU', 50, '0.00', '0.00', 1),
(3367, 1181, 3378, 'Crinone gel 8% ', 40, '2280.00', '91200.00', 1),
(3368, 1181, 3379, 'Crinone gel 8% ', 4, '0.00', '0.00', 1),
(3369, 1181, 3380, 'Gonal F 300IU/0.5ML', 15, '6000.00', '90000.00', 1),
(3370, 1181, 3381, 'Gonal F 300IU/0.5ML', 9, '0.00', '0.00', 1),
(3371, 1183, 3382, 'IVF-M 150IU', 60, '1000.00', '60000.00', 1),
(3372, 1183, 3383, 'IVF-M 150IU', 12, '0.00', '0.00', 1),
(3373, 1183, 3384, 'Follitrope ชนิดฉีด 150IU', 60, '1900.00', '114000.00', 1),
(3374, 1183, 3385, 'Follitrope ชนิดฉีด 150IU', 18, '0.00', '0.00', 1),
(3375, 1184, 3386, 'Cetrotide Inj 0.25mg ', 5, '11760.00', '58800.00', 1),
(3376, 1184, 3387, 'Cetrotide Inj 0.25mg ', 1, '0.00', '0.00', 1),
(3377, 1184, 3388, 'Crinone gel 8% ', 20, '2280.00', '45600.00', 1),
(3378, 1184, 3389, 'Crinone gel 8% ', 2, '0.00', '0.00', 1),
(3379, 1185, 3390, 'Premium Royal Jelly', 20, '891.59', '17831.80', 1),
(3380, 1186, 3391, 'CEF 3 1G IV Siam', 50, '64.68', '3234.00', 0),
(3381, 1186, 3392, 'CEF 3 1G IV Siam', 25, '0.00', '0.00', 0),
(3382, 1186, 3393, 'Onsia 8 mg inj.5x4 ml', 10, '319.48', '3194.80', 0),
(3383, 1186, 3394, 'Onsia 8 mg inj.5x4 ml', 8, '0.00', '0.00', 0),
(3384, 1186, 3395, 'Folic acid (100x10 tablets)', 1, '0.00', '0.00', 0),
(3385, 1187, 3396, 'Proluton Depot 250 mg inj.', 10, '2065.00', '20650.00', 1),
(3386, 1188, 3397, 'Follitrope Prefilled syringe 225 IU', 100, '3600.00', '360000.00', 1),
(3387, 1188, 3398, 'Follitrope Prefilled syringe 225 IU', 50, '0.00', '0.00', 1),
(3388, 1188, 3399, 'IVF-M 75IU', 60, '550.00', '33000.00', 1),
(3389, 1188, 3400, 'IVF-M 75IU', 12, '0.00', '0.00', 1),
(3390, 1189, 3401, 'Cetrotide Inj 0.25mg ', 5, '11760.00', '58800.00', 1),
(3391, 1189, 3402, 'Cetrotide Inj 0.25mg ', 1, '0.00', '0.00', 1),
(3392, 1190, 3403, 'Crinone gel 8% ', 20, '2280.00', '45600.00', 1),
(3393, 1190, 3404, 'Crinone gel 8% ', 2, '0.00', '0.00', 1),
(3394, 1191, 3405, 'Progynova 2 mg. ', 100, '480.00', '48000.00', 1),
(3395, 1191, 3406, 'Progynova 2 mg. ', 20, '0.00', '0.00', 1),
(3396, 1191, 3407, 'Climara Pad', 80, '342.00', '27360.00', 1),
(3397, 1192, 3408, 'Propofol-Lipuro 1% 50ml', 50, '200.00', '10000.00', 1),
(3398, 1193, 3409, 'Intralipid 20%', 24, '461.00', '11064.00', 1),
(3399, 1194, 3410, 'Follitrope Prefilled syringe 225 IU', 100, '3600.00', '360000.00', 1),
(3400, 1194, 3411, 'Follitrope Prefilled syringe 225 IU', 50, '0.00', '0.00', 1),
(3401, 1195, 3412, 'Cetrotide Inj 0.25mg ', 10, '11760.00', '117600.00', 1),
(3402, 1195, 3413, 'Cetrotide Inj 0.25mg ', 2, '0.00', '0.00', 1),
(3403, 1195, 3414, 'Crinone gel 8% ', 40, '2280.00', '91200.00', 1),
(3404, 1195, 3415, 'Crinone gel 8% ', 4, '0.00', '0.00', 1),
(3405, 1195, 3416, 'Ovidrel Syring 250มลก. 1 syringe', 10, '1210.00', '12100.00', 1),
(3406, 1195, 3417, 'Ovidrel Syring 250มลก. 1 syringe', 1, '0.00', '0.00', 1),
(3407, 1196, 3418, 'IVF-M 150IU', 80, '1000.00', '80000.00', 1),
(3408, 1196, 3419, 'IVF-M 150IU', 16, '0.00', '0.00', 1),
(3409, 1196, 3420, 'Follitrope ชนิดฉีด 150IU', 80, '1900.00', '152000.00', 1),
(3410, 1196, 3421, 'Follitrope ชนิดฉีด 150IU', 24, '0.00', '0.00', 1),
(3411, 1197, 3422, 'Clexane ( 4000 IU/0.4 ml) 2 syringes', 100, '540.80', '54080.00', 1),
(3412, 1198, 3423, 'Gonal F 300IU/0.5ML', 15, '6000.00', '90000.00', 1),
(3413, 1198, 3424, 'Gonal F 300IU/0.5ML', 9, '0.00', '0.00', 1),
(3414, 1199, 3425, 'Cetrotide Inj 0.25mg ', 5, '11760.00', '58800.00', 1),
(3415, 1199, 3426, 'Cetrotide Inj 0.25mg ', 1, '0.00', '0.00', 1),
(3416, 1199, 3427, 'Crinone gel 8% ', 20, '2280.00', '45600.00', 1),
(3417, 1199, 3428, 'Crinone gel 8% ', 2, '0.00', '0.00', 1),
(3418, 1200, 3429, 'Proluton Depot 250 mg inj.', 5, '2065.00', '10325.00', 1),
(3419, 1201, 3430, 'Propofol-Lipuro 1% 50ml', 40, '200.00', '8000.00', 1),
(3420, 1202, 3431, 'Progynova 2 mg. ', 200, '480.00', '96000.00', 1),
(3421, 1202, 3432, 'Progynova 2 mg. ', 40, '0.00', '0.00', 1),
(3422, 1203, 3433, 'Xylocain 2% สำหรับฉีด 10x20ML', 1, '481.00', '481.00', 1),
(3423, 1204, 3434, 'Albutein 20%x50ml', 20, '1300.00', '26000.00', 1),
(3424, 1206, 3435, 'Cetrotide Inj 0.25mg ', 10, '11760.00', '117600.00', 1),
(3425, 1206, 3436, 'Cetrotide Inj 0.25mg ', 2, '0.00', '0.00', 1),
(3426, 1206, 3437, 'Crinone gel 8% ', 40, '2280.00', '91200.00', 1),
(3427, 1206, 3438, 'Crinone gel 8% ', 4, '0.00', '0.00', 1),
(3428, 1206, 3439, 'Ovidrel Syring 250มลก. 1 syringe', 10, '1210.00', '12100.00', 1),
(3429, 1206, 3440, 'Ovidrel Syring 250มลก. 1 syringe', 1, '0.00', '0.00', 1),
(3430, 1207, 3441, 'IVF-M 150IU', 50, '1000.00', '50000.00', 1),
(3431, 1207, 3442, 'IVF-M 150IU', 10, '0.00', '0.00', 1),
(3432, 1207, 3443, 'Follitrope ชนิดฉีด 150IU', 50, '1900.00', '95000.00', 1),
(3433, 1207, 3444, 'Follitrope ชนิดฉีด 150IU', 15, '0.00', '0.00', 1),
(3434, 1207, 3445, 'Follitrope Prefilled syringe 225 IU', 100, '3600.00', '360000.00', 1),
(3435, 1207, 3446, 'Follitrope Prefilled syringe 225 IU', 50, '0.00', '0.00', 1),
(3436, 1208, 3447, 'Yasmin 1x21', 12, '360.00', '4320.00', 1),
(3437, 1208, 3448, 'Yasmin 1x21', 3, '0.00', '0.00', 1),
(3438, 1210, 3449, 'IVF-M 75IU', 50, '550.00', '27500.00', 1),
(3439, 1210, 3451, 'IVF-M 75IU', 10, '0.00', '0.00', 1),
(3440, 1210, 3452, 'IVF-M 150IU', 50, '1000.00', '50000.00', 1),
(3441, 1210, 3453, 'IVF-M 150IU', 10, '0.00', '0.00', 1),
(3442, 1210, 3454, 'Follitrope ชนิดฉีด 150IU', 50, '1900.00', '95000.00', 1),
(3443, 1210, 3455, 'Follitrope ชนิดฉีด 150IU', 15, '0.00', '0.00', 1),
(3444, 1210, 3456, 'Follitrope Prefilled syringe 150 IU', 100, '2400.00', '240000.00', 1),
(3445, 1210, 3457, 'Follitrope Prefilled syringe 150 IU', 50, '0.00', '0.00', 1),
(3446, 1211, 3458, 'Cetrotide Inj 0.25mg ', 5, '11760.00', '58800.00', 1),
(3447, 1211, 3459, 'Cetrotide Inj 0.25mg ', 1, '0.00', '0.00', 1),
(3448, 1211, 3460, 'Ovidrel Syring 250มลก. 1 syringe', 10, '1210.00', '12100.00', 1),
(3449, 1211, 3461, 'Ovidrel Syring 250มลก. 1 syringe', 1, '0.00', '0.00', 1),
(3450, 1211, 3462, 'Gonal F 300IU/0.5ML', 15, '6000.00', '90000.00', 1),
(3451, 1211, 3463, 'Gonal F 300IU/0.5ML', 9, '0.00', '0.00', 1),
(3452, 1212, 3464, 'Onsia 8 mg inj.5x4 ml', 10, '319.48', '3194.80', 1),
(3453, 1212, 3465, 'Onsia 8 mg inj.5x4 ml', 8, '0.00', '0.00', 1),
(3454, 1212, 3466, 'CEF 3 1G IV Siam', 50, '64.68', '3234.00', 1),
(3455, 1212, 3467, 'CEF 3 1G IV Siam', 25, '0.00', '0.00', 1),
(3456, 1213, 3468, 'Gonal F 300IU/0.5ML', 15, '6000.00', '90000.00', 1),
(3457, 1213, 3469, 'Gonal F 300IU/0.5ML', 9, '0.00', '0.00', 1),
(3458, 1213, 3470, 'Crinone gel 8% ', 40, '2280.00', '91200.00', 1),
(3459, 1213, 3471, 'Crinone gel 8% ', 4, '0.00', '0.00', 1),
(3460, 1214, 3472, 'Proluton Depot 250 mg inj.', 5, '2065.00', '10325.00', 1),
(3461, 1214, 3473, 'Climara Pad', 30, '342.00', '10260.00', 1),
(3462, 1215, 3474, 'Follitrope Prefilled syringe 225 IU', 150, '3600.00', '540000.00', 1),
(3463, 1215, 3475, 'Follitrope Prefilled syringe 225 IU', 75, '0.00', '0.00', 1),
(3464, 1215, 3476, 'Follitrope inj.75 IU', 50, '1000.00', '50000.00', 1),
(3465, 1215, 3477, 'Follitrope inj.75 IU', 15, '0.00', '0.00', 1),
(3466, 1216, 3478, 'Clexane ( 4000 IU/0.4 ml) 2 syringes', 150, '540.80', '81120.00', 1),
(3467, 1217, 3479, 'Onsia 8 mg inj.5x4 ml', 10, '319.48', '3194.80', 1),
(3468, 1217, 3480, 'Onsia 8 mg inj.5x4 ml', 8, '0.00', '0.00', 1),
(3469, 1218, 3481, 'Cetrotide Inj 0.25mg ', 5, '11760.00', '58800.00', 1),
(3470, 1218, 3483, 'Cetrotide Inj 0.25mg ', 1, '0.00', '0.00', 1),
(3471, 1218, 3484, 'Crinone gel 8% ', 20, '2280.00', '45600.00', 1),
(3472, 1218, 3485, 'Crinone gel 8% ', 2, '0.00', '0.00', 1),
(3473, 1219, 3486, 'Cetrotide Inj 0.25mg ', 10, '11760.00', '117600.00', 1),
(3474, 1219, 3487, 'Cetrotide Inj 0.25mg ', 2, '0.00', '0.00', 1),
(3475, 1219, 3488, 'Crinone gel 8% ', 40, '2280.00', '91200.00', 1),
(3476, 1219, 3489, 'Crinone gel 8% ', 4, '0.00', '0.00', 1),
(3477, 1220, 3490, 'Follitrope Prefilled syringe 225 IU', 100, '3600.00', '360000.00', 1),
(3478, 1220, 3491, 'Follitrope Prefilled syringe 225 IU', 50, '0.00', '0.00', 1),
(3479, 1221, 3492, 'Ovidrel Syring 250มลก. 1 syringe', 10, '1210.00', '12100.00', 1),
(3480, 1221, 3493, 'Ovidrel Syring 250มลก. 1 syringe', 1, '0.00', '0.00', 1),
(3481, 1221, 3494, 'Gonal F 300IU/0.5ML', 30, '6000.00', '180000.00', 1),
(3482, 1221, 3495, 'Gonal F 300IU/0.5ML', 18, '0.00', '0.00', 1),
(3483, 1222, 3496, 'Albutein 20%x50ml', 40, '1300.00', '52000.00', 1),
(3484, 1223, 3497, 'Primolut N  10x10', 6, '480.00', '2880.00', 1),
(3485, 1224, 3498, 'Follitrope ชนิดฉีด 150IU', 100, '1900.00', '190000.00', 0),
(3486, 1224, 3499, 'Follitrope ชนิดฉีด 150IU', 30, '0.00', '0.00', 0),
(3487, 1224, 3500, 'Follitrope inj.75 IU', 60, '1000.00', '60000.00', 0),
(3488, 1224, 3501, 'Follitrope ฉนิดฉีด 75 IU', 18, '0.00', '0.00', 0),
(3489, 1224, 3502, 'IVF-M 75IU', 80, '550.00', '44000.00', 0),
(3490, 1224, 3503, 'IVF-M 75IU', 16, '0.00', '0.00', 0),
(3491, 1225, 3504, 'Follitrope Prefilled syringe 225 IU', 150, '3600.00', '540000.00', 1),
(3492, 1225, 3505, 'Follitrope Prefilled syringe 225 IU', 75, '0.00', '0.00', 1),
(3495, 1226, 3506, 'Cetrotide Inj 0.25mg ', 5, '11760.00', '58800.00', 1),
(3496, 1226, 3507, 'Cetrotide Inj 0.25mg ', 1, '0.00', '0.00', 1),
(3497, 1226, 3508, 'Crinone gel 8% ', 20, '2280.00', '45600.00', 1),
(3498, 1226, 3509, 'Crinone gel 8% ', 2, '0.00', '0.00', 1),
(3499, 1227, 3510, 'Cetrotide Inj 0.25mg ', 10, '11760.00', '117600.00', 1),
(3500, 1227, 3511, 'Cetrotide Inj 0.25mg ', 2, '0.00', '0.00', 1),
(3501, 1227, 3512, 'Crinone gel 8% ', 40, '2280.00', '91200.00', 1),
(3502, 1227, 3513, 'Crinone gel 8% ', 4, '0.00', '0.00', 1),
(3503, 1227, 3514, 'Gonal F 300IU/0.5ML', 30, '6000.00', '180000.00', 1),
(3504, 1227, 3515, 'Gonal F 300IU/0.5ML', 18, '0.00', '0.00', 1),
(3505, 1229, 3516, 'CEF 3 1G IV Siam', 100, '64.68', '6468.00', 1),
(3506, 1229, 3518, 'CEF 3 1G IV Siam', 50, '0.00', '0.00', 1),
(3507, 1229, 3519, 'Folic acid 5 mg', 1, '0.00', '0.00', 1),
(3508, 1230, 3520, 'Cyclo-Progynova', 40, '160.00', '6400.00', 1),
(3509, 1230, 3521, 'Cyclo-Progynova', 2, '0.00', '0.00', 1),
(3510, 1230, 3522, 'Proluton Depot 250 mg inj.', 10, '2065.00', '20650.00', 1),
(3511, 1230, 3523, 'Climara Pad', 60, '342.00', '20520.00', 1),
(3512, 1231, 3524, 'IVF-M 75IU', 40, '550.00', '22000.00', 1),
(3513, 1231, 3525, 'IVF-M 75IU', 8, '0.00', '0.00', 1),
(3514, 1231, 3526, 'IVF-M 150IU', 60, '1000.00', '60000.00', 1),
(3515, 1231, 3527, 'IVF-M 150IU', 12, '0.00', '0.00', 1),
(3516, 1231, 3528, 'Follitrope ชนิดฉีด 150IU', 100, '1900.00', '190000.00', 1),
(3517, 1231, 3529, 'Follitrope ชนิดฉีด 150IU', 30, '0.00', '0.00', 1),
(3518, 1231, 3530, 'Follitrope Prefilled syringe 225 IU', 100, '3600.00', '360000.00', 1),
(3519, 1231, 3531, 'Follitrope Prefilled syringe 225 IU', 50, '0.00', '0.00', 1),
(3520, 1232, 3532, 'Cetrotide Inj 0.25mg ', 10, '11760.00', '117600.00', 1),
(3521, 1232, 3533, 'Cetrotide Inj 0.25mg ', 2, '0.00', '0.00', 1),
(3522, 1232, 3534, 'Crinone gel 8% ', 20, '2280.00', '45600.00', 1),
(3523, 1232, 3535, 'Crinone gel 8% ', 2, '0.00', '0.00', 1),
(3524, 1232, 3536, 'Gonal F 300IU/0.5ML', 30, '6000.00', '180000.00', 1),
(3525, 1232, 3537, 'Gonal F 300IU/0.5ML', 18, '0.00', '0.00', 1),
(3526, 1233, 3538, 'Cetrotide Inj 0.25mg ', 10, '11760.00', '117600.00', 1),
(3527, 1233, 3539, 'Cetrotide Inj 0.25mg ', 2, '0.00', '0.00', 1),
(3528, 1233, 3540, 'Ovidrel Syring 250มลก. 1 syringe', 20, '1210.00', '24200.00', 1),
(3529, 1233, 3541, 'Ovidrel Syring 250มลก. 1 syringe', 2, '0.00', '0.00', 1),
(3530, 1233, 3542, 'Gonal F 300IU/0.5ML', 30, '6000.00', '180000.00', 1),
(3531, 1233, 3543, 'Gonal F 300IU/0.5ML', 18, '0.00', '0.00', 1),
(3532, 1234, 3544, 'Clexane ( 4000 IU/0.4 ml) 2 syringes', 100, '540.80', '54080.00', 1),
(3533, 1235, 3545, 'Follitrope ชนิดฉีด 150IU', 100, '1900.00', '190000.00', 1),
(3534, 1235, 3546, 'Follitrope ชนิดฉีด 150IU', 30, '0.00', '0.00', 1),
(3535, 1236, 3547, 'Follitrope ชนิดฉีด 150IU', 100, '1900.00', '190000.00', 1),
(3536, 1236, 3548, 'Follitrope ชนิดฉีด 150IU', 30, '0.00', '0.00', 1),
(3537, 1237, 3549, 'Follitrope Prefilled syringe 225 IU', 100, '3600.00', '360000.00', 1),
(3538, 1237, 3550, 'Follitrope Prefilled syringe 225 IU', 50, '0.00', '0.00', 1),
(3539, 1237, 3551, 'Follitrope inj.75 IU', 30, '1000.00', '30000.00', 1),
(3540, 1237, 3552, 'Follitrope inj.75 IU', 9, '0.00', '0.00', 1),
(3541, 1237, 3553, 'IVF-M 150IU', 80, '1000.00', '80000.00', 1),
(3542, 1237, 3554, 'IVF-M 150IU', 16, '0.00', '0.00', 1),
(3543, 1238, 3555, 'Crinone gel 8% ', 40, '2280.00', '91200.00', 1),
(3544, 1238, 3558, 'Crinone gel 8% ', 4, '0.00', '0.00', 1),
(3548, 1239, 3559, 'Clexane ( 4000 IU/0.4 ml) 2 syringes', 150, '540.80', '81120.00', 1),
(3549, 1239, 3561, 'Propofol Lipuro 1% 20ML', 100, '90.00', '9000.00', 1),
(3551, 1240, 3563, 'IVF-M 75IU', 12, '0.00', '0.00', 1),
(3552, 1240, 3562, 'IVF-M 75IU', 60, '550.00', '33000.00', 1),
(3553, 1240, 3564, 'IVF-M 150IU', 60, '1000.00', '60000.00', 1),
(3554, 1240, 3565, 'IVF-M 150IU', 12, '0.00', '0.00', 1),
(3555, 1240, 3566, 'Follitrope inj.75 IU', 50, '1000.00', '50000.00', 1),
(3556, 1240, 3569, 'Follitrope inj.75 IU', 15, '0.00', '0.00', 1),
(3557, 1240, 3570, 'Follitrope Prefilled syringe 150 IU', 50, '2400.00', '120000.00', 1),
(3558, 1240, 3572, 'Follitrope Prefilled syringe 150 IU', 25, '0.00', '0.00', 1),
(3559, 1240, 3574, 'Follitrope Prefilled syringe 225 IU', 100, '3600.00', '360000.00', 1),
(3560, 1240, 3575, 'Follitrope Prefilled syringe 225 IU', 50, '0.00', '0.00', 1),
(3561, 1241, 3576, 'Cetrotide Inj 0.25mg ', 5, '11760.00', '58800.00', 1),
(3562, 1241, 3577, 'Cetrotide Inj 0.25mg ', 1, '0.00', '0.00', 1),
(3563, 1241, 3578, 'Crinone gel 8% ', 20, '2280.00', '45600.00', 1),
(3564, 1241, 3579, 'Crinone gel 8% ', 2, '0.00', '0.00', 1),
(3565, 1241, 3580, 'Gonal F 300IU/0.5ML', 15, '6000.00', '90000.00', 1),
(3566, 1242, 3581, 'Cetrotide Inj 0.25mg ', 10, '11760.00', '117600.00', 1),
(3567, 1242, 3582, 'Cetrotide Inj 0.25mg ', 2, '0.00', '0.00', 1),
(3568, 1242, 3583, 'Crinone gel 8% ', 40, '2280.00', '91200.00', 1),
(3569, 1242, 3584, 'Crinone gel 8% ', 4, '0.00', '0.00', 1),
(3570, 1242, 3585, 'Gonal F 300IU/0.5ML', 30, '6000.00', '180000.00', 1),
(3571, 1242, 3586, 'Gonal F 300IU/0.5ML', 18, '0.00', '0.00', 1),
(3572, 1242, 3587, 'Ovidrel Syring 250มลก. 1 syringe', 10, '1210.00', '12100.00', 1),
(3573, 1242, 3588, 'Ovidrel Syring 250มลก. 1 syringe', 1, '0.00', '0.00', 1),
(3574, 1243, 3589, 'Proluton Depot 250 mg inj.', 5, '2065.00', '10325.00', 1),
(3575, 1244, 3590, 'Intralipid 20%', 30, '461.00', '13830.00', 1),
(3576, 1245, 3591, 'CEF 3 1G IV Siam', 100, '64.68', '6468.00', 1),
(3577, 1245, 3593, 'CEF 3 1G IV Siam', 50, '0.00', '0.00', 1),
(3578, 1245, 3594, 'Folic acid (100x10 tablets)', 1, '0.00', '0.00', 1),
(3579, 1246, 3595, 'Cyclo-Progynova', 40, '160.00', '6400.00', 1),
(3580, 1246, 3596, 'Cyclo-Progynova', 2, '0.00', '0.00', 1),
(3581, 1246, 3597, 'Proluton Depot 250 mg inj.', 10, '2065.00', '20650.00', 1),
(3582, 1246, 3598, 'Climara Pad', 60, '342.00', '20520.00', 1),
(3583, 1247, 3599, 'Cetrotide Inj 0.25mg ', 10, '11760.00', '117600.00', 1),
(3584, 1247, 3600, 'Cetrotide Inj 0.25mg ', 2, '0.00', '0.00', 1),
(3585, 1247, 3601, 'Crinone gel 8% ', 40, '2280.00', '91200.00', 1),
(3586, 1247, 3602, 'Crinone gel 8% ', 4, '0.00', '0.00', 1),
(3587, 1248, 3603, 'Crinone gel 8% ', 40, '2280.00', '91200.00', 0),
(3588, 1248, 3604, 'Crinone gel 8% ', 4, '0.00', '0.00', 0),
(3589, 1249, 3605, 'CEF 3 1G IV Siam', 50, '64.68', '3234.00', 1),
(3590, 1249, 3606, 'CEF 3 1G IV Siam', 25, '0.00', '0.00', 1),
(3591, 1249, 3607, 'Onsia 8 mg inj.5x4 ml', 10, '319.48', '3194.80', 1),
(3592, 1249, 3608, 'Onsia 8 mg inj.5x4 ml', 8, '0.00', '0.00', 1),
(3593, 1249, 3609, 'Folic acid 5 mg', 1, '0.00', '0.00', 1),
(3594, 1250, 3610, 'Follitrope ชนิดฉีด 150IU', 100, '1900.00', '190000.00', 1),
(3595, 1250, 3611, 'Follitrope ชนิดฉีด 150IU', 30, '0.00', '0.00', 1),
(3596, 1251, 3612, 'Albutein 20%x50ml', 30, '1300.00', '39000.00', 1),
(3597, 1252, 3613, 'Propofol-Lipuro 1% 50ml', 30, '200.00', '6000.00', 1),
(3598, 1253, 3614, 'Propofol Lipuro 1% 20ML', 20, '90.00', '1800.00', 1),
(3603, 1255, 3615, 'Progynova 2 mg. ', 200, '480.00', '96000.00', 1),
(3604, 1255, 3616, 'Progynova 2 mg. ', 10, '0.00', '0.00', 1),
(3605, 1255, 3617, 'Climara Pad', 100, '342.00', '34200.00', 1),
(3606, 1255, 3618, 'Climara Pad', 5, '0.00', '0.00', 1),
(3607, 1255, 3619, 'Proluton Depot 250 mg inj.', 5, '2065.00', '10325.00', 1),
(3608, 1257, 3620, 'Follitrope Prefilled syringe 225 IU', 100, '3600.00', '360000.00', 1),
(3609, 1257, 3621, 'Follitrope Prefilled syringe 225 IU', 50, '0.00', '0.00', 1),
(3610, 1257, 3622, 'Follitrope ชนิดฉีด 150IU', 60, '1900.00', '114000.00', 1),
(3611, 1257, 3623, 'Follitrope ชนิดฉีด 150IU', 18, '0.00', '0.00', 1),
(3612, 1257, 3624, 'IVF-M 150IU', 60, '1000.00', '60000.00', 1),
(3613, 1257, 3625, 'IVF-M 150IU', 12, '0.00', '0.00', 1),
(3614, 1258, 3626, 'Cetrotide Inj 0.25mg ', 10, '11760.00', '117600.00', 1),
(3615, 1258, 3627, 'Cetrotide Inj 0.25mg ', 2, '0.00', '0.00', 1),
(3616, 1259, 3628, 'Ovidrel Syring 250มลก. 1 syringe', 10, '1210.00', '12100.00', 1),
(3617, 1259, 3629, 'Ovidrel Syring 250มลก. 1 syringe', 1, '0.00', '0.00', 1),
(3618, 1259, 3630, 'Cetrotide Inj 0.25mg ', 10, '11760.00', '117600.00', 1),
(3619, 1259, 3631, 'Cetrotide Inj 0.25mg ', 2, '0.00', '0.00', 1),
(3620, 1260, 3632, 'Follitrope Prefilled syringe 225 IU', 100, '3600.00', '360000.00', 1),
(3621, 1260, 3633, 'Follitrope Prefilled syringe 225 IU', 50, '0.00', '0.00', 1),
(3622, 1260, 3634, 'IVF-M 150IU', 60, '1000.00', '60000.00', 1),
(3623, 1260, 3635, 'IVF-M 150IU', 12, '0.00', '0.00', 1),
(3624, 1260, 3636, 'Follitrope ชนิดฉีด 150IU', 100, '1900.00', '190000.00', 1),
(3625, 1260, 3637, 'Follitrope ชนิดฉีด 150IU', 30, '0.00', '0.00', 1),
(3626, 1261, 3638, 'Crinone gel 8% ', 40, '2280.00', '91200.00', 1),
(3627, 1261, 3639, 'Crinone gel 8% ', 4, '0.00', '0.00', 1),
(3628, 1262, 3640, 'Propofol-Lipuro 1% 50ml', 50, '200.00', '10000.00', 1),
(3629, 1263, 3641, 'Clexane ( 4000 IU/0.4 ml) 2 syringes', 150, '540.80', '81120.00', 1),
(3630, 1264, 3642, 'Follitrope Prefilled syringe 150 IU', 100, '2400.00', '240000.00', 1),
(3631, 1264, 3643, 'Follitrope Prefilled syringe 150 IU', 50, '0.00', '0.00', 1),
(3632, 1265, 3644, 'Cetrotide Inj 0.25mg ', 10, '11760.00', '117600.00', 1),
(3633, 1265, 3645, 'Cetrotide Inj 0.25mg ', 2, '0.00', '0.00', 1),
(3634, 1265, 3646, 'Ovidrel Syring 250มลก. 1 syringe', 10, '1210.00', '12100.00', 1),
(3635, 1265, 3647, 'Ovidrel Syring 250มลก. 1 syringe', 1, '0.00', '0.00', 1),
(3636, 1266, 3648, 'Follitrope inj.75 IU', 60, '1000.00', '60000.00', 1),
(3637, 1266, 3649, 'Follitrope inj.75 IU', 18, '0.00', '0.00', 1),
(3638, 1267, 3650, 'Cetrotide Inj 0.25mg ', 10, '11760.00', '117600.00', 0),
(3639, 1267, 3651, 'Cetrotide Inj 0.25mg ', 2, '0.00', '0.00', 0),
(3640, 1267, 3652, 'Gonal F 300IU/0.5ML', 30, '6000.00', '180000.00', 0),
(3641, 1267, 3653, 'Gonal F 300IU/0.5ML', 18, '0.00', '0.00', 0),
(3642, 1268, 3654, 'IVF-M 75IU', 50, '550.00', '27500.00', 1),
(3643, 1268, 3655, 'IVF-M 75IU', 10, '0.00', '0.00', 1),
(3644, 1268, 3656, 'IVF-M 150IU', 80, '1000.00', '80000.00', 1),
(3645, 1268, 3657, 'IVF-M 150IU', 16, '0.00', '0.00', 1),
(3646, 1268, 3658, 'Follitrope inj.75 IU', 50, '1000.00', '50000.00', 1),
(3647, 1268, 3659, 'Follitrope inj.75 IU', 15, '0.00', '0.00', 1),
(3648, 1268, 3660, 'Follitrope Prefilled syringe 225 IU', 100, '3600.00', '360000.00', 1),
(3649, 1268, 3661, 'Follitrope Prefilled syringe 225 IU', 50, '0.00', '0.00', 1),
(3650, 1269, 3662, 'Ovidrel Syring 250มลก. 1 syringe', 20, '1210.00', '24200.00', 1),
(3651, 1269, 3663, 'Ovidrel Syring 250มลก. 1 syringe', 2, '0.00', '0.00', 1),
(3652, 1270, 3664, 'Albutein 20%x50ml', 40, '1300.00', '52000.00', 1),
(3653, 1271, 3665, 'Follitrope inj.75 IU', 60, '1000.00', '60000.00', 1),
(3654, 1271, 3667, 'Follitrope inj.75 IU', 18, '0.00', '0.00', 1),
(3655, 1272, 3668, 'Progynova 2 mg. ', 100, '480.00', '48000.00', 1),
(3656, 1272, 3669, 'Progynova 2 mg. ', 5, '0.00', '0.00', 1),
(3657, 1273, 3670, 'Follitrope Prefilled syringe 225 IU', 150, '3600.00', '540000.00', 1),
(3658, 1273, 3671, 'Follitrope Prefilled syringe 225 IU', 75, '0.00', '0.00', 1),
(3659, 1274, 3672, 'Cetrotide Inj 0.25mg ', 10, '11760.00', '117600.00', 1),
(3660, 1274, 3673, 'Cetrotide Inj 0.25mg ', 2, '0.00', '0.00', 1),
(3661, 1275, 3674, 'Cetrotide Inj 0.25mg ', 10, '11760.00', '117600.00', 0),
(3662, 1275, 3675, 'Cetrotide Inj 0.25mg ', 2, '0.00', '0.00', 0),
(3663, 1276, 3676, 'Xylocain 2% สำหรับฉีด 10x20ML', 1, '481.00', '481.00', 1),
(3664, 1277, 3677, 'Follitrope inj.75 IU', 80, '1000.00', '80000.00', 1),
(3665, 1277, 3678, 'Follitrope inj.75 IU', 24, '0.00', '0.00', 1),
(3666, 1277, 3679, 'IVF-M 150IU', 80, '1000.00', '80000.00', 1),
(3667, 1277, 3680, 'IVF-M 150IU', 16, '0.00', '0.00', 1),
(3668, 1278, 3681, 'Proluton Depot 250 mg inj.', 10, '2065.00', '20650.00', 1),
(3669, 1278, 3682, 'Climara Pad', 50, '342.00', '17100.00', 1),
(3670, 1279, 3683, 'Follitrope ชนิดฉีด 150IU', 100, '1900.00', '190000.00', 1),
(3671, 1279, 3684, 'Follitrope ชนิดฉีด 150IU', 30, '0.00', '0.00', 1),
(3672, 1280, 3685, 'Follitrope ชนิดฉีด 150IU', 100, '1900.00', '190000.00', 1),
(3673, 1280, 3686, 'Follitrope ชนิดฉีด 150IU', 30, '0.00', '0.00', 1),
(3674, 1281, 3687, 'Cetrotide Inj 0.25mg ', 10, '11760.00', '117600.00', 1),
(3675, 1281, 3688, 'Cetrotide Inj 0.25mg ', 2, '0.00', '0.00', 1),
(3676, 1281, 3689, 'Gonal F 300IU/0.5ML', 30, '6000.00', '180000.00', 1),
(3677, 1281, 3690, 'Gonal F 300IU/0.5ML', 18, '0.00', '0.00', 1),
(3678, 1282, 3691, 'Follitrope Prefilled syringe 150 IU', 100, '2400.00', '240000.00', 0),
(3679, 1282, 3692, 'Follitrope Prefilled syringe 150 IU', 50, '0.00', '0.00', 0),
(3680, 1282, 3693, 'Follitrope Prefilled syringe 225 IU', 100, '3600.00', '360000.00', 0),
(3681, 1282, 3694, 'Follitrope Prefilled syringe 225 IU', 50, '0.00', '0.00', 0),
(3682, 1283, 3695, 'Clexane ( 4000 IU/0.4 ml) 2 syringes', 150, '540.80', '81120.00', 1),
(3683, 1284, 3696, 'Follitrope ชนิดฉีด 150IU', 100, '1900.00', '190000.00', 1),
(3684, 1284, 3697, 'Follitrope ชนิดฉีด 150IU', 30, '0.00', '0.00', 1),
(3685, 1285, 3698, 'Albutein 20%x50ml', 25, '1300.00', '32500.00', 1),
(3686, 1285, 3699, 'Intralipid 20%', 36, '461.00', '16596.00', 1),
(3687, 1286, 3700, 'Progynova 2 mg. ', 100, '480.00', '48000.00', 1),
(3688, 1287, 3701, 'Follitrope ชนิดฉีด 150IU', 200, '1900.00', '380000.00', 1),
(3689, 1287, 3702, 'Follitrope ชนิดฉีด 150IU', 60, '0.00', '0.00', 1),
(3690, 1288, 3703, 'CEF 3 1G IV Siam', 50, '64.68', '3234.00', 1),
(3691, 1288, 3705, 'CEF 3 1G IV Siam', 25, '0.00', '0.00', 1),
(3692, 1288, 3706, 'Onsia 8 mg inj.5x4 ml', 10, '319.48', '3194.80', 1),
(3693, 1288, 3707, 'Onsia 8 mg inj.5x4 ml', 8, '0.00', '0.00', 1),
(3694, 1288, 3708, 'Folic acid (100x10 tablets)', 1, '0.00', '0.00', 1),
(3695, 1289, 3709, 'Cetrotide Inj 0.25mg ', 10, '11760.00', '117600.00', 1),
(3696, 1289, 3710, 'Cetrotide Inj 0.25mg ', 2, '0.00', '0.00', 1),
(3697, 1289, 3711, 'Ovidrel Syring 250มลก. 1 syringe', 20, '1210.00', '24200.00', 1),
(3698, 1289, 3712, 'Ovidrel Syring 250มลก. 1 syringe', 2, '0.00', '0.00', 1),
(3699, 1290, 3713, 'Follitrope Prefilled syringe 225 IU', 150, '3600.00', '540000.00', 1),
(3700, 1290, 3714, 'Follitrope Prefilled syringe 225 IU', 75, '0.00', '0.00', 1),
(3701, 1290, 3715, 'IVF-M 150IU', 100, '1000.00', '100000.00', 1),
(3702, 1290, 3716, 'IVF-M 150IU', 20, '0.00', '0.00', 1),
(3703, 1291, 3717, 'Cetrotide Inj 0.25mg ', 10, '11760.00', '117600.00', 1),
(3704, 1291, 3718, 'Cetrotide Inj 0.25mg ', 2, '0.00', '0.00', 1),
(3705, 1291, 3719, 'Gonal F 300IU/0.5ML', 30, '6000.00', '180000.00', 1),
(3706, 1291, 3720, 'Gonal F 300IU/0.5ML', 18, '0.00', '0.00', 1),
(3707, 1292, 3721, 'Crinone gel 8% ', 20, '2280.00', '45600.00', 1),
(3708, 1292, 3722, 'Crinone gel 8% ', 2, '0.00', '0.00', 1),
(3709, 1293, 3723, 'Propofol-Lipuro 1% 50ml', 50, '200.00', '10000.00', 1),
(3710, 1294, 3724, 'Follitrope Prefilled syringe 225 IU', 150, '3600.00', '540000.00', 1),
(3711, 1294, 3725, 'Follitrope Prefilled syringe 225 IU', 75, '0.00', '0.00', 1),
(3712, 1294, 3726, 'Follitrope inj.75 IU', 80, '1000.00', '80000.00', 1),
(3713, 1294, 3727, 'Follitrope inj.75 IU', 24, '0.00', '0.00', 1),
(3714, 1294, 3728, 'Follitrope ชนิดฉีด 150IU', 150, '1900.00', '285000.00', 1),
(3715, 1294, 3729, 'Follitrope ชนิดฉีด 150IU', 45, '0.00', '0.00', 1),
(3716, 1294, 3730, 'IVF-M 75IU', 80, '550.00', '44000.00', 1),
(3717, 1294, 3731, 'IVF-M 75IU', 16, '0.00', '0.00', 1),
(3718, 1294, 3732, 'IVF-M 150IU', 100, '1000.00', '100000.00', 1),
(3719, 1294, 3733, 'IVF-M 150IU', 20, '0.00', '0.00', 1),
(3720, 1295, 3734, 'Crinone gel 8% ', 40, '2280.00', '91200.00', 1),
(3721, 1295, 3735, 'Crinone gel 8% ', 4, '0.00', '0.00', 1),
(3722, 1296, 3736, 'Organ Peptid ', 100, '1500.00', '150000.00', 1),
(3723, 1296, 3737, 'Organ Peptid ', 10, '0.00', '0.00', 1),
(3724, 1298, 3738, 'Cetrotide Inj 0.25mg ', 10, '11760.00', '117600.00', 1),
(3725, 1298, 3739, 'Cetrotide Inj 0.25mg ', 2, '0.00', '0.00', 1),
(3726, 1298, 3740, 'Gonal F 300IU/0.5ML', 15, '6000.00', '90000.00', 1),
(3727, 1298, 3741, 'Gonal F 300IU/0.5ML', 9, '0.00', '0.00', 1),
(3728, 1298, 3742, 'Ovidrel Syring 250มลก. 1 syringe', 20, '1210.00', '24200.00', 1),
(3729, 1298, 3743, 'Ovidrel Syring 250มลก. 1 syringe', 2, '0.00', '0.00', 1),
(3730, 1299, 3744, 'Cetrotide Inj 0.25mg ', 10, '11760.00', '117600.00', 1),
(3731, 1299, 3745, 'Cetrotide Inj 0.25mg ', 2, '0.00', '0.00', 1),
(3732, 1299, 3746, 'Gonal F 300IU/0.5ML', 15, '6000.00', '90000.00', 1),
(3733, 1299, 3747, 'Gonal F 300IU/0.5ML', 9, '0.00', '0.00', 1),
(3738, 1301, 3752, 'Progynova 2 mg. ', 160, '480.00', '76800.00', 1),
(3739, 1301, 3753, 'Progynova 2 mg. ', 8, '0.00', '0.00', 1),
(3740, 1301, 3754, 'Climara Pad', 80, '342.00', '27360.00', 1),
(3741, 1301, 3755, 'Climara Pad', 10, '0.00', '0.00', 1),
(3742, 1301, 3756, 'Proluton Depot 250 mg inj.', 10, '2065.00', '20650.00', 1),
(3743, 1302, 3757, 'Clexane ( 4000 IU/0.4 ml) 2 syringes', 150, '540.80', '81120.00', 1),
(3744, 1302, 3758, 'Albutein 20%x50ml', 25, '1300.00', '32500.00', 1),
(3750, 1304, 3764, 'Gonal F 300IU/0.5ML', 30, '6000.00', '180000.00', 1),
(3751, 1304, 3765, 'Gonal F 300IU/0.5ML', 18, '0.00', '0.00', 1),
(3752, 1305, 3767, 'Follitrope Prefilled syringe 225 IU', 150, '3600.00', '540000.00', 1),
(3753, 1305, 3768, 'Follitrope Prefilled syringe 225 IU', 75, '0.00', '0.00', 1),
(3756, 1307, 3770, 'Propofol-Lipuro 1% 50ml', 50, '200.00', '10000.00', 1),
(3757, 1307, 3773, 'Intralipid 20%', 24, '461.00', '11064.00', 1),
(3758, 1308, 3774, 'Cetrotide Inj 0.25mg ', 10, '11760.00', '117600.00', 1),
(3759, 1308, 3775, 'Cetrotide Inj 0.25mg ', 2, '0.00', '0.00', 1),
(3760, 1309, 3776, 'Cetrotide Inj 0.25mg ', 10, '11760.00', '117600.00', 1),
(3761, 1309, 3777, 'Cetrotide Inj 0.25mg ', 2, '0.00', '0.00', 1),
(3762, 1309, 3778, 'Ovidrel Syring 250มลก. 1 syringe', 10, '1210.00', '12100.00', 1),
(3763, 1309, 3779, 'Ovidrel Syring 250มลก. 1 syringe', 1, '0.00', '0.00', 1),
(3764, 1310, 3780, 'Cetrotide Inj 0.25mg ', 10, '11760.00', '117600.00', 1),
(3765, 1310, 3781, 'Cetrotide Inj 0.25mg ', 2, '0.00', '0.00', 1),
(3766, 1310, 3782, 'Gonal F 300IU/0.5ML', 30, '6000.00', '180000.00', 1),
(3767, 1310, 3783, 'Gonal F 300IU/0.5ML', 18, '0.00', '0.00', 1),
(3768, 1310, 3784, 'Crinone gel 8% ', 20, '2280.00', '45600.00', 1),
(3769, 1310, 3785, 'Crinone gel 8% ', 2, '0.00', '0.00', 1),
(3770, 1311, 3786, 'Follitrope Prefilled syringe 225 IU', 100, '3600.00', '360000.00', 1),
(3771, 1311, 3787, 'Follitrope Prefilled syringe 225 IU', 50, '0.00', '0.00', 1),
(3772, 1311, 3788, 'Follitrope ชนิดฉีด 150IU', 200, '1900.00', '380000.00', 1),
(3773, 1311, 3789, 'Follitrope ชนิดฉีด 150IU', 60, '0.00', '0.00', 1),
(3774, 1311, 3790, 'IVF-M 75IU', 50, '550.00', '27500.00', 1),
(3775, 1311, 3791, 'IVF-M 75IU', 10, '0.00', '0.00', 1),
(3776, 1311, 3792, 'IVF-M 150IU', 80, '1000.00', '80000.00', 1),
(3777, 1311, 3793, 'IVF-M 150IU', 16, '0.00', '0.00', 1),
(3778, 1312, 3794, 'Follitrope Prefilled syringe 150 IU', 80, '2400.00', '192000.00', 1),
(3779, 1312, 3795, 'Follitrope Prefilled syringe 150 IU', 40, '0.00', '0.00', 1),
(3780, 1312, 3796, 'IVF-M 75IU', 60, '550.00', '33000.00', 1),
(3781, 1312, 3797, 'IVF-M 75IU', 12, '0.00', '0.00', 1),
(3782, 1313, 3798, 'Progynova 2 mg. ', 100, '480.00', '48000.00', 1),
(3783, 1313, 3799, 'Progynova 2 mg. ', 5, '0.00', '0.00', 1),
(3784, 1313, 3800, 'Climara Pad', 80, '342.00', '27360.00', 1),
(3785, 1314, 3801, 'Cetrotide Inj 0.25mg ', 10, '11760.00', '117600.00', 1),
(3786, 1314, 3802, 'Cetrotide Inj 0.25mg ', 2, '0.00', '0.00', 1),
(3787, 1314, 3803, 'Crinone gel 8% ', 20, '2280.00', '45600.00', 1),
(3788, 1314, 3804, 'Crinone gel 8% ', 2, '0.00', '0.00', 1),
(3789, 1316, 3805, 'Cetrotide Inj 0.25mg ', 5, '11760.00', '58800.00', 1),
(3790, 1316, 3806, 'Cetrotide Inj 0.25mg ', 1, '0.00', '0.00', 1),
(3791, 1316, 3807, 'Crinone gel 8% ', 20, '2280.00', '45600.00', 1),
(3792, 1316, 3808, 'Crinone gel 8% ', 2, '0.00', '0.00', 1),
(3793, 1316, 3809, 'Ovidrel Syring 250มลก. 1 syringe', 10, '1210.00', '12100.00', 1),
(3794, 1316, 3810, 'Ovidrel Syring 250มลก. 1 syringe', 1, '0.00', '0.00', 1),
(3795, 1317, 3811, 'Follitrope Prefilled syringe 225 IU', 100, '3600.00', '360000.00', 1),
(3796, 1317, 3812, 'Follitrope Prefilled syringe 225 IU', 50, '0.00', '0.00', 1),
(3797, 1317, 3813, 'Follitrope ชนิดฉีด 150IU', 100, '1900.00', '190000.00', 1),
(3798, 1317, 3814, 'Follitrope ชนิดฉีด 150IU', 30, '0.00', '0.00', 1),
(3799, 1317, 3815, 'IVF-M 150IU', 80, '1000.00', '80000.00', 1),
(3800, 1317, 3816, 'IVF-M 150IU', 16, '0.00', '0.00', 1),
(3801, 1318, 3817, 'CEF 3 1G IV Siam', 50, '64.68', '3234.00', 1),
(3802, 1318, 3818, 'CEF 3 1G IV Siam', 25, '0.00', '0.00', 1),
(3803, 1318, 3819, 'Onsia 8 mg inj.5x4 ml', 10, '319.48', '3194.80', 1),
(3804, 1318, 3820, 'Onsia 8 mg inj.5x4 ml', 8, '0.00', '0.00', 1),
(3805, 1318, 3821, 'Folic acid (100x10 tablets)', 1, '0.00', '0.00', 1),
(3806, 1319, 3822, 'Albutein 20%x50ml', 25, '1300.00', '32500.00', 1),
(3807, 1319, 3823, 'Clexane ( 4000 IU/0.4 ml) 2 syringes', 100, '540.80', '54080.00', 1),
(3808, 1320, 3824, 'Propofol-Lipuro 1% 50ml', 50, '200.00', '10000.00', 1),
(3809, 1321, 3825, 'Proluton Depot 250 mg inj.', 10, '2065.00', '20650.00', 1),
(3810, 1321, 3826, 'Cyclo-Progynova', 20, '160.00', '3200.00', 1),
(3811, 1321, 3827, 'Cyclo-Progynova', 1, '0.00', '0.00', 1),
(3812, 1322, 3759, 'CEF 3 1G IV Siam', 50, '64.68', '3234.00', 1),
(3813, 1322, 3760, 'CEF 3 1G IV Siam', 25, '0.00', '0.00', 1),
(3814, 1322, 3761, 'Onsia 8 mg inj.5x4 ml', 10, '319.48', '3194.80', 1),
(3815, 1322, 3762, 'Onsia 8 mg inj.5x4 ml', 8, '0.00', '0.00', 1),
(3816, 1322, 3763, 'Folic acid (100x10 tablets)', 1, '0.00', '0.00', 1),
(3818, 1300, 3748, 'Follitrope ชนิดฉีด 150IU', 200, '1900.00', '380000.00', 1),
(3819, 1300, 3749, 'Follitrope ชนิดฉีด 150IU', 60, '0.00', '0.00', 1),
(3820, 1300, 3750, 'IVF-M 150IU', 100, '1000.00', '100000.00', 1),
(3821, 1300, 3751, 'IVF-M 150IU', 20, '0.00', '0.00', 1),
(3822, 1323, 3828, 'Cetrotide Inj 0.25mg ', 10, '11760.00', '117600.00', 1),
(3823, 1323, 3829, 'Cetrotide Inj 0.25mg ', 2, '0.00', '0.00', 1),
(3824, 1323, 3830, 'Ovidrel Syring 250มลก. 1 syringe', 20, '1210.00', '24200.00', 1),
(3825, 1323, 3831, 'Ovidrel Syring 250มลก. 1 syringe', 2, '0.00', '0.00', 1),
(3826, 1324, 3832, 'Cetrotide Inj 0.25mg ', 10, '11760.00', '117600.00', 1),
(3827, 1324, 3833, 'Cetrotide Inj 0.25mg ', 2, '0.00', '0.00', 1),
(3828, 1324, 3834, 'Gonal F 300IU/0.5ML', 30, '6000.00', '180000.00', 1),
(3829, 1324, 3835, 'Gonal F 300IU/0.5ML', 18, '0.00', '0.00', 1),
(3830, 1325, 3836, 'CEREBRUM COMPOS.2.2 ml', 1, '3000.00', '3000.00', 1),
(3831, 1325, 3837, 'THALAMUS COMPOS.2.2 ml', 1, '3000.00', '3000.00', 1),
(3832, 1325, 3838, 'COENZYME COMPOS.2.2 ml', 1, '2500.00', '2500.00', 1),
(3833, 1325, 3839, 'UBICHINON COMPOS.2.2 ml', 1, '2500.00', '2500.00', 1),
(3834, 1326, 3840, 'MIRACELE REVITALIZATION', 8, '16000.00', '128000.00', 1),
(3835, 1327, 3841, 'Follitrope Prefilled syringe 225 IU', 150, '3600.00', '540000.00', 1),
(3836, 1327, 3842, 'Follitrope Prefilled syringe 225 IU', 75, '0.00', '0.00', 1),
(3837, 1327, 3843, 'Follitrope ชนิดฉีด 150IU', 100, '1900.00', '190000.00', 1),
(3838, 1327, 3844, 'Follitrope ชนิดฉีด 150IU', 30, '0.00', '0.00', 1),
(3843, 1329, 3845, 'Progynova 2 mg. ', 100, '480.00', '48000.00', 1),
(3844, 1329, 3847, 'Progynova 2 mg. ', 5, '0.00', '0.00', 1),
(3845, 1329, 3848, 'Climara Pad', 100, '342.00', '34200.00', 1),
(3846, 1329, 3849, 'Climara Pad', 4, '0.00', '0.00', 1),
(3847, 1329, 3850, 'Primolut N  10x10', 4, '480.00', '1920.00', 1),
(3848, 1330, 3851, 'Cetrotide Inj 0.25mg ', 10, '11760.00', '117600.00', 1),
(3849, 1330, 3852, 'Cetrotide Inj 0.25mg ', 2, '0.00', '0.00', 1),
(3851, 1331, 3855, 'Premium Royal Jelly', 20, '891.59', '17831.80', 1),
(3852, 1332, 3856, 'CEF 3 1G IV Siam', 50, '64.68', '3234.00', 1),
(3853, 1332, 3857, 'CEF 3 1G IV Siam', 25, '0.00', '0.00', 1),
(3854, 1332, 3858, 'Onsia 8 mg inj.5x4 ml', 10, '319.48', '3194.80', 1),
(3855, 1332, 3859, 'Onsia 8 mg inj.5x4 ml', 8, '0.00', '0.00', 1),
(3856, 1332, 3860, 'Folic acid (100x10 tablets)', 1, '0.00', '0.00', 1),
(3857, 1333, 3861, 'Predsomed 5 mg', 10, '400.00', '4000.00', 1),
(3858, 1334, 3862, 'CEF 3 1G IV Siam', 50, '64.68', '3234.00', 1),
(3859, 1334, 3863, 'CEF 3 1G IV Siam', 25, '0.00', '0.00', 1),
(3860, 1334, 3864, 'Onsia 8 mg inj.5x4 ml', 10, '319.48', '3194.80', 1),
(3861, 1334, 3865, 'Onsia 8 mg inj.5x4 ml', 8, '0.00', '0.00', 1),
(3862, 1334, 3866, 'Folic acid (100x10 tablets)', 1, '0.00', '0.00', 1),
(3863, 1335, 3867, 'Propofol-Lipuro 1% 50ml', 50, '200.00', '10000.00', 1),
(3864, 1336, 3868, 'Proluton Depot 250 mg inj.', 5, '2065.00', '10325.00', 1),
(3865, 1337, 3869, 'Albutein 20%x50ml', 25, '1300.00', '32500.00', 1),
(3866, 1338, 3870, 'Cetrotide Inj 0.25mg ', 10, '11760.00', '117600.00', 1),
(3867, 1338, 3871, 'Cetrotide Inj 0.25mg ', 2, '0.00', '0.00', 1),
(3868, 1338, 3872, 'Ovidrel Syring 250มลก. 1 syringe', 10, '1210.00', '12100.00', 1),
(3869, 1338, 3873, 'Ovidrel Syring 250มลก. 1 syringe', 1, '0.00', '0.00', 1),
(3870, 1339, 3874, 'Follitrope Prefilled syringe 225 IU', 100, '3600.00', '360000.00', 1),
(3871, 1339, 3876, 'Follitrope Prefilled syringe 225 IU', 50, '0.00', '0.00', 1),
(3872, 1339, 3877, 'Follitrope ชนิดฉีด 150IU', 100, '1900.00', '190000.00', 1),
(3873, 1339, 3879, 'Follitrope ชนิดฉีด 150IU', 30, '0.00', '0.00', 1),
(3874, 1340, 3880, 'Gonal F 300IU/0.5ML', 30, '6000.00', '180000.00', 1),
(3875, 1340, 3881, 'Gonal F 300IU/0.5ML', 18, '0.00', '0.00', 1),
(3876, 1341, 3882, 'Cetrotide Inj 0.25mg ', 15, '11760.00', '176400.00', 1),
(3877, 1341, 3883, 'Cetrotide Inj 0.25mg ', 3, '0.00', '0.00', 1),
(3878, 1342, 3884, 'Progynova 2 mg. ', 160, '480.00', '76800.00', 1),
(3879, 1342, 3885, 'Progynova 2 mg. ', 8, '0.00', '0.00', 1),
(3880, 1342, 3886, 'Proluton Depot 250 mg inj.', 10, '2065.00', '20650.00', 1),
(3881, 1344, 3887, 'Climara 1x4 pad', 100, '342.00', '34200.00', 1),
(3882, 1345, 3888, 'Follitrope ชนิดฉีด 150IU', 100, '1900.00', '190000.00', 1),
(3883, 1345, 3889, 'Follitrope ชนิดฉีด 150IU', 30, '0.00', '0.00', 1),
(3884, 1345, 3890, 'IVF-M 150IU', 100, '1000.00', '100000.00', 1),
(3885, 1345, 3891, 'IVF-M 150IU', 20, '0.00', '0.00', 1),
(3886, 1346, 3892, 'Gonal F 300IU/0.5ML', 30, '6000.00', '180000.00', 1),
(3887, 1346, 3893, 'Gonal F 300IU/0.5ML', 18, '0.00', '0.00', 1),
(3888, 1346, 3894, 'Ovidrel Syring 250มลก. 1 syringe', 20, '1210.00', '24200.00', 1),
(3889, 1346, 3895, 'Ovidrel Syring 250มลก. 1 syringe', 2, '0.00', '0.00', 1),
(3890, 1347, 3896, 'Follitrope Prefilled syringe 225 IU', 100, '3600.00', '360000.00', 1),
(3891, 1347, 3897, 'Follitrope Prefilled syringe 225 IU', 50, '0.00', '0.00', 1),
(3892, 1348, 3898, 'Cetrotide Inj 0.25mg ', 10, '11760.00', '117600.00', 1),
(3893, 1348, 3899, 'Cetrotide Inj 0.25mg ', 2, '0.00', '0.00', 1),
(3894, 1349, 3900, 'Albutein 20%x50ml', 25, '1300.00', '32500.00', 1),
(3895, 1349, 3901, 'Intralipid 20%', 20, '461.00', '9220.00', 1),
(3896, 1349, 3902, 'Clexane ( 4000 IU/0.4 ml) 2 syringes', 150, '540.80', '81120.00', 1),
(3897, 1350, 3903, 'Proluton Depot 250 mg inj.', 10, '2065.00', '20650.00', 1),
(3898, 1351, 3904, 'Cetrotide Inj 0.25mg ', 10, '11760.00', '117600.00', 1),
(3899, 1351, 3905, 'Cetrotide Inj 0.25mg ', 2, '0.00', '0.00', 1),
(3900, 1351, 3906, 'Gonal F 300IU/0.5ML', 30, '6000.00', '180000.00', 1),
(3901, 1351, 3907, 'Gonal F 300IU/0.5ML', 18, '0.00', '0.00', 1),
(3902, 1352, 3908, 'Propofol-Lipuro 1% 50ml', 20, '200.00', '4000.00', 1),
(3903, 1353, 3909, 'Follitrope Prefilled syringe 225 IU', 100, '3600.00', '360000.00', 1),
(3904, 1353, 3910, 'Follitrope Prefilled syringe 225 IU', 50, '0.00', '0.00', 1),
(3905, 1353, 3911, 'Follitrope ชนิดฉีด 150IU', 100, '1900.00', '190000.00', 1),
(3906, 1353, 3912, 'Follitrope ชนิดฉีด 150IU', 30, '0.00', '0.00', 1),
(3907, 1353, 3913, 'IVF-M 150IU', 100, '1000.00', '100000.00', 1),
(3908, 1353, 3915, 'IVF-M 150IU', 20, '0.00', '0.00', 1),
(3909, 1354, 3916, 'Cetrotide Inj 0.25mg ', 10, '11760.00', '117600.00', 1),
(3910, 1354, 3917, 'Cetrotide Inj 0.25mg ', 2, '0.00', '0.00', 1),
(3911, 1354, 3918, 'Gonal F 300IU/0.5ML', 30, '6000.00', '180000.00', 1),
(3912, 1354, 3919, 'Gonal F 300IU/0.5ML', 18, '0.00', '0.00', 1),
(3913, 1356, 3920, 'Propofol-Lipuro 1% 50ml', 30, '200.00', '6000.00', 1),
(3914, 1357, 3921, 'Follitrope Prefilled syringe 225 IU', 150, '3600.00', '540000.00', 1),
(3915, 1357, 3922, 'Follitrope Prefilled syringe 225 IU', 75, '0.00', '0.00', 1),
(3916, 1357, 3923, 'Follitrope ชนิดฉีด 150IU', 100, '1900.00', '190000.00', 1),
(3917, 1357, 3924, 'Follitrope ชนิดฉีด 150IU', 30, '0.00', '0.00', 1),
(3918, 1358, 3925, 'Cetrotide Inj 0.25mg ', 10, '11760.00', '117600.00', 1),
(3919, 1358, 3926, 'Cetrotide Inj 0.25mg ', 2, '0.00', '0.00', 1),
(3920, 1358, 3927, 'Gonal F 300IU/0.5ML', 30, '6000.00', '180000.00', 1),
(3921, 1358, 3928, 'Gonal F 300IU/0.5ML', 18, '0.00', '0.00', 1),
(3922, 1358, 3929, 'Ovidrel Syring 250มลก. 1 syringe', 10, '1210.00', '12100.00', 1),
(3923, 1358, 3930, 'Ovidrel Syring 250มลก. 1 syringe', 1, '0.00', '0.00', 1),
(3924, 1359, 3931, 'Follitrope ชนิดฉีด 150IU', 150, '1900.00', '285000.00', 1),
(3925, 1359, 3932, 'Follitrope ชนิดฉีด 150IU', 45, '0.00', '0.00', 1),
(3926, 1359, 3933, 'Follitrope Prefilled syringe 225 IU', 150, '3600.00', '540000.00', 1),
(3927, 1359, 3934, 'Follitrope Prefilled syringe 225 IU', 75, '0.00', '0.00', 1),
(3928, 1359, 3935, 'Follitrope Prefilled syringe 150 IU', 50, '2400.00', '120000.00', 1),
(3929, 1359, 3936, 'Follitrope Prefilled syringe 150 IU', 25, '0.00', '0.00', 1),
(3930, 1360, 3937, 'Albutein 20%x50ml', 40, '1300.00', '52000.00', 1),
(3931, 1361, 3938, 'Progynova 2 mg. ', 200, '480.00', '96000.00', 1),
(3932, 1361, 3939, 'Progynova 2 mg. ', 10, '0.00', '0.00', 1),
(3933, 1362, 3940, 'Cetrotide Inj 0.25mg ', 15, '11760.00', '176400.00', 1),
(3934, 1362, 3941, 'Cetrotide Inj 0.25mg ', 3, '0.00', '0.00', 1),
(3935, 1362, 3942, 'Ovidrel Syring 250มลก. 1 syringe', 20, '1210.00', '24200.00', 1),
(3936, 1362, 3943, 'Ovidrel Syring 250มลก. 1 syringe', 2, '0.00', '0.00', 1),
(3937, 1363, 3944, 'Clexane ( 4000 IU/0.4 ml) 2 syringes', 200, '540.80', '108160.00', 1),
(3938, 1364, 3945, 'Propofol-Lipuro 1% 50ml', 50, '200.00', '10000.00', 1),
(3939, 1365, 3946, 'Gonal F 300IU/0.5ML', 30, '6000.00', '180000.00', 1),
(3940, 1365, 3947, 'Gonal F 300IU/0.5ML', 18, '0.00', '0.00', 1),
(3941, 1366, 3948, 'Gonal F 300IU/0.5ML', 45, '6000.00', '270000.00', 1),
(3942, 1366, 3949, 'Gonal F 300IU/0.5ML', 27, '0.00', '0.00', 1),
(3943, 1367, 3950, 'Follitrope Prefilled syringe 225 IU', 150, '3600.00', '540000.00', 1),
(3944, 1367, 3951, 'Follitrope Prefilled syringe 225 IU', 75, '0.00', '0.00', 1),
(3945, 1367, 3952, 'IVF-M 150IU', 100, '1000.00', '100000.00', 1),
(3946, 1367, 3953, 'IVF-M 150IU', 20, '0.00', '0.00', 1),
(3947, 1368, 3954, 'Cetrotide Inj 0.25mg ', 15, '11760.00', '176400.00', 1),
(3948, 1368, 3955, 'Cetrotide Inj 0.25mg ', 3, '0.00', '0.00', 1),
(3949, 1369, 3956, 'CEF 3 1G IV Siam', 50, '64.68', '3234.00', 1),
(3950, 1369, 3957, 'CEF 3 1G IV Siam', 25, '0.00', '0.00', 1),
(3951, 1370, 3958, 'Yasmin 1x21', 12, '350.00', '4200.00', 1),
(3952, 1370, 3959, 'Yasmin 1x21', 3, '0.00', '0.00', 1),
(3953, 1371, 3960, 'Cetrotide Inj 0.25mg ', 20, '11760.00', '235200.00', 1),
(3954, 1371, 3961, 'Cetrotide Inj 0.25mg ', 4, '0.00', '0.00', 1),
(3955, 1371, 3962, 'Gonal F 300IU/0.5ML', 45, '6000.00', '270000.00', 1),
(3956, 1371, 3963, 'Gonal F 300IU/0.5ML', 27, '0.00', '0.00', 1),
(3957, 1371, 3964, 'Ovidrel Syring 250มลก. 1 syringe', 20, '1210.00', '24200.00', 1),
(3958, 1371, 3965, 'Ovidrel Syring 250มลก. 1 syringe', 2, '0.00', '0.00', 1),
(3959, 1372, 3966, 'Follitrope Prefilled syringe 225 IU', 150, '3600.00', '540000.00', 1),
(3960, 1372, 3967, 'Follitrope Prefilled syringe 225 IU', 75, '0.00', '0.00', 1),
(3961, 1372, 3968, 'Follitrope ชนิดฉีด 150IU', 100, '1900.00', '190000.00', 1),
(3962, 1372, 3969, 'Follitrope ชนิดฉีด 150IU', 30, '0.00', '0.00', 1),
(3963, 1372, 3970, 'IVF-M 75IU', 60, '550.00', '33000.00', 1),
(3964, 1372, 3971, 'IVF-M 75IU', 12, '0.00', '0.00', 1),
(3969, 1374, 3976, 'Cetrotide Inj 0.25mg ', 10, '11760.00', '117600.00', 1),
(3970, 1374, 3977, 'Cetrotide Inj 0.25mg ', 2, '0.00', '0.00', 1),
(3971, 1374, 3978, 'Gonal F 300IU/0.5ML', 30, '6000.00', '180000.00', 1),
(3972, 1374, 3979, 'Gonal F 300IU/0.5ML', 18, '0.00', '0.00', 1),
(3973, 1375, 3980, 'Albutein 20%x50ml', 25, '1300.00', '32500.00', 1),
(3974, 1376, 3981, 'Progynova 2 mg. ', 200, '480.00', '96000.00', 1),
(3975, 1376, 3982, 'Progynova 2 mg. ', 10, '0.00', '0.00', 1),
(3976, 1377, 3983, 'Follitrope Prefilled syringe 150 IU', 100, '2400.00', '240000.00', 1),
(3977, 1377, 3984, 'Follitrope Prefilled syringe 150 IU', 50, '0.00', '0.00', 1),
(3978, 1377, 3985, 'Follitrope ชนิดฉีด 150IU', 150, '1900.00', '285000.00', 1),
(3979, 1377, 3986, 'Follitrope ชนิดฉีด 150IU', 45, '0.00', '0.00', 1),
(3980, 1377, 3987, 'IVF-M 150IU', 100, '1000.00', '100000.00', 1),
(3981, 1377, 3988, 'IVF-M 150IU', 20, '0.00', '0.00', 1),
(3982, 1377, 3988, 'IVF-M 150IU', 20, '0.00', '0.00', 1),
(3983, 1377, 3989, 'IVF-M 150IU', 20, '0.00', '0.00', 1),
(3986, 1379, 3992, 'Xylocain 2% สำหรับฉีด 10x20ML', 1, '481.00', '481.00', 1),
(3987, 1379, 3993, 'Clexane ( 4000 IU/0.4 ml) 2 syringes', 200, '540.80', '108160.00', 1),
(3988, 1380, 3994, 'Proluton Depot 250 mg inj.', 10, '2065.00', '20650.00', 1),
(3989, 1381, 3995, 'Follitrope ชนิดฉีด 150IU', 200, '1900.00', '380000.00', 1),
(3990, 1381, 3996, 'Follitrope ชนิดฉีด 150IU', 60, '0.00', '0.00', 1),
(3991, 1381, 3997, 'Follitrope Prefilled syringe 225 IU', 100, '3600.00', '360000.00', 1),
(3992, 1381, 3998, 'Follitrope Prefilled syringe 225 IU', 50, '0.00', '0.00', 1),
(3993, 1382, 3999, 'Cetrotide Inj 0.25mg ', 10, '11760.00', '117600.00', 1),
(3994, 1382, 4000, 'Cetrotide Inj 0.25mg ', 2, '0.00', '0.00', 1),
(3995, 1382, 4001, 'Ovidrel Syring 250มลก. 1 syringe', 20, '1210.00', '24200.00', 1),
(3996, 1382, 4002, 'Ovidrel Syring 250มลก. 1 syringe', 2, '0.00', '0.00', 1),
(3997, 1383, 4003, 'Cetrotide Inj 0.25mg ', 10, '11760.00', '117600.00', 1),
(3998, 1383, 4004, 'Cetrotide Inj 0.25mg ', 2, '0.00', '0.00', 1),
(3999, 1383, 4005, 'Gonal F 300IU/0.5ML', 30, '6000.00', '180000.00', 1),
(4000, 1383, 4006, 'Gonal F 300IU/0.5ML', 18, '0.00', '0.00', 1),
(4001, 1384, 4007, 'Onsia 8 mg inj.5x4 ml', 10, '319.48', '3194.80', 1),
(4002, 1384, 4008, 'Onsia 8 mg inj.5x4 ml', 8, '0.00', '0.00', 1),
(4003, 1385, 4009, 'Follitrope Prefilled syringe 225 IU', 200, '3600.00', '720000.00', 1),
(4004, 1385, 4010, 'Follitrope Prefilled syringe 225 IU', 100, '0.00', '0.00', 1),
(4005, 1385, 4011, 'Follitrope Prefilled syringe 150 IU', 100, '2400.00', '240000.00', 1),
(4006, 1385, 4012, 'Follitrope Prefilled syringe 150 IU', 50, '0.00', '0.00', 1),
(4007, 1385, 4013, 'Follitrope ชนิดฉีด 150IU', 100, '1900.00', '190000.00', 1),
(4008, 1385, 4014, 'Follitrope ชนิดฉีด 150IU', 30, '0.00', '0.00', 1),
(4009, 1385, 4015, 'IVF-M 150IU', 100, '1000.00', '100000.00', 1),
(4010, 1385, 4016, 'IVF-M 150IU', 20, '0.00', '0.00', 1),
(4011, 1386, 4017, 'Albutein 20%x50ml', 50, '1300.00', '65000.00', 1),
(4012, 1388, 4018, 'Primolut N  10x10', 4, '480.00', '1920.00', 1),
(4013, 1389, 4019, 'Cetrotide Inj 0.25mg ', 10, '11760.00', '117600.00', 0),
(4014, 1389, 4020, 'Cetrotide Inj 0.25mg ', 2, '0.00', '0.00', 0),
(4015, 1389, 4021, 'Gonal F 300IU/0.5ML', 30, '6000.00', '180000.00', 0),
(4016, 1389, 4022, 'Gonal F 300IU/0.5ML', 18, '0.00', '0.00', 0),
(4017, 1389, 4023, 'Ovidrel Syring 250มลก. 1 syringe', 30, '1210.00', '36300.00', 0),
(4018, 1389, 4024, 'Ovidrel Syring 250มลก. 1 syringe', 3, '0.00', '0.00', 0),
(4019, 1390, 4025, 'CEF 3 1G IV Siam', 50, '64.68', '3234.00', 1),
(4020, 1390, 4026, 'CEF 3 1G IV Siam', 25, '0.00', '0.00', 1),
(4021, 1390, 4027, '์Neuviplex', 2, '0.00', '0.00', 1),
(4022, 1391, 4028, 'Climara Pad', 100, '342.00', '34200.00', 1),
(4023, 1392, 4029, 'Intralipid 20% 250 ml', 20, '582.00', '11640.00', 1),
(4024, 1393, 4030, 'Cetrotide Inj 0.25mg ', 15, '11760.00', '176400.00', 1),
(4025, 1393, 4031, 'Cetrotide Inj 0.25mg ', 3, '0.00', '0.00', 1),
(4026, 1393, 4032, 'Gonal F 300IU/0.5ML', 30, '6000.00', '180000.00', 1),
(4027, 1393, 4033, 'Gonal F 300IU/0.5ML', 18, '0.00', '0.00', 1),
(4028, 1394, 4034, 'Intralipid 20%', 48, '461.00', '22128.00', 1),
(4029, 1395, 4035, 'Intralipid 20%', 24, '461.00', '11064.00', 1),
(4030, 1396, 4036, 'Cetrotide Inj 0.25mg ', 15, '11760.00', '176400.00', 1),
(4031, 1396, 4037, 'Cetrotide Inj 0.25mg ', 3, '0.00', '0.00', 1),
(4032, 1396, 4038, 'Gonal F 300IU/0.5ML', 30, '6000.00', '180000.00', 1),
(4033, 1396, 4039, 'Gonal F 300IU/0.5ML', 18, '0.00', '0.00', 1),
(4034, 1396, 4040, 'Ovidrel Syring 250มลก. 1 syringe', 20, '1210.00', '24200.00', 1),
(4035, 1396, 4041, 'Ovidrel Syring 250มลก. 1 syringe', 2, '0.00', '0.00', 1),
(4036, 1397, 4042, 'Follitrope Prefilled syringe 225 IU', 150, '3600.00', '540000.00', 1),
(4037, 1397, 4043, 'Follitrope Prefilled syringe 225 IU', 75, '0.00', '0.00', 1),
(4038, 1397, 4044, 'Follitrope ชนิดฉีด 150IU', 150, '1900.00', '285000.00', 1),
(4039, 1397, 4045, 'Follitrope ชนิดฉีด 150IU', 45, '0.00', '0.00', 1),
(4040, 1397, 4046, 'IVF-M 150IU', 100, '1000.00', '100000.00', 1),
(4041, 1397, 4047, 'IVF-M 150IU', 20, '0.00', '0.00', 1),
(4044, 1399, 4051, 'Aspirin 81mg ', 10, '214.95', '2149.50', 1),
(4045, 1400, 4052, 'Yasmin 1x21', 12, '382.00', '4584.00', 1),
(4046, 1400, 4053, 'Yasmin 1x21', 3, '0.00', '0.00', 1),
(4048, 1401, 4055, 'Albutein 20%x50ml', 25, '1300.00', '32500.00', 1),
(4049, 1402, 4056, 'Climara Pad', 100, '342.00', '34200.00', 1),
(4050, 1403, 4057, 'Progynova 2 mg. ', 200, '480.00', '96000.00', 1),
(4053, 1405, 4060, 'Propofol-Lipuro 1% 50ml', 50, '200.00', '10000.00', 1),
(4054, 1406, 4061, 'Propofol-Lipuro 1% 50ml', 50, '200.00', '10000.00', 1),
(4055, 1407, 4062, 'Propofol-Lipuro 1% 50ml', 30, '200.00', '6000.00', 1),
(4056, 1408, 4063, 'Clexane ( 4000 IU/0.4 ml) 2 syringes', 150, '540.80', '81120.00', 1),
(4057, 1409, 4064, 'IVF-M 75IU', 100, '550.00', '55000.00', 1),
(4058, 1410, 4065, 'Cetrotide Inj 0.25mg ', 10, '11760.00', '117600.00', 1),
(4059, 1410, 4066, 'Cetrotide Inj 0.25mg ', 2, '0.00', '0.00', 1),
(4060, 1410, 4067, 'Gonal F 300IU/0.5ML', 30, '6000.00', '180000.00', 1),
(4061, 1410, 4068, 'Gonal F 300IU/0.5ML', 18, '0.00', '0.00', 1),
(4062, 1410, 4069, 'Ovidrel Syring 250มลก. 1 syringe', 30, '1210.00', '36300.00', 1),
(4063, 1410, 4070, 'Ovidrel Syring 250มลก. 1 syringe', 3, '0.00', '0.00', 1),
(4066, 1411, 4071, 'Cetrotide Inj 0.25mg ', 15, '11760.00', '176400.00', 1),
(4067, 1411, 4072, 'Cetrotide Inj 0.25mg ', 3, '0.00', '0.00', 1),
(4068, 1411, 4073, 'Gonal F 300IU/0.5ML', 45, '6000.00', '270000.00', 1),
(4069, 1411, 4074, 'Gonal F 300IU/0.5ML', 27, '0.00', '0.00', 1),
(4070, 1412, 4075, 'Cetrotide Inj 0.25mg ', 10, '11760.00', '117600.00', 1),
(4071, 1412, 4076, 'Cetrotide Inj 0.25mg ', 2, '0.00', '0.00', 1),
(4072, 1412, 4077, 'Gonal F 300IU/0.5ML', 30, '6000.00', '180000.00', 1),
(4073, 1412, 4078, 'Gonal F 300IU/0.5ML', 18, '0.00', '0.00', 1),
(4080, 1414, 4079, 'Follitrope Prefilled syringe 225 IU', 200, '3600.00', '720000.00', 1),
(4081, 1414, 4080, 'Follitrope Prefilled syringe 225 IU', 100, '0.00', '0.00', 1),
(4082, 1414, 4086, 'Follitrope inj.75 IU', 100, '1000.00', '100000.00', 1),
(4083, 1414, 4087, 'Follitrope inj.75 IU', 30, '0.00', '0.00', 1),
(4084, 1414, 4088, 'Follitrope ชนิดฉีด 150IU', 150, '1900.00', '285000.00', 1),
(4085, 1414, 4089, 'Follitrope ชนิดฉีด 150IU', 45, '0.00', '0.00', 1),
(4086, 1415, 4090, 'Cetrotide Inj 0.25mg ', 10, '11760.00', '117600.00', 1),
(4087, 1415, 4091, 'Cetrotide Inj 0.25mg ', 2, '0.00', '0.00', 1),
(4088, 1415, 4092, 'Gonal F 300IU/0.5ML', 30, '6000.00', '180000.00', 1),
(4089, 1415, 4094, 'Gonal F 300IU/0.5ML', 18, '0.00', '0.00', 1),
(4090, 1415, 4095, 'Crinone gel 8% ', 20, '2280.00', '45600.00', 1),
(4091, 1415, 4096, 'Crinone gel 8% ', 2, '0.00', '0.00', 1),
(4092, 1416, 4097, 'Organ Peptid ', 100, '1500.00', '150000.00', 1),
(4093, 1416, 4098, 'Organ Peptid ', 10, '0.00', '0.00', 1),
(4094, 1417, 4099, 'Albutein 20%x50ml', 25, '1300.00', '32500.00', 1),
(4095, 1418, 4100, 'Follitrope ชนิดฉีด 150IU', 200, '1900.00', '380000.00', 1),
(4096, 1418, 4101, 'Follitrope ชนิดฉีด 150IU', 60, '0.00', '0.00', 1),
(4097, 1418, 4102, 'IVF-M 75IU', 100, '550.00', '55000.00', 1),
(4098, 1418, 4103, 'IVF-M 75IU', 20, '0.00', '0.00', 1),
(4099, 1419, 4104, 'Progynova 2 mg. ', 300, '480.00', '144000.00', 1),
(4100, 1419, 4105, 'Progynova 2 mg. ', 15, '0.00', '0.00', 1),
(4101, 1419, 4106, 'Climara Pad', 200, '342.00', '68400.00', 1),
(4102, 1419, 4107, 'Primolut N  10x10', 5, '480.00', '2400.00', 1),
(4103, 1420, 4108, 'Follitrope Prefilled syringe 225 IU', 200, '3600.00', '720000.00', 1),
(4104, 1420, 4109, 'Follitrope Prefilled syringe 225 IU', 100, '0.00', '0.00', 1),
(4105, 1421, 4112, 'Clexane ( 4000 IU/0.4 ml) 2 syringes', 200, '540.80', '108160.00', 1),
(4106, 1422, 4113, 'Cetrotide Inj 0.25mg ', 15, '11760.00', '176400.00', 1),
(4107, 1422, 4114, 'Cetrotide Inj 0.25mg ', 3, '0.00', '0.00', 1),
(4108, 1423, 4115, 'Follitrope inj.75 IU', 100, '1000.00', '100000.00', 1),
(4109, 1423, 4116, 'Follitrope inj.75 IU', 30, '0.00', '0.00', 1),
(4110, 1423, 4117, 'Follitrope Prefilled syringe 150 IU', 100, '2400.00', '240000.00', 1),
(4111, 1423, 4118, 'Follitrope Prefilled syringe 150 IU', 50, '0.00', '0.00', 1),
(4112, 1423, 4119, 'IVF-M 150IU', 100, '1000.00', '100000.00', 1),
(4113, 1423, 4120, 'IVF-M 150IU', 20, '0.00', '0.00', 1),
(4114, 1424, 4121, 'Cetrotide Inj 0.25mg ', 10, '11760.00', '117600.00', 1);
INSERT INTO `POdetail` (`id`, `head_id`, `PR_id`, `item_name`, `qty`, `unit_price`, `total_price`, `ready_rec`) VALUES
(4115, 1424, 4122, 'Cetrotide Inj 0.25mg ', 2, '0.00', '0.00', 1),
(4116, 1424, 4123, 'Ovidrel Syring 250มลก. 1 syringe', 20, '1210.00', '24200.00', 1),
(4117, 1424, 4124, 'Ovidrel Syring 250มลก. 1 syringe', 2, '0.00', '0.00', 1),
(4118, 1425, 4125, 'Albutein 20%x50ml', 50, '1300.00', '65000.00', 1),
(4119, 1426, 4126, 'Follitrope ชนิดฉีด 150IU', 200, '1900.00', '380000.00', 1),
(4120, 1426, 4127, 'Follitrope ชนิดฉีด 150IU', 60, '0.00', '0.00', 1),
(4121, 1427, 4058, 'Onsia 8 mg inj.5x4 ml', 20, '319.48', '6389.60', 1),
(4122, 1427, 4129, 'Onsia 8 mg inj.5x4 ml', 20, '0.00', '0.00', 1),
(4123, 1427, 4131, '์Neuviplex', 2, '0.00', '0.00', 1),
(4124, 1428, 4132, 'Cetrotide Inj 0.25mg ', 15, '11760.00', '176400.00', 1),
(4125, 1428, 4133, 'Cetrotide Inj 0.25mg ', 3, '0.00', '0.00', 1),
(4128, 1430, 4136, 'Onsia 8 mg inj.5x4 ml', 10, '319.48', '3194.80', 1),
(4129, 1430, 4137, 'Onsia 8 mg inj.5x4 ml', 8, '0.00', '0.00', 1),
(4130, 1430, 4138, 'CEF 3 1G IV Siam', 50, '64.68', '3234.00', 1),
(4131, 1430, 4139, 'CEF 3 1G IV Siam', 25, '0.00', '0.00', 1),
(4132, 1430, 4140, 'Onsia 4 mg (Blister)', 2, '0.00', '0.00', 1),
(4133, 1431, 4141, 'Follitrope ชนิดฉีด 150IU', 100, '1900.00', '190000.00', 0),
(4134, 1431, 4142, 'Follitrope ชนิดฉีด 150IU', 30, '0.00', '0.00', 0),
(4135, 1431, 4143, 'IVF-M 75IU', 100, '550.00', '55000.00', 0),
(4136, 1431, 4144, 'IVF-M 75IU', 20, '0.00', '0.00', 0),
(4137, 1431, 4145, 'IVF-M 150IU', 100, '1000.00', '100000.00', 0),
(4138, 1431, 4146, 'IVF-M 150IU', 20, '0.00', '0.00', 0),
(4139, 1432, 4147, 'Clexane ( 4000 IU/0.4 ml) 2 syringes', 200, '540.80', '108160.00', 1),
(4140, 1433, 4148, 'Intralipid 20%', 48, '461.00', '22128.00', 1),
(4141, 1433, 4149, 'Albutein 20%x50ml', 50, '1300.00', '65000.00', 1),
(4142, 1433, 4150, 'Propofol-Lipuro 1% 50ml', 30, '200.00', '6000.00', 1),
(4143, 1434, 4151, 'Cetrotide Inj 0.25mg ', 15, '11760.00', '176400.00', 1),
(4144, 1434, 4152, 'Cetrotide Inj 0.25mg ', 3, '0.00', '0.00', 1),
(4145, 1435, 4153, 'Follitrope Prefilled syringe 225 IU', 100, '3600.00', '360000.00', 1),
(4146, 1435, 4154, 'Follitrope Prefilled syringe 225 IU', 50, '0.00', '0.00', 1),
(4147, 1435, 4155, 'Follitrope ชนิดฉีด 150IU', 100, '1900.00', '190000.00', 1),
(4148, 1435, 4156, 'Follitrope ชนิดฉีด 150IU', 30, '0.00', '0.00', 1),
(4149, 1436, 4157, 'Cetrotide Inj 0.25mg ', 10, '11760.00', '117600.00', 1),
(4150, 1436, 4158, 'Cetrotide Inj 0.25mg ', 2, '0.00', '0.00', 1),
(4151, 1436, 4159, 'Gonal F 300IU/0.5ML', 30, '6000.00', '180000.00', 1),
(4152, 1436, 4160, 'Gonal F 300IU/0.5ML', 18, '0.00', '0.00', 1),
(4153, 1436, 4161, 'Ovidrel Syring 250มลก. 1 syringe', 20, '1210.00', '24200.00', 1),
(4154, 1436, 4162, 'Ovidrel Syring 250มลก. 1 syringe', 2, '0.00', '0.00', 1),
(4157, 1437, 4163, 'Follitrope Prefilled syringe 225 IU', 200, '3600.00', '720000.00', 0),
(4158, 1437, 4164, 'Follitrope Prefilled syringe 225 IU', 100, '0.00', '0.00', 0),
(4159, 1437, 4168, 'IVF-M 75IU', 100, '550.00', '55000.00', 0),
(4160, 1437, 4169, 'IVF-M 75IU', 20, '0.00', '0.00', 0),
(4161, 1437, 4170, 'IVF-M 150IU', 100, '1000.00', '100000.00', 0),
(4162, 1437, 4171, 'IVF-M 150IU', 20, '0.00', '0.00', 0),
(4163, 1438, 4172, 'Cetrotide Inj 0.25mg ', 10, '11760.00', '117600.00', 1),
(4164, 1438, 4173, 'Cetrotide Inj 0.25mg ', 2, '0.00', '0.00', 1),
(4165, 1439, 4174, 'Follitrope ชนิดฉีด 150IU', 100, '1900.00', '190000.00', 1),
(4166, 1439, 4175, 'Follitrope ชนิดฉีด 150IU', 30, '0.00', '0.00', 1),
(4167, 1440, 4176, 'CEF 3 1G IV Siam', 100, '64.68', '6468.00', 1),
(4168, 1440, 4177, 'CEF 3 1G IV Siam', 50, '0.00', '0.00', 1),
(4169, 1440, 4178, 'Cavumox 625 mg', 1, '0.00', '0.00', 1),
(4172, 1441, 4179, 'Follitrope Prefilled syringe 225 IU', 100, '3600.00', '360000.00', 1),
(4173, 1441, 4180, 'Follitrope Prefilled syringe 225 IU', 50, '0.00', '0.00', 1),
(4174, 1442, 4181, 'Progynova 2 mg. ', 200, '480.00', '96000.00', 1),
(4175, 1442, 4182, 'Progynova 2 mg. ', 10, '0.00', '0.00', 1),
(4176, 1443, 4183, 'Follitrope ชนิดฉีด 150IU', 150, '1900.00', '285000.00', 1),
(4177, 1443, 4184, 'Follitrope ชนิดฉีด 150IU', 45, '0.00', '0.00', 1),
(4178, 1443, 4185, 'IVF-M 75IU', 100, '550.00', '55000.00', 1),
(4179, 1443, 4186, 'IVF-M 75IU', 20, '0.00', '0.00', 1),
(4180, 1443, 4187, 'IVF-M 150IU', 100, '1000.00', '100000.00', 1),
(4181, 1443, 4188, 'IVF-M 150IU', 20, '0.00', '0.00', 1),
(4182, 1444, 4189, 'Cetrotide Inj 0.25mg ', 10, '11760.00', '117600.00', 1),
(4183, 1444, 4190, 'Cetrotide Inj 0.25mg ', 2, '0.00', '0.00', 1),
(4184, 1444, 4191, 'Gonal F 300IU/0.5ML', 30, '6000.00', '180000.00', 1),
(4185, 1444, 4192, 'Gonal F 300IU/0.5ML', 18, '0.00', '0.00', 1),
(4186, 1445, 4193, 'Clexane ( 4000 IU/0.4 ml) 2 syringes', 200, '540.80', '108160.00', 1),
(4187, 1446, 4194, 'Progynova 2 mg. ', 100, '480.00', '48000.00', 1),
(4188, 1446, 4195, 'Progynova 2 mg. ', 5, '0.00', '0.00', 1),
(4189, 1447, 4196, 'Propofol-Lipuro 1% 50ml', 50, '200.00', '10000.00', 1),
(4190, 1448, 4197, 'Follitrope Prefilled syringe 225 IU', 150, '3600.00', '540000.00', 1),
(4191, 1448, 4198, 'Follitrope Prefilled syringe 225 IU', 75, '0.00', '0.00', 1),
(4194, 1450, 4199, 'Onsia 8 mg inj.5x4 ml', 10, '319.48', '3194.80', 1),
(4195, 1450, 4200, 'Onsia 8 mg inj.5x4 ml', 8, '0.00', '0.00', 1),
(4196, 1451, 4201, 'Premium Royal Jelly', 20, '891.59', '17831.80', 1),
(4197, 1452, 4202, 'Cetrotide Inj 0.25mg ', 15, '11760.00', '176400.00', 1),
(4198, 1452, 4203, 'Cetrotide Inj 0.25mg ', 3, '0.00', '0.00', 1),
(4199, 1453, 4204, 'Follitrope ชนิดฉีด 150IU', 150, '1900.00', '285000.00', 1),
(4200, 1453, 4205, 'Follitrope ชนิดฉีด 150IU', 45, '0.00', '0.00', 1),
(4201, 1454, 4206, 'Climara Pad', 100, '342.00', '34200.00', 1),
(4202, 1455, 4207, 'Intralipid 20%', 60, '461.00', '27660.00', 1),
(4203, 1456, 4208, 'IVF-M 150IU', 100, '1000.00', '100000.00', 1),
(4204, 1456, 4209, 'IVF-M 150IU', 20, '0.00', '0.00', 1),
(4205, 1457, 4210, 'Follitrope ชนิดฉีด 150IU', 100, '1900.00', '190000.00', 1),
(4206, 1457, 4211, 'Follitrope ชนิดฉีด 150IU', 30, '0.00', '0.00', 1),
(4207, 1457, 4212, 'Follitrope inj.75 IU', 50, '1000.00', '50000.00', 1),
(4208, 1457, 4213, 'Follitrope inj.75 IU', 15, '0.00', '0.00', 1),
(4209, 1457, 4214, 'Follitrope Prefilled syringe 150 IU', 50, '2400.00', '120000.00', 1),
(4210, 1457, 4215, 'Follitrope Prefilled syringe 150 IU', 25, '0.00', '0.00', 1),
(4211, 1457, 4216, 'Follitrope Prefilled syringe 225 IU', 200, '3600.00', '720000.00', 1),
(4212, 1457, 4217, 'Follitrope Prefilled syringe 225 IU', 100, '0.00', '0.00', 1),
(4217, 1458, 4218, 'Cetrotide Inj 0.25mg ', 15, '11760.00', '176400.00', 1),
(4218, 1458, 4219, 'Cetrotide Inj 0.25mg ', 3, '0.00', '0.00', 1),
(4219, 1458, 4222, 'Ovidrel Syring 250มลก. 1 syringe', 20, '1210.00', '24200.00', 1),
(4220, 1458, 4223, 'Ovidrel Syring 250มลก. 1 syringe', 2, '0.00', '0.00', 1),
(4221, 1459, 4224, 'Follitrope ชนิดฉีด 150IU', 200, '1900.00', '380000.00', 1),
(4222, 1459, 4225, 'Follitrope ชนิดฉีด 150IU', 60, '0.00', '0.00', 1),
(4223, 1461, 4227, 'Clexane ( 4000 IU/0.4 ml) 2 syringes', 200, '540.80', '108160.00', 0),
(4224, 1461, 4228, 'Yasmin 1x21', 12, '0.00', '0.00', 0),
(4225, 1461, 4229, 'Yasmin 1x21', 3, '0.00', '0.00', 0),
(4226, 1462, 4230, 'Clexane ( 4000 IU/0.4 ml) 2 syringes', 200, '540.80', '108160.00', 1),
(4227, 1463, 4231, 'Follitrope ชนิดฉีด 150IU', 200, '1900.00', '380000.00', 1),
(4228, 1463, 4232, 'Follitrope ชนิดฉีด 150IU', 60, '0.00', '0.00', 1),
(4233, 1464, 4233, 'CEF 3 1G IV Siam', 100, '64.68', '6468.00', 1),
(4234, 1464, 4234, 'CEF 3 1G IV Siam', 50, '0.00', '0.00', 1),
(4235, 1464, 4235, 'Cavumox 625 mg', 2, '0.00', '0.00', 1),
(4236, 1465, 4236, 'Cetrotide Inj 0.25mg ', 15, '11760.00', '176400.00', 1),
(4237, 1465, 4237, 'Cetrotide Inj 0.25mg ', 3, '0.00', '0.00', 1),
(4238, 1465, 4238, 'Ovidrel Syring 250มลก. 1 syringe', 20, '1210.00', '24200.00', 1),
(4239, 1465, 4239, 'Ovidrel Syring 250มลก. 1 syringe', 2, '0.00', '0.00', 1),
(4240, 1465, 4240, 'Gonal F 300IU/0.5ML', 30, '6000.00', '180000.00', 1),
(4241, 1465, 4241, 'Gonal F 300IU/0.5ML', 18, '0.00', '0.00', 1),
(4242, 1466, 4242, 'Progynova 2 mg. ', 200, '480.00', '96000.00', 1),
(4243, 1466, 4243, 'Progynova 2 mg. ', 10, '0.00', '0.00', 1),
(4244, 1466, 4244, 'Climara Pad', 100, '342.00', '34200.00', 1),
(4245, 1467, 4245, 'Cetrotide Inj 0.25mg ', 15, '11760.00', '176400.00', 1),
(4246, 1467, 4246, 'Cetrotide Inj 0.25mg ', 3, '0.00', '0.00', 1),
(4247, 1468, 4247, 'Cetrotide Inj 0.25mg ', 10, '11760.00', '117600.00', 1),
(4248, 1468, 4248, 'Cetrotide Inj 0.25mg ', 2, '0.00', '0.00', 1),
(4249, 1468, 4249, 'Crinone gel 8% ', 20, '2280.00', '45600.00', 1),
(4250, 1468, 4250, 'Crinone gel 8% ', 2, '0.00', '0.00', 1),
(4251, 1469, 4251, 'Yasmin 1x21', 12, '382.00', '4584.00', 1),
(4252, 1469, 4252, 'Yasmin 1x21', 3, '0.00', '0.00', 1),
(4253, 1470, 4253, 'Follitrope ชนิดฉีด 150IU', 200, '1900.00', '380000.00', 1),
(4254, 1470, 4254, 'Follitrope ชนิดฉีด 150IU', 60, '0.00', '0.00', 1),
(4255, 1470, 4255, 'Follitrope Prefilled syringe 225 IU', 150, '3600.00', '540000.00', 1),
(4256, 1470, 4256, 'Follitrope Prefilled syringe 225 IU', 75, '0.00', '0.00', 1),
(4257, 1471, 4257, 'Cetrotide Inj 0.25mg ', 10, '11760.00', '117600.00', 1),
(4258, 1471, 4258, 'Cetrotide Inj 0.25mg ', 2, '0.00', '0.00', 1),
(4259, 1472, 4259, 'Gonal F 300IU/0.5ML', 30, '6000.00', '180000.00', 1),
(4260, 1472, 4260, 'Gonal F 300IU/0.5ML', 18, '0.00', '0.00', 1),
(4261, 1473, 4261, 'IVF-M 150IU', 100, '1000.00', '100000.00', 1),
(4262, 1473, 4262, 'IVF-M 150IU', 20, '0.00', '0.00', 1),
(4263, 1474, 4263, 'Albutein 20%x50ml', 25, '1300.00', '32500.00', 1),
(4264, 1474, 4264, 'Propofol-Lipuro 1% 50ml', 50, '200.00', '10000.00', 1),
(4265, 1475, 4265, 'Follitrope Prefilled syringe 150 IU', 100, '2400.00', '240000.00', 1),
(4266, 1475, 4266, 'Follitrope Prefilled syringe 150 IU', 50, '0.00', '0.00', 1),
(4267, 1475, 4268, 'Follitrope Prefilled syringe 225 IU', 150, '3600.00', '540000.00', 1),
(4268, 1475, 4269, 'Follitrope Prefilled syringe 225 IU', 75, '0.00', '0.00', 1),
(4269, 1475, 4270, 'IVF-M 75IU', 100, '550.00', '55000.00', 1),
(4270, 1475, 4272, 'IVF-M 75IU', 20, '0.00', '0.00', 1),
(4271, 1476, 4273, 'Cetrotide Inj 0.25mg ', 10, '11760.00', '117600.00', 0),
(4272, 1476, 4274, 'Cetrotide Inj 0.25mg ', 2, '0.00', '0.00', 0),
(4273, 1476, 4275, 'Gonal F 300IU/0.5ML', 30, '6000.00', '180000.00', 0),
(4274, 1476, 4276, 'Gonal F 300IU/0.5ML', 18, '0.00', '0.00', 0),
(4275, 1476, 4277, 'Ovidrel Syring 250มลก. 1 syringe', 20, '1210.00', '24200.00', 0),
(4276, 1476, 4278, 'Ovidrel Syring 250มลก. 1 syringe', 2, '0.00', '0.00', 0),
(4277, 1477, 4279, 'Progynova 2 mg. ', 200, '480.00', '96000.00', 1),
(4278, 1477, 4280, 'Progynova 2 mg. ', 10, '0.00', '0.00', 1),
(4279, 1477, 4281, 'Primolut N  10x10', 3, '480.00', '1440.00', 1),
(4280, 1478, 4282, 'Clexane ( 4000 IU/0.4 ml) 2 syringes', 200, '540.80', '108160.00', 1),
(4281, 1479, 4283, 'Follitrope Prefilled syringe 225 IU', 150, '3600.00', '540000.00', 1),
(4282, 1479, 4284, 'Follitrope Prefilled syringe 225 IU', 75, '0.00', '0.00', 1),
(4283, 1479, 4285, 'Follitrope ชนิดฉีด 150IU', 150, '1900.00', '285000.00', 1),
(4284, 1479, 4286, 'Follitrope ชนิดฉีด 150IU', 45, '0.00', '0.00', 1),
(4285, 1480, 4287, 'Predsomed 5 mg(100x10\'s)', 12, '400.00', '4800.00', 1),
(4286, 1481, 4288, 'Cetrotide Inj 0.25mg ', 10, '11760.00', '117600.00', 1),
(4287, 1481, 4289, 'Cetrotide Inj 0.25mg ', 2, '0.00', '0.00', 1),
(4288, 1481, 4290, 'Gonal F 300IU/0.5ML', 30, '6000.00', '180000.00', 1),
(4289, 1481, 4291, 'Gonal F 300IU/0.5ML', 18, '0.00', '0.00', 1),
(4290, 1482, 4292, 'Intralipid 20% 100ml', 36, '461.00', '16596.00', 1),
(4291, 1482, 4293, 'Albutein 20%x50ml', 25, '1300.00', '32500.00', 1),
(4292, 1483, 4294, 'B-Aspirin ectab 81 mg(Yellow)', 10, '214.95', '2149.50', 1),
(4293, 1484, 4295, 'IVF-M 150IU', 100, '1000.00', '100000.00', 1),
(4294, 1484, 4296, 'IVF-M 150IU', 20, '0.00', '0.00', 1),
(4295, 1485, 4297, 'Cetrotide Inj 0.25mg ', 15, '11760.00', '176400.00', 1),
(4296, 1485, 4298, 'Cetrotide Inj 0.25mg ', 3, '0.00', '0.00', 1),
(4297, 1486, 4299, 'Clexane ( 4000 IU/0.4 ml) 2 syringes', 200, '540.80', '108160.00', 1),
(4298, 1486, 4300, 'Albutein 20%x50ml', 25, '1300.00', '32500.00', 1),
(4299, 1487, 4301, 'Follitrope ชนิดฉีด 150IU', 100, '1900.00', '190000.00', 1),
(4300, 1487, 4302, 'Follitrope ชนิดฉีด 150IU', 30, '0.00', '0.00', 1),
(4301, 1487, 4303, 'Follitrope Prefilled syringe 225 IU', 100, '3600.00', '360000.00', 1),
(4302, 1487, 4304, 'Follitrope Prefilled syringe 225 IU', 50, '0.00', '0.00', 1),
(4303, 1489, 4305, 'Gonal F 300IU/0.5ML', 30, '6000.00', '180000.00', 1),
(4304, 1489, 4306, 'Gonal F 300IU/0.5ML', 18, '0.00', '0.00', 1),
(4305, 1490, 4307, 'Cetrotide Inj 0.25mg ', 15, '11760.00', '176400.00', 0),
(4306, 1490, 4308, 'Cetrotide Inj 0.25mg ', 3, '0.00', '0.00', 0),
(4307, 1490, 4309, 'Ovidrel Syring 250มลก. 1 syringe', 20, '1210.00', '24200.00', 0),
(4308, 1490, 4310, 'Ovidrel Syring 250มลก. 1 syringe', 2, '0.00', '0.00', 0),
(4309, 1491, 4311, 'Cetrotide Inj 0.25mg ', 10, '11760.00', '117600.00', 1),
(4310, 1491, 4312, 'Cetrotide Inj 0.25mg ', 2, '0.00', '0.00', 1),
(4311, 1492, 4313, 'Propofol-Lipuro 1% 50ml', 50, '200.00', '10000.00', 1),
(4312, 1493, 4314, 'Progynova 2 mg. ', 200, '480.00', '96000.00', 1),
(4313, 1493, 4315, 'Progynova 2 mg. ', 10, '0.00', '0.00', 1),
(4314, 1494, 4316, 'IVF-M 150IU', 100, '1000.00', '100000.00', 1),
(4315, 1494, 4317, 'IVF-M 150IU', 20, '0.00', '0.00', 1),
(4316, 1495, 4318, 'Gonal F 300IU/0.5ML', 30, '6000.00', '180000.00', 1),
(4317, 1495, 4319, 'Gonal F 300IU/0.5ML', 18, '0.00', '0.00', 1),
(4318, 1496, 4320, 'Follitrope ชนิดฉีด 150IU', 100, '1900.00', '190000.00', 1),
(4319, 1496, 4321, 'Follitrope ชนิดฉีด 150IU', 30, '0.00', '0.00', 1),
(4320, 1496, 4322, 'Follitrope Prefilled syringe 225 IU', 100, '3600.00', '360000.00', 1),
(4321, 1496, 4323, 'Follitrope Prefilled syringe 225 IU', 50, '0.00', '0.00', 1),
(4322, 1496, 4324, 'IVF-M 75IU', 100, '550.00', '55000.00', 1),
(4323, 1496, 4325, 'IVF-M 75IU', 20, '0.00', '0.00', 1),
(4324, 1497, 4326, 'Cetrotide Inj 0.25mg ', 5, '11760.00', '58800.00', 1),
(4325, 1497, 4327, 'Cetrotide Inj 0.25mg ', 1, '0.00', '0.00', 1),
(4326, 1497, 4328, 'Ovidrel Syring 250มลก. 1 syringe', 10, '1210.00', '12100.00', 1),
(4327, 1497, 4329, 'Ovidrel Syring 250มลก. 1 syringe', 1, '0.00', '0.00', 1),
(4328, 1497, 4330, 'Gonal F 300IU/0.5ML', 15, '6000.00', '90000.00', 1),
(4329, 1497, 4331, 'Gonal F 300IU/0.5ML', 9, '0.00', '0.00', 1),
(4330, 1498, 4332, 'Cetrotide Inj 0.25mg ', 15, '11760.00', '176400.00', 1),
(4331, 1498, 4333, 'Cetrotide Inj 0.25mg ', 3, '0.00', '0.00', 1),
(4332, 1498, 4334, 'Ovidrel Syring 250มลก. 1 syringe', 20, '1210.00', '24200.00', 1),
(4333, 1498, 4335, 'Ovidrel Syring 250มลก. 1 syringe', 2, '0.00', '0.00', 1),
(4334, 1498, 4336, 'Gonal F 300IU/0.5ML', 30, '6000.00', '180000.00', 1),
(4335, 1498, 4337, 'Gonal F 300IU/0.5ML', 18, '0.00', '0.00', 1),
(4336, 1499, 4338, 'Follitrope Prefilled syringe 225 IU', 150, '3600.00', '540000.00', 1),
(4337, 1499, 4339, 'Follitrope Prefilled syringe 225 IU', 75, '0.00', '0.00', 1),
(4338, 1499, 4340, 'Follitrope ชนิดฉีด 150IU', 150, '1900.00', '285000.00', 1),
(4339, 1499, 4341, 'Follitrope ชนิดฉีด 150IU', 45, '0.00', '0.00', 1),
(4340, 1501, 4342, 'Crinone gel 8% ', 20, '2280.00', '45600.00', 1),
(4341, 1501, 4344, 'Aspirin 81mg ', 2, '0.00', '0.00', 1),
(4342, 1502, 4345, 'Clexane ( 4000 IU/0.4 ml) 2 syringes', 200, '540.80', '108160.00', 1),
(4343, 1502, 4346, 'Propofol-Lipuro 1% 50ml', 60, '200.00', '12000.00', 1),
(4344, 1502, 4347, 'Intralipid 20% 100ml', 60, '461.00', '27660.00', 1),
(4345, 1502, 4348, 'Albutein 20%x50ml', 50, '1300.00', '65000.00', 1),
(4346, 1503, 4349, 'Follitrope ชนิดฉีด 150IU', 200, '1900.00', '380000.00', 1),
(4347, 1503, 4350, 'Follitrope ชนิดฉีด 150IU', 60, '0.00', '0.00', 1),
(4348, 1503, 4351, 'IVF-M 75IU', 100, '550.00', '55000.00', 1),
(4349, 1503, 4353, 'IVF-M 75IU', 20, '0.00', '0.00', 1),
(4350, 1503, 4354, 'IVF-M 150IU', 100, '1000.00', '100000.00', 1),
(4351, 1503, 4355, 'IVF-M 150IU', 20, '0.00', '0.00', 1),
(4352, 1504, 4356, 'Cetrotide Inj 0.25mg ', 15, '11760.00', '176400.00', 1),
(4353, 1504, 4357, 'Cetrotide Inj 0.25mg ', 3, '0.00', '0.00', 1),
(4354, 1505, 4358, 'Progynova 2 mg. ', 200, '480.00', '96000.00', 1),
(4355, 1505, 4359, 'Progynova 2 mg. ', 10, '0.00', '0.00', 1),
(4356, 1505, 4361, 'Primolut N  10x10', 10, '520.00', '5200.00', 1),
(4357, 1505, 4362, 'Primolut N  10x10', 1, '0.00', '0.00', 1),
(4358, 1506, 4363, 'Follitrope Prefilled syringe 150 IU', 100, '2400.00', '240000.00', 1),
(4359, 1506, 4364, 'Follitrope Prefilled syringe 150 IU', 50, '0.00', '0.00', 1),
(4360, 1506, 4365, 'Follitrope Prefilled syringe 225 IU', 200, '3600.00', '720000.00', 1),
(4361, 1506, 4366, 'Follitrope Prefilled syringe 225 IU', 100, '0.00', '0.00', 1),
(4362, 1507, 4367, 'Travocort cream', 10, '52.00', '520.00', 1),
(4363, 1508, 4368, 'Cetrotide Inj 0.25mg ', 15, '11760.00', '176400.00', 1),
(4364, 1508, 4369, 'Cetrotide Inj 0.25mg ', 3, '0.00', '0.00', 1),
(4365, 1508, 4370, 'Gonal F 300IU/0.5ML', 30, '6000.00', '180000.00', 1),
(4366, 1508, 4371, 'Gonal F 300IU/0.5ML', 18, '0.00', '0.00', 1),
(4367, 1509, 4372, 'Climara Pad', 100, '342.00', '34200.00', 1),
(4368, 1510, 4373, 'Climara Pad', 100, '342.00', '34200.00', 1),
(4369, 1511, 4374, 'Cetrotide Inj 0.25mg ', 10, '11760.00', '117600.00', 1),
(4370, 1511, 4375, 'Cetrotide Inj 0.25mg ', 2, '0.00', '0.00', 1),
(4371, 1511, 4376, 'Ovidrel Syring 250มลก. 1 syringe', 10, '1210.00', '12100.00', 1),
(4372, 1511, 4377, 'Ovidrel Syring 250มลก. 1 syringe', 1, '0.00', '0.00', 1),
(4373, 1511, 4378, 'Gonal F 300IU/0.5ML', 30, '6000.00', '180000.00', 1),
(4374, 1511, 4379, 'Gonal F 300IU/0.5ML', 18, '0.00', '0.00', 1),
(4375, 1512, 4380, 'Crinone gel 8% ', 20, '2280.00', '45600.00', 1),
(4376, 1512, 4381, 'Crinone gel 8% ', 2, '0.00', '0.00', 1),
(4377, 1513, 4382, 'Cetrotide Inj 0.25mg ', 15, '11760.00', '176400.00', 1),
(4378, 1513, 4383, 'Cetrotide Inj 0.25mg ', 3, '0.00', '0.00', 1),
(4379, 1513, 4384, 'Gonal F 300IU/0.5ML', 30, '6000.00', '180000.00', 1),
(4380, 1513, 4385, 'Gonal F 300IU/0.5ML', 18, '0.00', '0.00', 1),
(4381, 1514, 4386, 'Follitrope ชนิดฉีด 150IU', 150, '1900.00', '285000.00', 1),
(4382, 1514, 4387, 'Follitrope ชนิดฉีด 150IU', 45, '0.00', '0.00', 1),
(4383, 1514, 4388, 'Follitrope Prefilled syringe 225 IU', 150, '3600.00', '540000.00', 1),
(4384, 1514, 4389, 'Follitrope Prefilled syringe 225 IU', 75, '0.00', '0.00', 1),
(4385, 1514, 4390, 'IVF-M 150IU', 100, '1000.00', '100000.00', 1),
(4386, 1514, 4391, 'IVF-M 150IU', 20, '0.00', '0.00', 1),
(4387, 1515, 4392, 'Cyclo-Progynova', 40, '160.00', '6400.00', 1),
(4388, 1515, 4393, 'Cyclo-Progynova', 2, '0.00', '0.00', 1),
(4389, 1515, 4394, 'Yasmin 1x21', 12, '382.00', '4584.00', 1),
(4390, 1515, 4395, 'Yasmin 1x21', 3, '0.00', '0.00', 1),
(4391, 1516, 4396, 'Clexane ( 4000 IU/0.4 ml) 2 syringes', 200, '540.80', '108160.00', 1),
(4392, 1516, 4397, 'Albutein 20%x50ml', 25, '1300.00', '32500.00', 1),
(4393, 1517, 4398, 'Crinone gel 8% ', 20, '2280.00', '45600.00', 1),
(4394, 1517, 4399, 'Crinone gel 8% ', 2, '0.00', '0.00', 1),
(4395, 1517, 4400, 'Ovidrel Syring 250มลก. 1 syringe', 20, '1210.00', '24200.00', 1),
(4396, 1517, 4401, 'Ovidrel Syring 250มลก. 1 syringe', 2, '0.00', '0.00', 1),
(4397, 1517, 4402, 'Gonal F 300IU/0.5ML', 30, '6000.00', '180000.00', 1),
(4398, 1517, 4403, 'Gonal F 300IU/0.5ML', 18, '0.00', '0.00', 1),
(4399, 1518, 4404, 'Cetrotide Inj 0.25mg ', 15, '11760.00', '176400.00', 1),
(4400, 1518, 4405, 'Cetrotide Inj 0.25mg ', 3, '0.00', '0.00', 1),
(4401, 1518, 4406, 'Gonal F 300IU/0.5ML', 30, '6000.00', '180000.00', 1),
(4402, 1518, 4407, 'Gonal F 300IU/0.5ML', 18, '0.00', '0.00', 1),
(4403, 1519, 4408, 'Follitrope ชนิดฉีด 150IU', 150, '1900.00', '285000.00', 1),
(4404, 1519, 4409, 'Follitrope ชนิดฉีด 150IU', 45, '0.00', '0.00', 1),
(4405, 1519, 4410, 'Follitrope Prefilled syringe 225 IU', 200, '3600.00', '720000.00', 1),
(4406, 1519, 4411, 'Follitrope Prefilled syringe 225 IU', 100, '0.00', '0.00', 1),
(4407, 1519, 4412, 'IVF-M 150IU', 100, '1000.00', '100000.00', 1),
(4408, 1519, 4413, 'IVF-M 150IU', 20, '0.00', '0.00', 1),
(4409, 1519, 4414, 'IVF-M 75IU', 100, '550.00', '55000.00', 1),
(4410, 1519, 4415, 'IVF-M 75IU', 20, '0.00', '0.00', 1),
(4411, 1520, 4416, 'Cetrotide Inj 0.25mg ', 15, '11760.00', '176400.00', 1),
(4412, 1520, 4418, 'Cetrotide Inj 0.25mg ', 3, '0.00', '0.00', 1),
(4413, 1520, 4419, 'Gonal F 300IU/0.5ML', 60, '6000.00', '360000.00', 1),
(4414, 1520, 4420, 'Gonal F 300IU/0.5ML', 36, '0.00', '0.00', 1),
(4415, 1520, 4421, 'Ovidrel Syring 250มลก. 1 syringe', 20, '1210.00', '24200.00', 1),
(4416, 1520, 4422, 'Ovidrel Syring 250มลก. 1 syringe', 2, '0.00', '0.00', 1),
(4417, 1521, 4423, 'CEF 3 1G IV Siam', 100, '64.68', '6468.00', 1),
(4418, 1521, 4424, 'CEF 3 1G IV Siam', 50, '0.00', '0.00', 1),
(4419, 1521, 4425, 'Dixocillin 500 mg', 1, '0.00', '0.00', 1),
(4420, 1522, 4426, 'Cetrotide Inj 0.25mg ', 15, '11760.00', '176400.00', 1),
(4421, 1522, 4427, 'Cetrotide Inj 0.25mg ', 3, '0.00', '0.00', 1),
(4422, 1522, 4428, 'Gonal F 300IU/0.5ML', 30, '6000.00', '180000.00', 1),
(4423, 1522, 4429, 'Gonal F 300IU/0.5ML', 18, '0.00', '0.00', 1),
(4424, 1522, 4430, 'Ovidrel Syring 250มลก. 1 syringe', 20, '1210.00', '24200.00', 1),
(4425, 1522, 4431, 'Ovidrel Syring 250มลก. 1 syringe', 2, '0.00', '0.00', 1),
(4426, 1523, 4432, 'Intralipid 20% 100ml', 48, '461.00', '22128.00', 1),
(4427, 1524, 4433, 'Organ Peptid ', 100, '1500.00', '150000.00', 1),
(4428, 1524, 4434, 'Organ Peptid ', 10, '0.00', '0.00', 1),
(4429, 1525, 4435, 'Cetrotide Inj 0.25mg ', 15, '11760.00', '176400.00', 1),
(4430, 1525, 4436, 'Cetrotide Inj 0.25mg ', 3, '0.00', '0.00', 1),
(4431, 1525, 4437, 'Gonal F 300IU/0.5ML', 30, '6000.00', '180000.00', 1),
(4432, 1525, 4438, 'Gonal F 300IU/0.5ML', 18, '0.00', '0.00', 1),
(4433, 1525, 4439, 'Crinone gel 8% ', 20, '2280.00', '45600.00', 1),
(4434, 1525, 4440, 'Crinone gel 8% ', 2, '0.00', '0.00', 1),
(4435, 1526, 4441, 'Clexane ( 4000 IU/0.4 ml) 2 syringes', 200, '540.80', '108160.00', 1),
(4436, 1527, 4442, 'Yasmin 1x21', 12, '382.00', '4584.00', 0),
(4437, 1527, 4443, 'Yasmin 1x21', 3, '0.00', '0.00', 0),
(4438, 1527, 4444, 'Climara Pad', 60, '342.00', '20520.00', 0),
(4439, 1527, 4445, 'Progynova 2 mg. ', 60, '480.00', '28800.00', 0),
(4440, 1527, 4446, 'Progynova 2 mg. ', 3, '0.00', '0.00', 0),
(4441, 1530, 4447, 'Propofol-Lipuro 1% 50ml', 50, '200.00', '10000.00', 1),
(4442, 1531, 4448, 'Albutein 20%x50ml', 25, '1300.00', '32500.00', 1),
(4443, 1532, 4449, 'IVF-M 150IU', 100, '1000.00', '100000.00', 1),
(4444, 1532, 4450, 'IVF-M 150IU', 20, '0.00', '0.00', 1),
(4445, 1532, 4451, 'Follitrope ชนิดฉีด 150IU', 400, '1900.00', '760000.00', 1),
(4446, 1532, 4452, 'Follitrope ชนิดฉีด 150IU', 120, '0.00', '0.00', 1),
(4447, 1532, 4453, 'Follitrope Prefilled syringe 225 IU', 400, '3600.00', '1440000.00', 1),
(4448, 1532, 4454, 'Follitrope Prefilled syringe 225 IU', 200, '0.00', '0.00', 1),
(4449, 1532, 4455, 'Follitrope Prefilled syringe 150 IU', 100, '2400.00', '240000.00', 1),
(4450, 1532, 4456, 'Follitrope Prefilled syringe 150 IU', 50, '0.00', '0.00', 1),
(4451, 1533, 4457, 'Cetrotide Inj 0.25mg ', 15, '11760.00', '176400.00', 1),
(4452, 1533, 4458, 'Cetrotide Inj 0.25mg ', 3, '0.00', '0.00', 1),
(4453, 1533, 4459, 'Gonal F 300IU/0.5ML', 30, '6000.00', '180000.00', 1),
(4454, 1533, 4460, 'Gonal F 300IU/0.5ML', 18, '0.00', '0.00', 1),
(4455, 1534, 4461, 'Cetrotide Inj 0.25mg ', 15, '11760.00', '176400.00', 1),
(4456, 1534, 4462, 'Cetrotide Inj 0.25mg ', 3, '0.00', '0.00', 1),
(4457, 1534, 4463, 'Gonal F 300IU/0.5ML', 30, '6000.00', '180000.00', 1),
(4458, 1534, 4464, 'Gonal F 300IU/0.5ML', 18, '0.00', '0.00', 1),
(4459, 1535, 4465, 'Ovidrel Syring 250มลก. 1 syringe', 20, '1210.00', '24200.00', 1),
(4460, 1535, 4466, 'Ovidrel Syring 250มลก. 1 syringe', 2, '0.00', '0.00', 1),
(4461, 1536, 4467, 'Onsia 8 mg inj.5x4 ml', 20, '319.48', '6389.60', 1),
(4462, 1536, 4468, 'Onsia 8 mg inj.5x4 ml', 20, '0.00', '0.00', 1),
(4463, 1537, 4469, 'Follitrope Prefilled syringe 150 IU', 150, '2400.00', '360000.00', 1),
(4464, 1537, 4470, 'Follitrope Prefilled syringe 150 IU', 75, '0.00', '0.00', 1),
(4466, 1538, 4471, 'Clexane ( 4000 IU/0.4 ml) 2 syringes', 200, '540.80', '108160.00', 1),
(4467, 1538, 4472, 'Albutein 20%x50ml', 25, '1300.00', '32500.00', 1),
(4474, 1541, 4473, 'Cetrotide Inj 0.25mg ', 15, '11760.00', '176400.00', 1),
(4475, 1541, 4474, 'Cetrotide Inj 0.25mg ', 3, '0.00', '0.00', 1),
(4476, 1541, 4475, 'Gonal F 300IU/0.5ML', 60, '6000.00', '360000.00', 1),
(4477, 1541, 4476, 'Gonal F 300IU/0.5ML', 36, '0.00', '0.00', 1),
(4478, 1542, 4477, 'B-Aspirin ectab 81 mg(Yellow)', 10, '214.95', '2149.50', 1),
(4485, 1544, 4484, 'Follitrope ชนิดฉีด 150IU', 150, '1900.00', '285000.00', 1),
(4486, 1544, 4485, 'Follitrope ชนิดฉีด 150IU', 45, '0.00', '0.00', 1),
(4487, 1544, 4486, 'IVF-M 150IU', 100, '1000.00', '100000.00', 1),
(4488, 1544, 4487, 'IVF-M 150IU', 20, '0.00', '0.00', 1),
(4489, 1544, 4488, 'IVF-M 75IU', 100, '550.00', '55000.00', 1),
(4490, 1544, 4489, 'IVF-M 75IU', 20, '0.00', '0.00', 1),
(4491, 1545, 4492, 'Cetrotide Inj 0.25mg ', 10, '11760.00', '117600.00', 1),
(4492, 1545, 4493, 'Cetrotide Inj 0.25mg ', 2, '0.00', '0.00', 1),
(4493, 1545, 4494, 'Gonal F 300IU/0.5ML', 45, '6000.00', '270000.00', 1),
(4494, 1545, 4495, 'Gonal F 300IU/0.5ML', 27, '0.00', '0.00', 1),
(4495, 1546, 4496, 'Follitrope Prefilled syringe 225 IU', 200, '3600.00', '720000.00', 1),
(4496, 1546, 4497, 'Follitrope Prefilled syringe 225 IU', 100, '0.00', '0.00', 1),
(4497, 1547, 4498, 'Albutein 20%x50ml', 50, '1300.00', '65000.00', 1),
(4498, 1547, 4499, 'Intralipid 20% 100ml', 60, '461.00', '27660.00', 1),
(4499, 1548, 4500, 'Follitrope Prefilled syringe 225 IU', 200, '3600.00', '720000.00', 1),
(4500, 1548, 4501, 'Follitrope Prefilled syringe 225 IU', 100, '0.00', '0.00', 1),
(4501, 1549, 4502, 'Propofol-Lipuro 1% 50ml', 50, '200.00', '10000.00', 1),
(4502, 1550, 4503, 'Progynova 2 mg. ', 300, '480.00', '144000.00', 1),
(4503, 1550, 4504, 'Progynova 2 mg. ', 15, '0.00', '0.00', 1),
(4504, 1551, 4505, 'Cetrotide Inj 0.25mg ', 15, '11760.00', '176400.00', 1),
(4505, 1551, 4506, 'Cetrotide Inj 0.25mg ', 3, '0.00', '0.00', 1),
(4506, 1552, 4507, 'Ovidrel Syring 250มลก. 1 syringe', 20, '1210.00', '24200.00', 1),
(4507, 1552, 4508, 'Ovidrel Syring 250มลก. 1 syringe', 2, '0.00', '0.00', 1),
(4508, 1552, 4509, 'Gonal F 300IU/0.5ML', 30, '6000.00', '180000.00', 1),
(4509, 1552, 4510, 'Gonal F 300IU/0.5ML', 18, '0.00', '0.00', 1),
(4510, 1553, 4511, 'IVF-M 75IU', 20, '550.00', '11000.00', 1),
(4511, 1553, 4512, 'IVF-M 75IU', 4, '0.00', '0.00', 1),
(4512, 1553, 4513, 'IVF-M 150IU', 20, '1000.00', '20000.00', 1),
(4513, 1553, 4514, 'IVF-M 150IU', 4, '0.00', '0.00', 1),
(4514, 1554, 4515, 'Progynova 2 mg. ', 200, '480.00', '96000.00', 1),
(4515, 1554, 4516, 'Progynova 2 mg. ', 10, '0.00', '0.00', 1),
(4516, 1554, 4517, 'Climara Pad', 100, '342.00', '34200.00', 1),
(4517, 1555, 4518, 'IVF-M 150IU', 100, '1000.00', '100000.00', 1),
(4518, 1555, 4519, 'IVF-M 150IU', 20, '0.00', '0.00', 1),
(4519, 1555, 4520, 'IVF-M 75IU', 100, '550.00', '55000.00', 1),
(4520, 1555, 4521, 'IVF-M 75IU', 20, '0.00', '0.00', 1),
(4521, 1556, 4522, 'Cetrotide Inj 0.25mg ', 10, '11760.00', '117600.00', 1),
(4522, 1556, 4523, 'Cetrotide Inj 0.25mg ', 2, '0.00', '0.00', 1),
(4523, 1556, 4524, 'Gonal F 300IU/0.5ML', 30, '6000.00', '180000.00', 1),
(4524, 1556, 4525, 'Gonal F 300IU/0.5ML', 18, '0.00', '0.00', 1),
(4525, 1556, 4526, 'Ovidrel Syring 250มลก. 1 syringe', 20, '1210.00', '24200.00', 1),
(4526, 1556, 4527, 'Ovidrel Syring 250มลก. 1 syringe', 2, '0.00', '0.00', 1),
(4527, 1557, 4528, 'Follitrope inj.75 IU', 100, '1000.00', '100000.00', 1),
(4528, 1557, 4529, 'Follitrope inj.75 IU', 30, '0.00', '0.00', 1),
(4529, 1557, 4530, 'Follitrope ชนิดฉีด 150IU', 100, '1900.00', '190000.00', 1),
(4530, 1557, 4531, 'Follitrope ชนิดฉีด 150IU', 30, '0.00', '0.00', 1),
(4531, 1558, 4533, 'Albutein 20%x50ml', 50, '1300.00', '65000.00', 1),
(4532, 1558, 4534, 'Propofol-Lipuro 1% 50ml', 50, '200.00', '10000.00', 1),
(4533, 1558, 4535, 'Follitrope ชนิดฉีด 150IU', 200, '1900.00', '380000.00', 1),
(4534, 1558, 4536, 'Follitrope ชนิดฉีด 150IU', 60, '0.00', '0.00', 1),
(4535, 1558, 4537, 'IVF-M 150IU', 150, '1000.00', '150000.00', 1),
(4536, 1558, 4538, 'IVF-M 150IU', 30, '0.00', '0.00', 1),
(4537, 1558, 4539, 'IVF-M 75IU', 150, '550.00', '82500.00', 1),
(4538, 1558, 4540, 'IVF-M 75IU', 30, '0.00', '0.00', 1),
(4539, 1558, 4541, 'Follitrope Prefilled syringe 225 IU', 200, '3600.00', '720000.00', 1),
(4540, 1558, 4542, 'Follitrope Prefilled syringe 225 IU', 100, '0.00', '0.00', 1),
(4541, 1559, 4543, 'Gonal F 300IU/0.5ML', 30, '6000.00', '180000.00', 1),
(4542, 1559, 4544, 'Gonal F 300IU/0.5ML', 18, '0.00', '0.00', 1),
(4543, 1560, 4545, 'Cetrotide Inj 0.25mg ', 10, '11760.00', '117600.00', 1),
(4544, 1560, 4546, 'Cetrotide Inj 0.25mg ', 2, '0.00', '0.00', 1),
(4545, 1560, 4547, 'Gonal F 300IU/0.5ML', 30, '6000.00', '180000.00', 1),
(4546, 1560, 4548, 'Gonal F 300IU/0.5ML', 18, '0.00', '0.00', 1),
(4547, 1560, 4549, 'Ovidrel Syring 250มลก. 1 syringe', 20, '1210.00', '24200.00', 1),
(4548, 1560, 4550, 'Ovidrel Syring 250มลก. 1 syringe', 2, '0.00', '0.00', 1),
(4549, 1561, 4551, 'Climara Pad', 100, '342.00', '34200.00', 1),
(4550, 1562, 4552, 'Clexane ( 4000 IU/0.4 ml) 2 syringes', 200, '540.80', '108160.00', 1),
(4551, 1563, 4553, 'CEF 3 1G IV Siam', 50, '64.68', '3234.00', 1),
(4552, 1563, 4554, 'CEF 3 1G IV Siam', 25, '0.00', '0.00', 1),
(4553, 1563, 4555, 'Onsia 8 mg inj.5x4 ml', 10, '319.48', '3194.80', 1),
(4554, 1563, 4556, 'Onsia 8 mg inj.5x4 ml', 8, '0.00', '0.00', 1),
(4555, 1563, 4557, 'Norxacin 400 mg', 1, '0.00', '0.00', 1),
(4556, 1564, 4558, 'Cetrotide Inj 0.25mg ', 10, '11760.00', '117600.00', 1),
(4557, 1564, 4559, 'Cetrotide Inj 0.25mg ', 2, '0.00', '0.00', 1),
(4558, 1564, 4560, 'Gonal F 300IU/0.5ML', 30, '6000.00', '180000.00', 1),
(4559, 1564, 4561, 'Gonal F 300IU/0.5ML', 18, '0.00', '0.00', 1),
(4560, 1565, 4562, 'Clexane ( 4000 IU/0.4 ml) 2 syringes', 200, '540.80', '108160.00', 1),
(4561, 1566, 4563, 'Progynova 2 mg. ', 100, '480.00', '48000.00', 1),
(4562, 1566, 4564, 'Progynova 2 mg. ', 5, '0.00', '0.00', 1),
(4563, 1566, 4565, 'Climara Pad', 100, '342.00', '34200.00', 1),
(4564, 1566, 4566, 'Primolut N  10x10', 3, '520.00', '1560.00', 1),
(4565, 1567, 4567, 'Cetrotide Inj 0.25mg ', 15, '11760.00', '176400.00', 1),
(4566, 1567, 4568, 'Cetrotide Inj 0.25mg ', 3, '0.00', '0.00', 1),
(4567, 1567, 4569, 'Gonal F 300IU/0.5ML', 45, '6000.00', '270000.00', 1),
(4568, 1567, 4570, 'Gonal F 300IU/0.5ML', 27, '0.00', '0.00', 1),
(4569, 1568, 4571, 'Cetrotide Inj 0.25mg ', 15, '11760.00', '176400.00', 1),
(4570, 1568, 4572, 'Cetrotide Inj 0.25mg ', 3, '0.00', '0.00', 1),
(4571, 1569, 4573, 'Follitrope Prefilled syringe 225 IU', 200, '3600.00', '720000.00', 1),
(4572, 1569, 4574, 'Follitrope Prefilled syringe 225 IU', 100, '0.00', '0.00', 1),
(4573, 1570, 4575, 'CEF 3 1G IV Siam', 100, '64.68', '6468.00', 1),
(4574, 1570, 4576, 'CEF 3 1G IV Siam', 50, '0.00', '0.00', 1),
(4575, 1570, 4577, 'Onsia 8 mg inj.5x4 ml', 5, '319.48', '1597.40', 1),
(4576, 1570, 4578, 'Onsia 8 mg inj.5x4 ml', 4, '0.00', '0.00', 1),
(4577, 1570, 4579, '์Neuviplex', 3, '0.00', '0.00', 1),
(4578, 1571, 4580, 'Gonal F 300IU/0.5ML', 45, '6000.00', '270000.00', 1),
(4579, 1571, 4581, 'Gonal F 300IU/0.5ML', 27, '0.00', '0.00', 1),
(4580, 1571, 4582, 'Ovidrel Syring 250มลก. 1 syringe', 10, '1210.00', '12100.00', 1),
(4581, 1571, 4583, 'Ovidrel Syring 250มลก. 1 syringe', 1, '0.00', '0.00', 1),
(4582, 1571, 4584, 'Crinone gel 8% ', 20, '2280.00', '45600.00', 1),
(4583, 1571, 4585, 'Crinone gel 8% ', 2, '0.00', '0.00', 1),
(4584, 1572, 4586, 'IVF-M 150IU', 150, '1000.00', '150000.00', 1),
(4585, 1572, 4587, 'IVF-M 150IU', 30, '0.00', '0.00', 1),
(4586, 1572, 4588, 'IVF-M 75IU', 100, '550.00', '55000.00', 1),
(4587, 1572, 4589, 'IVF-M 75IU', 20, '0.00', '0.00', 1),
(4593, 1575, 4590, 'Albutein 20%x50ml', 50, '1300.00', '65000.00', 0),
(4594, 1575, 4593, 'Intralipid 20% 100ml', 60, '461.00', '27660.00', 0),
(4595, 1576, 4594, 'Follitrope ชนิดฉีด 150IU', 200, '1900.00', '380000.00', 1),
(4596, 1576, 4595, 'Follitrope ชนิดฉีด 150IU', 60, '0.00', '0.00', 1),
(4597, 1576, 4596, 'Follitrope Prefilled syringe 225 IU', 100, '3600.00', '360000.00', 1),
(4598, 1576, 4597, 'Follitrope Prefilled syringe 225 IU', 50, '0.00', '0.00', 1),
(4599, 1577, 4598, 'Cetrotide Inj 0.25mg ', 15, '11760.00', '176400.00', 1),
(4600, 1577, 4599, 'Cetrotide Inj 0.25mg ', 3, '0.00', '0.00', 1),
(4601, 1578, 4600, 'Follitrope Prefilled syringe 225 IU', 300, '3600.00', '1080000.00', 1),
(4602, 1578, 4601, 'Follitrope Prefilled syringe 225 IU', 150, '0.00', '0.00', 1),
(4603, 1579, 4602, 'Cetrotide Inj 0.25mg ', 15, '11760.00', '176400.00', 1),
(4604, 1579, 4603, 'Cetrotide Inj 0.25mg ', 3, '0.00', '0.00', 1),
(4605, 1579, 4604, 'Gonal F 300IU/0.5ML', 30, '6000.00', '180000.00', 1),
(4606, 1579, 4605, 'Gonal F 300IU/0.5ML', 18, '0.00', '0.00', 1),
(4607, 1579, 4606, 'Ovidrel Syring 250มลก. 1 syringe', 20, '1210.00', '24200.00', 1),
(4608, 1579, 4607, 'Ovidrel Syring 250มลก. 1 syringe', 2, '0.00', '0.00', 1),
(4609, 1581, 4608, 'Onsia 8 mg inj.5x4 ml', 10, '319.48', '3194.80', 0),
(4610, 1581, 4609, 'Onsia 8 mg inj.5x4 ml', 8, '0.00', '0.00', 0),
(4611, 1581, 4610, 'CEF 3 1G IV Siam', 72, '64.68', '4656.96', 0),
(4612, 1581, 4611, 'CEF 3 1G IV Siam', 36, '0.00', '0.00', 0),
(4613, 1581, 4612, 'Rosil 300 mg', 1, '0.00', '0.00', 0),
(4614, 1582, 4613, 'Clexane ( 4000 IU/0.4 ml) 2 syringes', 200, '540.80', '108160.00', 1),
(4615, 1582, 4614, 'Propofol-Lipuro 1% 50ml', 80, '200.00', '16000.00', 1),
(4616, 1583, 4615, 'Progynova 2 mg. ', 200, '480.00', '96000.00', 1),
(4617, 1583, 4616, 'Progynova 2 mg. ', 10, '0.00', '0.00', 1),
(4618, 1584, 4617, 'Cetrotide Inj 0.25mg ', 15, '11760.00', '176400.00', 1),
(4619, 1584, 4618, 'Cetrotide Inj 0.25mg ', 3, '0.00', '0.00', 1);

-- --------------------------------------------------------

--
-- Table structure for table `POhead`
--

CREATE TABLE `POhead` (
  `id` int(11) NOT NULL,
  `po_number` bigint(255) DEFAULT NULL,
  `po_year` varchar(4) DEFAULT NULL,
  `po_date` varchar(10) DEFAULT NULL,
  `supplier_id` int(11) DEFAULT NULL,
  `po_user_id` int(11) DEFAULT NULL,
  `total_qty` int(11) DEFAULT NULL,
  `total_price` decimal(11,2) DEFAULT NULL,
  `receive` tinyint(1) DEFAULT NULL,
  `receive_date` datetime DEFAULT NULL,
  `receive_user_id` int(11) DEFAULT NULL,
  `accept1_date` datetime DEFAULT NULL,
  `accept1_user_id` int(11) DEFAULT '0',
  `accept2_date` datetime DEFAULT NULL,
  `accept2_user_id` int(11) DEFAULT '0',
  `accept3_date` datetime DEFAULT NULL,
  `accept3_user_id` int(11) DEFAULT '0'
) ENGINE=InnoDB DEFAULT CHARSET=utf8;

--
-- Dumping data for table `POhead`
--

INSERT INTO `POhead` (`id`, `po_number`, `po_year`, `po_date`, `supplier_id`, `po_user_id`, `total_qty`, `total_price`, `receive`, `receive_date`, `receive_user_id`, `accept1_date`, `accept1_user_id`, `accept2_date`, `accept2_user_id`, `accept3_date`, `accept3_user_id`) VALUES
(10, 1, '2015', '31/03/2015', 3, 4, 30, '13950.00', 2, '0000-00-00 00:00:00', 0, '2015-03-31 14:57:27', 4, '2015-03-31 14:59:33', 31, NULL, 0),
(11, 2, '2015', '28/04/2015', 5, 4, 22, '11000.00', 2, '0000-00-00 00:00:00', 0, '2015-04-28 13:55:48', 4, '2015-04-28 13:56:13', 31, NULL, 0),
(12, 3, '2015', '28/04/2015', 4, 31, 86, '26400.00', 2, '0000-00-00 00:00:00', 0, '2015-04-28 14:08:24', 31, '2015-04-28 14:10:01', 25, NULL, 0),
(13, 4, '2015', '28/04/2015', 42, 4, 50, '2102.50', 2, '0000-00-00 00:00:00', 0, '2015-04-28 14:19:35', 4, '2015-04-28 14:20:11', 25, NULL, 0),
(14, 5, '2015', '04/05/2015', 5, 4, 24, '90000.00', 2, '0000-00-00 00:00:00', 0, '2015-05-04 11:38:02', 4, '2015-05-13 07:29:45', 25, NULL, 0),
(15, 6, '2015', '08/05/2015', 5, 4, 48, '23115.00', 2, '0000-00-00 00:00:00', 0, '2015-05-08 12:49:40', 4, '2015-05-13 07:29:30', 25, NULL, 0),
(16, 7, '2015', '08/05/2015', 5, 4, 11, '12100.00', 2, '0000-00-00 00:00:00', 0, '2015-05-08 12:51:08', 4, '2015-05-13 07:29:11', 25, NULL, 0),
(17, 8, '2015', '11/05/2015', 3, 4, 200, '5840.00', 2, '0000-00-00 00:00:00', 0, '2015-05-11 10:29:02', 4, '2015-05-13 07:28:56', 25, NULL, 0),
(18, 9, '2015', '11/05/2015', 3, 4, 15, '7152.00', 2, '0000-00-00 00:00:00', 0, '2015-05-11 10:39:07', 4, '2015-05-13 07:28:39', 25, NULL, 0),
(19, 10, '2015', '12/05/2015', 5, 4, 122, '127000.00', 2, '0000-00-00 00:00:00', 0, '2015-05-12 13:20:31', 4, '2015-05-13 07:28:02', 25, NULL, 0),
(27, 11, '2015', '12/06/2015', 5, 4, 6, '58800.00', 2, '0000-00-00 00:00:00', 0, '2015-06-12 11:02:28', 4, '2015-06-18 07:36:47', 25, NULL, 0),
(28, 12, '2015', '12/06/2015', 5, 4, 78, '96000.00', 2, '0000-00-00 00:00:00', 0, '2015-06-12 11:55:44', 4, '2015-06-18 07:37:09', 25, NULL, 0),
(29, 13, '2015', '12/06/2015', 5, 4, 50, '4500.00', 2, '0000-00-00 00:00:00', 0, '2015-06-12 11:57:13', 4, '2015-06-18 07:37:29', 25, NULL, 0),
(30, 14, '2015', '12/06/2015', 5, 4, 22, '45600.00', 2, '0000-00-00 00:00:00', 0, '2015-06-12 11:59:42', 4, '2015-06-18 07:37:44', 25, NULL, 0),
(31, 15, '2015', '12/06/2015', 5, 4, 24, '90000.00', 2, '0000-00-00 00:00:00', 0, '2015-06-12 12:02:52', 4, '2015-06-18 07:38:18', 25, NULL, 0),
(32, 16, '2015', '12/06/2015', 5, 4, 24, '90000.00', 2, '0000-00-00 00:00:00', 0, '2015-06-12 12:13:43', 4, '2015-06-18 07:38:28', 25, NULL, 0),
(33, 17, '2015', '12/06/2015', 5, 4, 78, '96000.00', 2, '0000-00-00 00:00:00', 0, '2015-06-12 12:20:31', 4, '2015-06-18 07:38:40', 25, NULL, 0),
(34, 18, '2015', '12/06/2015', 5, 4, 56, '21240.00', 2, '0000-00-00 00:00:00', 0, '2015-06-12 12:27:05', 4, '2015-06-18 07:38:49', 25, NULL, 0),
(35, 19, '2015', '12/06/2015', 5, 4, 10, '8200.00', 2, '0000-00-00 00:00:00', 0, '2015-06-12 12:28:12', 4, '2015-06-18 07:39:06', 25, NULL, 0),
(36, 20, '2015', '12/06/2015', 5, 4, 15, '4200.00', 2, '0000-00-00 00:00:00', 0, '2015-06-12 12:31:53', 4, '2015-06-18 07:39:20', 25, NULL, 0),
(37, 21, '2015', '12/06/2015', 5, 4, 122, '127000.00', 2, '0000-00-00 00:00:00', 0, '2015-06-12 12:38:16', 4, '2015-06-18 07:39:46', 25, NULL, 0),
(38, 22, '2015', '12/06/2015', 5, 4, 12, '15500.00', 2, '0000-00-00 00:00:00', 0, '2015-06-12 12:41:27', 4, '2015-06-18 07:40:08', 25, NULL, 0),
(39, 23, '2015', '12/06/2015', 5, 4, 92, '71000.00', 2, '0000-00-00 00:00:00', 0, '2015-06-12 12:54:51', 4, '2015-06-18 07:40:18', 25, NULL, 0),
(40, 24, '2015', '12/06/2015', 5, 4, 139, '146000.00', 2, '0000-00-00 00:00:00', 0, '2015-06-12 13:10:38', 4, '2015-06-18 07:40:31', 25, NULL, 0),
(41, 25, '2015', '15/06/2015', 5, 4, 11, '12100.00', 2, '0000-00-00 00:00:00', 0, '2015-06-15 08:07:01', 4, '2015-06-18 07:40:40', 25, NULL, 0),
(42, 26, '2015', '15/06/2015', 5, 4, 63, '32945.00', 2, '0000-00-00 00:00:00', 0, '2015-06-15 08:10:49', 4, '2015-06-18 07:40:55', 25, NULL, 0),
(43, 27, '2015', '15/06/2015', 5, 4, 22, '45600.00', 2, '0000-00-00 00:00:00', 0, '2015-06-15 08:12:07', 4, '2015-06-18 07:41:03', 25, NULL, 0),
(44, 28, '2015', '15/06/2015', 5, 4, 24, '90000.00', 2, '0000-00-00 00:00:00', 0, '2015-06-15 08:13:25', 4, '2015-06-18 07:41:13', 25, NULL, 0),
(45, 29, '2015', '15/06/2015', 5, 4, 6, '58800.00', 2, '0000-00-00 00:00:00', 0, '2015-06-15 08:15:17', 4, '2015-06-18 07:41:40', 25, NULL, 0),
(46, 30, '2015', '15/06/2015', 5, 4, 122, '154000.00', 2, '0000-00-00 00:00:00', 0, '2015-06-15 08:18:42', 4, '2015-06-18 07:42:01', 25, NULL, 0),
(47, 31, '2015', '15/06/2015', 5, 4, 50, '4500.00', 2, '0000-00-00 00:00:00', 0, '2015-06-15 08:19:47', 4, '2015-06-18 07:42:12', 25, NULL, 0),
(48, 32, '2015', '15/06/2015', 5, 4, 28, '104400.00', 2, '0000-00-00 00:00:00', 0, '2015-06-15 08:22:13', 4, '2015-06-18 07:42:27', 25, NULL, 0),
(49, 33, '2015', '15/06/2015', 5, 4, 24, '90000.00', 2, '0000-00-00 00:00:00', 0, '2015-06-18 07:42:42', 25, '2015-06-18 11:01:56', 4, NULL, 0),
(50, 34, '2015', '18/06/2015', 5, 4, 22, '45600.00', 2, '0000-00-00 00:00:00', 0, '2015-06-18 11:01:30', 4, '2015-07-23 10:45:50', 25, NULL, 0),
(51, 35, '2015', '19/06/2015', 5, 4, 22, '45600.00', 2, '0000-00-00 00:00:00', 0, '2015-07-23 10:46:08', 25, '2015-07-27 07:19:22', 4, NULL, 0),
(52, 36, '2015', '22/06/2015', 5, 4, 91, '115000.00', 2, '0000-00-00 00:00:00', 0, '2015-06-22 06:56:07', 4, '2015-07-23 10:46:50', 25, NULL, 0),
(53, 37, '2015', '26/06/2015', 5, 4, 22, '45600.00', 2, '0000-00-00 00:00:00', 0, '2015-06-26 15:28:27', 4, '2015-07-23 10:47:06', 25, NULL, 0),
(54, 38, '2015', '26/06/2015', 5, 4, 130, '154000.00', 2, '0000-00-00 00:00:00', 0, '2015-06-26 15:29:08', 4, '2015-07-23 10:47:16', 25, NULL, 0),
(55, 39, '2015', '30/06/2015', 5, 4, 35, '20585.00', 2, '0000-00-00 00:00:00', 0, '2015-06-30 15:49:04', 4, '2015-07-23 10:47:54', 25, NULL, 0),
(56, 40, '2015', '30/06/2015', 5, 4, 21, '16881.00', 2, '0000-00-00 00:00:00', 0, '2015-06-30 15:50:04', 4, '2015-07-23 10:48:05', 25, NULL, 0),
(57, 41, '2015', '30/06/2015', 5, 4, 6, '58800.00', 2, '0000-00-00 00:00:00', 0, '2015-06-30 15:50:33', 4, '2015-07-23 10:48:15', 25, NULL, 0),
(60, 44, '2015', '08/07/2015', 5, 4, 50, '4500.00', 2, '0000-00-00 00:00:00', 0, '2015-07-08 13:20:05', 4, '2015-08-19 11:03:00', 25, NULL, 0),
(61, 45, '2015', '08/07/2015', 5, 4, 6, '58800.00', 2, '0000-00-00 00:00:00', 0, '2015-07-08 13:20:51', 4, '2015-08-19 11:03:10', 25, NULL, 0),
(62, 46, '2015', '27/07/2015', 5, 4, 22, '45600.00', 2, '0000-00-00 00:00:00', 0, '2015-07-27 07:23:05', 4, '2015-08-19 11:03:27', 25, NULL, 0),
(63, 47, '2015', '27/07/2015', 5, 4, 370, '403500.00', 2, '0000-00-00 00:00:00', 0, '2015-07-27 07:27:10', 4, '2015-08-19 11:03:58', 25, NULL, 0),
(64, 48, '2015', '27/07/2015', 5, 4, 50, '4500.00', 2, '0000-00-00 00:00:00', 0, '2015-07-27 07:34:03', 4, '2015-08-19 11:04:19', 25, NULL, 0),
(65, 49, '2015', '27/07/2015', 5, 4, 6, '58800.00', 2, '0000-00-00 00:00:00', 0, '2015-07-27 07:56:04', 4, '2015-08-19 11:04:36', 25, NULL, 0),
(66, 50, '2015', '27/07/2015', 5, 4, 22, '45600.00', 2, '0000-00-00 00:00:00', 0, '2015-07-27 07:57:05', 4, '2015-08-19 11:05:17', 25, NULL, 0),
(67, 51, '2015', '27/07/2015', 5, 4, 81, '30900.00', 2, '0000-00-00 00:00:00', 0, '2015-07-27 07:59:11', 4, '2015-08-19 11:08:18', 25, NULL, 0),
(68, 52, '2015', '27/07/2015', 5, 4, 130, '145000.00', 2, '0000-00-00 00:00:00', 0, '2015-07-27 08:01:06', 4, '2015-08-19 11:08:32', 25, NULL, 0),
(69, 53, '2015', '27/07/2015', 5, 4, 6, '58800.00', 2, '0000-00-00 00:00:00', 0, '2015-07-27 08:06:45', 4, '2015-08-19 11:08:40', 25, NULL, 0),
(70, 54, '2015', '27/07/2015', 5, 4, 22, '45600.00', 2, '0000-00-00 00:00:00', 0, '2015-07-27 08:07:41', 4, '2015-08-19 11:08:48', 25, NULL, 0),
(71, 55, '2015', '27/07/2015', 5, 4, 148, '165000.00', 2, '0000-00-00 00:00:00', 0, '2015-07-27 08:11:18', 4, '2015-08-19 11:09:03', 25, NULL, 0),
(72, 56, '2015', '27/07/2015', 5, 4, 6, '58800.00', 2, '0000-00-00 00:00:00', 0, '2015-07-27 08:14:33', 4, '2015-08-19 11:09:13', 25, NULL, 0),
(73, 57, '2015', '27/07/2015', 5, 4, 148, '165000.00', 2, '0000-00-00 00:00:00', 0, '2015-07-27 08:22:03', 4, '2015-08-19 11:09:22', 25, NULL, 0),
(74, 58, '2015', '27/07/2015', 5, 4, 40, '13680.00', 2, '0000-00-00 00:00:00', 0, '2015-07-27 08:25:44', 4, '2015-08-19 11:09:32', 25, NULL, 0),
(75, 59, '2015', '27/07/2015', 5, 4, 192, '200500.00', 2, '0000-00-00 00:00:00', 0, '2015-07-27 08:43:58', 4, '2015-08-19 11:09:39', 25, NULL, 0),
(76, 60, '2015', '27/07/2015', 5, 4, 50, '4500.00', 2, '0000-00-00 00:00:00', 0, '2015-07-27 08:51:04', 4, '2015-08-19 11:09:51', 25, NULL, 0),
(78, 62, '2015', '27/07/2015', 5, 4, 104, '107000.00', 2, '0000-00-00 00:00:00', 0, '2015-07-27 08:59:29', 4, '2015-08-19 11:10:28', 25, NULL, 0),
(79, 63, '2015', '27/07/2015', 5, 4, 77, '61000.00', 2, '0000-00-00 00:00:00', 0, '2015-07-27 09:02:02', 4, '2015-08-19 11:10:38', 25, NULL, 0),
(80, 64, '2015', '27/07/2015', 5, 4, 11, '12100.00', 2, '0000-00-00 00:00:00', 0, '2015-07-27 09:03:49', 4, '2015-08-19 11:10:48', 25, NULL, 0),
(81, 65, '2015', '27/07/2015', 5, 4, 22, '45600.00', 2, '0000-00-00 00:00:00', 0, '2015-07-27 09:04:46', 4, '2015-08-19 11:10:56', 25, NULL, 0),
(82, 66, '2015', '17/08/2015', 5, 4, 130, '145000.00', 2, '0000-00-00 00:00:00', 0, '2015-08-17 11:51:46', 4, '2015-08-19 11:11:03', 25, NULL, 0),
(83, 67, '2015', '17/08/2015', 5, 4, 11, '12100.00', 2, '0000-00-00 00:00:00', 0, '2015-08-17 11:52:53', 4, '2015-08-19 11:11:11', 25, NULL, 0),
(85, 69, '2015', '17/08/2015', 5, 4, 50, '4500.00', 2, '0000-00-00 00:00:00', 0, '2015-08-17 11:55:38', 4, '2015-08-19 11:11:30', 25, NULL, 0),
(86, 70, '2015', '17/08/2015', 5, 4, 136, '161750.00', 2, '0000-00-00 00:00:00', 0, '2015-08-17 12:28:29', 4, '2015-08-19 11:11:38', 25, NULL, 0),
(87, 71, '2015', '17/08/2015', 5, 4, 126, '145000.00', 2, '0000-00-00 00:00:00', 0, '2015-08-17 12:52:49', 4, '2015-08-19 11:11:58', 25, NULL, 0),
(88, 72, '2015', '17/08/2015', 5, 4, 22, '45600.00', 2, '0000-00-00 00:00:00', 0, '2015-08-17 12:54:13', 4, '2015-08-19 11:12:05', 25, NULL, 0),
(89, 73, '2015', '17/08/2015', 5, 4, 78, '114000.00', 2, '0000-00-00 00:00:00', 0, '2015-08-17 12:55:18', 4, '2015-08-19 11:12:12', 25, NULL, 0),
(90, 74, '2015', '17/08/2015', 5, 4, 109, '51510.00', 2, '0000-00-00 00:00:00', 0, '2015-08-17 13:01:05', 4, '2015-08-19 11:12:22', 25, NULL, 0),
(93, 76, '2015', '17/08/2015', 5, 4, 22, '45600.00', 2, '0000-00-00 00:00:00', 0, '2015-08-17 13:06:11', 4, '2015-08-19 11:12:42', 25, NULL, 0),
(94, 77, '2015', '17/08/2015', 5, 4, 6, '7750.00', 2, '0000-00-00 00:00:00', 0, '2015-08-17 13:08:37', 4, '2015-08-19 11:13:00', 25, NULL, 0),
(96, 79, '2015', '20/08/2015', 5, 4, 42, '127200.00', 2, '0000-00-00 00:00:00', 0, '2015-08-20 10:52:15', 4, '2015-10-19 12:15:25', 25, NULL, 0),
(97, 80, '2015', '20/08/2015', 43, 4, 18, '3260.00', 2, '0000-00-00 00:00:00', 0, '2015-08-20 11:02:10', 4, '2015-10-19 12:32:37', 25, NULL, 0),
(98, 81, '2015', '20/08/2015', 5, 4, 81, '35655.00', 2, '0000-00-00 00:00:00', 0, '2015-08-20 11:06:13', 4, '2015-10-19 12:33:53', 25, NULL, 0),
(100, 82, '2015', '20/08/2015', 5, 4, 17, '70900.00', 2, '0000-00-00 00:00:00', 0, '2015-08-20 11:34:25', 4, '2015-10-19 12:34:36', 25, NULL, 0),
(101, 83, '2015', '20/08/2015', 5, 4, 87, '115000.00', 2, '0000-00-00 00:00:00', 0, '2015-08-20 11:36:01', 4, '2015-10-19 12:35:25', 25, NULL, 0),
(102, 84, '2015', '27/08/2015', 5, 4, 22, '45600.00', 2, '0000-00-00 00:00:00', 0, '2015-08-27 13:02:43', 4, '2015-10-19 12:36:14', 25, NULL, 0),
(103, 85, '2015', '01/09/2015', 5, 4, 37, '34500.00', 2, '0000-00-00 00:00:00', 0, '2015-09-01 15:18:38', 4, '2015-10-19 12:43:32', 25, NULL, 0),
(104, 86, '2015', '01/09/2015', 5, 4, 222, '229500.00', 2, '0000-00-00 00:00:00', 0, '2015-09-01 15:22:16', 4, '2015-10-19 12:44:22', 25, NULL, 0),
(105, 87, '2015', '09/09/2015', 5, 4, 60, '120000.00', 2, '0000-00-00 00:00:00', 0, '2015-09-09 14:03:00', 4, '2015-10-19 12:45:12', 25, NULL, 0),
(106, 88, '2015', '09/09/2015', 5, 4, 22, '45600.00', 2, '0000-00-00 00:00:00', 0, '2015-09-09 14:02:49', 4, '2015-10-19 12:46:09', 25, NULL, 0),
(107, 89, '2015', '16/09/2015', 5, 4, 5, '10325.00', 2, '0000-00-00 00:00:00', 0, '2015-09-16 09:01:29', 4, '2015-10-19 12:46:44', 25, NULL, 0),
(109, 91, '2015', '23/09/2015', 5, 4, 123, '142750.00', 2, '0000-00-00 00:00:00', 0, '2015-09-23 13:35:30', 4, '2015-10-19 12:47:53', 25, NULL, 0),
(111, 93, '2015', '23/09/2015', 5, 4, 80, '33590.00', 2, '0000-00-00 00:00:00', 0, '2015-09-23 13:40:43', 4, '2015-10-19 12:48:29', 25, NULL, 0),
(112, 94, '2015', '23/09/2015', 5, 4, 50, '4500.00', 2, '0000-00-00 00:00:00', 0, '2015-09-23 13:42:05', 4, '2015-10-19 12:49:02', 25, NULL, 0),
(114, 96, '2015', '23/09/2015', 5, 4, 39, '116500.00', 2, '0000-00-00 00:00:00', 0, '2015-09-23 13:46:39', 4, '2015-10-19 12:49:40', 25, NULL, 0),
(115, 97, '2015', '25/09/2015', 5, 4, 104, '125000.00', 2, '0000-00-00 00:00:00', 0, '2015-09-25 10:21:41', 4, '2015-10-19 12:50:18', 25, NULL, 0),
(116, 98, '2015', '29/09/2015', 5, 4, 6, '58800.00', 2, '0000-00-00 00:00:00', 0, '2015-09-29 12:29:38', 4, '2015-10-19 12:50:57', 25, NULL, 0),
(117, 99, '2015', '29/09/2015', 5, 4, 35, '30000.00', 2, '0000-00-00 00:00:00', 0, '2015-09-29 12:31:45', 4, '2015-10-19 12:51:44', 25, NULL, 0),
(118, 100, '2015', '01/10/2015', 5, 4, 20, '3400.00', 2, '0000-00-00 00:00:00', 0, '2015-10-01 14:48:49', 4, '2015-10-19 12:52:20', 25, NULL, 0),
(119, 101, '2015', '06/10/2015', 5, 4, 180, '181500.00', 2, '0000-00-00 00:00:00', 0, '2015-10-20 07:00:38', 4, '2015-10-20 07:01:05', 25, NULL, 0),
(120, 102, '2015', '12/10/2015', 5, 4, 77, '61000.00', 2, '0000-00-00 00:00:00', 0, '2015-10-12 07:08:34', 4, '2015-10-19 12:54:42', 25, NULL, 0),
(121, 103, '2015', '12/10/2015', 5, 4, 33, '68400.00', 2, '0000-00-00 00:00:00', 0, '2015-10-12 07:08:00', 4, '2015-10-19 12:55:20', 25, NULL, 0),
(122, 104, '2015', '13/10/2015', 5, 4, 65, '95000.00', 2, '0000-00-00 00:00:00', 0, '2015-10-13 11:48:21', 4, '2015-10-19 12:55:54', 25, NULL, 0),
(123, 105, '2015', '13/10/2015', 5, 4, 33, '68400.00', 2, '0000-00-00 00:00:00', 0, '2015-10-13 11:49:13', 4, '2015-10-19 12:56:19', 25, NULL, 0),
(124, 106, '2015', '14/10/2015', 5, 4, 112, '45230.00', 2, '0000-00-00 00:00:00', 0, '2015-10-14 13:07:18', 4, '2015-10-19 12:56:53', 25, NULL, 0),
(125, 107, '2015', '14/10/2015', 5, 4, 10, '2800.00', 2, '0000-00-00 00:00:00', 0, '2015-10-14 13:08:28', 4, '2015-10-19 12:57:33', 25, NULL, 0),
(126, 108, '2015', '19/10/2015', 5, 4, 66, '51000.00', 2, '0000-00-00 00:00:00', 0, '2015-10-19 11:07:38', 4, '2015-10-19 12:57:59', 25, NULL, 0),
(127, 109, '2015', '19/10/2015', 5, 4, 22, '45600.00', 2, '0000-00-00 00:00:00', 0, '2015-10-19 11:08:31', 4, '2015-10-19 12:58:31', 25, NULL, 0),
(128, 110, '2015', '19/10/2015', 5, 4, 6, '58800.00', 2, '0000-00-00 00:00:00', 0, '2015-10-19 11:10:14', 4, '2015-10-19 12:59:02', 25, NULL, 0),
(129, 111, '2015', '19/10/2015', 5, 4, 161, '166000.00', 2, '0000-00-00 00:00:00', 0, '2015-10-19 11:13:25', 4, '2015-10-19 12:59:27', 25, NULL, 0),
(130, 112, '2015', '19/10/2015', 5, 4, 6, '7750.00', 2, '0000-00-00 00:00:00', 0, '2015-10-19 11:14:35', 4, '2015-10-19 13:00:01', 25, NULL, 0),
(132, 114, '2015', '29/10/2015', 5, 4, 50, '4500.00', 2, '0000-00-00 00:00:00', 0, '2015-10-29 10:52:56', 4, '2015-11-21 12:51:17', 25, NULL, 0),
(133, 115, '2015', '29/10/2015', 5, 4, 117, '135000.00', 2, '0000-00-00 00:00:00', 0, '2015-10-29 10:55:36', 4, '2015-11-21 12:51:36', 25, NULL, 0),
(134, 116, '2015', '29/10/2015', 5, 4, 24, '90000.00', 2, '0000-00-00 00:00:00', 0, '2015-10-29 10:57:11', 4, '2015-11-21 12:51:50', 25, NULL, 0),
(135, 117, '2015', '06/11/2015', 5, 4, 41, '160900.00', 2, '0000-00-00 00:00:00', 0, '2015-11-06 10:42:21', 4, '2015-11-21 12:52:05', 25, NULL, 0),
(136, 118, '2015', '06/11/2015', 5, 4, 50, '4500.00', 2, '0000-00-00 00:00:00', 0, '2015-11-06 10:43:54', 4, '2015-11-21 12:52:15', 25, NULL, 0),
(137, 119, '2015', '06/11/2015', 5, 4, 22, '45600.00', 2, '0000-00-00 00:00:00', 0, '2015-11-06 10:45:46', 4, '2015-11-21 12:52:25', 25, NULL, 0),
(138, 120, '2015', '06/11/2015', 5, 4, 24, '90000.00', 2, '0000-00-00 00:00:00', 0, '2015-11-06 10:46:49', 4, '2015-11-21 12:52:34', 25, NULL, 0),
(140, 122, '2015', '11/11/2015', 4, 4, 4, '2388.50', 2, '0000-00-00 00:00:00', 0, '2015-11-11 12:42:48', 4, '2015-11-21 12:52:57', 25, NULL, 0),
(141, 123, '2015', '11/11/2015', 5, 4, 24, '90000.00', 2, '0000-00-00 00:00:00', 0, '2015-11-11 13:39:52', 4, '2015-11-21 12:53:08', 25, NULL, 0),
(142, 124, '2015', '16/11/2015', 5, 4, 46, '135600.00', 2, '0000-00-00 00:00:00', 0, '2015-11-16 09:15:05', 4, '2015-11-21 12:53:21', 25, NULL, 0),
(143, 125, '2015', '17/11/2015', 4, 4, 44, '14400.00', 2, '0000-00-00 00:00:00', 0, '2015-11-17 09:19:58', 4, '2015-11-21 12:53:30', 25, NULL, 0),
(144, 126, '2015', '20/11/2015', 8, 4, 6, '1020.00', 2, '0000-00-00 00:00:00', 0, '2015-11-20 06:40:26', 4, '2015-11-21 12:53:41', 25, NULL, 0),
(145, 127, '2015', '20/11/2015', 5, 4, 24, '90000.00', 2, '0000-00-00 00:00:00', 0, '2015-11-20 06:41:39', 4, '2015-11-21 12:53:50', 25, NULL, 0),
(146, 128, '2015', '23/11/2015', 5, 4, 33, '57700.00', 2, '0000-00-00 00:00:00', 0, '2015-11-23 09:31:54', 4, '2015-12-23 14:57:51', 25, NULL, 0),
(148, 130, '2015', '24/11/2015', 5, 4, 24, '90000.00', 2, '0000-00-00 00:00:00', 0, '2015-11-24 11:28:55', 4, '2015-12-23 14:59:05', 25, NULL, 0),
(149, 131, '2015', '24/11/2015', 5, 4, 15, '8112.00', 2, '0000-00-00 00:00:00', 0, '2015-11-24 11:46:27', 4, '2015-12-23 15:04:17', 25, NULL, 0),
(152, 134, '2015', '24/11/2015', 5, 4, 47, '22635.00', 2, '0000-00-00 00:00:00', 0, '2015-11-24 12:09:22', 4, '2015-12-23 15:09:55', 25, NULL, 0),
(153, 135, '2015', '24/11/2015', 5, 4, 5, '260.00', 2, '0000-00-00 00:00:00', 0, '2015-11-24 12:11:05', 4, '2015-12-23 15:10:31', 25, NULL, 0),
(154, 136, '2015', '27/11/2015', 5, 4, 46, '135600.00', 2, '0000-00-00 00:00:00', 0, '2015-11-27 10:50:58', 4, '2015-12-23 15:11:17', 25, NULL, 0),
(159, 138, '2015', '03/12/2015', 5, 4, 30, '148800.00', 2, '0000-00-00 00:00:00', 0, '2015-12-03 13:15:03', 4, '2015-12-23 15:11:41', 25, NULL, 0),
(160, 139, '2015', '10/12/2015', 5, 4, 46, '135600.00', 2, '0000-00-00 00:00:00', 0, '2015-12-10 07:02:40', 4, '2015-12-23 15:12:32', 25, NULL, 0),
(161, 140, '2015', '10/12/2015', 5, 4, 30, '148800.00', 2, '0000-00-00 00:00:00', 0, '2015-12-10 07:09:00', 4, '2015-12-23 15:14:05', 25, NULL, 0),
(163, 142, '2015', '10/12/2015', 4, 4, 880, '14400.00', 2, '0000-00-00 00:00:00', 0, '2015-12-10 10:40:53', 4, '2016-01-21 07:03:02', 25, NULL, 0),
(164, 143, '2015', '10/12/2015', 5, 4, 24, '90000.00', 2, '0000-00-00 00:00:00', 0, '2015-12-10 10:42:18', 4, '2015-12-23 15:14:33', 25, NULL, 0),
(165, 144, '2015', '17/12/2015', 5, 4, 20, '10816.00', 2, '0000-00-00 00:00:00', 0, '2015-12-17 08:29:05', 4, '2015-12-23 15:14:58', 25, NULL, 0),
(166, 145, '2015', '17/12/2015', 5, 4, 73, '33195.00', 2, '0000-00-00 00:00:00', 0, '2015-12-17 08:35:29', 4, '2015-12-23 15:15:49', 25, NULL, 0),
(168, 147, '2015', '17/12/2015', 4, 4, 1, '2095.24', 2, '0000-00-00 00:00:00', 0, '2015-12-17 08:39:26', 4, '2015-12-24 08:55:55', 25, NULL, 0),
(169, 148, '2015', '17/12/2015', 4, 4, 27, '16130.50', 2, '0000-00-00 00:00:00', 0, '2015-12-17 08:42:59', 4, '2015-12-24 08:55:34', 25, NULL, 0),
(170, 149, '2015', '17/12/2015', 4, 4, 86, '26400.00', 2, '0000-00-00 00:00:00', 0, '2015-12-24 08:53:23', 4, '2015-12-24 08:54:09', 25, NULL, 0),
(171, 150, '2015', '18/12/2015', 5, 4, 6, '58800.00', 2, '0000-00-00 00:00:00', 0, '2015-12-18 11:58:03', 4, '2015-12-23 15:16:43', 25, NULL, 0),
(172, 151, '2015', '22/12/2015', 43, 4, 12, '2428.00', 2, '0000-00-00 00:00:00', 0, '2015-12-22 09:45:16', 4, '2015-12-23 15:17:04', 25, NULL, 0),
(173, 152, '2015', '24/12/2015', 5, 4, 22, '45600.00', 2, '0000-00-00 00:00:00', 0, '2015-12-24 08:17:44', 4, '2015-12-24 08:21:47', 25, NULL, 0),
(174, 153, '2015', '24/12/2015', 5, 4, 46, '135600.00', 2, '0000-00-00 00:00:00', 0, '2015-12-24 08:19:41', 4, '2015-12-24 08:21:19', 25, NULL, 0),
(175, 1, '2016', '04/01/2016', 5, 4, 35, '102100.00', 2, '0000-00-00 00:00:00', 0, '2016-01-04 11:54:10', 4, '2016-01-21 07:03:15', 25, NULL, 0),
(176, 2, '2016', '04/01/2016', 4, 4, 86, '26400.00', 2, '0000-00-00 00:00:00', 0, '2016-01-04 12:06:05', 4, '2016-01-21 07:03:24', 25, NULL, 0),
(177, 3, '2016', '08/01/2016', 4, 4, 40, '24977.70', 2, '0000-00-00 00:00:00', 0, '2016-01-08 15:01:50', 4, '2016-01-21 07:03:37', 25, NULL, 0),
(178, 4, '2016', '08/01/2016', 5, 4, 21, '11297.00', 2, '0000-00-00 00:00:00', 0, '2016-01-21 07:03:57', 25, '2016-01-21 14:29:29', 4, NULL, 0),
(179, 5, '2016', '08/01/2016', 5, 4, 2, '4130.00', 2, '0000-00-00 00:00:00', 0, '2016-01-08 15:04:53', 4, '2016-01-21 07:04:20', 25, NULL, 0),
(180, 6, '2016', '08/01/2016', 5, 4, 22, '45600.00', 2, '0000-00-00 00:00:00', 0, '2016-01-08 15:06:30', 4, '2016-01-21 07:04:43', 25, NULL, 0),
(181, 7, '2016', '08/01/2016', 5, 4, 44, '135600.00', 2, '0000-00-00 00:00:00', 0, '2016-01-08 15:09:13', 4, '2016-01-21 07:04:52', 25, NULL, 0),
(183, 9, '2016', '20/01/2016', 5, 4, 24, '90000.00', 2, '0000-00-00 00:00:00', 0, '2016-01-20 13:27:44', 4, '2016-01-21 07:05:14', 25, NULL, 0),
(184, 10, '2016', '20/01/2016', 42, 4, 4, '3440.00', 2, '0000-00-00 00:00:00', 0, '2016-01-20 13:30:04', 4, '2016-01-21 07:05:24', 25, NULL, 0),
(186, 12, '2016', '20/01/2016', 4, 4, 110, '76000.00', 2, '0000-00-00 00:00:00', 0, '2016-01-20 13:40:42', 4, '2016-01-21 07:05:34', 25, NULL, 0),
(187, 13, '2016', '20/01/2016', 5, 4, 24, '90000.00', 2, '0000-00-00 00:00:00', 0, '2016-01-20 13:46:42', 4, '2016-01-21 07:05:45', 25, NULL, 0),
(188, 14, '2016', '20/01/2016', 5, 4, 2, '4130.00', 2, '0000-00-00 00:00:00', 0, '2016-01-20 13:47:46', 4, '2016-01-21 07:05:54', 25, NULL, 0),
(189, 15, '2016', '20/01/2016', 5, 4, 60, '16224.00', 2, '0000-00-00 00:00:00', 0, '2016-01-20 13:51:56', 4, '2016-01-21 07:53:27', 25, NULL, 0),
(190, 16, '2016', '20/01/2016', 4, 4, 100, '76000.00', 2, '0000-00-00 00:00:00', 0, '2016-01-20 13:54:09', 4, '2016-01-21 07:53:43', 25, NULL, 0),
(191, 17, '2016', '20/01/2016', 5, 4, 66, '148800.00', 2, '0000-00-00 00:00:00', 0, '2016-01-20 13:57:48', 4, '2016-01-21 07:53:56', 25, NULL, 0),
(192, 18, '2016', '21/01/2016', 43, 4, 12, '2379.44', 2, '0000-00-00 00:00:00', 0, '2016-01-21 14:47:43', 4, '2016-01-21 14:51:16', 25, NULL, 0),
(194, 20, '2016', '26/01/2016', 5, 4, 30, '16224.00', 2, '0000-00-00 00:00:00', 0, '2016-01-26 12:50:34', 4, '2016-02-24 10:05:02', 25, NULL, 0),
(196, 21, '2016', '26/01/2016', 5, 4, 24, '90000.00', 2, '0000-00-00 00:00:00', 0, '2016-01-26 12:54:40', 4, '2016-02-24 10:05:16', 25, NULL, 0),
(200, 24, '2016', '18/02/2016', 5, 4, 30, '148800.00', 2, '0000-00-00 00:00:00', 0, '2016-02-18 06:56:48', 4, '2016-02-24 10:05:25', 25, NULL, 0),
(201, 25, '2016', '18/02/2016', 44, 4, 110, '150000.00', 2, '0000-00-00 00:00:00', 0, '2016-02-18 07:09:13', 4, '2016-02-24 10:05:47', 25, NULL, 0),
(202, 26, '2016', '18/02/2016', 5, 4, 93, '40455.00', 2, '0000-00-00 00:00:00', 0, '2016-02-18 07:13:03', 4, '2016-02-24 10:05:58', 25, NULL, 0),
(203, 27, '2016', '18/02/2016', 5, 4, 24, '90000.00', 2, '0000-00-00 00:00:00', 0, '2016-02-18 07:14:00', 4, '2016-02-24 10:06:08', 25, NULL, 0),
(204, 28, '2016', '18/02/2016', 5, 4, 24, '90000.00', 2, '0000-00-00 00:00:00', 0, '2016-02-18 07:15:27', 4, '2016-02-24 10:06:15', 25, NULL, 0),
(206, 29, '2016', '18/02/2016', 5, 4, 46, '135600.00', 2, '0000-00-00 00:00:00', 0, '2016-02-18 07:17:43', 4, '2016-02-24 10:06:25', 25, NULL, 0),
(207, 30, '2016', '18/02/2016', 4, 4, 22, '152000.00', 2, '0000-00-00 00:00:00', 0, '2016-02-18 07:19:10', 4, '2016-02-24 10:06:33', 25, NULL, 0),
(208, 31, '2016', '18/02/2016', 4, 4, 44, '14400.00', 2, '0000-00-00 00:00:00', 0, '2016-02-18 07:20:44', 4, '2016-02-24 10:06:41', 25, NULL, 0),
(209, 32, '2016', '18/02/2016', 5, 4, 50, '4500.00', 2, '0000-00-00 00:00:00', 0, '2016-02-18 07:21:58', 4, '2016-02-24 10:06:50', 25, NULL, 0),
(211, 34, '2016', '18/02/2016', 5, 4, 30, '16224.00', 2, '0000-00-00 00:00:00', 0, '2016-02-18 07:24:29', 4, '2016-02-24 10:06:58', 25, NULL, 0),
(212, 35, '2016', '18/02/2016', 5, 4, 46, '135600.00', 2, '0000-00-00 00:00:00', 0, '2016-02-18 07:52:03', 4, '2016-02-24 10:07:07', 25, NULL, 0),
(213, 36, '2016', '18/02/2016', 4, 4, 42, '13200.00', 2, '0000-00-00 00:00:00', 0, '2016-02-18 07:53:18', 4, '2016-02-24 10:07:15', 25, NULL, 0),
(215, 37, '2016', '18/02/2016', 43, 4, 75, '3234.00', 2, '0000-00-00 00:00:00', 0, '2016-02-18 07:58:12', 4, '2016-02-24 10:07:22', 25, NULL, 0),
(216, 38, '2016', '18/02/2016', 5, 4, 6, '58800.00', 2, '0000-00-00 00:00:00', 0, '2016-02-18 07:59:22', 4, '2016-02-24 10:07:30', 25, NULL, 0),
(217, 39, '2016', '18/02/2016', 5, 4, 24, '90000.00', 2, '0000-00-00 00:00:00', 0, '2016-02-18 08:00:09', 4, '2016-02-24 10:07:38', 25, NULL, 0),
(218, 40, '2016', '25/02/2016', 44, 4, NULL, NULL, 2, '0000-00-00 00:00:00', 0, '2016-02-25 08:14:07', 4, '2016-02-25 08:15:27', 25, NULL, 0),
(219, 41, '2016', '25/02/2016', 44, 4, NULL, NULL, 2, '0000-00-00 00:00:00', 0, '2016-02-25 09:19:59', 4, '2016-02-25 09:20:31', 25, NULL, 0),
(220, 42, '2016', '25/02/2016', 44, 4, 110, '140187.00', 2, '0000-00-00 00:00:00', 0, '2016-02-25 09:25:54', 4, '2016-02-25 09:26:11', 25, NULL, 0),
(222, 44, '2016', '16/03/2016', 5, 4, 15, '4200.00', 2, '0000-00-00 00:00:00', 0, '2016-03-16 10:38:54', 4, '2016-04-12 12:25:02', 25, NULL, 0),
(223, 45, '2016', '18/03/2016', 5, 4, 46, '135600.00', 2, '0000-00-00 00:00:00', 0, '2016-03-18 06:53:14', 4, '2016-04-12 12:27:22', 25, NULL, 0),
(224, 46, '2016', '18/03/2016', 4, 4, NULL, NULL, 2, '0000-00-00 00:00:00', 0, '2016-03-18 06:55:42', 4, '2016-04-12 12:27:40', 25, NULL, 0),
(225, 47, '2016', '18/03/2016', 5, 4, 48, '180000.00', 2, '0000-00-00 00:00:00', 0, '2016-03-18 06:57:24', 4, '2016-04-12 12:29:42', 25, NULL, 0),
(226, 48, '2016', '18/03/2016', 5, 4, 6, '58800.00', 2, '0000-00-00 00:00:00', 0, '2016-03-18 06:58:51', 4, '2016-04-12 12:29:50', 25, NULL, 0),
(227, 49, '2016', '18/03/2016', 4, 4, NULL, NULL, 2, '0000-00-00 00:00:00', 0, '2016-03-18 07:00:09', 4, '2016-04-12 12:30:00', 25, NULL, 0),
(228, 50, '2016', '18/03/2016', 5, 4, 92, '35640.00', 2, '0000-00-00 00:00:00', 0, '2016-03-18 07:03:23', 4, '2016-04-12 12:30:09', 25, NULL, 0),
(229, 51, '2016', '18/03/2016', 5, 4, 48, '180000.00', 2, '0000-00-00 00:00:00', 0, '2016-03-18 07:06:25', 4, '2016-04-12 12:30:18', 25, NULL, 0),
(231, 52, '2016', '18/03/2016', 4, 4, NULL, NULL, 2, '0000-00-00 00:00:00', 0, '2016-03-18 07:18:15', 4, '2016-04-12 12:30:27', 25, NULL, 0),
(232, 53, '2016', '18/03/2016', 5, 4, NULL, NULL, 2, '0000-00-00 00:00:00', 0, '2016-03-18 07:19:05', 4, '2016-04-12 12:30:37', 25, NULL, 0),
(233, 54, '2016', '18/03/2016', 5, 4, 24, '90000.00', 2, '0000-00-00 00:00:00', 0, '2016-03-18 07:20:37', 4, '2016-04-12 12:30:51', 25, NULL, 0),
(234, 55, '2016', '18/03/2016', 5, 4, 70, '225600.00', 2, '0000-00-00 00:00:00', 0, '2016-03-18 07:22:27', 4, '2016-04-12 12:31:07', 25, NULL, 0),
(236, 57, '2016', '18/03/2016', 8, 4, 12, '1820.00', 2, '0000-00-00 00:00:00', 0, '2016-03-18 07:34:24', 4, '2016-04-12 12:32:38', 25, NULL, 0),
(237, 58, '2016', '18/03/2016', 5, 4, 6, '58800.00', 2, '0000-00-00 00:00:00', 0, '2016-03-18 07:42:18', 4, '2016-04-12 12:32:46', 25, NULL, 0),
(239, 59, '2016', '18/03/2016', 43, 4, 18, '3194.80', 2, '0000-00-00 00:00:00', 0, '2016-03-18 07:46:07', 4, '2016-04-12 12:32:54', 25, NULL, 0),
(240, 60, '2016', '18/03/2016', 5, 4, 59, '192100.00', 2, '0000-00-00 00:00:00', 0, '2016-03-18 07:56:52', 4, '2016-04-12 12:33:03', 25, NULL, 0),
(242, 62, '2016', '18/03/2016', 5, 4, 44, '91200.00', 2, '0000-00-00 00:00:00', 0, '2016-03-18 07:59:46', 4, '2016-04-12 12:33:30', 25, NULL, 0),
(243, 63, '2016', '18/03/2016', 5, 4, 50, '4500.00', 2, '0000-00-00 00:00:00', 0, '2016-03-18 08:00:33', 4, '2016-04-12 12:33:38', 25, NULL, 0),
(244, 64, '2016', '18/03/2016', 5, 4, 5, '10325.00', 2, '0000-00-00 00:00:00', 0, '2016-03-18 08:02:08', 4, '2016-04-12 12:33:49', 25, NULL, 0),
(245, 65, '2016', '18/03/2016', 5, 4, 50, '27040.00', 2, '0000-00-00 00:00:00', 0, '2016-03-18 08:03:13', 4, '2016-04-12 12:33:59', 25, NULL, 0),
(246, 66, '2016', '12/04/2016', 5, 4, NULL, NULL, 2, '0000-00-00 00:00:00', 0, '2016-04-12 12:23:09', 4, '2016-04-12 12:44:48', 25, NULL, 0),
(259, 79, '2016', '12/04/2016', 5, 4, 48, '180000.00', 2, '0000-00-00 00:00:00', 0, '2016-04-12 13:34:52', 4, '2016-04-26 14:35:49', 25, NULL, 0),
(260, 80, '2016', '12/04/2016', 5, 4, 24, '90000.00', 2, '0000-00-00 00:00:00', 0, '2016-04-12 13:36:18', 4, '2016-04-26 14:37:32', 25, NULL, 0),
(263, 82, '2016', '12/04/2016', 5, 4, 70, '225600.00', 2, '0000-00-00 00:00:00', 0, '2016-04-12 13:43:36', 4, '2016-04-26 14:38:22', 25, NULL, 0),
(267, 86, '2016', '12/04/2016', 5, 4, 59, '192100.00', 2, '0000-00-00 00:00:00', 0, '2016-04-12 13:53:46', 4, '2016-04-26 14:39:17', 25, NULL, 0),
(269, 88, '2016', '12/04/2016', 5, 4, 50, '4500.00', 2, '0000-00-00 00:00:00', 0, '2016-04-12 13:59:10', 4, '2016-04-26 14:39:58', 25, NULL, 0),
(271, 90, '2016', '12/04/2016', 5, 4, 50, '27040.00', 2, '0000-00-00 00:00:00', 0, '2016-04-12 14:05:44', 4, '2016-04-26 14:40:35', 25, NULL, 0),
(273, 92, '2016', '12/04/2016', 5, 4, 73, '29280.00', 2, '0000-00-00 00:00:00', 0, '2016-04-12 14:25:46', 4, '2016-04-26 14:41:16', 25, NULL, 0),
(274, 93, '2016', '12/04/2016', 5, 4, 54, '238800.00', 2, '0000-00-00 00:00:00', 0, '2016-04-12 14:27:17', 4, '2016-04-26 14:41:51', 25, NULL, 0),
(275, 94, '2016', '12/04/2016', 5, 4, 70, '225600.00', 2, '0000-00-00 00:00:00', 0, '2016-04-12 14:28:44', 4, '2016-04-26 14:42:33', 25, NULL, 0),
(283, 101, '2016', '12/04/2016', 5, 4, 52, '194400.00', 2, '0000-00-00 00:00:00', 0, '2016-04-12 14:43:27', 4, '2016-04-26 14:43:07', 25, NULL, 0),
(289, 106, '2016', '14/06/2016', 4, 4, 86, '26400.00', 2, '0000-00-00 00:00:00', 0, '2016-06-14 11:11:34', 4, '2016-06-14 13:33:43', 25, NULL, 0),
(290, 107, '2016', '14/06/2016', 4, 4, 44, '64000.00', 2, '0000-00-00 00:00:00', 0, '2016-06-14 11:13:45', 4, NULL, 0, NULL, 0),
(292, 109, '2016', '14/06/2016', 4, 4, 96, '28450.00', 2, '0000-00-00 00:00:00', 0, '2016-06-14 11:20:53', 4, NULL, 0, NULL, 0),
(295, 111, '2016', '14/06/2016', 4, 4, 84, '26400.00', 2, '0000-00-00 00:00:00', 0, '2016-06-14 11:30:24', 4, NULL, 0, NULL, 0),
(296, 112, '2016', '14/06/2016', 5, 4, 48, '180000.00', 2, '0000-00-00 00:00:00', 0, '2016-06-14 11:31:39', 4, '2016-06-14 13:56:03', 25, NULL, 0),
(297, 113, '2016', '14/06/2016', 43, 4, 75, '3234.00', 2, '0000-00-00 00:00:00', 0, '2016-06-14 11:33:57', 4, '2016-06-14 13:57:43', 25, NULL, 0),
(301, 117, '2016', '14/06/2016', 5, 4, 48, '180000.00', 2, '0000-00-00 00:00:00', 0, '2016-06-14 11:54:02', 4, '2016-06-14 13:58:42', 25, NULL, 0),
(305, 121, '2016', '14/06/2016', 4, 4, 44, '14400.00', 2, '0000-00-00 00:00:00', 0, '2016-06-14 12:01:30', 4, NULL, 0, NULL, 0),
(306, 122, '2016', '14/06/2016', 4, 4, 30, '19103.40', 2, '0000-00-00 00:00:00', 0, '2016-06-14 12:02:52', 4, NULL, 0, NULL, 0),
(308, 123, '2016', '14/06/2016', 4, 4, 22, '32000.00', 2, '0000-00-00 00:00:00', 0, '2016-06-14 12:04:31', 4, NULL, 0, NULL, 0),
(309, 124, '2016', '14/06/2016', 45, 4, 400, '3116.00', 2, '0000-00-00 00:00:00', 0, '2016-06-14 12:17:12', 4, NULL, 0, NULL, 0),
(310, 125, '2016', '14/06/2016', 4, 4, 96, '28450.00', 2, '0000-00-00 00:00:00', 0, '2016-06-14 12:20:48', 4, NULL, 0, NULL, 0),
(312, 126, '2016', '14/06/2016', 45, 4, 400, '3116.00', 2, '0000-00-00 00:00:00', 0, '2016-06-14 12:23:57', 4, NULL, 0, NULL, 0),
(313, 127, '2016', '14/06/2016', 5, 4, 22, '45600.00', 2, '0000-00-00 00:00:00', 0, '2016-06-14 12:25:13', 4, '2016-06-14 14:26:26', 25, NULL, 0),
(314, 128, '2016', '14/06/2016', 5, 4, NULL, NULL, 2, '0000-00-00 00:00:00', 0, '2016-06-14 12:58:05', 4, '2016-06-14 14:03:35', 25, NULL, 0),
(315, 129, '2016', '14/06/2016', 5, 4, 50, '4500.00', 2, '0000-00-00 00:00:00', 0, '2016-06-14 12:59:05', 4, '2016-06-14 14:04:55', 25, NULL, 0),
(316, 130, '2016', '14/06/2016', 5, 4, NULL, NULL, 2, '0000-00-00 00:00:00', 0, '2016-06-14 13:01:07', 4, '2016-06-14 14:05:44', 25, NULL, 0),
(322, 136, '2016', '14/06/2016', 4, 4, 404, '304000.00', 2, '0000-00-00 00:00:00', 0, '2016-06-14 13:13:48', 4, NULL, 0, NULL, 0),
(323, 137, '2016', '14/06/2016', 4, 4, 34, '7447.80', 2, '0000-00-00 00:00:00', 0, '2016-06-14 13:16:09', 4, NULL, 0, NULL, 0),
(326, 140, '2016', '14/06/2016', 5, 4, 1, '1000.00', 2, '0000-00-00 00:00:00', 0, '2016-06-14 13:27:55', 4, NULL, 0, NULL, 0),
(330, 144, '2016', '14/06/2016', 5, 4, 59, '192100.00', 2, '0000-00-00 00:00:00', 0, '2016-06-14 14:49:29', 4, NULL, 0, NULL, 0),
(331, 145, '2016', '14/06/2016', 5, 4, 6, '58800.00', 2, '0000-00-00 00:00:00', 0, '2016-06-14 14:54:35', 4, '2016-06-14 14:58:36', 25, NULL, 0),
(332, 146, '2016', '14/06/2016', 5, 4, 6, '58800.00', 2, '0000-00-00 00:00:00', 0, '2016-06-14 14:56:55', 4, '2016-06-14 14:59:30', 25, NULL, 0),
(333, 147, '2016', '15/06/2016', 5, 4, 54, '238800.00', 2, '0000-00-00 00:00:00', 0, '2016-06-15 08:41:13', 4, '2016-06-15 14:54:34', 25, NULL, 0),
(334, 148, '2016', '15/06/2016', 5, 4, 50, '27040.00', 2, '0000-00-00 00:00:00', 0, '2016-06-15 08:43:23', 4, '2016-06-15 14:55:22', 25, NULL, 0),
(335, 149, '2016', '15/06/2016', 5, 4, 54, '238800.00', 2, '0000-00-00 00:00:00', 0, '2016-06-15 08:58:06', 4, '2016-06-15 14:56:03', 25, NULL, 0),
(336, 150, '2016', '15/06/2016', 5, 4, 96, '45065.00', 2, '0000-00-00 00:00:00', 0, '2016-06-15 09:29:44', 4, '2016-06-15 14:56:41', 25, NULL, 0),
(337, 151, '2016', '15/06/2016', 5, 4, 81, '237700.00', 2, '0000-00-00 00:00:00', 0, '2016-06-15 14:40:49', 4, '2016-06-15 14:57:17', 25, NULL, 0),
(338, 152, '2016', '15/06/2016', 5, 4, 52, '194400.00', 2, '0000-00-00 00:00:00', 0, '2016-06-15 14:44:15', 4, '2016-06-15 14:57:59', 25, NULL, 0),
(339, 153, '2016', '15/06/2016', 5, 4, 70, '225600.00', 2, '0000-00-00 00:00:00', 0, '2016-06-15 14:45:57', 4, '2016-06-15 14:58:46', 25, NULL, 0),
(340, 154, '2016', '15/06/2016', 5, 4, 1, '1000.00', 2, '0000-00-00 00:00:00', 0, '2016-06-15 14:47:24', 4, '2016-06-15 14:59:23', 25, NULL, 0),
(341, 155, '2016', '15/06/2016', 4, 4, 44, '64000.00', 2, '0000-00-00 00:00:00', 0, '2016-06-15 14:49:11', 4, NULL, 0, NULL, 0),
(342, 156, '2016', '15/06/2016', 4, 4, 96, '28450.00', 2, '0000-00-00 00:00:00', 0, '2016-06-15 14:54:06', 4, NULL, 0, NULL, 0),
(343, 157, '2016', '16/06/2016', 5, 4, 1, '2710.00', 2, '0000-00-00 00:00:00', 0, '2016-06-16 06:22:57', 4, '2016-06-16 06:57:41', 25, NULL, 0),
(344, 158, '2016', '16/06/2016', 5, 4, 50, '27040.00', 2, '0000-00-00 00:00:00', 0, '2016-06-16 06:25:35', 4, '2016-06-16 06:59:17', 25, NULL, 0),
(345, 159, '2016', '16/06/2016', 5, 4, 54, '238800.00', 2, '0000-00-00 00:00:00', 0, '2016-06-16 06:26:58', 4, '2016-06-16 06:59:57', 25, NULL, 0),
(347, 161, '2016', '16/06/2016', 43, 4, 18, '3194.80', 2, '0000-00-00 00:00:00', 0, '2016-06-16 06:31:42', 4, '2016-06-16 07:00:41', 25, NULL, 0),
(348, 162, '2016', '16/06/2016', 5, 4, 50, '4500.00', 2, '0000-00-00 00:00:00', 0, '2016-06-16 06:33:26', 4, '2016-06-16 07:01:29', 25, NULL, 0),
(349, 163, '2016', '16/06/2016', 5, 4, 94, '38930.00', 2, '0000-00-00 00:00:00', 0, '2016-06-16 06:38:04', 4, '2016-06-16 07:01:51', 25, NULL, 0),
(350, 164, '2016', '16/06/2016', 5, 4, 1, '2040.00', 2, '0000-00-00 00:00:00', 0, '2016-06-16 06:39:15', 4, '2016-06-16 07:02:23', 25, NULL, 0),
(351, 165, '2016', '16/06/2016', 5, 4, 70, '225600.00', 2, '0000-00-00 00:00:00', 0, '2016-06-16 06:41:33', 4, '2016-06-16 07:03:09', 25, NULL, 0),
(352, 166, '2016', '16/06/2016', 5, 4, 70, '225600.00', 2, '0000-00-00 00:00:00', 0, '2016-06-16 06:43:15', 4, '2016-06-16 07:03:38', 25, NULL, 0),
(353, 167, '2016', '16/06/2016', 5, 4, 52, '58000.00', 2, '0000-00-00 00:00:00', 0, '2016-06-16 06:48:17', 4, '2016-06-16 07:04:16', 25, NULL, 0),
(354, 168, '2016', '16/06/2016', 5, 4, 6, '58800.00', 2, '0000-00-00 00:00:00', 0, '2016-06-16 06:50:38', 4, '2016-06-16 07:04:49', 25, NULL, 0),
(355, 169, '2016', '16/06/2016', 5, 4, 24, '11000.00', 2, '0000-00-00 00:00:00', 0, '2016-06-16 07:07:56', 4, '2016-06-16 07:08:15', 25, NULL, 0),
(356, 170, '2016', '16/06/2016', 5, 4, 76, '284400.00', 2, '0000-00-00 00:00:00', 0, '2016-06-16 06:53:34', 4, '2016-06-16 07:05:47', 25, NULL, 0),
(357, 171, '2016', '16/06/2016', 5, 4, 50, '27040.00', 2, '0000-00-00 00:00:00', 0, '2016-06-16 06:54:25', 4, '2016-06-16 07:06:20', 25, NULL, 0),
(358, 172, '2016', '16/06/2016', 5, 4, 70, '225600.00', 2, '0000-00-00 00:00:00', 0, '2016-06-16 06:55:42', 4, '2016-06-16 07:06:52', 25, NULL, 0),
(359, 173, '2016', '16/06/2016', 5, 4, 62, '28790.00', 2, '0000-00-00 00:00:00', 0, '2016-06-16 06:57:09', 4, '2016-06-16 07:07:12', 25, NULL, 0),
(361, 175, '2016', '16/06/2016', 4, 4, 44, '304000.00', 2, '0000-00-00 00:00:00', 0, '2016-06-16 08:03:05', 4, NULL, 0, NULL, 0),
(362, 176, '2016', '16/06/2016', 5, 4, 70, '225600.00', 2, '0000-00-00 00:00:00', 0, '2016-06-16 08:04:30', 4, '2016-06-16 09:23:36', 25, NULL, 0),
(363, 177, '2016', '16/06/2016', 5, 4, 39, '116500.00', 2, '0000-00-00 00:00:00', 0, '2016-06-16 08:06:04', 4, '2016-06-16 09:24:05', 25, NULL, 0),
(364, 178, '2016', '16/06/2016', 5, 4, 2, '4130.00', 2, '0000-00-00 00:00:00', 0, '2016-06-16 08:06:43', 4, '2016-06-16 09:24:34', 25, NULL, 0),
(365, 179, '2016', '16/06/2016', 5, 4, 50, '4500.00', 2, '0000-00-00 00:00:00', 0, '2016-06-16 08:07:20', 4, '2016-06-16 09:25:04', 25, NULL, 0),
(366, 180, '2016', '16/06/2016', 4, 4, 107, '33000.00', 2, '0000-00-00 00:00:00', 0, '2016-06-16 08:09:04', 4, NULL, 0, NULL, 0),
(367, 181, '2016', '16/06/2016', 4, 4, 40, '14400.00', 2, '0000-00-00 00:00:00', 0, '2016-06-16 08:11:18', 4, NULL, 0, NULL, 0),
(368, 182, '2016', '16/06/2016', 45, 4, 30, '1087.80', 2, '0000-00-00 00:00:00', 0, '2016-06-16 08:15:29', 4, NULL, 0, NULL, 0),
(369, 183, '2016', '16/06/2016', 3, 4, 14, '4935.25', 2, '0000-00-00 00:00:00', 0, '2016-06-16 08:26:17', 4, NULL, 0, NULL, 0),
(370, 184, '2016', '16/06/2016', 5, 4, 6, '58800.00', 2, '0000-00-00 00:00:00', 0, '2016-06-16 08:27:32', 4, '2016-06-16 09:26:20', 25, NULL, 0),
(371, 185, '2016', '16/06/2016', 4, 4, 44, '64000.00', 2, '0000-00-00 00:00:00', 0, '2016-06-16 08:29:20', 4, NULL, 0, NULL, 0),
(372, 186, '2016', '16/06/2016', 4, 4, 96, '28450.00', 2, '0000-00-00 00:00:00', 0, '2016-06-16 08:43:57', 4, NULL, 0, NULL, 0),
(373, 187, '2016', '16/06/2016', 5, 4, 48, '180000.00', 2, '0000-00-00 00:00:00', 0, '2016-06-16 08:44:45', 4, '2016-06-16 09:26:45', 25, NULL, 0),
(374, 188, '2016', '16/06/2016', 5, 4, 54, '238800.00', 2, '0000-00-00 00:00:00', 0, '2016-06-16 08:46:04', 4, '2016-06-16 09:29:06', 25, NULL, 0),
(375, 189, '2016', '16/06/2016', 5, 4, 76, '284400.00', 2, '0000-00-00 00:00:00', 0, '2016-06-16 08:47:45', 4, '2016-06-16 09:29:28', 25, NULL, 0),
(376, 190, '2016', '16/06/2016', 5, 4, 118, '52660.00', 2, '0000-00-00 00:00:00', 0, '2016-06-16 08:52:10', 4, '2016-06-16 09:29:57', 25, NULL, 0),
(377, 191, '2016', '16/06/2016', 5, 4, 59, '192100.00', 2, '0000-00-00 00:00:00', 0, '2016-06-16 08:54:40', 4, '2016-06-16 09:30:29', 25, NULL, 0),
(378, 192, '2016', '16/06/2016', 3, 4, 3, '6331.75', 2, '0000-00-00 00:00:00', 0, '2016-06-16 09:01:36', 4, NULL, 0, NULL, 0),
(379, 193, '2016', '16/06/2016', 3, 4, 12, '2650.50', 2, '0000-00-00 00:00:00', 0, '2016-06-16 09:12:39', 4, NULL, 0, NULL, 0),
(380, 194, '2016', '16/06/2016', 3, 4, 70, '852.50', 2, '0000-00-00 00:00:00', 0, '2016-06-16 09:17:40', 4, NULL, 0, NULL, 0),
(381, 195, '2016', '16/06/2016', 3, 4, 4, '1159.00', 2, '0000-00-00 00:00:00', 0, '2016-06-16 09:20:58', 4, NULL, 0, NULL, 0),
(382, 196, '2016', '17/06/2016', 3, 4, 8, '1282.50', 2, '0000-00-00 00:00:00', 0, '2016-06-17 12:46:20', 4, NULL, 0, NULL, 0),
(383, 197, '2016', '17/06/2016', 5, 4, 6, '58800.00', 2, '0000-00-00 00:00:00', 0, '2016-06-17 12:47:31', 4, '2016-06-17 13:13:38', 25, NULL, 0),
(384, 198, '2016', '17/06/2016', 5, 4, 48, '180000.00', 2, '0000-00-00 00:00:00', 0, '2016-06-17 12:48:24', 4, '2016-06-17 13:15:00', 25, NULL, 0),
(385, 199, '2016', '17/06/2016', 5, 4, 50, '4500.00', 2, '0000-00-00 00:00:00', 0, '2016-06-17 12:49:06', 4, '2016-06-17 13:15:49', 25, NULL, 0),
(386, 200, '2016', '17/06/2016', 5, 4, 61, '31565.00', 2, '0000-00-00 00:00:00', 0, '2016-06-17 13:21:59', 4, '2016-06-17 13:22:24', 25, NULL, 0),
(387, 201, '2016', '17/06/2016', 5, 4, 22, '45600.00', 2, '0000-00-00 00:00:00', 0, '2016-06-17 12:51:15', 4, '2016-06-17 13:16:42', 25, NULL, 0),
(388, 202, '2016', '17/06/2016', 5, 4, 28, '104400.00', 2, '0000-00-00 00:00:00', 0, '2016-06-17 12:52:25', 4, '2016-06-17 13:17:18', 25, NULL, 0),
(389, 203, '2016', '17/06/2016', 43, 4, 75, '3234.00', 2, '0000-00-00 00:00:00', 0, '2016-06-17 12:54:10', 4, NULL, 0, NULL, 0),
(390, 204, '2016', '17/06/2016', 4, 4, 60, '37713.30', 2, '0000-00-00 00:00:00', 0, '2016-06-17 12:57:57', 4, NULL, 0, NULL, 0),
(391, 205, '2016', '17/06/2016', 43, 4, 18, '3194.80', 2, '0000-00-00 00:00:00', 0, '2016-06-17 12:59:37', 4, NULL, 0, NULL, 0),
(392, 206, '2016', '17/06/2016', 5, 4, 6, '24635.00', 2, '0000-00-00 00:00:00', 0, '2016-06-17 13:02:31', 4, '2016-06-17 13:18:29', 25, NULL, 0),
(393, 207, '2016', '17/06/2016', 5, 4, 50, '27040.00', 2, '0000-00-00 00:00:00', 0, '2016-06-17 13:03:24', 4, '2016-06-17 13:18:56', 25, NULL, 0),
(394, 208, '2016', '17/06/2016', 4, 4, 42, '13200.00', 2, '0000-00-00 00:00:00', 0, '2016-06-17 13:04:12', 4, NULL, 0, NULL, 0),
(395, 209, '2016', '17/06/2016', 4, 4, 66, '21600.00', 2, '0000-00-00 00:00:00', 0, '2016-06-17 13:05:36', 4, NULL, 0, NULL, 0),
(396, 210, '2016', '17/06/2016', 3, 4, 10, '1615.00', 2, '0000-00-00 00:00:00', 0, '2016-06-17 13:07:34', 4, NULL, 0, NULL, 0),
(397, 211, '2016', '17/06/2016', 5, 4, 48, '180000.00', 2, '0000-00-00 00:00:00', 0, '2016-06-17 13:08:32', 4, '2016-06-17 13:19:47', 25, NULL, 0),
(398, 212, '2016', '17/06/2016', 5, 4, 48, '180000.00', 2, '0000-00-00 00:00:00', 0, '2016-06-17 13:09:22', 4, '2016-06-17 13:20:37', 25, NULL, 0),
(399, 213, '2016', '17/06/2016', 5, 4, 70, '225600.00', 2, '0000-00-00 00:00:00', 0, '2016-06-17 13:10:50', 4, '2016-06-17 13:21:09', 25, NULL, 0),
(400, 214, '2016', '17/06/2016', 4, 4, 54, '15250.00', 2, '0000-00-00 00:00:00', 0, '2016-06-17 13:12:24', 4, NULL, 0, NULL, 0),
(401, 215, '2016', '17/06/2016', 4, 4, 54, '15250.00', 2, '0000-00-00 00:00:00', 0, '2016-06-17 13:43:28', 4, NULL, 0, NULL, 0),
(402, 216, '2016', '21/07/2016', 43, 4, 75, '3234.00', 2, '0000-00-00 00:00:00', 0, '2016-07-21 07:58:17', 4, '2016-07-21 13:08:39', 25, NULL, 0),
(403, 217, '2016', '21/07/2016', 43, 4, 18, '3194.80', 2, '0000-00-00 00:00:00', 0, '2016-07-21 08:01:28', 4, '2016-07-21 13:10:38', 25, NULL, 0),
(404, 218, '2016', '21/07/2016', 5, 4, 17, '70900.00', 2, '0000-00-00 00:00:00', 0, '2016-07-21 08:03:31', 4, '2016-07-21 13:12:12', 25, NULL, 0),
(405, 219, '2016', '21/07/2016', 5, 4, 88, '32880.00', 2, '0000-00-00 00:00:00', 0, '2016-07-21 08:06:38', 4, '2016-07-21 13:14:01', 25, NULL, 0),
(406, 220, '2016', '21/07/2016', 5, 4, 48, '180000.00', 2, '0000-00-00 00:00:00', 0, '2016-07-21 08:07:34', 4, '2016-07-21 13:16:04', 25, NULL, 0),
(407, 221, '2016', '21/07/2016', 5, 4, 80, '7200.00', 2, '0000-00-00 00:00:00', 0, '2016-07-21 08:08:41', 4, '2016-07-21 13:17:31', 25, NULL, 0),
(408, 222, '2016', '21/07/2016', 5, 4, 70, '225600.00', 2, '0000-00-00 00:00:00', 0, '2016-07-21 08:12:36', 4, '2016-07-21 13:34:58', 25, NULL, 0),
(409, 223, '2016', '21/07/2016', 5, 4, 50, '27040.00', 2, '0000-00-00 00:00:00', 0, '2016-07-21 08:21:01', 4, '2016-07-21 13:37:23', 25, NULL, 0),
(410, 224, '2016', '21/07/2016', 5, 4, 22, '45600.00', 2, '0000-00-00 00:00:00', 0, '2016-07-21 08:22:07', 4, '2016-07-21 13:38:59', 25, NULL, 0),
(411, 225, '2016', '21/07/2016', 5, 4, 6, '58800.00', 2, '0000-00-00 00:00:00', 0, '2016-07-21 08:23:17', 4, '2016-07-21 13:40:58', 25, NULL, 0),
(412, 226, '2016', '21/07/2016', 5, 4, 36, '30000.00', 2, '0000-00-00 00:00:00', 0, '2016-07-21 12:46:26', 4, '2016-07-21 13:42:50', 25, NULL, 0),
(413, 227, '2016', '21/07/2016', 5, 4, 48, '180000.00', 2, '0000-00-00 00:00:00', 0, '2016-07-21 12:47:31', 4, '2016-07-21 13:44:09', 25, NULL, 0),
(414, 228, '2016', '21/07/2016', 5, 4, 50, '150000.00', 2, '0000-00-00 00:00:00', 0, '2016-07-21 12:48:57', 4, '2016-07-21 13:45:29', 25, NULL, 0),
(415, 229, '2016', '21/07/2016', 5, 4, 52, '58000.00', 2, '0000-00-00 00:00:00', 0, '2016-07-21 12:56:39', 4, '2016-07-21 13:46:43', 25, NULL, 0),
(416, 230, '2016', '21/07/2016', 5, 4, 48, '180000.00', 2, '0000-00-00 00:00:00', 0, '2016-07-21 12:57:39', 4, '2016-07-21 13:49:21', 25, NULL, 0),
(417, 231, '2016', '21/07/2016', 45, 4, 4, '3118.52', 2, '0000-00-00 00:00:00', 0, '2016-07-21 13:01:17', 4, '2016-07-22 12:31:00', 25, NULL, 0),
(418, 232, '2016', '21/07/2016', 4, 4, 84, '26400.00', 2, '0000-00-00 00:00:00', 0, '2016-07-22 12:35:59', 4, '2016-07-22 12:36:26', 25, NULL, 0),
(419, 233, '2016', '21/07/2016', 4, 4, 44, '304000.00', 2, '0000-00-00 00:00:00', 0, '2016-07-21 13:04:28', 4, '2016-07-22 12:38:33', 25, NULL, 0),
(420, 234, '2016', '21/07/2016', 4, 4, 10, '2050.00', 2, '0000-00-00 00:00:00', 0, '2016-07-21 13:05:18', 4, '2016-07-22 12:39:12', 25, NULL, 0),
(421, 235, '2016', '27/07/2016', 5, 4, 11, '12100.00', 2, '0000-00-00 00:00:00', 0, '2016-07-27 11:37:34', 4, '2016-07-27 13:37:28', 25, NULL, 0),
(422, 236, '2016', '27/07/2016', 5, 4, 70, '225600.00', 2, '0000-00-00 00:00:00', 0, '2016-07-27 11:39:27', 4, '2016-07-27 13:39:36', 25, NULL, 0),
(424, 237, '2016', '27/07/2016', 5, 4, 50, '150000.00', 2, '0000-00-00 00:00:00', 0, '2016-07-27 11:55:26', 4, '2016-07-27 13:41:19', 25, NULL, 0),
(425, 238, '2016', '27/07/2016', 5, 4, 50, '27040.00', 2, '0000-00-00 00:00:00', 0, '2016-07-27 11:56:39', 4, '2016-07-27 13:43:47', 25, NULL, 0),
(426, 239, '2016', '27/07/2016', 5, 4, 116, '53490.00', 2, '0000-00-00 00:00:00', 0, '2016-07-27 11:58:28', 4, '2016-07-27 13:45:21', 25, NULL, 0),
(427, 240, '2016', '27/07/2016', 5, 4, 48, '180000.00', 2, '0000-00-00 00:00:00', 0, '2016-07-27 11:59:28', 4, '2016-07-27 13:47:33', 25, NULL, 0),
(428, 241, '2016', '27/07/2016', 5, 4, 59, '192100.00', 2, '0000-00-00 00:00:00', 0, '2016-07-27 12:02:07', 4, '2016-07-27 13:49:07', 25, NULL, 0),
(429, 242, '2016', '27/07/2016', 43, 4, 75, '3234.00', 2, '0000-00-00 00:00:00', 0, '2016-07-27 12:05:07', 4, '2016-07-27 13:51:00', 25, NULL, 0),
(430, 243, '2016', '27/07/2016', 5, 4, 54, '238800.00', 2, '0000-00-00 00:00:00', 0, '2016-07-27 12:08:40', 4, '2016-07-27 13:52:40', 25, NULL, 0),
(431, 244, '2016', '27/07/2016', 5, 4, 22, '45600.00', 2, '0000-00-00 00:00:00', 0, '2016-07-27 12:10:23', 4, '2016-07-27 13:54:33', 25, NULL, 0),
(432, 245, '2016', '27/07/2016', 44, 4, 110, '150000.00', 2, '0000-00-00 00:00:00', 0, '2016-07-27 12:12:25', 4, '2016-07-27 13:56:22', 25, NULL, 0),
(433, 246, '2016', '27/07/2016', 5, 4, 63, '68000.00', 2, '0000-00-00 00:00:00', 0, '2016-07-27 12:15:27', 4, '2016-07-27 14:29:55', 25, NULL, 0),
(434, 247, '2016', '27/07/2016', 5, 4, 50, '150000.00', 2, '0000-00-00 00:00:00', 0, '2016-07-27 12:18:29', 4, '2016-07-27 14:31:30', 25, NULL, 0),
(435, 248, '2016', '27/07/2016', 5, 4, 61, '31565.00', 2, '0000-00-00 00:00:00', 0, '2016-07-27 12:21:29', 4, '2016-07-27 14:32:51', 25, NULL, 0),
(436, 249, '2016', '27/07/2016', 5, 4, 56, '4812.00', 2, '0000-00-00 00:00:00', 0, '2016-07-27 12:23:02', 4, '2016-07-27 14:54:50', 25, NULL, 0),
(437, 250, '2016', '27/07/2016', 5, 4, 92, '271200.00', 2, '0000-00-00 00:00:00', 0, '2016-07-27 12:32:20', 4, '2016-07-27 14:56:03', 25, NULL, 0),
(438, 251, '2016', '27/07/2016', 5, 4, 48, '180000.00', 2, '0000-00-00 00:00:00', 0, '2016-07-27 12:33:15', 4, '2016-07-27 14:57:03', 25, NULL, 0),
(439, 252, '2016', '27/07/2016', 5, 4, 50, '27040.00', 2, '0000-00-00 00:00:00', 0, '2016-07-27 12:36:38', 4, '2016-07-27 14:58:16', 25, NULL, 0),
(441, 254, '2016', '27/07/2016', 5, 4, 6, '58800.00', 2, '0000-00-00 00:00:00', 0, '2016-07-27 12:38:46', 4, '2016-07-27 14:59:56', 25, NULL, 0),
(442, 255, '2016', '27/07/2016', 43, 4, 18, '3194.80', 2, '0000-00-00 00:00:00', 0, '2016-07-27 12:44:41', 4, '2016-07-27 15:01:07', 25, NULL, 0),
(443, 256, '2016', '27/07/2016', 5, 4, 24, '20000.00', 2, '0000-00-00 00:00:00', 0, '2016-07-27 12:45:56', 4, '2016-07-27 15:02:14', 25, NULL, 0),
(445, 258, '2016', '27/07/2016', 5, 4, 59, '192100.00', 2, '0000-00-00 00:00:00', 0, '2016-07-27 13:33:59', 4, '2016-07-27 15:04:29', 25, NULL, 0),
(446, 259, '2016', '27/07/2016', 5, 4, 6, '58800.00', 2, '0000-00-00 00:00:00', 0, '2016-07-27 13:35:09', 4, '2016-07-27 15:05:35', 25, NULL, 0),
(447, 260, '2016', '27/07/2016', 5, 4, 54, '238800.00', 2, '0000-00-00 00:00:00', 0, '2016-07-27 13:36:44', 4, '2016-07-27 15:07:35', 25, NULL, 0),
(452, 261, '2016', '19/08/2016', 5, 4, 39, '57000.00', 2, '0000-00-00 00:00:00', 0, '2016-08-19 09:36:22', 4, '2016-08-25 07:11:54', 25, NULL, 0),
(453, 262, '2016', '19/08/2016', 5, 4, 50, '4500.00', 2, '0000-00-00 00:00:00', 0, '2016-08-19 09:37:37', 4, '2016-08-25 07:13:21', 25, NULL, 0),
(454, 263, '2016', '19/08/2016', 5, 4, 99, '39840.00', 2, '0000-00-00 00:00:00', 0, '2016-08-19 09:40:14', 4, '2016-08-25 07:14:43', 25, NULL, 0),
(455, 264, '2016', '19/08/2016', 5, 4, 54, '238800.00', 2, '0000-00-00 00:00:00', 0, '2016-08-19 09:41:45', 4, '2016-08-25 07:15:24', 25, NULL, 0),
(456, 265, '2016', '19/08/2016', 4, 4, 44, '64000.00', 2, '0000-00-00 00:00:00', 0, '2016-08-19 09:42:51', 4, '2016-08-25 07:17:12', 25, NULL, 0),
(457, 266, '2016', '19/08/2016', 4, 4, 41, '10700.00', 2, '0000-00-00 00:00:00', 0, '2016-08-19 09:49:14', 4, '2016-08-25 07:17:32', 25, NULL, 0),
(458, 267, '2016', '19/08/2016', 4, 4, 63, '19800.00', 2, '0000-00-00 00:00:00', 0, '2016-08-19 09:50:24', 4, '2016-08-25 07:17:44', 25, NULL, 0),
(459, 268, '2016', '19/08/2016', 4, 4, 44, '304000.00', 2, '0000-00-00 00:00:00', 0, '2016-08-19 09:52:03', 4, '2016-08-25 07:17:57', 25, NULL, 0),
(460, 269, '2016', '19/08/2016', 4, 4, 66, '19800.00', 2, '0000-00-00 00:00:00', 0, '2016-08-19 09:56:41', 4, '2016-08-25 07:18:08', 25, NULL, 0),
(463, 272, '2016', '19/08/2016', 4, 4, 96, '28450.00', 2, '0000-00-00 00:00:00', 0, '2016-08-19 13:23:07', 4, '2016-08-25 07:24:45', 25, NULL, 0),
(464, 273, '2016', '19/08/2016', 4, 4, 66, '21600.00', 2, '0000-00-00 00:00:00', 0, '2016-08-19 13:24:22', 4, '2016-08-25 07:25:03', 25, NULL, 0),
(465, 274, '2016', '19/08/2016', 3, 4, 1, '2251.50', 2, '0000-00-00 00:00:00', 0, '2016-08-19 13:26:35', 4, '2016-08-25 07:25:15', 25, NULL, 0);
INSERT INTO `POhead` (`id`, `po_number`, `po_year`, `po_date`, `supplier_id`, `po_user_id`, `total_qty`, `total_price`, `receive`, `receive_date`, `receive_user_id`, `accept1_date`, `accept1_user_id`, `accept2_date`, `accept2_user_id`, `accept3_date`, `accept3_user_id`) VALUES
(466, 275, '2016', '19/08/2016', 4, 4, 20, '4100.00', 2, '0000-00-00 00:00:00', 0, '2016-08-19 13:27:13', 4, '2016-08-25 07:25:26', 25, NULL, 0),
(469, 278, '2016', '25/08/2016', 4, 4, 44, '14400.00', 2, '0000-00-00 00:00:00', 0, '2016-08-25 07:21:12', 4, '2016-08-25 07:26:10', 25, NULL, 0),
(471, 280, '2016', '25/08/2016', 5, 4, 25, '17165.00', 2, '0000-00-00 00:00:00', 0, '2016-08-25 10:53:25', 4, NULL, 0, NULL, 0),
(472, 281, '2016', '25/08/2016', 5, 4, 48, '35500.00', 2, '0000-00-00 00:00:00', 0, '2016-08-25 10:57:22', 4, '2016-08-26 13:44:59', 25, NULL, 0),
(473, 282, '2016', '25/08/2016', 5, 4, 50, '27040.00', 2, '0000-00-00 00:00:00', 0, '2016-08-25 11:04:08', 4, '2016-08-26 13:47:06', 25, NULL, 0),
(474, 283, '2016', '25/08/2016', 5, 4, 59, '192100.00', 2, '0000-00-00 00:00:00', 0, '2016-08-25 11:06:10', 4, '2016-08-26 13:48:42', 25, NULL, 0),
(475, 284, '2016', '25/08/2016', 5, 4, 92, '271200.00', 2, '0000-00-00 00:00:00', 0, '2016-08-25 11:09:18', 4, '2016-08-26 13:50:17', 25, NULL, 0),
(476, 285, '2016', '25/08/2016', 5, 4, 140, '229000.00', 2, '0000-00-00 00:00:00', 0, '2016-08-25 11:19:14', 4, '2016-08-26 13:51:46', 25, NULL, 0),
(477, 286, '2016', '25/08/2016', 5, 4, 6, '58800.00', 2, '0000-00-00 00:00:00', 0, '2016-08-25 11:21:19', 4, '2016-08-26 13:53:18', 25, NULL, 0),
(478, 287, '2016', '25/08/2016', 5, 4, 6, '312.00', 2, '0000-00-00 00:00:00', 0, '2016-08-25 11:22:26', 4, '2016-08-26 13:56:46', 25, NULL, 0),
(479, 288, '2016', '25/08/2016', 5, 4, 76, '284400.00', 2, '0000-00-00 00:00:00', 0, '2016-08-25 11:43:13', 4, '2016-08-26 13:58:00', 25, NULL, 0),
(480, 289, '2016', '25/08/2016', 5, 4, 56, '21240.00', 2, '0000-00-00 00:00:00', 0, '2016-08-25 11:51:26', 4, '2016-08-26 14:00:47', 25, NULL, 0),
(481, 290, '2016', '25/08/2016', 5, 4, 80, '7200.00', 2, '0000-00-00 00:00:00', 0, '2016-08-25 11:52:24', 4, '2016-08-26 14:03:15', 25, NULL, 0),
(482, 291, '2016', '25/08/2016', 43, 4, 75, '3234.00', 2, '0000-00-00 00:00:00', 0, '2016-08-25 11:54:09', 4, '2016-08-26 14:04:17', 25, NULL, 0),
(483, 292, '2016', '25/08/2016', 46, 4, 20, '17831.80', 2, '0000-00-00 00:00:00', 0, '2016-08-25 12:06:37', 4, '2016-08-26 14:05:31', 25, NULL, 0),
(484, 293, '2016', '25/08/2016', 5, 4, 28, '104400.00', 2, '0000-00-00 00:00:00', 0, '2016-08-25 12:08:56', 4, '2016-08-26 14:07:05', 25, NULL, 0),
(485, 294, '2016', '25/08/2016', 5, 4, 76, '284400.00', 2, '0000-00-00 00:00:00', 0, '2016-08-25 12:09:25', 4, '2016-08-26 14:08:33', 25, NULL, 0),
(486, 295, '2016', '25/08/2016', 5, 4, 70, '225600.00', 2, '0000-00-00 00:00:00', 0, '2016-08-25 12:12:33', 4, '2016-08-26 14:10:06', 25, NULL, 0),
(487, 296, '2016', '25/08/2016', 5, 4, 114, '144000.00', 2, '0000-00-00 00:00:00', 0, '2016-08-25 12:17:00', 4, '2016-08-26 14:12:31', 25, NULL, 0),
(489, 297, '2016', '25/08/2016', 5, 4, 90, '216000.00', 2, '0000-00-00 00:00:00', 0, '2016-08-25 12:23:31', 4, '2016-08-26 14:15:39', 25, NULL, 0),
(490, 298, '2016', '25/08/2016', 5, 4, 95, '44165.00', 2, '0000-00-00 00:00:00', 0, '2016-08-25 12:30:53', 4, '2016-08-26 14:16:51', 25, NULL, 0),
(491, 299, '2016', '25/08/2016', 8, 4, 8, '1140.00', 2, '0000-00-00 00:00:00', 0, '2016-08-25 12:32:41', 4, '2016-08-26 14:25:57', 25, NULL, 0),
(492, 300, '2016', '25/08/2016', 42, 4, 6, '4677.78', 2, '0000-00-00 00:00:00', 0, '2016-08-25 12:36:57', 4, '2016-08-26 14:27:22', 25, NULL, 0),
(493, 301, '2016', '26/08/2016', 5, 4, 25, '17165.00', 2, '0000-00-00 00:00:00', 0, '2016-08-26 14:24:10', 4, '2016-08-26 14:24:50', 25, NULL, 0),
(496, 302, '2016', '07/09/2016', 4, 4, 66, '21600.00', 2, '0000-00-00 00:00:00', 0, '2016-09-07 06:45:11', 4, '2016-09-07 07:06:28', 25, NULL, 0),
(497, 303, '2016', '07/09/2016', 4, 4, 172, '52800.00', 2, '0000-00-00 00:00:00', 0, '2016-09-07 06:48:32', 4, '2016-09-07 07:08:30', 25, NULL, 0),
(498, 304, '2016', '07/09/2016', 4, 4, 86, '26400.00', 2, '0000-00-00 00:00:00', 0, '2016-09-07 06:50:01', 4, '2016-09-07 07:09:32', 25, NULL, 0),
(499, 305, '2016', '07/09/2016', 4, 4, 44, '64000.00', 2, '0000-00-00 00:00:00', 0, '2016-09-07 06:51:18', 4, '2016-09-07 07:11:04', 25, NULL, 0),
(500, 306, '2016', '07/09/2016', 4, 4, 30, '19103.40', 2, '0000-00-00 00:00:00', 0, '2016-09-07 06:52:42', 4, '2016-09-07 07:16:43', 25, NULL, 0),
(501, 307, '2016', '07/09/2016', 4, 4, 10, '2700.00', 2, '0000-00-00 00:00:00', 0, '2016-09-07 06:56:01', 4, '2016-09-07 07:27:32', 25, NULL, 0),
(502, 308, '2016', '07/09/2016', 4, 4, 1, '1330.00', 2, '0000-00-00 00:00:00', 0, '2016-09-07 07:00:53', 4, '2016-09-07 07:28:36', 25, NULL, 0),
(503, 309, '2016', '07/09/2016', 4, 4, 20, '4100.00', 2, '0000-00-00 00:00:00', 0, '2016-09-07 07:02:28', 4, '2016-09-07 07:29:23', 25, NULL, 0),
(504, 310, '2016', '07/09/2016', 4, 4, 44, '13200.00', 2, '0000-00-00 00:00:00', 0, '2016-09-07 07:04:04', 4, '2016-09-07 07:30:12', 25, NULL, 0),
(505, 311, '2016', '07/09/2016', 4, 4, 44, '304000.00', 2, '0000-00-00 00:00:00', 0, '2016-09-07 07:05:41', 4, '2016-09-07 07:30:59', 25, NULL, 0),
(506, 312, '2016', '07/09/2016', 5, 4, 22, '45600.00', 2, '0000-00-00 00:00:00', 0, '2016-09-07 07:34:10', 4, '2016-09-07 07:41:49', 25, NULL, 0),
(507, 313, '2016', '07/09/2016', 5, 4, 39, '116500.00', 2, '0000-00-00 00:00:00', 0, '2016-09-07 07:36:18', 4, '2016-09-07 07:43:38', 25, NULL, 0),
(508, 314, '2016', '07/09/2016', 5, 4, 87, '88000.00', 2, '0000-00-00 00:00:00', 0, '2016-09-07 07:38:56', 4, '2016-09-07 07:46:19', 25, NULL, 0),
(509, 315, '2016', '07/09/2016', 5, 4, 78, '114000.00', 2, '0000-00-00 00:00:00', 0, '2016-09-07 07:40:19', 4, '2016-09-07 07:47:32', 25, NULL, 0),
(510, 316, '2016', '07/09/2016', 5, 4, 90, '216000.00', 2, '0000-00-00 00:00:00', 0, '2016-09-07 07:41:23', 4, '2016-09-07 07:50:10', 25, NULL, 0),
(511, 317, '2016', '14/09/2016', 5, 4, 60, '32448.00', 2, '0000-00-00 00:00:00', 0, '2016-09-14 14:12:22', 4, '2016-09-14 14:44:37', 25, NULL, 0),
(512, 318, '2016', '14/09/2016', 5, 4, 136, '132500.00', 2, '0000-00-00 00:00:00', 0, '2016-09-14 14:16:59', 4, '2016-09-14 14:45:59', 25, NULL, 0),
(513, 319, '2016', '14/09/2016', 5, 4, 28, '104400.00', 2, '0000-00-00 00:00:00', 0, '2016-09-14 14:18:58', 4, '2016-09-14 14:47:29', 25, NULL, 0),
(514, 320, '2016', '14/09/2016', 5, 4, 39, '30000.00', 2, '0000-00-00 00:00:00', 0, '2016-09-14 14:20:24', 4, '2016-09-14 14:48:40', 25, NULL, 0),
(515, 321, '2016', '14/09/2016', 4, 4, 60, '21600.00', 2, '0000-00-00 00:00:00', 0, '2016-09-14 14:21:45', 4, '2016-09-14 14:49:46', 25, NULL, 0),
(516, 322, '2016', '14/09/2016', 4, 4, 52, '15250.00', 2, '0000-00-00 00:00:00', 0, '2016-09-14 14:24:58', 4, '2016-09-14 14:50:38', 25, NULL, 0),
(517, 323, '2016', '14/09/2016', 5, 4, 60, '5400.00', 2, '0000-00-00 00:00:00', 0, '2016-09-14 14:25:46', 4, '2016-09-14 14:51:27', 25, NULL, 0),
(518, 324, '2016', '14/09/2016', 5, 4, 78, '29460.00', 2, '0000-00-00 00:00:00', 0, '2016-09-14 14:28:30', 4, '2016-09-14 14:52:28', 25, NULL, 0),
(519, 325, '2016', '14/09/2016', 5, 4, 33, '57700.00', 2, '0000-00-00 00:00:00', 0, '2016-09-14 14:31:38', 4, '2016-09-14 14:53:39', 25, NULL, 0),
(520, 326, '2016', '14/09/2016', 5, 4, 90, '216000.00', 2, '0000-00-00 00:00:00', 0, '2016-09-14 14:33:01', 4, '2016-09-14 14:54:40', 25, NULL, 0),
(521, 327, '2016', '14/09/2016', 5, 4, 6, '58800.00', 2, '0000-00-00 00:00:00', 0, '2016-09-14 14:34:58', 4, '2016-09-14 14:56:20', 25, NULL, 0),
(522, 328, '2016', '14/09/2016', 5, 4, 87, '88000.00', 2, '0000-00-00 00:00:00', 0, '2016-09-14 14:37:09', 4, '2016-09-14 14:57:39', 25, NULL, 0),
(523, 329, '2016', '14/09/2016', 5, 4, 55, '30485.00', 2, '0000-00-00 00:00:00', 0, '2016-09-14 14:38:57', 4, '2016-09-14 14:59:01', 25, NULL, 0),
(524, 330, '2016', '14/09/2016', 43, 4, 18, '3194.80', 2, '0000-00-00 00:00:00', 0, '2016-09-14 14:40:41', 4, '2016-09-14 15:00:00', 25, NULL, 0),
(525, 331, '2016', '19/10/2016', 5, 4, 44, '91200.00', 2, '0000-00-00 00:00:00', 0, '2016-10-19 12:45:08', 4, '2016-10-19 14:57:24', 25, NULL, 0),
(526, 332, '2016', '19/10/2016', 5, 4, 12, '117600.00', 2, '0000-00-00 00:00:00', 0, '2016-10-19 12:49:38', 4, '2016-10-19 14:56:35', 25, NULL, 0),
(527, 333, '2016', '19/10/2016', 5, 4, 150, '312000.00', 2, '0000-00-00 00:00:00', 0, '2016-10-19 12:51:48', 4, '2016-10-19 14:55:42', 25, NULL, 0),
(528, 334, '2016', '19/10/2016', 5, 4, 24, '20000.00', 2, '0000-00-00 00:00:00', 0, '2016-10-19 12:53:01', 4, '2016-10-19 14:54:48', 25, NULL, 0),
(529, 335, '2016', '19/10/2016', 5, 4, 90, '216000.00', 2, '0000-00-00 00:00:00', 0, '2016-10-19 12:54:01', 4, '2016-10-19 14:53:43', 25, NULL, 0),
(530, 336, '2016', '19/10/2016', 5, 4, 13, '10000.00', 2, '0000-00-00 00:00:00', 0, '2016-10-19 12:55:56', 4, '2016-10-19 14:52:43', 25, NULL, 0),
(531, 337, '2016', '19/10/2016', 5, 4, 44, '91200.00', 2, '0000-00-00 00:00:00', 0, '2016-10-19 12:57:27', 4, '2016-10-19 14:51:46', 25, NULL, 0),
(532, 338, '2016', '19/10/2016', 5, 4, 60, '5400.00', 2, '0000-00-00 00:00:00', 0, '2016-10-19 12:58:32', 4, '2016-10-19 14:50:46', 25, NULL, 0),
(533, 339, '2016', '19/10/2016', 5, 4, 78, '114000.00', 2, '0000-00-00 00:00:00', 0, '2016-10-19 13:00:58', 4, '2016-10-19 14:49:06', 25, NULL, 0),
(534, 340, '2016', '19/10/2016', 5, 4, 114, '227000.00', 2, '0000-00-00 00:00:00', 0, '2016-10-19 13:06:47', 4, '2016-10-19 14:47:29', 25, NULL, 0),
(535, 341, '2016', '19/10/2016', 5, 4, 12, '117600.00', 2, '0000-00-00 00:00:00', 0, '2016-10-19 13:07:47', 4, '2016-10-19 14:45:06', 25, NULL, 0),
(536, 342, '2016', '19/10/2016', 46, 4, 20, '17831.80', 2, '0000-00-00 00:00:00', 0, '2016-10-19 13:18:31', 4, '2016-10-19 14:33:29', 25, NULL, 0),
(537, 343, '2016', '19/10/2016', 5, 4, 80, '43264.00', 2, '0000-00-00 00:00:00', 0, '2016-10-19 13:19:33', 4, '2016-10-19 14:32:18', 25, NULL, 0),
(538, 344, '2016', '19/10/2016', 5, 4, 137, '59645.00', 2, '0000-00-00 00:00:00', 0, '2016-10-19 13:23:48', 4, '2016-10-19 14:30:54', 25, NULL, 0),
(539, 345, '2016', '19/10/2016', 5, 4, 55, '103300.00', 2, '0000-00-00 00:00:00', 0, '2016-10-19 13:25:31', 4, '2016-10-19 14:29:39', 25, NULL, 0),
(540, 346, '2016', '19/10/2016', 5, 4, 68, '181200.00', 2, '0000-00-00 00:00:00', 0, '2016-10-19 13:28:27', 4, '2016-10-19 14:28:23', 25, NULL, 0),
(541, 347, '2016', '19/10/2016', 5, 4, 129, '236000.00', 2, '0000-00-00 00:00:00', 0, '2016-10-19 13:37:14', 4, '2016-10-19 14:27:15', 25, NULL, 0),
(542, 348, '2016', '19/10/2016', 5, 4, 5, '28125.00', 2, '0000-00-00 00:00:00', 0, '2016-10-19 14:25:37', 4, '2016-10-19 14:25:58', 25, NULL, 0),
(543, 349, '2016', '19/10/2016', 5, 4, 12, '117600.00', 2, '0000-00-00 00:00:00', 0, '2016-10-19 13:39:20', 4, '2016-10-19 14:23:59', 25, NULL, 0),
(544, 350, '2016', '19/10/2016', 5, 4, 24, '90000.00', 2, '0000-00-00 00:00:00', 0, '2016-10-19 13:40:17', 4, '2016-10-19 14:22:53', 25, NULL, 0),
(545, 351, '2016', '19/10/2016', 5, 4, 116, '254000.00', 2, '0000-00-00 00:00:00', 0, '2016-10-19 13:43:25', 4, '2016-10-19 14:21:42', 25, NULL, 0),
(546, 352, '2016', '19/10/2016', 5, 4, 65, '95000.00', 2, '0000-00-00 00:00:00', 0, '2016-10-19 13:44:54', 4, '2016-10-19 14:19:16', 25, NULL, 0),
(547, 353, '2016', '19/10/2016', 5, 4, 24, '90000.00', 2, '0000-00-00 00:00:00', 0, '2016-10-19 13:45:54', 4, '2016-10-19 14:17:39', 25, NULL, 0),
(548, 354, '2016', '19/10/2016', 5, 4, 55, '103300.00', 2, '0000-00-00 00:00:00', 0, '2016-10-19 13:48:18', 4, '2016-10-19 14:15:42', 25, NULL, 0),
(550, 356, '2016', '19/10/2016', 42, 4, 6, '4677.78', 2, '0000-00-00 00:00:00', 0, '2016-10-19 13:52:11', 4, '2016-10-19 13:52:54', 25, NULL, 0),
(551, 357, '2016', '11/11/2016', 43, 4, 75, '3234.00', 2, '0000-00-00 00:00:00', 0, '2016-11-25 15:12:02', 4, '2016-11-28 06:31:14', 25, NULL, 0),
(552, 358, '2016', '11/11/2016', 43, 4, 18, '3194.80', 2, '0000-00-00 00:00:00', 0, '2016-11-25 15:13:42', 4, '2016-11-28 06:32:40', 25, NULL, 0),
(553, 359, '2016', '25/11/2016', 5, 4, 59, '192100.00', 2, '0000-00-00 00:00:00', 0, '2016-11-25 14:26:00', 4, '2016-11-28 06:35:21', 25, NULL, 0),
(554, 360, '2016', '25/11/2016', 5, 4, 44, '91200.00', 2, '0000-00-00 00:00:00', 0, '2016-11-25 14:27:01', 4, '2016-11-28 06:37:11', 25, NULL, 0),
(555, 361, '2016', '25/11/2016', 5, 4, 120, '264000.00', 2, '0000-00-00 00:00:00', 0, '2016-11-25 14:29:29', 4, '2016-11-28 06:41:00', 25, NULL, 0),
(556, 362, '2016', '25/11/2016', 5, 4, 12, '117600.00', 2, '0000-00-00 00:00:00', 0, '2016-11-25 14:30:23', 4, '2016-11-28 06:42:49', 25, NULL, 0),
(557, 363, '2016', '25/11/2016', 5, 4, 12, '117600.00', 2, '0000-00-00 00:00:00', 0, '2016-11-25 14:31:21', 4, '2016-11-28 06:44:07', 25, NULL, 0),
(558, 364, '2016', '25/11/2016', 5, 4, 48, '180000.00', 2, '0000-00-00 00:00:00', 0, '2016-11-25 14:32:25', 4, '2016-11-28 06:45:41', 25, NULL, 0),
(559, 365, '2016', '25/11/2016', 5, 4, 50, '4500.00', 2, '0000-00-00 00:00:00', 0, '2016-11-25 14:33:49', 4, '2016-11-28 06:46:56', 25, NULL, 0),
(560, 366, '2016', '25/11/2016', 5, 4, 77, '39125.00', 2, '0000-00-00 00:00:00', 0, '2016-11-25 14:36:33', 4, '2016-11-28 06:48:05', 25, NULL, 0),
(562, 367, '2016', '25/11/2016', 5, 4, 129, '248000.00', 2, '0000-00-00 00:00:00', 0, '2016-11-25 14:50:46', 4, '2016-11-28 06:49:35', 25, NULL, 0),
(563, 368, '2016', '25/11/2016', 5, 4, 22, '45600.00', 2, '0000-00-00 00:00:00', 0, '2016-11-25 14:51:34', 4, '2016-11-28 06:51:15', 25, NULL, 0),
(564, 369, '2016', '25/11/2016', 5, 4, 24, '20000.00', 2, '0000-00-00 00:00:00', 0, '2016-11-28 06:54:58', 4, '2016-11-28 06:55:18', 25, NULL, 0),
(565, 370, '2016', '25/11/2016', 5, 4, 3, '399.00', 2, '0000-00-00 00:00:00', 0, '2016-11-25 14:56:03', 4, '2016-11-28 06:53:23', 25, NULL, 0),
(566, 371, '2016', '25/11/2016', 5, 4, 48, '180000.00', 2, '0000-00-00 00:00:00', 0, '2016-11-25 14:56:48', 4, '2016-11-28 06:56:47', 25, NULL, 0),
(567, 372, '2016', '25/11/2016', 5, 4, 44, '91200.00', 2, '0000-00-00 00:00:00', 0, '2016-11-25 14:57:54', 4, '2016-11-28 07:06:10', 25, NULL, 0),
(568, 373, '2016', '25/11/2016', 5, 4, 135, '288000.00', 2, '0000-00-00 00:00:00', 0, '2016-11-25 14:59:25', 4, '2016-11-28 07:07:22', 25, NULL, 0),
(570, 375, '2016', '25/11/2016', 43, 4, 75, '3234.00', 2, '0000-00-00 00:00:00', 0, '2016-11-25 15:01:43', 4, '2016-11-28 07:08:30', 25, NULL, 0),
(571, 376, '2016', '25/11/2016', 5, 4, 52, '76000.00', 2, '0000-00-00 00:00:00', 0, '2016-11-25 15:03:06', 4, '2016-11-28 07:09:41', 25, NULL, 0),
(572, 377, '2016', '25/11/2016', 5, 4, 123, '60440.00', 2, '0000-00-00 00:00:00', 0, '2016-11-25 15:05:31', 4, '2016-11-28 07:10:41', 25, NULL, 0),
(573, 378, '2016', '25/11/2016', 5, 4, 100, '54080.00', 2, '0000-00-00 00:00:00', 0, '2016-11-25 15:06:15', 4, '2016-11-28 07:11:50', 25, NULL, 0),
(574, 379, '2016', '25/11/2016', 5, 4, 60, '297600.00', 2, '0000-00-00 00:00:00', 0, '2016-11-25 15:07:48', 4, '2016-11-28 07:12:58', 25, NULL, 0),
(575, 380, '2016', '25/11/2016', 5, 4, 120, '288000.00', 2, '0000-00-00 00:00:00', 0, '2016-11-25 15:08:39', 4, '2016-11-28 07:14:49', 25, NULL, 0),
(576, 381, '2016', '25/11/2016', 5, 4, 48, '180000.00', 2, '0000-00-00 00:00:00', 0, '2016-11-25 15:09:28', 4, '2016-11-28 07:16:03', 25, NULL, 0),
(577, 382, '2016', '13/12/2016', 4, 4, 42, '13200.00', 2, '0000-00-00 00:00:00', 0, '2016-12-13 11:34:49', 4, '2016-12-16 07:35:41', 25, NULL, 0),
(578, 383, '2016', '13/12/2016', 4, 4, 20, '12735.60', 2, '0000-00-00 00:00:00', 0, '2016-12-13 11:37:09', 4, '2016-12-16 07:37:29', 25, NULL, 0),
(579, 384, '2016', '13/12/2016', 4, 4, 88, '28800.00', 2, '0000-00-00 00:00:00', 0, '2016-12-13 11:39:56', 4, '2016-12-16 07:37:41', 25, NULL, 0),
(581, 386, '2016', '15/12/2016', 4, 4, 1, '4400.00', 2, '0000-00-00 00:00:00', 0, '2016-12-15 13:40:46', 4, '2016-12-16 07:44:16', 25, NULL, 0),
(582, 387, '2016', '15/12/2016', 4, 4, 20, '4100.00', 2, '0000-00-00 00:00:00', 0, '2016-12-15 13:43:13', 4, '2016-12-16 07:47:43', 25, NULL, 0),
(583, 388, '2016', '15/12/2016', 4, 4, 1, '4400.00', 2, '0000-00-00 00:00:00', 0, '2016-12-15 13:45:19', 4, '2016-12-16 08:03:46', 25, NULL, 0),
(584, 389, '2016', '15/12/2016', 5, 4, 56, '208800.00', 2, '0000-00-00 00:00:00', 0, '2016-12-15 13:48:07', 4, '2016-12-16 08:07:55', 25, NULL, 0),
(585, 390, '2016', '15/12/2016', 5, 4, 50, '4500.00', 2, '0000-00-00 00:00:00', 0, '2016-12-15 13:49:22', 4, '2016-12-16 09:34:20', 25, NULL, 0),
(586, 391, '2016', '16/12/2016', 5, 4, 146, '55500.00', 2, '0000-00-00 00:00:00', 0, '2016-12-16 07:09:02', 4, '2016-12-16 09:33:08', 25, NULL, 0),
(587, 392, '2016', '16/12/2016', 5, 4, 380, '556000.00', 2, '0000-00-00 00:00:00', 0, '2016-12-16 07:18:44', 4, '2016-12-16 08:28:21', 25, NULL, 0),
(588, 393, '2016', '16/12/2016', 5, 4, 52, '194400.00', 2, '0000-00-00 00:00:00', 0, '2016-12-16 07:26:41', 4, '2016-12-16 08:22:22', 25, NULL, 0),
(589, 394, '2016', '16/12/2016', 5, 4, 26, '38000.00', 2, '0000-00-00 00:00:00', 0, '2016-12-16 07:28:29', 4, '2016-12-16 08:25:45', 25, NULL, 0),
(590, 395, '2016', '16/12/2016', 43, 4, 93, '6428.80', 2, '0000-00-00 00:00:00', 0, '2016-12-16 07:33:44', 4, '2016-12-16 08:26:55', 25, NULL, 0),
(591, 396, '2016', '16/12/2016', 4, 4, 44, '60800.00', 2, '0000-00-00 00:00:00', 0, '2016-12-16 09:36:39', 4, '2016-12-26 08:47:08', 25, NULL, 0),
(592, 397, '2016', '16/12/2016', 5, 4, 1, '2065.00', 2, '0000-00-00 00:00:00', 0, '2016-12-16 09:46:10', 4, '2016-12-26 08:49:58', 25, NULL, 0),
(593, 398, '2016', '16/12/2016', 5, 4, 20, '1800.00', 2, '0000-00-00 00:00:00', 0, '2016-12-16 09:50:29', 4, '2016-12-26 08:51:48', 25, NULL, 0),
(594, 399, '2016', '16/12/2016', 5, 4, 51, '25395.00', 2, '0000-00-00 00:00:00', 0, '2016-12-16 09:51:55', 4, '2016-12-26 08:53:20', 25, NULL, 0),
(595, 400, '2016', '16/12/2016', 5, 4, 65, '95000.00', 2, '0000-00-00 00:00:00', 0, '2016-12-16 10:05:29', 4, '2016-12-26 08:55:26', 25, NULL, 0),
(596, 401, '2016', '16/12/2016', 5, 4, 74, '51000.00', 2, '0000-00-00 00:00:00', 0, '2016-12-16 10:10:04', 4, '2016-12-26 09:01:20', 25, NULL, 0),
(597, 402, '2016', '16/12/2016', 5, 4, 24, '90000.00', 2, '0000-00-00 00:00:00', 0, '2016-12-16 10:29:49', 4, '2016-12-26 09:03:30', 25, NULL, 0),
(598, 403, '2016', '16/12/2016', 5, 4, 1, '1000.00', 2, '0000-00-00 00:00:00', 0, '2016-12-16 10:32:49', 4, '2016-12-26 09:07:36', 25, NULL, 0),
(601, 404, '2016', '16/12/2016', 45, 4, 6, '4677.78', 2, '0000-00-00 00:00:00', 0, '2016-12-16 10:42:00', 4, '2016-12-26 09:10:38', 25, NULL, 0),
(602, 405, '2016', '16/12/2016', 4, 4, 1, '2095.24', 2, '0000-00-00 00:00:00', 0, '2016-12-16 10:47:50', 4, '2016-12-26 09:14:52', 25, NULL, 0),
(603, 406, '2016', '16/12/2016', 4, 4, 44, '60800.00', 2, '0000-00-00 00:00:00', 0, '2016-12-16 10:49:38', 4, '2016-12-26 09:16:13', 25, NULL, 0),
(604, 407, '2016', '16/12/2016', 4, 4, 66, '19800.00', 2, '0000-00-00 00:00:00', 0, '2016-12-16 11:06:41', 4, '2016-12-26 09:17:50', 25, NULL, 0),
(605, 408, '2016', '16/12/2016', 5, 4, 57, '147700.00', 2, '0000-00-00 00:00:00', 0, '2016-12-16 11:10:04', 4, '2016-12-26 09:26:26', 25, NULL, 0),
(606, 409, '2016', '16/12/2016', 5, 4, 176, '356000.00', 2, '0000-00-00 00:00:00', 0, '2016-12-16 11:14:23', 4, '2016-12-26 09:27:46', 25, NULL, 0),
(607, 410, '2016', '16/12/2016', 5, 4, 12, '117600.00', 2, '0000-00-00 00:00:00', 0, '2016-12-16 11:40:47', 4, '2016-12-26 09:29:04', 25, NULL, 0),
(608, 411, '2016', '16/12/2016', 5, 4, 6, '58800.00', 2, '0000-00-00 00:00:00', 0, '2016-12-16 11:41:43', 4, '2016-12-26 09:33:02', 25, NULL, 0),
(609, 412, '2016', '16/12/2016', 5, 4, 24, '90000.00', 2, '0000-00-00 00:00:00', 0, '2016-12-16 11:43:27', 4, '2016-12-26 09:49:41', 25, NULL, 0),
(610, 413, '2016', '16/12/2016', 5, 4, 93, '103000.00', 2, '0000-00-00 00:00:00', 0, '2016-12-16 11:45:52', 4, '2016-12-26 09:51:26', 25, NULL, 0),
(611, 414, '2016', '16/12/2016', 5, 4, 44, '91200.00', 2, '0000-00-00 00:00:00', 0, '2016-12-16 11:49:02', 4, '2016-12-26 09:52:54', 25, NULL, 0),
(612, 415, '2016', '16/12/2016', 5, 4, 61, '5881.00', 2, '0000-00-00 00:00:00', 0, '2016-12-16 11:51:01', 4, '2016-12-26 09:54:32', 25, NULL, 0),
(613, 416, '2016', '16/12/2016', 5, 4, 150, '336000.00', 2, '0000-00-00 00:00:00', 0, '2016-12-26 12:02:51', 4, '2016-12-26 12:03:21', 25, NULL, 0),
(614, 417, '2016', '16/12/2016', 5, 4, 12, '117600.00', 2, '0000-00-00 00:00:00', 0, '2016-12-16 11:54:59', 4, '2016-12-26 12:07:05', 25, NULL, 0),
(615, 418, '2016', '16/12/2016', 5, 4, 190, '281000.00', 2, '0000-00-00 00:00:00', 0, '2016-12-26 12:32:09', 4, '2016-12-26 13:10:29', 25, NULL, 0),
(616, 419, '2016', '26/12/2016', 5, 4, 50, '49000.00', 2, '0000-00-00 00:00:00', 0, '2016-12-26 12:34:42', 4, '2016-12-26 13:11:41', 25, NULL, 0),
(617, 420, '2016', '26/12/2016', 5, 4, 44, '91200.00', 2, '0000-00-00 00:00:00', 0, '2016-12-26 12:37:21', 4, '2016-12-26 13:12:47', 25, NULL, 0),
(618, 421, '2016', '26/12/2016', 5, 4, 39, '30000.00', 2, '0000-00-00 00:00:00', 0, '2016-12-26 12:41:15', 4, '2016-12-26 13:13:43', 25, NULL, 0),
(620, 423, '2016', '26/12/2016', 5, 4, 93, '43205.00', 2, '0000-00-00 00:00:00', 0, '2016-12-26 12:54:59', 4, '2016-12-26 13:17:52', 25, NULL, 0),
(621, 424, '2016', '26/12/2016', 5, 4, 54, '59000.00', 2, '0000-00-00 00:00:00', 0, '2016-12-26 12:58:32', 4, '2016-12-26 13:20:06', 25, NULL, 0),
(622, 425, '2016', '26/12/2016', 5, 4, 81, '237700.00', 2, '0000-00-00 00:00:00', 0, '2016-12-26 13:03:12', 4, '2016-12-26 13:44:55', 25, NULL, 0),
(623, 426, '2016', '26/12/2016', 5, 4, 4, '208.00', 2, '0000-00-00 00:00:00', 0, '2016-12-26 13:04:21', 4, '2016-12-26 13:46:35', 25, NULL, 0),
(624, 427, '2016', '26/12/2016', 5, 4, 30, '2700.00', 2, '0000-00-00 00:00:00', 0, '2016-12-26 13:06:15', 4, '2016-12-26 13:47:34', 25, NULL, 0),
(625, 428, '2016', '26/12/2016', 5, 4, 120, '288000.00', 2, '0000-00-00 00:00:00', 0, '2016-12-26 13:07:10', 4, '2016-12-26 13:50:07', 25, NULL, 0),
(626, 429, '2016', '26/12/2016', 5, 4, 47, '219700.00', 2, '0000-00-00 00:00:00', 0, '2016-12-26 13:09:15', 4, '2016-12-26 13:52:51', 25, NULL, 0),
(627, 430, '2016', '26/12/2016', 5, 4, 65, '50000.00', 2, '0000-00-00 00:00:00', 0, '2016-12-26 13:55:34', 4, '2016-12-26 13:55:58', 25, NULL, 0),
(628, 431, '2016', '26/12/2016', 4, 4, 83, '23900.00', 2, '0000-00-00 00:00:00', 0, '2016-12-26 14:03:46', 4, '2016-12-26 14:23:26', 25, NULL, 0),
(629, 432, '2016', '26/12/2016', 4, 4, 86, '26400.00', 2, '0000-00-00 00:00:00', 0, '2016-12-26 14:10:13', 4, '2016-12-26 14:24:34', 25, NULL, 0),
(630, 433, '2016', '26/12/2016', 4, 4, 1, '1330.00', 2, '0000-00-00 00:00:00', 0, '2016-12-26 14:10:58', 4, '2016-12-26 14:25:27', 25, NULL, 0),
(631, 434, '2016', '26/12/2016', 4, 4, 66, '21600.00', 2, '0000-00-00 00:00:00', 0, '2016-12-26 14:26:50', 25, '2016-12-26 14:29:08', 4, NULL, 0),
(632, 435, '2016', '26/12/2016', 4, 4, 86, '26400.00', 2, '0000-00-00 00:00:00', 0, '2016-12-26 14:13:36', 4, '2016-12-26 14:30:47', 25, NULL, 0),
(633, 436, '2016', '26/12/2016', 4, 4, 2, '8800.00', 2, '0000-00-00 00:00:00', 0, '2016-12-26 14:14:22', 4, '2016-12-26 14:33:27', 25, NULL, 0),
(634, 437, '2016', '26/12/2016', 4, 4, 44, '60800.00', 2, '0000-00-00 00:00:00', 0, '2016-12-26 14:16:51', 4, '2016-12-26 14:34:09', 25, NULL, 0),
(635, 438, '2016', '27/12/2016', 5, 4, 50, '4500.00', 2, '0000-00-00 00:00:00', 0, '2016-12-27 12:08:15', 4, '2016-12-27 13:09:00', 25, NULL, 0),
(636, 439, '2016', '27/12/2016', 5, 4, 79, '34275.00', 2, '0000-00-00 00:00:00', 0, '2016-12-27 13:08:39', 4, '2016-12-27 13:10:11', 25, NULL, 0),
(637, 1, '2017', '12/01/2017', 5, 4, 50, '27040.00', 2, '0000-00-00 00:00:00', 0, '2017-01-12 06:30:44', 4, '2017-01-12 06:46:49', 25, NULL, 0),
(638, 2, '2017', '12/01/2017', 5, 4, 57, '147700.00', 2, '0000-00-00 00:00:00', 0, '2017-01-12 06:41:34', 4, '2017-01-12 06:49:34', 25, NULL, 0),
(640, 4, '2017', '12/01/2017', 5, 4, 12, '117600.00', 2, '0000-00-00 00:00:00', 0, '2017-01-12 06:42:55', 4, '2017-01-12 06:52:32', 25, NULL, 0),
(641, 5, '2017', '12/01/2017', 5, 4, 363, '597500.00', 2, '0000-00-00 00:00:00', 0, '2017-01-12 06:46:19', 4, '2017-01-12 06:54:11', 25, NULL, 0),
(643, 7, '2017', '25/01/2017', 5, 4, 44, '91200.00', 2, '0000-00-00 00:00:00', 0, '2017-01-25 12:01:09', 4, '2017-01-25 13:39:18', 25, NULL, 0),
(644, 8, '2017', '25/01/2017', 5, 4, 168, '330000.00', 2, '0000-00-00 00:00:00', 0, '2017-01-25 12:01:47', 4, '2017-01-25 14:21:01', 25, NULL, 0),
(645, 9, '2017', '25/01/2017', 5, 4, 50, '31000.00', 2, '0000-00-00 00:00:00', 0, '2017-01-25 12:04:18', 4, '2017-01-25 14:22:24', 25, NULL, 0),
(646, 10, '2017', '25/01/2017', 5, 4, 34, '163200.00', 2, '0000-00-00 00:00:00', 0, '2017-01-25 12:06:00', 4, '2017-01-25 14:23:38', 25, NULL, 0),
(647, 11, '2017', '25/01/2017', 5, 4, 112, '220000.00', 2, '0000-00-00 00:00:00', 0, '2017-01-25 12:13:39', 4, '2017-01-25 14:24:54', 25, NULL, 0),
(648, 12, '2017', '25/01/2017', 5, 4, 130, '47764.00', 2, '0000-00-00 00:00:00', 0, '2017-01-25 12:17:12', 4, '2017-01-25 14:26:12', 25, NULL, 0),
(649, 13, '2017', '25/01/2017', 5, 4, 114, '237000.00', 2, '0000-00-00 00:00:00', 0, '2017-01-25 12:22:55', 4, '2017-01-25 14:38:31', 25, NULL, 0),
(650, 14, '2017', '25/01/2017', 42, 4, 6, '4677.72', 2, '0000-00-00 00:00:00', 0, '2017-01-25 12:26:28', 4, '2017-01-25 14:40:12', 25, NULL, 0),
(651, 15, '2017', '25/01/2017', 5, 4, 11, '12100.00', 2, '0000-00-00 00:00:00', 0, '2017-01-25 12:27:54', 4, '2017-01-25 14:41:29', 25, NULL, 0),
(652, 16, '2017', '25/01/2017', 43, 4, 75, '3234.00', 2, '0000-00-00 00:00:00', 0, '2017-01-25 12:48:34', 4, '2017-01-25 14:42:24', 25, NULL, 0),
(653, 17, '2017', '25/01/2017', 5, 4, 93, '43850.00', 2, '0000-00-00 00:00:00', 0, '2017-01-25 12:51:02', 4, '2017-01-25 14:43:42', 25, NULL, 0),
(654, 18, '2017', '25/01/2017', 5, 4, 50, '150000.00', 2, '0000-00-00 00:00:00', 0, '2017-01-25 12:52:24', 4, '2017-01-25 14:44:50', 25, NULL, 0),
(656, 19, '2017', '25/01/2017', 5, 4, 203, '316000.00', 2, '0000-00-00 00:00:00', 0, '2017-01-25 13:03:45', 4, '2017-01-25 14:45:50', 25, NULL, 0),
(657, 20, '2017', '25/01/2017', 5, 4, 142, '292000.00', 2, '0000-00-00 00:00:00', 0, '2017-01-25 13:07:21', 4, '2017-01-25 14:47:29', 25, NULL, 0),
(658, 21, '2017', '25/01/2017', 5, 4, 30, '148800.00', 2, '0000-00-00 00:00:00', 0, '2017-01-25 13:09:18', 4, '2017-01-25 14:48:22', 25, NULL, 0),
(659, 22, '2017', '25/01/2017', 5, 4, 3, '1440.00', 2, '0000-00-00 00:00:00', 0, '2017-01-25 13:12:25', 4, '2017-01-25 14:49:22', 25, NULL, 0),
(660, 23, '2017', '25/01/2017', 5, 4, 50, '150000.00', 2, '0000-00-00 00:00:00', 0, '2017-01-25 13:14:50', 4, '2017-01-25 14:50:14', 25, NULL, 0),
(661, 24, '2017', '25/01/2017', 5, 4, 61, '5983.00', 2, '0000-00-00 00:00:00', 0, '2017-01-25 13:22:06', 4, '2017-01-25 14:51:18', 25, NULL, 0),
(662, 25, '2017', '25/01/2017', 5, 4, 108, '39720.00', 2, '0000-00-00 00:00:00', 0, '2017-01-25 13:23:42', 4, '2017-01-25 14:52:28', 25, NULL, 0),
(663, 26, '2017', '13/02/2017', 5, 4, 59, '22680.00', 2, '0000-00-00 00:00:00', 0, '2017-02-13 14:14:15', 4, '2017-02-13 14:43:39', 25, NULL, 0),
(664, 27, '2017', '13/02/2017', 5, 4, 3, '399.00', 2, '0000-00-00 00:00:00', 0, '2017-02-13 14:15:04', 4, '2017-02-13 14:45:15', 25, NULL, 0),
(665, 28, '2017', '13/02/2017', 5, 4, 6, '58800.00', 2, '0000-00-00 00:00:00', 0, '2017-02-13 14:16:00', 4, '2017-02-13 14:47:16', 25, NULL, 0),
(666, 29, '2017', '13/02/2017', 5, 4, 36, '207600.00', 2, '0000-00-00 00:00:00', 0, '2017-02-13 14:18:16', 4, '2017-02-13 14:48:23', 25, NULL, 0),
(667, 30, '2017', '13/02/2017', 5, 4, 202, '187000.00', 2, '0000-00-00 00:00:00', 0, '2017-02-13 14:21:35', 4, '2017-02-13 14:49:26', 25, NULL, 0),
(668, 31, '2017', '13/02/2017', 5, 4, 35, '102100.00', 2, '0000-00-00 00:00:00', 0, '2017-02-13 14:25:08', 4, '2017-02-13 14:50:28', 25, NULL, 0),
(669, 32, '2017', '13/02/2017', 5, 4, 52, '76000.00', 2, '0000-00-00 00:00:00', 0, '2017-02-13 14:26:52', 4, '2017-02-13 14:51:37', 25, NULL, 0),
(670, 33, '2017', '13/02/2017', 43, 4, 18, '3194.80', 2, '0000-00-00 00:00:00', 0, '2017-02-13 14:28:43', 4, '2017-02-13 14:52:45', 25, NULL, 0),
(672, 35, '2017', '13/02/2017', 5, 4, 44, '91200.00', 2, '0000-00-00 00:00:00', 0, '2017-02-13 14:30:45', 4, '2017-02-13 14:57:05', 25, NULL, 0),
(673, 36, '2017', '13/02/2017', 5, 4, 53, '29525.00', 2, '0000-00-00 00:00:00', 0, '2017-02-13 14:31:52', 4, '2017-02-13 14:58:08', 25, NULL, 0),
(674, 37, '2017', '13/02/2017', 5, 4, 39, '30000.00', 2, '0000-00-00 00:00:00', 0, '2017-02-13 14:33:26', 4, '2017-02-13 15:01:59', 25, NULL, 0),
(676, 38, '2017', '13/02/2017', 5, 4, 198, '375000.00', 2, '0000-00-00 00:00:00', 0, '2017-02-13 14:36:33', 4, '2017-02-13 15:02:59', 25, NULL, 0),
(678, 39, '2017', '13/02/2017', 5, 4, 86, '7512.00', 2, '0000-00-00 00:00:00', 0, '2017-02-13 14:38:03', 4, '2017-02-13 15:04:02', 25, NULL, 0),
(679, 40, '2017', '13/02/2017', 5, 4, 48, '180000.00', 2, '0000-00-00 00:00:00', 0, '2017-02-13 14:39:10', 4, '2017-02-13 15:05:03', 25, NULL, 0),
(680, 41, '2017', '13/02/2017', 5, 4, 61, '162100.00', 2, '0000-00-00 00:00:00', 0, '2017-02-13 14:41:38', 4, '2017-02-13 15:12:51', 25, NULL, 0),
(681, 42, '2017', '13/02/2017', 5, 4, 48, '180000.00', 2, '0000-00-00 00:00:00', 0, '2017-02-13 14:42:27', 4, '2017-02-13 15:14:09', 25, NULL, 0),
(682, 43, '2017', '13/02/2017', 5, 4, 13, '19000.00', 2, '0000-00-00 00:00:00', 0, '2017-02-13 14:43:10', 4, '2017-02-13 15:15:06', 25, NULL, 0),
(683, 44, '2017', '02/03/2017', 5, 4, 68, '181200.00', 2, '0000-00-00 00:00:00', 0, '2017-03-02 09:04:18', 4, '2017-03-02 09:24:42', 25, NULL, 0),
(684, 45, '2017', '02/03/2017', 4, 4, 5, '29500.00', 2, '0000-00-00 00:00:00', 0, '2017-03-02 09:05:43', 4, '2017-03-02 09:26:53', 25, NULL, 0),
(685, 46, '2017', '02/03/2017', 4, 4, 148, '43700.00', 2, '0000-00-00 00:00:00', 0, '2017-03-02 09:09:10', 4, '2017-03-02 09:28:23', 25, NULL, 0),
(686, 47, '2017', '02/03/2017', 4, 4, 5, '38000.00', 2, '0000-00-00 00:00:00', 0, '2017-03-02 09:10:05', 4, '2017-03-02 09:29:38', 25, NULL, 0),
(687, 48, '2017', '02/03/2017', 5, 4, 6, '58800.00', 2, '0000-00-00 00:00:00', 0, '2017-03-02 09:12:32', 4, '2017-03-02 09:30:35', 25, NULL, 0),
(688, 49, '2017', '02/03/2017', 4, 4, 1, '4400.00', 2, '0000-00-00 00:00:00', 0, '2017-03-02 09:13:08', 4, '2017-03-02 09:32:31', 25, NULL, 0),
(689, 50, '2017', '02/03/2017', 4, 4, 44, '64000.00', 2, '0000-00-00 00:00:00', 0, '2017-03-02 09:14:20', 4, '2017-03-02 09:33:51', 25, NULL, 0),
(691, 52, '2017', '02/03/2017', 4, 4, 139, '41650.00', 2, '0000-00-00 00:00:00', 0, '2017-03-02 09:18:26', 4, '2017-03-02 09:38:08', 25, NULL, 0),
(692, 53, '2017', '02/03/2017', 4, 4, 66, '21600.00', 2, '0000-00-00 00:00:00', 0, '2017-03-02 09:21:22', 4, '2017-03-02 09:39:02', 25, NULL, 0),
(693, 54, '2017', '10/03/2017', 4, 4, 1, '4400.00', 2, '0000-00-00 00:00:00', 0, '2017-03-10 07:01:30', 4, '2017-03-10 07:20:23', 25, NULL, 0),
(694, 55, '2017', '10/03/2017', 5, 4, 60, '297600.00', 2, '0000-00-00 00:00:00', 0, '2017-03-10 07:02:49', 4, '2017-03-10 07:21:44', 25, NULL, 0),
(695, 56, '2017', '10/03/2017', 5, 4, 68, '181200.00', 2, '0000-00-00 00:00:00', 0, '2017-03-10 07:06:44', 4, '2017-03-10 07:23:11', 25, NULL, 0),
(696, 57, '2017', '10/03/2017', 5, 4, 11, '12100.00', 2, '0000-00-00 00:00:00', 0, '2017-03-10 07:11:09', 4, '2017-03-10 07:24:38', 25, NULL, 0),
(697, 58, '2017', '10/03/2017', 5, 4, 115, '48675.00', 2, '0000-00-00 00:00:00', 0, '2017-03-10 07:13:01', 4, '2017-03-10 07:25:40', 25, NULL, 0),
(698, 59, '2017', '10/03/2017', 5, 4, 11, '12100.00', 2, '0000-00-00 00:00:00', 0, '2017-03-10 07:14:04', 4, '2017-03-10 07:26:52', 25, NULL, 0),
(699, 60, '2017', '10/03/2017', 5, 4, 36, '30000.00', 2, '0000-00-00 00:00:00', 0, '2017-03-10 07:14:58', 4, '2017-03-10 07:27:47', 25, NULL, 0),
(700, 61, '2017', '10/03/2017', 5, 4, 216, '400500.00', 2, '0000-00-00 00:00:00', 0, '2017-03-10 07:17:51', 4, '2017-03-10 07:28:57', 25, NULL, 0),
(701, 62, '2017', '10/03/2017', 5, 4, 48, '180000.00', 2, '0000-00-00 00:00:00', 0, '2017-03-10 07:18:39', 4, '2017-03-10 07:30:13', 25, NULL, 0),
(702, 63, '2017', '23/03/2017', 5, 4, 46, '135600.00', 2, '0000-00-00 00:00:00', 0, '2017-03-23 08:22:24', 4, '2017-03-23 12:11:29', 25, NULL, 0),
(703, 64, '2017', '23/03/2017', 5, 4, 190, '314000.00', 2, '0000-00-00 00:00:00', 0, '2017-03-23 08:30:29', 4, '2017-03-23 12:12:45', 25, NULL, 0),
(704, 65, '2017', '23/03/2017', 43, 4, 75, '3234.00', 2, '0000-00-00 00:00:00', 0, '2017-03-23 08:31:57', 4, '2017-03-23 12:16:35', 25, NULL, 0),
(705, 66, '2017', '23/03/2017', 5, 4, 12, '117600.00', 2, '0000-00-00 00:00:00', 0, '2017-03-23 08:33:32', 4, '2017-03-23 12:17:55', 25, NULL, 0),
(706, 67, '2017', '23/03/2017', 5, 4, 61, '31565.00', 2, '0000-00-00 00:00:00', 0, '2017-03-23 09:10:18', 4, '2017-03-23 12:20:38', 25, NULL, 0),
(707, 68, '2017', '23/03/2017', 5, 4, 80, '7200.00', 2, '0000-00-00 00:00:00', 0, '2017-03-23 09:12:21', 4, '2017-03-23 12:22:02', 25, NULL, 0),
(708, 69, '2017', '23/03/2017', 5, 4, 16, '5408.00', 2, '0000-00-00 00:00:00', 0, '2017-03-23 09:17:00', 4, '2017-03-23 12:22:58', 25, NULL, 0),
(709, 70, '2017', '23/03/2017', 5, 4, 90, '216000.00', 2, '0000-00-00 00:00:00', 0, '2017-03-23 09:49:11', 4, '2017-03-23 12:24:10', 25, NULL, 0),
(710, 71, '2017', '23/03/2017', 5, 4, 68, '181200.00', 2, '0000-00-00 00:00:00', 0, '2017-03-23 09:50:26', 4, '2017-03-23 12:25:30', 25, NULL, 0),
(711, 72, '2017', '23/03/2017', 5, 4, 240, '221500.00', 2, '0000-00-00 00:00:00', 0, '2017-03-23 09:55:41', 4, '2017-03-23 12:26:56', 25, NULL, 0),
(712, 73, '2017', '23/03/2017', 5, 4, 130, '47764.00', 2, '0000-00-00 00:00:00', 0, '2017-03-23 10:00:52', 4, '2017-03-23 12:29:46', 25, NULL, 0),
(713, 74, '2017', '23/03/2017', 5, 4, 44, '91200.00', 2, '0000-00-00 00:00:00', 0, '2017-03-23 10:07:40', 4, '2017-03-23 12:32:16', 25, NULL, 0),
(714, 75, '2017', '23/03/2017', 5, 4, 30, '148800.00', 2, '0000-00-00 00:00:00', 0, '2017-03-23 10:11:25', 4, '2017-03-23 12:34:48', 25, NULL, 0),
(715, 76, '2017', '23/03/2017', 5, 4, 150, '312000.00', 2, '0000-00-00 00:00:00', 0, '2017-03-23 10:13:32', 4, '2017-03-23 12:36:06', 25, NULL, 0),
(716, 77, '2017', '23/03/2017', 5, 4, 50, '150000.00', 2, '0000-00-00 00:00:00', 0, '2017-03-23 10:16:00', 4, '2017-03-23 12:37:18', 25, NULL, 0),
(717, 78, '2017', '23/03/2017', 5, 4, 135, '288000.00', 2, '0000-00-00 00:00:00', 0, '2017-03-23 10:20:27', 4, '2017-03-23 12:38:16', 25, NULL, 0),
(718, 79, '2017', '23/03/2017', 5, 4, 33, '57700.00', 2, '0000-00-00 00:00:00', 0, '2017-03-23 10:23:54', 4, '2017-03-23 12:40:03', 25, NULL, 0),
(719, 80, '2017', '23/03/2017', 5, 4, 108, '46695.00', 2, '0000-00-00 00:00:00', 0, '2017-03-23 10:29:07', 4, '2017-03-23 12:41:11', 25, NULL, 0),
(720, 81, '2017', '23/03/2017', 42, 4, 30, '1087.80', 2, '0000-00-00 00:00:00', 0, '2017-03-23 11:52:55', 4, '2017-03-23 12:42:10', 25, NULL, 0),
(721, 82, '2017', '23/03/2017', 4, 4, 15, '9551.70', 2, '0000-00-00 00:00:00', 0, '2017-03-23 11:55:12', 4, '2017-03-23 12:43:28', 25, NULL, 0),
(722, 83, '2017', '23/03/2017', 4, 4, 127, '37100.00', 2, '0000-00-00 00:00:00', 0, '2017-03-23 11:57:39', 4, '2017-03-23 12:44:23', 25, NULL, 0),
(723, 84, '2017', '23/03/2017', 4, 4, 44, '64000.00', 2, '0000-00-00 00:00:00', 0, '2017-03-23 12:00:34', 4, '2017-03-23 12:45:13', 25, NULL, 0),
(724, 85, '2017', '23/03/2017', 4, 4, 44, '64000.00', 2, '0000-00-00 00:00:00', 0, '2017-03-23 12:01:39', 4, '2017-03-23 12:45:56', 25, NULL, 0),
(725, 86, '2017', '23/03/2017', 4, 4, 5, '38000.00', 2, '0000-00-00 00:00:00', 0, '2017-03-23 12:02:52', 4, '2017-03-23 12:46:45', 25, NULL, 0),
(726, 87, '2017', '23/03/2017', 4, 4, 66, '21600.00', 2, '0000-00-00 00:00:00', 0, '2017-03-23 12:04:12', 4, '2017-03-23 12:47:29', 25, NULL, 0),
(727, 88, '2017', '23/03/2017', 4, 4, 107, '33000.00', 2, '0000-00-00 00:00:00', 0, '2017-03-23 12:10:31', 4, '2017-03-23 12:48:13', 25, NULL, 0),
(728, 89, '2017', '23/03/2017', 5, 4, 130, '47764.00', 2, '0000-00-00 00:00:00', 0, '2017-03-23 12:56:17', 4, '2017-03-23 12:58:07', 25, NULL, 0),
(729, 90, '2017', '23/03/2017', 5, 4, 12, '117600.00', 2, '0000-00-00 00:00:00', 0, '2017-03-23 12:57:33', 4, '2017-03-23 12:59:24', 25, NULL, 0),
(730, 91, '2017', '18/04/2017', 4, 4, 20, '4100.00', 2, '0000-00-00 00:00:00', 0, '2017-04-18 06:55:08', 4, '2017-04-18 08:16:31', 25, NULL, 0),
(731, 92, '2017', '18/04/2017', 4, 4, 5, '29500.00', 2, '0000-00-00 00:00:00', 0, '2017-04-18 06:56:15', 4, '2017-04-18 08:14:35', 25, NULL, 0),
(732, 93, '2017', '18/04/2017', 4, 4, 33, '10800.00', 2, '0000-00-00 00:00:00', 0, '2017-04-18 06:57:32', 4, '2017-04-18 08:13:46', 25, NULL, 0),
(733, 94, '2017', '18/04/2017', 4, 4, 107, '33000.00', 2, '0000-00-00 00:00:00', 0, '2017-04-18 06:59:06', 4, '2017-04-18 08:12:34', 25, NULL, 0),
(734, 95, '2017', '18/04/2017', 4, 4, 10, '2700.00', 2, '0000-00-00 00:00:00', 0, '2017-04-18 06:59:54', 4, '2017-04-18 08:11:43', 25, NULL, 0),
(736, 96, '2017', '18/04/2017', 3, 4, 11, '1808.80', 2, '0000-00-00 00:00:00', 0, '2017-04-18 07:55:49', 4, '2017-04-18 08:10:49', 25, NULL, 0),
(737, 97, '2017', '18/04/2017', 4, 4, 20, '12735.60', 2, '0000-00-00 00:00:00', 0, '2017-04-18 07:57:04', 4, '2017-04-18 08:09:50', 25, NULL, 0),
(739, 98, '2017', '18/04/2017', 4, 4, 149, '43700.00', 2, '0000-00-00 00:00:00', 0, '2017-04-18 08:00:16', 4, '2017-04-18 08:08:53', 25, NULL, 0),
(740, 99, '2017', '18/04/2017', 4, 4, 88, '28800.00', 2, '0000-00-00 00:00:00', 0, '2017-04-18 08:07:01', 4, '2017-04-18 08:07:27', 25, NULL, 0),
(742, 101, '2017', '25/04/2017', 43, 4, 18, '3194.80', 2, '0000-00-00 00:00:00', 0, '2017-04-25 09:23:16', 4, '2017-04-25 12:53:01', 25, NULL, 0),
(743, 102, '2017', '25/04/2017', 5, 4, 15, '4320.00', 2, '0000-00-00 00:00:00', 0, '2017-04-25 09:26:46', 4, '2017-04-25 12:52:08', 25, NULL, 0),
(744, 103, '2017', '25/04/2017', 5, 4, 12, '117600.00', 2, '0000-00-00 00:00:00', 0, '2017-04-25 09:27:33', 4, '2017-04-25 12:51:05', 25, NULL, 0),
(745, 104, '2017', '25/04/2017', 5, 4, 68, '181200.00', 2, '0000-00-00 00:00:00', 0, '2017-04-25 09:37:30', 4, '2017-04-25 12:49:59', 25, NULL, 0),
(746, 105, '2017', '25/04/2017', 5, 4, 24, '90000.00', 2, '0000-00-00 00:00:00', 0, '2017-04-25 09:38:32', 4, '2017-04-25 12:48:35', 25, NULL, 0),
(747, 106, '2017', '25/04/2017', 5, 4, 190, '332000.00', 2, '0000-00-00 00:00:00', 0, '2017-04-25 09:41:43', 4, '2017-04-25 10:50:35', 25, NULL, 0),
(748, 107, '2017', '25/04/2017', 5, 4, 125, '145000.00', 2, '0000-00-00 00:00:00', 0, '2017-04-25 09:43:48', 4, '2017-04-25 10:17:01', 25, NULL, 0),
(749, 108, '2017', '25/04/2017', 5, 4, 11, '12100.00', 2, '0000-00-00 00:00:00', 0, '2017-04-25 09:45:08', 4, '2017-04-25 10:16:01', 25, NULL, 0),
(750, 109, '2017', '25/04/2017', 5, 4, 50, '4500.00', 2, '0000-00-00 00:00:00', 0, '2017-04-25 09:46:22', 4, '2017-04-25 10:14:04', 25, NULL, 0),
(751, 110, '2017', '25/04/2017', 5, 4, 187, '79805.00', 2, '0000-00-00 00:00:00', 0, '2017-04-25 09:49:23', 4, '2017-04-25 10:12:49', 25, NULL, 0),
(752, 111, '2017', '25/04/2017', 5, 4, 41, '160900.00', 2, '0000-00-00 00:00:00', 0, '2017-04-25 09:53:09', 4, '2017-04-25 10:11:38', 25, NULL, 0),
(753, 112, '2017', '25/04/2017', 5, 4, 108, '175000.00', 2, '0000-00-00 00:00:00', 0, '2017-04-25 09:57:00', 4, '2017-04-25 10:09:59', 25, NULL, 0),
(754, 113, '2017', '25/04/2017', 5, 4, 60, '144000.00', 2, '0000-00-00 00:00:00', 0, '2017-04-25 09:58:04', 4, '2017-04-25 10:08:56', 25, NULL, 0),
(755, 114, '2017', '25/04/2017', 5, 4, 12, '117600.00', 2, '0000-00-00 00:00:00', 0, '2017-04-25 09:59:00', 4, '2017-04-25 10:07:41', 25, NULL, 0),
(756, 115, '2017', '25/04/2017', 5, 4, 50, '27040.00', 2, '0000-00-00 00:00:00', 0, '2017-04-25 09:59:41', 4, '2017-04-25 10:06:09', 25, NULL, 0),
(757, 116, '2017', '25/04/2017', 44, 4, 100, '150000.00', 2, '0000-00-00 00:00:00', 0, '2017-04-25 11:23:29', 4, '2017-04-25 11:25:33', 25, NULL, 0),
(758, 117, '2017', '01/05/2017', 4, 4, 55, '16500.00', 2, '0000-00-00 00:00:00', 0, '2017-05-01 08:20:34', 4, '2017-05-12 10:46:29', 25, NULL, 0),
(759, 118, '2017', '01/05/2017', 4, 4, 104, '30500.00', 2, '0000-00-00 00:00:00', 0, '2017-05-01 09:26:44', 4, '2017-05-12 10:45:20', 25, NULL, 0),
(760, 119, '2017', '11/05/2017', 47, 4, 5, '299.05', 2, '0000-00-00 00:00:00', 0, '2017-05-11 13:34:30', 4, '2017-05-12 10:43:08', 25, NULL, 0),
(761, 120, '2017', '11/05/2017', 47, 4, 30, '3409.50', 2, '0000-00-00 00:00:00', 0, '2017-05-11 13:38:32', 4, '2017-05-12 10:44:16', 25, NULL, 0),
(762, 121, '2017', '12/05/2017', 42, 4, 6, '4677.78', 2, '0000-00-00 00:00:00', 0, '2017-05-12 06:38:22', 4, '2017-05-12 10:41:39', 25, NULL, 0),
(763, 122, '2017', '12/05/2017', 4, 4, 2, '2071.00', 2, '0000-00-00 00:00:00', 0, '2017-05-12 06:42:42', 4, '2017-05-12 10:40:41', 25, NULL, 0),
(764, 123, '2017', '12/05/2017', 3, 4, 14, '2793.00', 2, '0000-00-00 00:00:00', 0, '2017-05-12 06:48:18', 4, '2017-05-12 10:39:31', 25, NULL, 0),
(765, 124, '2017', '12/05/2017', 4, 4, 40, '25142.20', 2, '0000-00-00 00:00:00', 0, '2017-05-12 06:52:47', 4, '2017-05-12 10:38:23', 25, NULL, 0),
(766, 125, '2017', '12/05/2017', 47, 4, 2, '373.90', 2, '0000-00-00 00:00:00', 0, '2017-05-12 06:54:19', 4, '2017-05-12 10:37:34', 25, NULL, 0),
(767, 126, '2017', '12/05/2017', 47, 4, 2, '1308.40', 2, '0000-00-00 00:00:00', 0, '2017-05-12 06:59:13', 4, '2017-05-12 10:36:36', 25, NULL, 0),
(768, 127, '2017', '12/05/2017', 42, 4, 30, '1087.80', 2, '0000-00-00 00:00:00', 0, '2017-05-12 07:01:13', 4, '2017-05-12 10:35:41', 25, NULL, 0),
(770, 128, '2017', '12/05/2017', 4, 4, 91, '24925.00', 2, '0000-00-00 00:00:00', 0, '2017-05-12 07:05:00', 4, '2017-05-12 10:34:39', 25, NULL, 0),
(771, 129, '2017', '12/05/2017', 4, 4, 84, '26400.00', 2, '0000-00-00 00:00:00', 0, '2017-05-12 07:05:48', 4, '2017-05-12 10:33:14', 25, NULL, 0),
(772, 130, '2017', '12/05/2017', 4, 4, 44, '60800.00', 2, '0000-00-00 00:00:00', 0, '2017-05-12 07:09:37', 4, '2017-05-12 10:31:54', 25, NULL, 0),
(773, 131, '2017', '12/05/2017', 4, 4, 20, '4100.00', 2, '0000-00-00 00:00:00', 0, '2017-05-12 08:03:04', 4, '2017-05-12 10:29:38', 25, NULL, 0),
(774, 132, '2017', '12/05/2017', 4, 4, 6, '29500.00', 2, '0000-00-00 00:00:00', 0, '2017-05-12 08:05:01', 4, '2017-05-12 08:08:51', 25, NULL, 0),
(775, 133, '2017', '12/05/2017', 4, 4, 5, '29500.00', 2, '0000-00-00 00:00:00', 0, '2017-05-12 08:06:16', 4, '2017-05-12 08:07:52', 25, NULL, 0),
(776, 134, '2017', '12/05/2017', 4, 4, 6, '29500.00', 2, '0000-00-00 00:00:00', 0, '2017-05-12 10:48:42', 4, '2017-05-12 10:49:03', 25, NULL, 0),
(777, 135, '2017', '12/05/2017', 5, 4, 46, '135600.00', 2, '0000-00-00 00:00:00', 0, '2017-05-12 10:58:25', 4, '2017-05-12 14:51:18', 25, NULL, 0),
(778, 136, '2017', '12/05/2017', 5, 4, 90, '192000.00', 2, '0000-00-00 00:00:00', 0, '2017-05-12 12:11:44', 4, '2017-05-12 14:53:37', 25, NULL, 0),
(779, 137, '2017', '12/05/2017', 5, 4, 84, '155000.00', 2, '0000-00-00 00:00:00', 0, '2017-05-12 12:20:08', 4, '2017-05-12 15:05:28', 25, NULL, 0),
(780, 138, '2017', '12/05/2017', 5, 4, 247, '387000.00', 2, '0000-00-00 00:00:00', 0, '2017-05-12 12:27:33', 4, '2017-05-12 14:38:36', 25, NULL, 0),
(781, 139, '2017', '12/05/2017', 5, 4, 74, '240000.00', 2, '0000-00-00 00:00:00', 0, '2017-05-12 12:41:43', 4, '2017-05-12 14:26:27', 25, NULL, 0),
(782, 140, '2017', '12/05/2017', 8, 4, 12, '1200.00', 2, '0000-00-00 00:00:00', 0, '2017-05-12 12:43:54', 4, '2017-05-12 14:24:48', 25, NULL, 0),
(783, 141, '2017', '12/05/2017', 5, 4, 68, '181200.00', 2, '0000-00-00 00:00:00', 0, '2017-05-12 12:45:16', 4, '2017-05-12 14:23:48', 25, NULL, 0),
(784, 142, '2017', '12/05/2017', 5, 4, 12, '117600.00', 2, '0000-00-00 00:00:00', 0, '2017-05-12 12:46:15', 4, '2017-05-12 14:22:41', 25, NULL, 0),
(785, 143, '2017', '12/05/2017', 5, 4, 78, '96000.00', 2, '0000-00-00 00:00:00', 0, '2017-05-12 12:48:46', 4, '2017-05-12 14:20:48', 25, NULL, 0),
(786, 144, '2017', '12/05/2017', 5, 4, 11, '12100.00', 2, '0000-00-00 00:00:00', 0, '2017-05-12 12:52:30', 4, '2017-05-12 14:19:40', 25, NULL, 0),
(787, 145, '2017', '12/05/2017', 5, 4, 80, '7200.00', 2, '0000-00-00 00:00:00', 0, '2017-05-12 12:53:26', 4, '2017-05-12 14:18:39', 25, NULL, 0),
(788, 146, '2017', '12/05/2017', 5, 4, 39, '57000.00', 2, '0000-00-00 00:00:00', 0, '2017-05-12 12:55:19', 4, '2017-05-12 14:11:46', 25, NULL, 0),
(790, 147, '2017', '12/05/2017', 5, 4, 166, '69245.00', 2, '0000-00-00 00:00:00', 0, '2017-05-12 12:59:41', 4, '2017-05-12 14:10:33', 25, NULL, 0),
(791, 148, '2017', '12/05/2017', 43, 4, 18, '3194.80', 2, '0000-00-00 00:00:00', 0, '2017-05-12 13:01:18', 4, '2017-05-12 14:09:21', 25, NULL, 0),
(792, 149, '2017', '12/05/2017', 5, 4, 92, '271200.00', 2, '0000-00-00 00:00:00', 0, '2017-05-12 13:04:32', 4, '2017-05-12 14:08:16', 25, NULL, 0),
(793, 150, '2017', '12/05/2017', 5, 4, 6, '58800.00', 2, '0000-00-00 00:00:00', 0, '2017-05-12 13:14:15', 4, '2017-05-12 14:05:49', 25, NULL, 0),
(794, 151, '2017', '12/05/2017', 5, 4, 1, '480.00', 2, '0000-00-00 00:00:00', 0, '2017-05-12 13:19:06', 4, '2017-05-12 14:04:36', 25, NULL, 0),
(795, 152, '2017', '12/05/2017', 5, 4, 10, '520.00', 2, '0000-00-00 00:00:00', 0, '2017-05-12 13:20:02', 4, '2017-05-12 13:58:49', 25, NULL, 0),
(796, 153, '2017', '12/05/2017', 5, 4, 48, '22000.00', 2, '0000-00-00 00:00:00', 0, '2017-05-12 13:25:11', 4, '2017-05-12 13:57:47', 25, NULL, 0),
(797, 154, '2017', '12/05/2017', 5, 4, 20, '9220.00', 2, '0000-00-00 00:00:00', 0, '2017-05-12 13:26:20', 4, '2017-05-12 13:56:02', 25, NULL, 0),
(798, 155, '2017', '12/05/2017', 5, 4, 168, '330000.00', 2, '0000-00-00 00:00:00', 0, '2017-05-12 13:28:35', 4, '2017-05-12 13:54:46', 25, NULL, 0),
(799, 156, '2017', '12/05/2017', 5, 4, 65, '250900.00', 2, '0000-00-00 00:00:00', 0, '2017-05-12 13:33:29', 4, '2017-05-12 13:53:25', 25, NULL, 0),
(800, 157, '2017', '12/05/2017', 5, 4, 44, '91200.00', 2, '0000-00-00 00:00:00', 0, '2017-05-12 13:34:26', 4, '2017-05-12 13:52:09', 25, NULL, 0),
(801, 158, '2017', '12/05/2017', 5, 4, 90, '192000.00', 2, '0000-00-00 00:00:00', 0, '2017-05-12 13:38:02', 4, '2017-05-12 13:50:54', 25, NULL, 0),
(802, 159, '2017', '12/05/2017', 5, 4, 28, '104400.00', 2, '0000-00-00 00:00:00', 0, '2017-05-12 13:40:42', 4, '2017-05-12 13:49:40', 25, NULL, 0),
(803, 160, '2017', '12/05/2017', 5, 4, 11, '12100.00', 2, '0000-00-00 00:00:00', 0, '2017-05-12 13:41:38', 4, '2017-05-12 13:48:29', 25, NULL, 0),
(804, 161, '2017', '12/05/2017', 5, 4, 140, '223000.00', 2, '0000-00-00 00:00:00', 0, '2017-05-12 13:45:09', 4, '2017-05-12 13:46:28', 25, NULL, 0),
(805, 162, '2017', '16/05/2017', 3, 4, 6, '1026.00', 2, '0000-00-00 00:00:00', 0, '2017-05-16 08:13:38', 4, '2017-05-16 08:39:12', 25, NULL, 0),
(806, 163, '2017', '16/05/2017', 4, 4, 5, '29500.00', 2, '0000-00-00 00:00:00', 0, '2017-05-16 08:14:57', 4, '2017-05-16 08:38:29', 25, NULL, 0),
(807, 164, '2017', '16/05/2017', 4, 4, 6, '29500.00', 2, '0000-00-00 00:00:00', 0, '2017-05-16 08:15:53', 4, '2017-05-16 08:37:46', 25, NULL, 0),
(808, 165, '2017', '16/05/2017', 4, 4, 63, '19800.00', 2, '0000-00-00 00:00:00', 0, '2017-05-16 08:17:25', 4, '2017-05-16 08:34:09', 25, NULL, 0),
(809, 166, '2017', '16/05/2017', 4, 4, 30, '19103.40', 2, '0000-00-00 00:00:00', 0, '2017-05-16 08:18:09', 4, '2017-05-16 08:33:25', 25, NULL, 0),
(810, 167, '2017', '16/05/2017', 4, 4, 128, '37100.00', 2, '0000-00-00 00:00:00', 0, '2017-05-16 08:20:01', 4, '2017-05-16 08:32:41', 25, NULL, 0),
(811, 168, '2017', '16/05/2017', 4, 4, 88, '28800.00', 2, '0000-00-00 00:00:00', 0, '2017-05-16 08:22:48', 4, '2017-05-16 08:31:40', 25, NULL, 0),
(812, 169, '2017', '16/05/2017', 3, 4, 6, '997.50', 2, '0000-00-00 00:00:00', 0, '2017-05-16 08:28:55', 4, '2017-05-16 08:30:10', 25, NULL, 0),
(813, 170, '2017', '20/06/2017', 5, 4, 44, '91200.00', 2, '0000-00-00 00:00:00', 0, '2017-06-20 08:43:10', 4, '2017-06-20 13:41:27', 25, NULL, 0),
(814, 171, '2017', '20/06/2017', 5, 4, 12, '117600.00', 2, '0000-00-00 00:00:00', 0, '2017-06-20 09:17:21', 4, '2017-06-21 07:27:42', 25, NULL, 0),
(815, 172, '2017', '20/06/2017', 5, 4, 90, '216000.00', 2, '0000-00-00 00:00:00', 0, '2017-06-20 09:28:19', 4, '2017-06-21 07:26:33', 25, NULL, 0),
(816, 173, '2017', '20/06/2017', 46, 4, 12, '10699.08', 2, '0000-00-00 00:00:00', 0, '2017-06-20 09:30:30', 4, '2017-06-21 07:25:12', 25, NULL, 0),
(817, 174, '2017', '20/06/2017', 5, 4, 120, '264000.00', 2, '0000-00-00 00:00:00', 0, '2017-06-20 09:32:12', 4, '2017-06-21 07:24:09', 25, NULL, 0),
(818, 175, '2017', '20/06/2017', 5, 4, 35, '102100.00', 2, '0000-00-00 00:00:00', 0, '2017-06-20 09:45:28', 4, '2017-06-21 07:22:54', 25, NULL, 0),
(820, 176, '2017', '20/06/2017', 5, 4, 92, '271200.00', 2, '0000-00-00 00:00:00', 0, '2017-06-20 09:47:19', 4, '2017-06-21 07:21:23', 25, NULL, 0),
(821, 177, '2017', '20/06/2017', 5, 4, 6, '58800.00', 2, '0000-00-00 00:00:00', 0, '2017-06-21 07:19:44', 4, '2017-06-21 07:20:06', 25, NULL, 0),
(822, 178, '2017', '20/06/2017', 5, 4, 178, '308500.00', 2, '0000-00-00 00:00:00', 0, '2017-06-20 09:54:54', 4, '2017-06-21 07:18:18', 25, NULL, 0),
(823, 179, '2017', '20/06/2017', 5, 4, 78, '29460.00', 2, '0000-00-00 00:00:00', 0, '2017-06-20 09:56:31', 4, '2017-06-21 07:17:12', 25, NULL, 0),
(824, 180, '2017', '20/06/2017', 5, 4, 60, '297600.00', 2, '0000-00-00 00:00:00', 0, '2017-06-20 10:20:38', 4, '2017-06-21 07:14:30', 25, NULL, 0),
(825, 181, '2017', '20/06/2017', 5, 4, 120, '288000.00', 2, '0000-00-00 00:00:00', 0, '2017-06-21 07:13:00', 4, '2017-06-21 07:13:19', 25, NULL, 0),
(826, 182, '2017', '20/06/2017', 5, 4, 44, '91200.00', 2, '0000-00-00 00:00:00', 0, '2017-06-20 10:23:03', 4, '2017-06-21 07:11:42', 25, NULL, 0),
(828, 183, '2017', '20/06/2017', 5, 4, 12, '117600.00', 2, '0000-00-00 00:00:00', 0, '2017-06-20 10:23:56', 4, '2017-06-21 07:10:37', 25, NULL, 0),
(829, 184, '2017', '20/06/2017', 5, 4, 74, '29760.00', 2, '0000-00-00 00:00:00', 0, '2017-06-20 10:25:24', 4, '2017-06-21 07:09:33', 25, NULL, 0),
(830, 185, '2017', '20/06/2017', 43, 4, 18, '3194.80', 2, '0000-00-00 00:00:00', 0, '2017-06-20 10:27:35', 4, '2017-06-21 07:08:04', 25, NULL, 0),
(831, 186, '2017', '20/06/2017', 5, 4, 10, '14000.00', 2, '0000-00-00 00:00:00', 0, '2017-06-20 10:34:10', 4, '2017-06-21 07:06:20', 25, NULL, 0),
(832, 187, '2017', '20/06/2017', 5, 4, 11, '12100.00', 2, '0000-00-00 00:00:00', 0, '2017-06-20 10:35:03', 4, '2017-06-21 07:05:18', 25, NULL, 0),
(833, 188, '2017', '20/06/2017', 5, 4, 156, '174000.00', 2, '0000-00-00 00:00:00', 0, '2017-06-20 10:37:33', 4, '2017-06-21 07:04:14', 25, NULL, 0),
(834, 189, '2017', '20/06/2017', 5, 4, 5, '10325.00', 2, '0000-00-00 00:00:00', 0, '2017-06-20 10:38:09', 4, '2017-06-21 07:01:36', 25, NULL, 0),
(835, 190, '2017', '20/06/2017', 43, 4, 75, '3234.00', 2, '0000-00-00 00:00:00', 0, '2017-06-20 10:39:53', 4, '2017-06-21 07:00:20', 25, NULL, 0);
INSERT INTO `POhead` (`id`, `po_number`, `po_year`, `po_date`, `supplier_id`, `po_user_id`, `total_qty`, `total_price`, `receive`, `receive_date`, `receive_user_id`, `accept1_date`, `accept1_user_id`, `accept2_date`, `accept2_user_id`, `accept3_date`, `accept3_user_id`) VALUES
(836, 191, '2017', '20/06/2017', 5, 4, 48, '180000.00', 2, '0000-00-00 00:00:00', 0, '2017-06-20 10:41:21', 4, '2017-06-21 06:59:14', 25, NULL, 0),
(838, 193, '2017', '20/06/2017', 5, 4, 80, '7200.00', 2, '0000-00-00 00:00:00', 0, '2017-06-21 06:56:48', 4, '2017-06-21 06:57:11', 25, NULL, 0),
(840, 194, '2017', '20/06/2017', 5, 4, 204, '346500.00', 2, '0000-00-00 00:00:00', 0, '2017-06-20 10:47:56', 4, '2017-06-21 06:55:04', 25, NULL, 0),
(841, 195, '2017', '20/06/2017', 5, 4, 59, '192100.00', 2, '0000-00-00 00:00:00', 0, '2017-06-20 10:49:18', 4, '2017-06-21 06:53:21', 25, NULL, 0),
(842, 196, '2017', '20/06/2017', 5, 4, 54, '83000.00', 2, '0000-00-00 00:00:00', 0, '2017-06-20 10:52:00', 4, '2017-06-21 06:50:08', 25, NULL, 0),
(843, 197, '2017', '20/06/2017', 5, 4, 44, '91200.00', 2, '0000-00-00 00:00:00', 0, '2017-06-20 10:53:18', 4, '2017-06-21 06:48:47', 25, NULL, 0),
(844, 198, '2017', '20/06/2017', 5, 4, 6, '58800.00', 2, '0000-00-00 00:00:00', 0, '2017-06-20 10:54:36', 4, '2017-06-21 06:47:29', 25, NULL, 0),
(845, 199, '2017', '20/06/2017', 5, 4, 24, '90000.00', 2, '0000-00-00 00:00:00', 0, '2017-06-20 10:56:04', 4, '2017-06-21 06:44:10', 25, NULL, 0),
(846, 200, '2017', '20/06/2017', 5, 4, 48, '180000.00', 2, '0000-00-00 00:00:00', 0, '2017-06-20 10:57:04', 4, '2017-06-21 06:42:53', 25, NULL, 0),
(847, 201, '2017', '20/06/2017', 5, 4, 73, '36365.00', 2, '0000-00-00 00:00:00', 0, '2017-06-20 11:00:28', 4, '2017-06-21 06:40:31', 25, NULL, 0),
(848, 202, '2017', '20/06/2017', 5, 4, 50, '4500.00', 2, '0000-00-00 00:00:00', 0, '2017-06-20 11:02:13', 4, '2017-06-21 06:39:02', 25, NULL, 0),
(849, 203, '2017', '20/06/2017', 43, 4, 75, '3234.00', 2, '0000-00-00 00:00:00', 0, '2017-06-20 11:10:15', 4, '2017-06-21 06:37:45', 25, NULL, 0),
(850, 204, '2017', '20/06/2017', 5, 4, 36, '16500.00', 2, '0000-00-00 00:00:00', 0, '2017-06-20 11:11:19', 4, '2017-06-21 06:36:38', 25, NULL, 0),
(851, 205, '2017', '20/06/2017', 5, 4, 155, '293000.00', 2, '0000-00-00 00:00:00', 0, '2017-06-20 11:13:09', 4, '2017-06-21 06:35:31', 25, NULL, 0),
(852, 206, '2017', '20/06/2017', 5, 4, 28, '104400.00', 2, '0000-00-00 00:00:00', 0, '2017-06-20 11:15:45', 4, '2017-06-21 06:34:21', 25, NULL, 0),
(853, 207, '2017', '20/06/2017', 5, 4, 48, '180000.00', 2, '0000-00-00 00:00:00', 0, '2017-06-20 13:07:56', 4, '2017-06-21 06:32:29', 25, NULL, 0),
(854, 208, '2017', '20/06/2017', 5, 4, 80, '43264.00', 2, '0000-00-00 00:00:00', 0, '2017-06-20 13:09:28', 4, '2017-06-21 06:30:43', 25, NULL, 0),
(856, 210, '2017', '20/06/2017', 4, 4, 44, '64000.00', 2, '0000-00-00 00:00:00', 0, '2017-06-20 13:14:06', 4, '2017-06-21 06:28:39', 25, NULL, 0),
(857, 211, '2017', '20/06/2017', 4, 4, 106, '30500.00', 2, '0000-00-00 00:00:00', 0, '2017-06-20 13:23:19', 4, '2017-06-20 13:51:24', 25, NULL, 0),
(858, 212, '2017', '20/06/2017', 5, 4, 20, '4100.00', 2, '0000-00-00 00:00:00', 0, '2017-06-20 13:24:14', 4, '2017-06-20 13:50:33', 25, NULL, 0),
(859, 213, '2017', '20/06/2017', 4, 4, 150, '46200.00', 2, '0000-00-00 00:00:00', 0, '2017-06-20 13:30:59', 4, '2017-06-20 13:49:00', 25, NULL, 0),
(860, 214, '2017', '20/06/2017', 4, 4, 2, '2180.00', 2, '0000-00-00 00:00:00', 0, '2017-06-20 13:35:20', 4, '2017-06-20 13:46:59', 25, NULL, 0),
(861, 215, '2017', '20/06/2017', 4, 4, 44, '64000.00', 2, '0000-00-00 00:00:00', 0, '2017-06-20 13:36:55', 4, '2017-06-20 13:44:41', 25, NULL, 0),
(862, 216, '2017', '20/06/2017', 4, 4, 86, '26400.00', 2, '0000-00-00 00:00:00', 0, '2017-06-20 13:38:27', 4, '2017-06-20 13:43:27', 25, NULL, 0),
(863, 217, '2017', '25/07/2017', 5, 4, 100, '9000.00', 2, '0000-00-00 00:00:00', 0, '2017-07-25 08:36:27', 4, '2017-07-27 08:47:38', 25, NULL, 0),
(864, 218, '2017', '25/07/2017', 5, 4, 68, '181200.00', 2, '0000-00-00 00:00:00', 0, '2017-07-25 08:40:41', 4, '2017-07-27 08:45:53', 25, NULL, 0),
(865, 219, '2017', '25/07/2017', 5, 4, 18, '176400.00', 2, '0000-00-00 00:00:00', 0, '2017-07-25 08:41:42', 4, '2017-07-27 08:44:32', 25, NULL, 0),
(866, 220, '2017', '25/07/2017', 5, 4, 52, '194400.00', 2, '0000-00-00 00:00:00', 0, '2017-07-25 08:48:06', 4, '2017-07-27 08:43:27', 25, NULL, 0),
(867, 221, '2017', '25/07/2017', 5, 4, 40, '144000.00', 2, '0000-00-00 00:00:00', 0, '2017-07-25 08:58:55', 4, '2017-07-27 08:42:29', 25, NULL, 0),
(868, 222, '2017', '25/07/2017', 5, 4, 40, '13680.00', 2, '0000-00-00 00:00:00', 0, '2017-07-25 09:00:13', 4, '2017-07-27 08:41:23', 25, NULL, 0),
(869, 223, '2017', '25/07/2017', 5, 4, 40, '144000.00', 2, '0000-00-00 00:00:00', 0, '2017-07-25 10:01:09', 4, '2017-07-27 08:40:16', 25, NULL, 0),
(870, 224, '2017', '25/07/2017', 5, 4, 40, '8000.00', 2, '0000-00-00 00:00:00', 0, '2017-07-25 10:03:02', 4, '2017-07-27 08:39:11', 25, NULL, 0),
(871, 225, '2017', '25/07/2017', 5, 4, 200, '178000.00', 2, '0000-00-00 00:00:00', 0, '2017-07-25 10:06:55', 4, '2017-07-27 08:37:44', 25, NULL, 0),
(872, 226, '2017', '25/07/2017', 5, 4, 96, '38400.00', 2, '0000-00-00 00:00:00', 0, '2017-07-25 10:08:16', 4, '2017-07-27 08:36:40', 25, NULL, 0),
(873, 227, '2017', '25/07/2017', 5, 4, 60, '144000.00', 2, '0000-00-00 00:00:00', 0, '2017-07-25 10:09:29', 4, '2017-07-27 08:35:30', 25, NULL, 0),
(874, 228, '2017', '25/07/2017', 5, 4, 55, '103300.00', 2, '0000-00-00 00:00:00', 0, '2017-07-25 10:11:07', 4, '2017-07-27 08:33:07', 25, NULL, 0),
(875, 229, '2017', '25/07/2017', 5, 4, 30, '72000.00', 2, '0000-00-00 00:00:00', 0, '2017-07-25 10:12:29', 4, '2017-07-27 08:32:09', 25, NULL, 0),
(876, 230, '2017', '25/07/2017', 5, 4, 80, '33040.00', 2, '0000-00-00 00:00:00', 0, '2017-07-25 10:14:07', 4, '2017-07-27 08:31:05', 25, NULL, 0),
(877, 231, '2017', '25/07/2017', 5, 4, 65, '30845.00', 2, '0000-00-00 00:00:00', 0, '2017-07-25 10:15:23', 4, '2017-07-27 08:27:02', 25, NULL, 0),
(878, 232, '2017', '25/07/2017', 5, 4, 12, '117600.00', 2, '0000-00-00 00:00:00', 0, '2017-07-25 10:16:17', 4, '2017-07-27 08:26:03', 25, NULL, 0),
(879, 233, '2017', '25/07/2017', 5, 4, 103, '283300.00', 2, '0000-00-00 00:00:00', 0, '2017-07-25 10:19:25', 4, '2017-07-27 08:24:37', 25, NULL, 0),
(880, 234, '2017', '25/07/2017', 5, 4, 208, '394000.00', 2, '0000-00-00 00:00:00', 0, '2017-07-25 10:22:18', 4, '2017-07-27 08:23:18', 25, NULL, 0),
(881, 235, '2017', '25/07/2017', 5, 4, 20, '4000.00', 2, '0000-00-00 00:00:00', 0, '2017-07-25 10:29:07', 4, '2017-07-27 08:21:03', 25, NULL, 0),
(882, 236, '2017', '25/07/2017', 5, 4, 60, '297600.00', 2, '0000-00-00 00:00:00', 0, '2017-07-25 10:58:24', 4, '2017-07-27 08:18:48', 25, NULL, 0),
(883, 237, '2017', '25/07/2017', 5, 4, 44, '91200.00', 2, '0000-00-00 00:00:00', 0, '2017-07-25 11:55:18', 4, '2017-07-27 08:16:52', 25, NULL, 0),
(884, 238, '2017', '25/07/2017', 5, 4, 120, '288000.00', 2, '0000-00-00 00:00:00', 0, '2017-07-25 11:56:43', 4, '2017-07-27 08:20:02', 25, NULL, 0),
(885, 239, '2017', '25/07/2017', 5, 4, 90, '216000.00', 2, '0000-00-00 00:00:00', 0, '2017-07-25 11:58:07', 4, '2017-07-27 08:10:35', 25, NULL, 0),
(887, 240, '2017', '25/07/2017', 43, 4, 93, '6428.80', 2, '0000-00-00 00:00:00', 0, '2017-07-25 12:02:40', 4, '2017-07-27 08:02:20', 25, NULL, 0),
(888, 241, '2017', '25/07/2017', 5, 4, 56, '208800.00', 2, '0000-00-00 00:00:00', 0, '2017-07-25 12:04:49', 4, '2017-07-27 08:01:21', 25, NULL, 0),
(889, 242, '2017', '25/07/2017', 5, 4, 103, '49685.00', 2, '0000-00-00 00:00:00', 0, '2017-07-25 12:48:29', 4, '2017-07-27 07:59:24', 25, NULL, 0),
(890, 243, '2017', '25/07/2017', 5, 4, 250, '442000.00', 2, '0000-00-00 00:00:00', 0, '2017-07-25 13:03:57', 4, '2017-07-27 07:54:38', 25, NULL, 0),
(891, 244, '2017', '25/07/2017', 5, 4, 48, '180000.00', 2, '0000-00-00 00:00:00', 0, '2017-07-25 13:13:40', 4, '2017-07-27 07:37:43', 25, NULL, 0),
(892, 245, '2017', '25/07/2017', 5, 4, 48, '180000.00', 2, '0000-00-00 00:00:00', 0, '2017-07-25 13:14:36', 4, '2017-07-27 07:35:29', 25, NULL, 0),
(893, 246, '2017', '25/07/2017', 5, 4, 166, '286000.00', 2, '0000-00-00 00:00:00', 0, '2017-07-25 13:17:13', 4, '2017-07-27 07:31:10', 25, NULL, 0),
(894, 247, '2017', '25/07/2017', 5, 4, 44, '91200.00', 2, '0000-00-00 00:00:00', 0, '2017-07-25 14:18:33', 4, '2017-07-27 07:29:56', 25, NULL, 0),
(895, 248, '2017', '25/07/2017', 5, 4, 12, '117600.00', 2, '0000-00-00 00:00:00', 0, '2017-07-25 14:19:27', 4, '2017-07-27 07:23:19', 25, NULL, 0),
(896, 249, '2017', '25/07/2017', 5, 4, 11, '12100.00', 2, '0000-00-00 00:00:00', 0, '2017-07-25 14:20:43', 4, '2017-07-27 07:21:23', 25, NULL, 0),
(897, 250, '2017', '25/07/2017', 5, 4, 30, '148800.00', 2, '0000-00-00 00:00:00', 0, '2017-07-25 14:22:29', 4, '2017-07-27 07:19:58', 25, NULL, 0),
(898, 251, '2017', '25/07/2017', 5, 4, 402, '556000.00', 2, '0000-00-00 00:00:00', 0, '2017-07-25 14:25:24', 4, '2017-07-27 07:18:20', 25, NULL, 0),
(899, 252, '2017', '27/07/2017', 4, 4, 100, '36000.00', 2, '0000-00-00 00:00:00', 0, '2017-07-27 08:51:07', 4, '2017-07-28 06:45:05', 25, NULL, 0),
(900, 253, '2017', '27/07/2017', 4, 4, 30, '45600.00', 2, '0000-00-00 00:00:00', 0, '2017-07-27 08:52:12', 4, '2017-07-28 06:44:16', 25, NULL, 0),
(902, 254, '2017', '27/07/2017', 4, 4, 106, '30500.00', 2, '0000-00-00 00:00:00', 0, '2017-07-27 09:00:25', 4, '2017-07-28 06:43:32', 25, NULL, 0),
(903, 255, '2017', '27/07/2017', 47, 4, 6, '1200.00', 2, '0000-00-00 00:00:00', 0, '2017-07-27 09:06:27', 4, '2017-07-28 06:42:51', 25, NULL, 0),
(904, 256, '2017', '27/07/2017', 4, 4, 33, '45600.00', 2, '0000-00-00 00:00:00', 0, '2017-07-27 09:08:47', 4, '2017-07-28 06:42:09', 25, NULL, 0),
(905, 257, '2017', '27/07/2017', 4, 4, 2, '2180.00', 2, '0000-00-00 00:00:00', 0, '2017-07-27 11:00:34', 4, '2017-07-28 06:40:48', 25, NULL, 0),
(906, 258, '2017', '27/07/2017', 4, 4, 66, '19800.00', 2, '0000-00-00 00:00:00', 0, '2017-07-27 11:05:02', 4, '2017-07-28 06:39:48', 25, NULL, 0),
(907, 259, '2017', '27/07/2017', 4, 4, 63, '19800.00', 2, '0000-00-00 00:00:00', 0, '2017-07-27 11:05:59', 4, '2017-07-28 06:38:17', 25, NULL, 0),
(908, 260, '2017', '27/07/2017', 4, 4, 146, '43700.00', 2, '0000-00-00 00:00:00', 0, '2017-07-27 11:08:21', 4, '2017-07-28 06:37:19', 25, NULL, 0),
(909, 261, '2017', '27/07/2017', 4, 4, 5, '29500.00', 2, '0000-00-00 00:00:00', 0, '2017-07-27 11:09:04', 4, '2017-07-28 06:35:06', 25, NULL, 0),
(910, 262, '2017', '27/07/2017', 4, 4, 6, '29500.00', 2, '0000-00-00 00:00:00', 0, '2017-07-27 11:10:34', 4, '2017-07-28 06:34:05', 25, NULL, 0),
(911, 263, '2017', '27/07/2017', 4, 4, 5, '29500.00', 2, '0000-00-00 00:00:00', 0, '2017-07-27 11:11:51', 4, '2017-07-28 06:33:14', 25, NULL, 0),
(912, 264, '2017', '27/07/2017', 4, 4, 150, '46200.00', 2, '0000-00-00 00:00:00', 0, '2017-07-27 11:13:16', 4, '2017-07-28 06:32:20', 25, NULL, 0),
(913, 265, '2017', '27/07/2017', 4, 4, 10, '2050.00', 2, '0000-00-00 00:00:00', 0, '2017-07-27 11:14:42', 4, '2017-07-28 06:31:15', 25, NULL, 0),
(914, 266, '2017', '27/07/2017', 4, 4, 30, '19103.40', 2, '0000-00-00 00:00:00', 0, '2017-07-27 11:15:35', 4, '2017-07-28 06:45:50', 25, NULL, 0),
(915, 267, '2017', '22/08/2017', 5, 4, 287, '453000.00', 2, '0000-00-00 00:00:00', 0, '2017-08-22 08:44:47', 4, '2017-08-28 06:30:15', 25, NULL, 0),
(916, 268, '2017', '22/08/2017', 5, 4, 270, '552000.00', 2, '0000-00-00 00:00:00', 0, '2017-08-22 09:01:51', 4, '2017-08-28 06:29:04', 25, NULL, 0),
(917, 269, '2017', '22/08/2017', 5, 4, 12, '117600.00', 2, '0000-00-00 00:00:00', 0, '2017-08-22 09:02:50', 4, '2017-08-28 06:27:16', 25, NULL, 0),
(918, 270, '2017', '22/08/2017', 5, 4, 70, '225600.00', 2, '0000-00-00 00:00:00', 0, '2017-08-22 09:04:37', 4, '2017-08-28 06:25:49', 25, NULL, 0),
(919, 271, '2017', '22/08/2017', 5, 4, 11, '12100.00', 2, '0000-00-00 00:00:00', 0, '2017-08-22 09:06:35', 4, '2017-08-28 06:22:07', 25, NULL, 0),
(920, 272, '2017', '22/08/2017', 43, 4, 93, '6428.80', 2, '0000-00-00 00:00:00', 0, '2017-08-22 09:16:28', 4, '2017-08-22 14:46:47', 25, NULL, 0),
(921, 273, '2017', '22/08/2017', 5, 4, 12, '117600.00', 2, '0000-00-00 00:00:00', 0, '2017-08-22 09:17:19', 4, '2017-08-22 14:45:51', 25, NULL, 0),
(922, 274, '2017', '22/08/2017', 5, 4, 77, '39125.00', 2, '0000-00-00 00:00:00', 0, '2017-08-22 09:18:48', 4, '2017-08-22 14:44:37', 25, NULL, 0),
(923, 275, '2017', '22/08/2017', 5, 4, 60, '32448.00', 2, '0000-00-00 00:00:00', 0, '2017-08-22 09:19:48', 4, '2017-08-22 14:43:34', 25, NULL, 0),
(924, 276, '2017', '22/08/2017', 5, 4, 120, '264000.00', 2, '0000-00-00 00:00:00', 0, '2017-08-22 09:22:38', 4, '2017-08-22 14:33:47', 25, NULL, 0),
(925, 277, '2017', '22/08/2017', 5, 4, 48, '180000.00', 2, '0000-00-00 00:00:00', 0, '2017-08-22 10:11:30', 4, '2017-08-22 14:32:10', 25, NULL, 0),
(926, 278, '2017', '22/08/2017', 5, 4, 22, '45600.00', 2, '0000-00-00 00:00:00', 0, '2017-08-22 13:57:30', 4, '2017-08-22 14:02:18', 25, NULL, 0),
(927, 279, '2017', '22/08/2017', 5, 4, 90, '216000.00', 2, '0000-00-00 00:00:00', 0, '2017-08-22 10:13:11', 4, '2017-08-22 12:58:47', 25, NULL, 0),
(928, 280, '2017', '22/08/2017', 5, 4, 39, '57000.00', 2, '0000-00-00 00:00:00', 0, '2017-08-22 10:14:07', 4, '2017-08-22 12:54:06', 25, NULL, 0),
(929, 281, '2017', '22/08/2017', 5, 4, 20, '4000.00', 2, '0000-00-00 00:00:00', 0, '2017-08-22 10:20:13', 4, '2017-08-22 12:51:54', 25, NULL, 0),
(930, 282, '2017', '22/08/2017', 5, 4, 135, '55230.00', 2, '0000-00-00 00:00:00', 0, '2017-08-22 10:27:51', 4, '2017-08-22 12:50:00', 25, NULL, 0),
(931, 283, '2017', '22/08/2017', 5, 4, 71, '309700.00', 2, '0000-00-00 00:00:00', 0, '2017-08-22 10:44:33', 4, '2017-08-22 12:48:37', 25, NULL, 0),
(932, 284, '2017', '22/08/2017', 5, 4, 155, '311000.00', 2, '0000-00-00 00:00:00', 0, '2017-08-22 10:46:24', 4, '2017-08-22 12:47:19', 25, NULL, 0),
(933, 285, '2017', '22/08/2017', 5, 4, 65, '250900.00', 2, '0000-00-00 00:00:00', 0, '2017-08-22 10:48:14', 4, '2017-08-22 12:46:02', 25, NULL, 0),
(934, 286, '2017', '22/08/2017', 5, 4, 20, '28000.00', 2, '0000-00-00 00:00:00', 0, '2017-08-22 10:51:05', 4, '2017-08-22 12:44:46', 25, NULL, 0),
(935, 287, '2017', '22/08/2017', 5, 4, 172, '364000.00', 2, '0000-00-00 00:00:00', 0, '2017-08-22 11:05:30', 4, '2017-08-22 12:43:31', 25, NULL, 0),
(936, 288, '2017', '22/08/2017', 5, 4, 60, '50000.00', 2, '0000-00-00 00:00:00', 0, '2017-08-22 11:17:22', 4, '2017-08-22 12:23:12', 25, NULL, 0),
(937, 289, '2017', '22/08/2017', 5, 4, 104, '388800.00', 2, '0000-00-00 00:00:00', 0, '2017-08-22 11:40:37', 4, '2017-08-22 12:21:52', 25, NULL, 0),
(938, 290, '2017', '22/08/2017', 5, 4, 40, '3600.00', 2, '0000-00-00 00:00:00', 0, '2017-08-22 11:41:23', 4, '2017-08-22 12:20:33', 25, NULL, 0),
(939, 291, '2017', '22/08/2017', 43, 4, 75, '3234.00', 2, '0000-00-00 00:00:00', 0, '2017-08-22 11:42:37', 4, '2017-08-22 12:11:23', 25, NULL, 0),
(940, 292, '2017', '22/08/2017', 5, 4, 150, '360000.00', 2, '0000-00-00 00:00:00', 0, '2017-08-22 11:43:43', 4, '2017-08-22 12:09:44', 25, NULL, 0),
(941, 293, '2017', '22/08/2017', 5, 4, 205, '85685.00', 2, '0000-00-00 00:00:00', 0, '2017-08-22 11:45:38', 4, '2017-08-22 12:07:41', 25, NULL, 0),
(942, 294, '2017', '22/08/2017', 5, 4, 386, '701500.00', 2, '0000-00-00 00:00:00', 0, '2017-08-22 11:53:05', 4, '2017-08-22 12:05:09', 25, NULL, 0),
(943, 295, '2017', '22/08/2017', 5, 4, 23, '129700.00', 2, '0000-00-00 00:00:00', 0, '2017-08-22 11:54:48', 4, '2017-08-22 12:03:03', 25, NULL, 0),
(944, 296, '2017', '22/08/2017', 5, 4, 116, '361200.00', 2, '0000-00-00 00:00:00', 0, '2017-08-22 12:01:11', 4, '2017-08-22 12:01:32', 25, NULL, 0),
(945, 297, '2017', '22/08/2017', 5, 4, 12, '117600.00', 2, '0000-00-00 00:00:00', 0, '2017-08-22 11:58:26', 4, '2017-08-22 11:58:48', 25, NULL, 0),
(946, 298, '2017', '25/09/2017', 5, 4, 11, '12100.00', 2, '0000-00-00 00:00:00', 0, '2017-09-25 12:49:28', 4, '2017-09-25 14:29:12', 25, NULL, 0),
(947, 299, '2017', '25/09/2017', 5, 4, 33, '57700.00', 2, '0000-00-00 00:00:00', 0, '2017-09-25 12:51:32', 4, '2017-09-26 07:14:49', 25, NULL, 0),
(948, 300, '2017', '25/09/2017', 5, 4, 18, '176400.00', 2, '0000-00-00 00:00:00', 0, '2017-09-25 12:52:46', 4, '2017-09-26 07:13:52', 25, NULL, 0),
(949, 301, '2017', '25/09/2017', 5, 4, 2, '1064.00', 2, '0000-00-00 00:00:00', 0, '2017-09-25 12:54:04', 4, '2017-09-26 07:12:59', 25, NULL, 0),
(950, 302, '2017', '25/09/2017', 5, 4, 2, '9854.00', 2, '0000-00-00 00:00:00', 0, '2017-09-25 12:55:50', 4, '2017-09-26 07:12:04', 25, NULL, 0),
(951, 303, '2017', '25/09/2017', 5, 4, 276, '496000.00', 2, '0000-00-00 00:00:00', 0, '2017-09-25 13:15:12', 4, '2017-09-26 07:10:58', 25, NULL, 0),
(952, 304, '2017', '25/09/2017', 5, 4, 20, '4000.00', 2, '0000-00-00 00:00:00', 0, '2017-09-25 13:22:25', 4, '2017-09-26 07:10:03', 25, NULL, 0),
(953, 305, '2017', '25/09/2017', 5, 4, 44, '91200.00', 2, '0000-00-00 00:00:00', 0, '2017-09-25 13:24:35', 4, '2017-09-26 07:09:11', 25, NULL, 0),
(954, 306, '2017', '25/09/2017', 5, 4, 150, '174000.00', 2, '0000-00-00 00:00:00', 0, '2017-09-25 13:26:07', 4, '2017-09-26 07:08:09', 25, NULL, 0),
(955, 307, '2017', '25/09/2017', 43, 4, 18, '3194.80', 2, '0000-00-00 00:00:00', 0, '2017-09-25 13:29:37', 4, '2017-09-26 07:06:41', 25, NULL, 0),
(956, 308, '2017', '25/09/2017', 5, 4, 100, '116000.00', 2, '0000-00-00 00:00:00', 0, '2017-09-25 13:31:03', 4, '2017-09-26 07:05:44', 25, NULL, 0),
(957, 309, '2017', '25/09/2017', 5, 4, 52, '76000.00', 2, '0000-00-00 00:00:00', 0, '2017-09-25 13:32:07', 4, '2017-09-26 07:01:32', 25, NULL, 0),
(958, 310, '2017', '25/09/2017', 5, 4, 5, '10325.00', 2, '0000-00-00 00:00:00', 0, '2017-09-25 13:32:42', 4, '2017-09-26 07:00:37', 25, NULL, 0),
(959, 311, '2017', '25/09/2017', 5, 4, 44, '15064.00', 2, '0000-00-00 00:00:00', 0, '2017-09-25 13:35:15', 4, '2017-09-26 06:48:33', 25, NULL, 0),
(960, 312, '2017', '25/09/2017', 5, 4, 54, '238800.00', 2, '0000-00-00 00:00:00', 0, '2017-09-25 13:37:15', 4, '2017-09-26 06:47:36', 25, NULL, 0),
(961, 313, '2017', '25/09/2017', 5, 4, 44, '91200.00', 2, '0000-00-00 00:00:00', 0, '2017-09-25 13:38:08', 4, '2017-09-26 06:46:39', 25, NULL, 0),
(962, 314, '2017', '25/09/2017', 5, 4, 322, '538000.00', 2, '0000-00-00 00:00:00', 0, '2017-09-25 13:49:26', 4, '2017-09-26 06:45:05', 25, NULL, 0),
(963, 315, '2017', '25/09/2017', 5, 4, 200, '75360.00', 2, '0000-00-00 00:00:00', 0, '2017-09-25 13:50:42', 4, '2017-09-26 06:42:42', 25, NULL, 0),
(964, 316, '2017', '25/09/2017', 43, 4, 75, '3234.00', 2, '0000-00-00 00:00:00', 0, '2017-09-25 13:51:51', 4, '2017-09-26 06:41:32', 25, NULL, 0),
(965, 317, '2017', '25/09/2017', 5, 4, 92, '271200.00', 2, '0000-00-00 00:00:00', 0, '2017-09-25 13:54:32', 4, '2017-09-26 06:40:32', 25, NULL, 0),
(966, 318, '2017', '25/09/2017', 5, 4, 22, '24200.00', 2, '0000-00-00 00:00:00', 0, '2017-09-25 13:55:25', 4, '2017-09-26 06:38:08', 25, NULL, 0),
(967, 319, '2017', '25/09/2017', 5, 4, 12, '117600.00', 2, '0000-00-00 00:00:00', 0, '2017-09-25 13:56:15', 4, '2017-09-26 06:37:07', 25, NULL, 0),
(968, 320, '2017', '25/09/2017', 5, 4, 161, '157000.00', 2, '0000-00-00 00:00:00', 0, '2017-09-25 13:59:42', 4, '2017-09-26 06:36:07', 25, NULL, 0),
(970, 321, '2017', '25/09/2017', 5, 4, 80, '43264.00', 2, '0000-00-00 00:00:00', 0, '2017-09-25 14:01:03', 4, '2017-09-26 06:34:57', 25, NULL, 0),
(971, 322, '2017', '25/09/2017', 5, 4, 20, '28000.00', 2, '0000-00-00 00:00:00', 0, '2017-09-25 14:02:12', 4, '2017-09-26 06:33:51', 25, NULL, 0),
(972, 323, '2017', '25/09/2017', 8, 4, 10, '1400.00', 2, '0000-00-00 00:00:00', 0, '2017-09-25 14:03:46', 4, '2017-09-26 06:32:47', 25, NULL, 0),
(974, 325, '2017', '25/09/2017', 5, 4, 15, '4320.00', 2, '0000-00-00 00:00:00', 0, '2017-09-25 14:06:43', 4, '2017-09-26 06:28:48', 25, NULL, 0),
(975, 326, '2017', '25/09/2017', 5, 4, 98, '330000.00', 2, '0000-00-00 00:00:00', 0, '2017-09-25 14:09:29', 4, '2017-09-26 06:27:47', 25, NULL, 0),
(976, 327, '2017', '25/09/2017', 5, 4, 60, '144000.00', 2, '0000-00-00 00:00:00', 0, '2017-09-25 14:11:04', 4, '2017-09-26 06:26:40', 25, NULL, 0),
(977, 328, '2017', '25/09/2017', 5, 4, 22, '24200.00', 2, '0000-00-00 00:00:00', 0, '2017-09-25 14:12:37', 4, '2017-09-26 06:25:43', 25, NULL, 0),
(978, 329, '2017', '25/09/2017', 43, 4, 18, '3194.80', 2, '0000-00-00 00:00:00', 0, '2017-09-25 14:14:05', 4, '2017-09-26 06:24:15', 25, NULL, 0),
(980, 330, '2017', '25/09/2017', 5, 4, 137, '59645.00', 2, '0000-00-00 00:00:00', 0, '2017-09-25 14:18:22', 4, '2017-09-26 06:23:06', 25, NULL, 0),
(981, 331, '2017', '25/09/2017', 5, 4, 40, '8000.00', 2, '0000-00-00 00:00:00', 0, '2017-09-25 14:20:07', 4, '2017-09-26 06:21:46', 25, NULL, 0),
(982, 332, '2017', '25/09/2017', 5, 4, 176, '212000.00', 2, '0000-00-00 00:00:00', 0, '2017-09-25 14:22:02', 4, '2017-09-26 06:20:02', 25, NULL, 0),
(983, 333, '2017', '25/09/2017', 5, 4, 120, '288000.00', 2, '0000-00-00 00:00:00', 0, '2017-09-25 14:23:09', 4, '2017-09-25 14:40:46', 25, NULL, 0),
(984, 334, '2017', '25/09/2017', 5, 4, 12, '117600.00', 2, '0000-00-00 00:00:00', 0, '2017-09-25 14:24:00', 4, '2017-09-25 14:39:41', 25, NULL, 0),
(985, 335, '2017', '25/09/2017', 5, 4, 78, '254400.00', 2, '0000-00-00 00:00:00', 0, '2017-09-25 14:25:21', 4, '2017-09-25 14:38:18', 25, NULL, 0),
(986, 336, '2017', '25/09/2017', 5, 4, 48, '180000.00', 2, '0000-00-00 00:00:00', 0, '2017-09-25 14:26:12', 4, '2017-09-25 14:36:58', 25, NULL, 0),
(987, 337, '2017', '25/09/2017', 5, 4, 251, '471500.00', 2, '0000-00-00 00:00:00', 0, '2017-09-25 14:28:10', 4, '2017-09-25 14:31:31', 25, NULL, 0),
(988, 338, '2017', '19/10/2017', 5, 4, 312, '297000.00', 2, '0000-00-00 00:00:00', 0, '2017-10-19 06:28:17', 4, '2017-10-19 10:00:31', 25, NULL, 0),
(989, 339, '2017', '19/10/2017', 5, 4, 110, '447600.00', 2, '0000-00-00 00:00:00', 0, '2017-10-19 06:37:16', 4, '2017-10-19 09:59:06', 25, NULL, 0),
(991, 340, '2017', '19/10/2017', 5, 4, 80, '27360.00', 2, '0000-00-00 00:00:00', 0, '2017-10-19 06:39:11', 4, '2017-10-19 09:58:08', 25, NULL, 0),
(992, 341, '2017', '19/10/2017', 5, 4, 11, '5200.00', 2, '0000-00-00 00:00:00', 0, '2017-10-19 10:02:24', 4, '2017-10-19 10:04:51', 25, NULL, 0),
(993, 342, '2017', '19/10/2017', 5, 4, 284, '584000.00', 2, '0000-00-00 00:00:00', 0, '2017-10-19 07:07:13', 4, '2017-10-19 09:56:01', 25, NULL, 0),
(994, 343, '2017', '19/10/2017', 5, 4, 12, '117600.00', 2, '0000-00-00 00:00:00', 0, '2017-10-19 07:08:20', 4, '2017-10-19 09:54:45', 25, NULL, 0),
(995, 344, '2017', '19/10/2017', 5, 4, 228, '474000.00', 2, '0000-00-00 00:00:00', 0, '2017-10-19 07:09:57', 4, '2017-10-19 09:53:31', 25, NULL, 0),
(996, 345, '2017', '19/10/2017', 5, 4, 240, '482000.00', 2, '0000-00-00 00:00:00', 0, '2017-10-19 07:11:17', 4, '2017-10-19 09:51:59', 25, NULL, 0),
(998, 347, '2017', '19/10/2017', 5, 4, 55, '103300.00', 2, '0000-00-00 00:00:00', 0, '2017-10-19 07:13:39', 4, '2017-10-19 09:47:00', 25, NULL, 0),
(999, 348, '2017', '19/10/2017', 5, 4, 65, '34325.00', 2, '0000-00-00 00:00:00', 0, '2017-10-19 07:15:17', 4, '2017-10-19 09:45:53', 25, NULL, 0),
(1000, 349, '2017', '19/10/2017', 5, 4, 3, '14781.00', 2, '0000-00-00 00:00:00', 0, '2017-10-19 07:19:59', 4, '2017-10-19 09:44:48', 25, NULL, 0),
(1003, 350, '2017', '19/10/2017', 43, 4, 77, '3459.40', 2, '0000-00-00 00:00:00', 0, '2017-10-19 07:36:02', 4, '2017-10-19 09:40:32', 25, NULL, 0),
(1004, 351, '2017', '19/10/2017', 5, 4, 2, '2000.00', 2, '0000-00-00 00:00:00', 0, '2017-10-19 07:38:23', 4, '2017-10-19 09:39:34', 25, NULL, 0),
(1005, 352, '2017', '19/10/2017', 5, 4, 150, '360000.00', 2, '0000-00-00 00:00:00', 0, '2017-10-19 08:01:03', 4, '2017-10-19 09:38:24', 25, NULL, 0),
(1006, 353, '2017', '19/10/2017', 5, 4, 56, '208800.00', 2, '0000-00-00 00:00:00', 0, '2017-10-19 08:02:28', 4, '2017-10-19 09:36:59', 25, NULL, 0),
(1007, 354, '2017', '19/10/2017', 5, 4, 126, '136000.00', 2, '0000-00-00 00:00:00', 0, '2017-10-19 08:04:23', 4, '2017-10-19 09:35:38', 25, NULL, 0),
(1008, 355, '2017', '19/10/2017', 5, 4, 210, '410000.00', 2, '0000-00-00 00:00:00', 0, '2017-10-19 10:03:02', 4, '2017-10-19 10:03:48', 25, NULL, 0),
(1009, 356, '2017', '19/10/2017', 5, 4, 100, '71264.00', 2, '0000-00-00 00:00:00', 0, '2017-10-19 08:11:59', 4, '2017-10-19 09:34:05', 25, NULL, 0),
(1010, 357, '2017', '19/10/2017', 43, 4, 30, '6000.00', 2, '0000-00-00 00:00:00', 0, '2017-10-19 08:14:55', 4, '2017-10-19 09:32:53', 25, NULL, 0),
(1011, 358, '2017', '19/10/2017', 5, 4, 114, '52110.00', 2, '0000-00-00 00:00:00', 0, '2017-10-19 08:16:36', 4, '2017-10-19 09:31:34', 25, NULL, 0),
(1012, 359, '2017', '19/10/2017', 43, 4, 18, '3194.80', 2, '0000-00-00 00:00:00', 0, '2017-10-19 08:18:40', 4, '2017-10-19 09:29:13', 25, NULL, 0),
(1013, 360, '2017', '19/10/2017', 5, 4, 12, '117600.00', 2, '0000-00-00 00:00:00', 0, '2017-10-19 08:20:02', 4, '2017-10-19 09:48:16', 25, NULL, 0),
(1014, 361, '2017', '19/10/2017', 5, 4, 339, '564000.00', 2, '0000-00-00 00:00:00', 0, '2017-10-19 08:24:50', 4, '2017-10-19 09:30:22', 25, NULL, 0),
(1015, 362, '2017', '19/10/2017', 8, 4, 10, '1400.00', 2, '0000-00-00 00:00:00', 0, '2017-10-19 08:25:58', 4, '2017-10-19 09:28:09', 25, NULL, 0),
(1016, 363, '2017', '19/10/2017', 5, 4, 44, '91200.00', 2, '0000-00-00 00:00:00', 0, '2017-10-19 08:27:10', 4, '2017-10-19 09:27:07', 25, NULL, 0),
(1019, 366, '2017', '19/10/2017', 5, 4, 10, '117600.00', 2, '0000-00-00 00:00:00', 0, '2017-10-19 09:23:24', 4, '2017-10-19 09:24:43', 25, NULL, 0),
(1020, 367, '2017', '19/10/2017', 5, 4, 60, '297600.00', 2, '0000-00-00 00:00:00', 0, '2017-10-19 08:44:13', 4, '2017-10-19 09:20:37', 25, NULL, 0),
(1021, 368, '2017', '19/10/2017', 5, 4, 22, '24200.00', 2, '0000-00-00 00:00:00', 0, '2017-10-19 08:45:08', 4, '2017-10-19 09:19:24', 25, NULL, 0),
(1022, 369, '2017', '19/10/2017', 5, 4, 44, '91200.00', 2, '0000-00-00 00:00:00', 0, '2017-10-19 08:46:19', 4, '2017-10-19 09:18:27', 25, NULL, 0),
(1023, 370, '2017', '19/10/2017', 5, 4, 292, '580000.00', 2, '0000-00-00 00:00:00', 0, '2017-10-19 08:48:22', 4, '2017-10-19 09:17:05', 25, NULL, 0),
(1024, 371, '2017', '19/10/2017', 5, 4, 101, '48725.00', 2, '0000-00-00 00:00:00', 0, '2017-10-19 08:49:26', 4, '2017-10-19 09:14:07', 25, NULL, 0),
(1025, 372, '2017', '19/10/2017', 5, 4, 12, '117600.00', 2, '0000-00-00 00:00:00', 0, '2017-10-19 08:50:17', 4, '2017-10-19 09:12:23', 25, NULL, 0),
(1026, 373, '2017', '19/10/2017', 43, 4, 75, '3234.00', 2, '0000-00-00 00:00:00', 0, '2017-10-19 08:51:05', 4, '2017-10-19 08:53:38', 25, NULL, 0),
(1027, 374, '2017', '16/11/2017', 43, 4, 93, '6428.80', 2, '0000-00-00 00:00:00', 0, '2017-11-16 11:13:53', 4, '2017-11-20 14:06:02', 25, NULL, 0),
(1028, 375, '2017', '16/11/2017', 5, 4, 55, '103300.00', 2, '0000-00-00 00:00:00', 0, '2017-11-16 12:01:20', 4, '2017-11-20 14:04:37', 25, NULL, 0),
(1029, 376, '2017', '16/11/2017', 5, 4, 180, '432000.00', 2, '0000-00-00 00:00:00', 0, '2017-11-16 12:38:58', 4, '2017-11-20 14:03:06', 25, NULL, 0),
(1031, 377, '2017', '16/11/2017', 5, 4, 115, '400900.00', 2, '0000-00-00 00:00:00', 0, '2017-11-16 12:45:04', 4, '2017-11-20 14:01:03', 25, NULL, 0),
(1032, 378, '2017', '17/11/2017', 5, 4, 50, '23050.00', 2, '0000-00-00 00:00:00', 0, '2017-11-17 10:53:30', 4, '2017-11-20 13:58:29', 25, NULL, 0),
(1033, 379, '2017', '17/11/2017', 5, 4, 120, '48000.00', 2, '0000-00-00 00:00:00', 0, '2017-11-17 10:55:30', 4, '2017-11-20 13:57:39', 25, NULL, 0),
(1034, 380, '2017', '17/11/2017', 5, 4, 50, '4500.00', 2, '0000-00-00 00:00:00', 0, '2017-11-17 11:01:29', 4, '2017-11-20 13:56:37', 25, NULL, 0),
(1035, 381, '2017', '17/11/2017', 5, 4, 11, '12100.00', 2, '0000-00-00 00:00:00', 0, '2017-11-17 11:03:27', 4, '2017-11-20 13:55:36', 25, NULL, 0),
(1036, 382, '2017', '17/11/2017', 5, 4, 50, '10000.00', 2, '0000-00-00 00:00:00', 0, '2017-11-17 11:04:11', 4, '2017-11-20 13:54:33', 25, NULL, 0),
(1037, 383, '2017', '17/11/2017', 5, 4, 104, '388800.00', 2, '0000-00-00 00:00:00', 0, '2017-11-17 11:17:24', 4, '2017-11-20 13:53:24', 25, NULL, 0),
(1038, 384, '2017', '20/11/2017', 5, 4, 100, '54080.00', 2, '0000-00-00 00:00:00', 0, '2017-11-20 10:04:46', 4, '2017-11-20 13:50:16', 25, NULL, 0),
(1039, 385, '2017', '20/11/2017', 5, 4, 5, '10325.00', 2, '0000-00-00 00:00:00', 0, '2017-11-20 10:12:41', 4, '2017-11-20 13:49:10', 25, NULL, 0),
(1040, 386, '2017', '20/11/2017', 5, 4, 5, '10325.00', 2, '0000-00-00 00:00:00', 0, '2017-11-20 10:13:58', 4, '2017-11-20 13:48:05', 25, NULL, 0),
(1041, 387, '2017', '20/11/2017', 5, 4, 12, '117600.00', 2, '0000-00-00 00:00:00', 0, '2017-11-20 10:36:13', 4, '2017-11-20 13:46:54', 25, NULL, 0),
(1042, 388, '2017', '20/11/2017', 5, 4, 498, '759000.00', 2, '0000-00-00 00:00:00', 0, '2017-11-20 10:40:31', 4, '2017-11-20 13:45:48', 25, NULL, 0),
(1043, 389, '2017', '20/11/2017', 5, 4, 58, '253200.00', 2, '0000-00-00 00:00:00', 0, '2017-11-20 11:00:51', 4, '2017-11-20 13:44:48', 25, NULL, 0),
(1044, 390, '2017', '20/11/2017', 5, 4, 420, '750000.00', 2, '0000-00-00 00:00:00', 0, '2017-11-20 11:03:35', 4, '2017-11-20 13:43:44', 25, NULL, 0),
(1045, 391, '2017', '20/11/2017', 5, 4, 20, '1040.00', 2, '0000-00-00 00:00:00', 0, '2017-11-20 11:06:45', 4, '2017-11-20 13:42:39', 25, NULL, 0),
(1046, 392, '2017', '20/11/2017', 5, 4, 225, '92525.00', 2, '0000-00-00 00:00:00', 0, '2017-11-20 11:10:07', 4, '2017-11-20 13:41:10', 25, NULL, 0),
(1047, 393, '2017', '20/11/2017', 5, 4, 40, '8000.00', 2, '0000-00-00 00:00:00', 0, '2017-11-20 11:16:16', 4, '2017-11-20 13:40:09', 25, NULL, 0),
(1048, 394, '2017', '20/11/2017', 5, 4, 28, '104400.00', 2, '0000-00-00 00:00:00', 0, '2017-11-20 11:17:29', 4, '2017-11-20 13:39:07', 25, NULL, 0),
(1049, 395, '2017', '20/11/2017', 5, 4, 22, '45600.00', 2, '0000-00-00 00:00:00', 0, '2017-11-20 11:48:21', 4, '2017-11-20 13:38:04', 25, NULL, 0),
(1050, 396, '2017', '20/11/2017', 5, 4, 74, '240000.00', 2, '0000-00-00 00:00:00', 0, '2017-11-20 11:50:10', 4, '2017-11-20 13:32:48', 25, NULL, 0),
(1051, 397, '2017', '20/11/2017', 5, 4, 93, '6428.80', 2, '0000-00-00 00:00:00', 0, '2017-11-20 11:53:11', 4, '2017-11-20 13:31:34', 25, NULL, 0),
(1052, 398, '2017', '20/11/2017', 5, 4, 48, '180000.00', 2, '0000-00-00 00:00:00', 0, '2017-11-20 11:56:33', 4, '2017-11-20 13:04:56', 25, NULL, 0),
(1053, 399, '2017', '20/11/2017', 5, 4, 330, '606000.00', 2, '0000-00-00 00:00:00', 0, '2017-11-20 12:02:05', 4, '2017-11-20 12:46:38', 25, NULL, 0),
(1054, 400, '2017', '20/11/2017', 5, 4, 100, '54080.00', 2, '0000-00-00 00:00:00', 0, '2017-11-20 12:03:04', 4, '2017-11-20 12:40:49', 25, NULL, 0),
(1055, 401, '2017', '20/11/2017', 5, 4, 5, '10325.00', 2, '0000-00-00 00:00:00', 0, '2017-11-20 12:05:03', 4, '2017-11-20 12:39:37', 25, NULL, 0),
(1056, 402, '2017', '20/11/2017', 5, 4, 82, '343200.00', 2, '0000-00-00 00:00:00', 0, '2017-11-20 12:10:43', 4, '2017-11-20 12:35:54', 25, NULL, 0),
(1057, 403, '2017', '20/11/2017', 5, 4, 60, '297600.00', 2, '0000-00-00 00:00:00', 0, '2017-11-20 12:17:33', 4, '2017-11-20 12:34:01', 25, NULL, 0),
(1058, 404, '2017', '20/11/2017', 5, 4, 33, '57700.00', 2, '0000-00-00 00:00:00', 0, '2017-11-20 12:18:52', 4, '2017-11-20 12:32:32', 25, NULL, 0),
(1059, 405, '2017', '20/11/2017', 5, 4, 1, '4927.00', 2, '0000-00-00 00:00:00', 0, '2017-11-20 12:19:50', 4, '2017-11-20 12:30:42', 25, NULL, 0),
(1060, 406, '2017', '20/11/2017', 5, 4, 50, '10000.00', 2, '0000-00-00 00:00:00', 0, '2017-11-20 12:22:30', 4, '2017-11-20 12:29:14', 25, NULL, 0),
(1061, 407, '2017', '20/11/2017', 5, 4, 30, '39000.00', 2, '0000-00-00 00:00:00', 0, '2017-11-20 12:24:15', 4, '2017-11-20 12:28:07', 25, NULL, 0),
(1062, 408, '2017', '20/11/2017', 5, 4, 180, '432000.00', 2, '0000-00-00 00:00:00', 0, '2017-11-20 12:25:15', 4, '2017-11-20 12:25:57', 25, NULL, 0),
(1063, 409, '2017', '20/11/2017', 5, 4, 100, '54080.00', 2, '0000-00-00 00:00:00', 0, '2017-11-20 12:44:09', 4, '2017-11-20 12:44:30', 25, NULL, 0),
(1064, 410, '2017', '20/11/2017', 46, 4, 20, '17831.80', 2, '0000-00-00 00:00:00', 0, '2017-11-20 14:08:36', 4, '2017-11-20 14:09:02', 25, NULL, 0),
(1068, 413, '2017', '14/12/2017', 5, 4, 98, '330000.00', 2, '0000-00-00 00:00:00', 0, '2017-12-14 09:46:04', 4, '2017-12-14 12:47:35', 25, NULL, 0),
(1070, 414, '2017', '14/12/2017', 5, 4, 22, '45600.00', 2, '0000-00-00 00:00:00', 0, '2017-12-14 09:50:30', 4, '2017-12-14 12:46:42', 25, NULL, 0),
(1072, 416, '2017', '14/12/2017', 5, 4, 11, '12100.00', 2, '0000-00-00 00:00:00', 0, '2017-12-14 09:52:42', 4, '2017-12-14 12:44:37', 25, NULL, 0),
(1073, 417, '2017', '14/12/2017', 5, 4, 175, '75425.00', 2, '0000-00-00 00:00:00', 0, '2017-12-14 09:53:55', 4, '2017-12-14 12:43:42', 25, NULL, 0),
(1074, 418, '2017', '14/12/2017', 5, 4, 120, '91000.00', 2, '0000-00-00 00:00:00', 0, '2017-12-14 09:58:14', 4, '2017-12-14 12:42:47', 25, NULL, 0),
(1075, 419, '2017', '14/12/2017', 5, 4, 228, '474000.00', 2, '0000-00-00 00:00:00', 0, '2017-12-14 10:04:59', 4, '2017-12-14 12:41:52', 25, NULL, 0),
(1076, 420, '2017', '14/12/2017', 43, 4, 93, '6428.80', 2, '0000-00-00 00:00:00', 0, '2017-12-14 10:07:07', 4, '2017-12-14 12:39:22', 25, NULL, 0),
(1077, 421, '2017', '14/12/2017', 5, 4, 45, '175300.00', 2, '0000-00-00 00:00:00', 0, '2017-12-14 10:10:22', 4, '2017-12-14 12:38:14', 25, NULL, 0),
(1078, 422, '2017', '14/12/2017', 5, 4, 22, '45600.00', 2, '0000-00-00 00:00:00', 0, '2017-12-14 10:11:53', 4, '2017-12-14 12:36:54', 25, NULL, 0),
(1079, 423, '2017', '14/12/2017', 5, 4, 45, '175300.00', 2, '0000-00-00 00:00:00', 0, '2017-12-14 10:20:30', 4, '2017-12-14 12:35:50', 25, NULL, 0),
(1080, 424, '2017', '14/12/2017', 5, 4, 254, '512000.00', 2, '0000-00-00 00:00:00', 0, '2017-12-14 10:22:16', 4, '2017-12-14 12:34:51', 25, NULL, 0),
(1081, 425, '2017', '14/12/2017', 5, 4, 120, '48000.00', 2, '0000-00-00 00:00:00', 0, '2017-12-14 10:23:31', 4, '2017-12-14 12:33:50', 25, NULL, 0),
(1082, 426, '2017', '14/12/2017', 5, 4, 384, '597000.00', 2, '0000-00-00 00:00:00', 0, '2017-12-14 10:36:35', 4, '2017-12-14 12:32:51', 25, NULL, 0),
(1083, 427, '2017', '14/12/2017', 5, 4, 22, '45600.00', 2, '0000-00-00 00:00:00', 0, '2017-12-14 10:37:38', 4, '2017-12-14 12:31:57', 25, NULL, 0),
(1084, 428, '2017', '14/12/2017', 5, 4, 12, '117600.00', 2, '0000-00-00 00:00:00', 0, '2017-12-14 10:38:32', 4, '2017-12-14 12:30:55', 25, NULL, 0),
(1085, 429, '2017', '14/12/2017', 5, 4, 33, '57700.00', 2, '0000-00-00 00:00:00', 0, '2017-12-14 10:39:53', 4, '2017-12-14 12:29:54', 25, NULL, 0),
(1086, 430, '2017', '14/12/2017', 5, 4, 61, '33031.00', 2, '0000-00-00 00:00:00', 0, '2017-12-14 10:42:30', 4, '2017-12-14 12:28:47', 25, NULL, 0),
(1087, 431, '2017', '14/12/2017', 5, 4, 5, '10325.00', 2, '0000-00-00 00:00:00', 0, '2017-12-14 10:44:29', 4, '2017-12-14 12:27:44', 25, NULL, 0),
(1088, 432, '2017', '14/12/2017', 5, 4, 104, '152000.00', 2, '0000-00-00 00:00:00', 0, '2017-12-14 10:45:28', 4, '2017-12-14 12:14:25', 25, NULL, 0),
(1089, 433, '2017', '14/12/2017', 5, 4, 245, '292000.00', 2, '0000-00-00 00:00:00', 0, '2017-12-14 10:48:19', 4, '2017-12-14 12:13:24', 25, NULL, 0),
(1090, 434, '2017', '14/12/2017', 5, 4, 98, '330000.00', 2, '0000-00-00 00:00:00', 0, '2017-12-14 10:50:19', 4, '2017-12-14 12:11:41', 25, NULL, 0),
(1091, 435, '2017', '14/12/2017', 5, 4, 5, '10325.00', 2, '0000-00-00 00:00:00', 0, '2017-12-14 10:52:36', 4, '2017-12-14 12:09:15', 25, NULL, 0),
(1092, 436, '2017', '14/12/2017', 5, 4, 50, '17830.00', 2, '0000-00-00 00:00:00', 0, '2017-12-14 10:55:54', 4, '2017-12-14 12:07:29', 25, NULL, 0),
(1093, 437, '2017', '14/12/2017', 5, 4, 150, '360000.00', 2, '0000-00-00 00:00:00', 0, '2017-12-14 10:58:34', 4, '2017-12-14 12:06:33', 25, NULL, 0),
(1094, 438, '2017', '14/12/2017', 5, 4, 52, '76000.00', 2, '0000-00-00 00:00:00', 0, '2017-12-14 10:59:29', 4, '2017-12-14 12:05:25', 25, NULL, 0),
(1095, 439, '2017', '14/12/2017', 5, 4, 52, '76000.00', 2, '0000-00-00 00:00:00', 0, '2017-12-14 11:00:34', 4, '2017-12-14 12:04:30', 25, NULL, 0),
(1096, 440, '2017', '14/12/2017', 5, 4, 6, '58800.00', 2, '0000-00-00 00:00:00', 0, '2017-12-14 11:01:35', 4, '2017-12-14 12:00:37', 25, NULL, 0),
(1097, 441, '2017', '14/12/2017', 5, 4, 56, '208800.00', 2, '0000-00-00 00:00:00', 0, '2017-12-14 11:03:16', 4, '2017-12-14 11:59:18', 25, NULL, 0),
(1098, 442, '2017', '14/12/2017', 5, 4, 30, '39000.00', 2, '0000-00-00 00:00:00', 0, '2017-12-14 11:04:40', 4, '2017-12-14 11:58:09', 25, NULL, 0),
(1099, 443, '2017', '14/12/2017', 5, 4, 378, '740000.00', 2, '0000-00-00 00:00:00', 0, '2017-12-14 11:09:09', 4, '2017-12-14 11:56:48', 25, NULL, 0),
(1100, 444, '2017', '14/12/2017', 5, 4, 39, '116500.00', 2, '0000-00-00 00:00:00', 0, '2017-12-14 11:12:32', 4, '2017-12-14 11:54:49', 25, NULL, 0),
(1101, 445, '2017', '14/12/2017', 5, 4, 210, '96010.00', 2, '0000-00-00 00:00:00', 0, '2017-12-14 11:31:05', 4, '2017-12-14 11:49:29', 25, NULL, 0),
(1103, 447, '2017', '14/12/2017', 5, 4, 24, '20000.00', 2, '0000-00-00 00:00:00', 0, '2017-12-14 11:43:22', 4, '2017-12-14 11:44:56', 25, NULL, 0),
(1104, 448, '2017', '14/12/2017', 5, 4, 15, '4320.00', 2, '0000-00-00 00:00:00', 0, '2017-12-14 11:47:56', 4, '2017-12-14 11:48:16', 25, NULL, 0),
(1105, 1, '2018', '17/01/2018', 5, 4, 275, '482500.00', 2, '0000-00-00 00:00:00', 0, '2018-01-17 07:42:15', 4, '2018-01-17 10:02:52', 25, NULL, 0),
(1106, 2, '2018', '17/01/2018', 5, 4, 63, '206500.00', 2, '0000-00-00 00:00:00', 0, '2018-01-17 07:44:53', 4, '2018-01-17 10:01:50', 25, NULL, 0),
(1107, 3, '2018', '17/01/2018', 43, 4, 94, '6428.80', 2, '0000-00-00 00:00:00', 0, '2018-01-17 07:48:43', 4, '2018-01-17 10:00:53', 25, NULL, 0),
(1108, 4, '2018', '17/01/2018', 5, 4, 176, '212000.00', 2, '0000-00-00 00:00:00', 0, '2018-01-17 07:50:42', 4, '2018-01-17 10:00:01', 25, NULL, 0),
(1109, 5, '2018', '17/01/2018', 5, 4, 46, '135600.00', 2, '0000-00-00 00:00:00', 0, '2018-01-17 07:53:00', 4, '2018-01-17 09:58:24', 25, NULL, 0),
(1110, 6, '2018', '17/01/2018', 5, 4, 35, '102100.00', 2, '0000-00-00 00:00:00', 0, '2018-01-17 07:54:22', 4, '2018-01-17 09:57:21', 25, NULL, 0),
(1111, 7, '2018', '17/01/2018', 5, 4, 150, '360000.00', 2, '0000-00-00 00:00:00', 0, '2018-01-17 07:55:25', 4, '2018-01-17 09:56:24', 25, NULL, 0),
(1112, 8, '2018', '17/01/2018', 5, 4, 56, '208800.00', 2, '0000-00-00 00:00:00', 0, '2018-01-17 08:11:23', 4, '2018-01-17 09:55:16', 25, NULL, 0),
(1113, 9, '2018', '17/01/2018', 5, 4, 375, '714000.00', 2, '0000-00-00 00:00:00', 0, '2018-01-17 08:13:54', 4, '2018-01-17 09:52:16', 25, NULL, 0),
(1114, 10, '2018', '17/01/2018', 5, 4, 150, '81120.00', 2, '0000-00-00 00:00:00', 0, '2018-01-17 08:15:03', 4, '2018-01-17 09:50:40', 25, NULL, 0),
(1115, 11, '2018', '17/01/2018', 5, 4, 100, '116000.00', 2, '0000-00-00 00:00:00', 0, '2018-01-17 08:16:20', 4, '2018-01-17 09:47:06', 25, NULL, 0),
(1116, 12, '2018', '17/01/2018', 5, 4, 58, '253200.00', 2, '0000-00-00 00:00:00', 0, '2018-01-17 08:18:10', 4, '2018-01-17 09:46:00', 25, NULL, 0),
(1117, 13, '2018', '17/01/2018', 5, 4, 50, '10000.00', 2, '0000-00-00 00:00:00', 0, '2018-01-17 08:19:05', 4, '2018-01-17 09:44:40', 25, NULL, 0),
(1118, 14, '2018', '17/01/2018', 5, 4, 28, '104400.00', 2, '0000-00-00 00:00:00', 0, '2018-01-17 08:20:39', 4, '2018-01-17 09:42:31', 25, NULL, 0),
(1119, 15, '2018', '17/01/2018', 5, 4, 150, '360000.00', 2, '0000-00-00 00:00:00', 0, '2018-01-17 08:21:29', 4, '2018-01-17 09:40:59', 25, NULL, 0),
(1120, 16, '2018', '17/01/2018', 5, 4, 60, '78000.00', 2, '0000-00-00 00:00:00', 0, '2018-01-17 08:22:21', 4, '2018-01-17 09:39:56', 25, NULL, 0),
(1121, 17, '2018', '17/01/2018', 5, 4, 125, '77500.00', 2, '0000-00-00 00:00:00', 0, '2018-01-17 08:23:42', 4, '2018-01-17 09:38:41', 25, NULL, 0),
(1122, 18, '2018', '17/01/2018', 43, 4, 18, '3194.80', 2, '0000-00-00 00:00:00', 0, '2018-01-17 08:24:34', 4, '2018-01-17 09:37:27', 25, NULL, 0),
(1123, 19, '2018', '17/01/2018', 5, 4, 150, '51300.00', 2, '0000-00-00 00:00:00', 0, '2018-01-17 08:25:34', 4, '2018-01-17 09:36:24', 25, NULL, 0),
(1124, 20, '2018', '17/01/2018', 5, 4, 240, '96000.00', 2, '0000-00-00 00:00:00', 0, '2018-01-17 08:26:29', 4, '2018-01-17 09:35:22', 25, NULL, 0),
(1125, 21, '2018', '17/01/2018', 5, 4, 56, '208800.00', 2, '0000-00-00 00:00:00', 0, '2018-01-17 08:28:29', 4, '2018-01-17 09:34:00', 25, NULL, 0),
(1126, 22, '2018', '17/01/2018', 43, 4, 75, '3234.00', 2, '0000-00-00 00:00:00', 0, '2018-01-17 08:29:45', 4, '2018-01-17 09:27:51', 25, NULL, 0),
(1127, 23, '2018', '17/01/2018', 43, 4, 60, '27500.00', 2, '0000-00-00 00:00:00', 0, '2018-01-17 08:30:38', 4, '2018-01-17 09:25:40', 25, NULL, 0),
(1128, 24, '2018', '17/01/2018', 5, 4, 11, '12100.00', 2, '0000-00-00 00:00:00', 0, '2018-01-17 08:31:30', 4, '2018-01-17 09:24:31', 25, NULL, 0),
(1129, 25, '2018', '17/01/2018', 5, 4, 59, '192100.00', 2, '0000-00-00 00:00:00', 0, '2018-01-17 08:33:04', 4, '2018-01-17 09:17:56', 25, NULL, 0),
(1130, 26, '2018', '17/01/2018', 5, 4, 12, '117600.00', 2, '0000-00-00 00:00:00', 0, '2018-01-17 08:37:57', 4, '2018-01-17 09:15:27', 25, NULL, 0),
(1131, 27, '2018', '17/01/2018', 5, 4, 1, '2710.00', 2, '0000-00-00 00:00:00', 0, '2018-01-17 08:38:47', 4, '2018-01-17 09:09:39', 25, NULL, 0),
(1132, 28, '2018', '17/01/2018', 5, 4, 50, '10000.00', 2, '0000-00-00 00:00:00', 0, '2018-01-17 08:39:36', 4, '2018-01-17 09:08:44', 25, NULL, 0),
(1133, 29, '2018', '17/01/2018', 5, 4, 180, '432000.00', 2, '0000-00-00 00:00:00', 0, '2018-01-17 08:42:14', 4, '2018-01-17 09:07:31', 25, NULL, 0),
(1134, 30, '2018', '17/01/2018', 5, 4, 60, '78000.00', 2, '0000-00-00 00:00:00', 0, '2018-01-17 08:45:16', 4, '2018-01-17 09:02:27', 25, NULL, 0),
(1135, 31, '2018', '17/01/2018', 5, 4, 531, '880000.00', 2, '0000-00-00 00:00:00', 0, '2018-01-17 08:50:07', 4, '2018-01-17 09:00:56', 25, NULL, 0),
(1136, 32, '2018', '17/01/2018', 5, 4, 126, '413000.00', 2, '0000-00-00 00:00:00', 0, '2018-01-17 08:52:37', 4, '2018-01-17 08:55:59', 25, NULL, 0),
(1137, 33, '2018', '17/01/2018', 5, 4, 56, '208800.00', 2, '0000-00-00 00:00:00', 0, '2018-01-17 08:53:52', 4, '2018-01-17 08:54:18', 25, NULL, 0),
(1142, 34, '2018', '19/02/2018', 43, 4, 94, '6428.80', 2, '0000-00-00 00:00:00', 0, '2018-02-20 10:32:41', 4, '2018-02-20 10:33:39', 25, NULL, 0),
(1143, 35, '2018', '19/02/2018', 5, 4, 190, '240000.00', 2, '0000-00-00 00:00:00', 0, '2018-02-19 13:13:36', 4, '2018-02-20 10:31:07', 25, NULL, 0),
(1144, 36, '2018', '19/02/2018', 5, 4, 100, '54080.00', 2, '0000-00-00 00:00:00', 0, '2018-02-19 13:14:28', 4, '2018-02-20 10:29:53', 25, NULL, 0),
(1145, 37, '2018', '19/02/2018', 5, 4, 60, '297600.00', 2, '0000-00-00 00:00:00', 0, '2018-02-19 13:15:56', 4, '2018-02-20 10:27:22', 25, NULL, 0),
(1146, 38, '2018', '19/02/2018', 5, 4, 34, '141800.00', 2, '0000-00-00 00:00:00', 0, '2018-02-19 13:17:43', 4, '2018-02-20 10:26:21', 25, NULL, 0),
(1147, 39, '2018', '19/02/2018', 5, 4, 270, '437500.00', 2, '0000-00-00 00:00:00', 0, '2018-02-19 13:22:23', 4, '2018-02-20 10:24:54', 25, NULL, 0),
(1148, 40, '2018', '19/02/2018', 5, 4, 225, '540000.00', 2, '0000-00-00 00:00:00', 0, '2018-02-19 13:23:45', 4, '2018-02-20 10:23:27', 25, NULL, 0),
(1149, 41, '2018', '19/02/2018', 5, 4, 52, '194400.00', 2, '0000-00-00 00:00:00', 0, '2018-02-19 13:27:35', 4, '2018-02-20 10:22:01', 25, NULL, 0),
(1150, 42, '2018', '20/02/2018', 5, 4, 246, '320000.00', 2, '0000-00-00 00:00:00', 0, '2018-02-20 06:22:24', 4, '2018-02-20 10:21:06', 25, NULL, 0),
(1151, 43, '2018', '20/02/2018', 5, 4, 70, '225600.00', 2, '0000-00-00 00:00:00', 0, '2018-02-20 06:26:23', 4, '2018-02-20 10:20:09', 25, NULL, 0),
(1152, 44, '2018', '20/02/2018', 5, 4, 10, '20650.00', 2, '0000-00-00 00:00:00', 0, '2018-02-20 06:30:16', 4, '2018-02-20 10:19:08', 25, NULL, 0),
(1153, 45, '2018', '20/02/2018', 5, 4, 208, '250000.00', 2, '0000-00-00 00:00:00', 0, '2018-02-20 06:32:42', 4, '2018-02-20 10:17:07', 25, NULL, 0),
(1154, 46, '2018', '20/02/2018', 5, 4, 76, '284400.00', 2, '0000-00-00 00:00:00', 0, '2018-02-20 06:34:47', 4, '2018-02-20 10:14:28', 25, NULL, 0),
(1155, 47, '2018', '20/02/2018', 5, 4, 28, '104400.00', 2, '0000-00-00 00:00:00', 0, '2018-02-20 06:36:39', 4, '2018-02-20 10:06:20', 25, NULL, 0),
(1156, 48, '2018', '20/02/2018', 5, 4, 150, '360000.00', 2, '0000-00-00 00:00:00', 0, '2018-02-20 06:37:47', 4, '2018-02-20 10:05:16', 25, NULL, 0),
(1157, 49, '2018', '20/02/2018', 5, 4, 100, '34200.00', 2, '0000-00-00 00:00:00', 0, '2018-02-20 06:40:38', 4, '2018-02-20 10:04:21', 25, NULL, 0),
(1158, 50, '2018', '20/02/2018', 5, 4, 50, '15862.00', 2, '0000-00-00 00:00:00', 0, '2018-02-20 06:43:19', 4, '2018-02-20 10:03:07', 25, NULL, 0),
(1159, 51, '2018', '20/02/2018', 5, 4, 39, '116500.00', 2, '0000-00-00 00:00:00', 0, '2018-02-20 06:49:30', 4, '2018-02-20 09:56:51', 25, NULL, 0),
(1160, 52, '2018', '20/02/2018', 5, 4, 91, '310900.00', 2, '0000-00-00 00:00:00', 0, '2018-02-20 06:52:09', 4, '2018-02-20 09:55:21', 25, NULL, 0),
(1161, 53, '2018', '20/02/2018', 5, 4, 10, '20650.00', 2, '0000-00-00 00:00:00', 0, '2018-02-20 06:53:32', 4, '2018-02-20 09:53:16', 25, NULL, 0),
(1162, 54, '2018', '20/02/2018', 5, 4, 320, '424000.00', 2, '0000-00-00 00:00:00', 0, '2018-02-20 06:57:16', 4, '2018-02-20 09:41:40', 25, NULL, 0),
(1164, 55, '2018', '20/02/2018', 43, 4, 94, '6428.80', 2, '0000-00-00 00:00:00', 0, '2018-02-20 07:00:17', 4, '2018-02-20 09:32:23', 25, NULL, 0),
(1165, 56, '2018', '20/02/2018', 5, 4, 120, '48000.00', 2, '0000-00-00 00:00:00', 0, '2018-02-20 07:02:52', 4, '2018-02-20 09:31:21', 25, NULL, 0),
(1166, 57, '2018', '20/02/2018', 5, 4, 150, '360000.00', 2, '0000-00-00 00:00:00', 0, '2018-02-20 07:04:08', 4, '2018-02-20 09:25:44', 25, NULL, 0),
(1167, 58, '2018', '20/02/2018', 5, 4, 44, '91200.00', 2, '0000-00-00 00:00:00', 0, '2018-02-20 07:14:52', 4, '2018-02-20 08:59:52', 25, NULL, 0),
(1168, 59, '2018', '20/02/2018', 5, 4, 35, '102100.00', 2, '0000-00-00 00:00:00', 0, '2018-02-20 07:21:35', 4, '2018-02-20 08:43:13', 25, NULL, 0),
(1169, 60, '2018', '20/02/2018', 5, 4, 20, '3200.00', 2, '0000-00-00 00:00:00', 0, '2018-02-20 07:27:05', 4, '2018-02-20 08:41:53', 25, NULL, 0),
(1170, 61, '2018', '20/02/2018', 5, 4, 239, '382000.00', 2, '0000-00-00 00:00:00', 0, '2018-02-20 07:29:06', 4, '2018-02-20 08:39:28', 25, NULL, 0),
(1171, 62, '2018', '20/02/2018', 5, 4, 140, '68280.00', 2, '0000-00-00 00:00:00', 0, '2018-02-20 07:32:55', 4, '2018-02-20 07:58:19', 25, NULL, 0),
(1172, 63, '2018', '20/02/2018', 5, 4, 92, '271200.00', 2, '0000-00-00 00:00:00', 0, '2018-02-20 07:34:51', 4, '2018-02-20 07:46:57', 25, NULL, 0),
(1173, 64, '2018', '09/03/2018', 5, 4, 12, '117600.00', 2, '0000-00-00 00:00:00', 0, '2018-03-09 09:30:33', 4, '2018-03-09 12:25:59', 25, NULL, 0),
(1174, 65, '2018', '09/03/2018', 5, 4, 120, '48000.00', 2, '0000-00-00 00:00:00', 0, '2018-03-09 09:34:20', 4, '2018-03-09 12:25:01', 25, NULL, 0),
(1175, 66, '2018', '09/03/2018', 5, 4, 72, '33000.00', 2, '0000-00-00 00:00:00', 0, '2018-03-09 09:38:39', 4, '2018-03-09 12:24:04', 25, NULL, 0),
(1176, 67, '2018', '09/03/2018', 5, 4, 44, '91200.00', 2, '0000-00-00 00:00:00', 0, '2018-03-09 09:40:37', 4, '2018-03-09 12:23:06', 25, NULL, 0),
(1177, 68, '2018', '09/03/2018', 5, 4, 12, '117600.00', 2, '0000-00-00 00:00:00', 0, '2018-03-09 09:42:15', 4, '2018-03-09 12:22:18', 25, NULL, 0),
(1178, 69, '2018', '09/03/2018', 5, 4, 28, '104400.00', 2, '0000-00-00 00:00:00', 0, '2018-03-09 09:55:46', 4, '2018-03-09 12:21:29', 25, NULL, 0),
(1179, 70, '2018', '09/03/2018', 5, 4, 15, '4200.00', 2, '0000-00-00 00:00:00', 0, '2018-03-09 10:00:20', 4, '2018-03-09 12:20:30', 25, NULL, 0),
(1180, 71, '2018', '09/03/2018', 5, 4, 150, '360000.00', 2, '0000-00-00 00:00:00', 0, '2018-03-09 10:01:12', 4, '2018-03-09 12:19:36', 25, NULL, 0),
(1181, 72, '2018', '09/03/2018', 5, 4, 68, '181200.00', 2, '0000-00-00 00:00:00', 0, '2018-03-09 10:04:06', 4, '2018-03-09 12:18:38', 25, NULL, 0),
(1183, 73, '2018', '09/03/2018', 5, 4, 150, '174000.00', 2, '0000-00-00 00:00:00', 0, '2018-03-09 10:06:16', 4, '2018-03-09 12:17:42', 25, NULL, 0),
(1184, 74, '2018', '09/03/2018', 5, 4, 28, '104400.00', 2, '0000-00-00 00:00:00', 0, '2018-03-09 10:08:40', 4, '2018-03-09 12:16:41', 25, NULL, 0),
(1185, 75, '2018', '09/03/2018', 46, 4, 20, '17831.80', 2, '0000-00-00 00:00:00', 0, '2018-03-09 10:11:43', 4, '2018-03-09 11:59:41', 25, NULL, 0),
(1186, 76, '2018', '09/03/2018', 43, 4, 94, '6428.80', 2, '0000-00-00 00:00:00', 0, '2018-03-09 10:14:15', 4, '2018-03-09 11:58:38', 25, NULL, 0),
(1187, 77, '2018', '09/03/2018', 5, 4, 10, '20650.00', 2, '0000-00-00 00:00:00', 0, '2018-03-09 10:15:03', 4, '2018-03-09 11:57:30', 25, NULL, 0),
(1188, 78, '2018', '09/03/2018', 5, 4, 222, '393000.00', 2, '0000-00-00 00:00:00', 0, '2018-03-09 10:17:52', 4, '2018-03-09 11:56:24', 25, NULL, 0),
(1189, 79, '2018', '09/03/2018', 5, 4, 6, '58800.00', 2, '0000-00-00 00:00:00', 0, '2018-03-09 10:18:52', 4, '2018-03-09 11:54:18', 25, NULL, 0),
(1190, 80, '2018', '09/03/2018', 5, 4, 22, '45600.00', 2, '0000-00-00 00:00:00', 0, '2018-03-09 10:19:53', 4, '2018-03-09 11:53:12', 25, NULL, 0),
(1191, 81, '2018', '09/03/2018', 5, 4, 200, '75360.00', 2, '0000-00-00 00:00:00', 0, '2018-03-09 10:21:30', 4, '2018-03-09 11:52:00', 25, NULL, 0),
(1192, 82, '2018', '09/03/2018', 5, 4, 50, '10000.00', 2, '0000-00-00 00:00:00', 0, '2018-03-09 10:22:16', 4, '2018-03-09 11:50:38', 25, NULL, 0),
(1193, 83, '2018', '09/03/2018', 5, 4, 24, '11064.00', 2, '0000-00-00 00:00:00', 0, '2018-03-09 10:23:45', 4, '2018-03-09 11:49:40', 25, NULL, 0),
(1194, 84, '2018', '09/03/2018', 5, 4, 150, '360000.00', 2, '0000-00-00 00:00:00', 0, '2018-03-09 10:24:37', 4, '2018-03-09 11:48:44', 25, NULL, 0),
(1195, 85, '2018', '09/03/2018', 5, 4, 67, '220900.00', 2, '0000-00-00 00:00:00', 0, '2018-03-09 10:27:24', 4, '2018-03-09 11:47:48', 25, NULL, 0),
(1196, 86, '2018', '09/03/2018', 5, 4, 200, '232000.00', 2, '0000-00-00 00:00:00', 0, '2018-03-09 10:34:51', 4, '2018-03-09 11:46:25', 25, NULL, 0),
(1197, 87, '2018', '09/03/2018', 5, 4, 100, '54080.00', 2, '0000-00-00 00:00:00', 0, '2018-03-09 10:36:33', 4, '2018-03-09 11:45:18', 25, NULL, 0),
(1198, 88, '2018', '09/03/2018', 5, 4, 24, '90000.00', 2, '0000-00-00 00:00:00', 0, '2018-03-09 10:38:18', 4, '2018-03-09 11:43:08', 25, NULL, 0),
(1199, 89, '2018', '09/03/2018', 5, 4, 28, '104400.00', 2, '0000-00-00 00:00:00', 0, '2018-03-09 10:39:40', 4, '2018-03-09 11:08:49', 25, NULL, 0),
(1200, 90, '2018', '09/03/2018', 5, 4, 5, '10325.00', 2, '0000-00-00 00:00:00', 0, '2018-03-09 10:40:11', 4, '2018-03-09 10:54:40', 25, NULL, 0),
(1201, 91, '2018', '09/03/2018', 5, 4, 40, '8000.00', 2, '0000-00-00 00:00:00', 0, '2018-03-09 10:40:58', 4, '2018-03-09 10:53:31', 25, NULL, 0),
(1202, 92, '2018', '09/03/2018', 5, 4, 240, '96000.00', 2, '0000-00-00 00:00:00', 0, '2018-03-09 10:41:42', 4, '2018-03-09 10:52:17', 25, NULL, 0);
INSERT INTO `POhead` (`id`, `po_number`, `po_year`, `po_date`, `supplier_id`, `po_user_id`, `total_qty`, `total_price`, `receive`, `receive_date`, `receive_user_id`, `accept1_date`, `accept1_user_id`, `accept2_date`, `accept2_user_id`, `accept3_date`, `accept3_user_id`) VALUES
(1203, 93, '2018', '09/03/2018', 5, 4, 1, '481.00', 2, '0000-00-00 00:00:00', 0, '2018-03-09 10:56:26', 4, '2018-03-09 10:57:50', 25, NULL, 0),
(1204, 94, '2018', '09/03/2018', 5, 4, 20, '26000.00', 2, '0000-00-00 00:00:00', 0, '2018-03-09 10:43:17', 4, '2018-03-09 10:49:54', 25, NULL, 0),
(1206, 95, '2018', '09/03/2018', 5, 4, 67, '220900.00', 2, '0000-00-00 00:00:00', 0, '2018-03-09 10:45:07', 4, '2018-03-09 10:48:50', 25, NULL, 0),
(1207, 96, '2018', '09/03/2018', 5, 4, 275, '505000.00', 2, '0000-00-00 00:00:00', 0, '2018-03-09 10:47:13', 4, '2018-03-09 10:47:39', 25, NULL, 0),
(1208, 97, '2018', '09/03/2018', 5, 4, 15, '4320.00', 2, '0000-00-00 00:00:00', 0, '2018-03-09 13:27:53', 4, '2018-03-09 13:28:15', 25, NULL, 0),
(1210, 98, '2018', '25/04/2018', 5, 4, 335, '412500.00', 2, '0000-00-00 00:00:00', 0, '2018-04-25 13:55:22', 4, '2018-04-27 14:25:46', 25, NULL, 0),
(1211, 99, '2018', '25/04/2018', 5, 4, 41, '160900.00', 2, '0000-00-00 00:00:00', 0, '2018-04-25 14:04:40', 4, '2018-04-27 14:27:02', 25, NULL, 0),
(1212, 100, '2018', '25/04/2018', 43, 4, 93, '6428.80', 2, '0000-00-00 00:00:00', 0, '2018-04-25 14:15:43', 4, '2018-04-27 14:27:56', 25, NULL, 0),
(1213, 101, '2018', '25/04/2018', 5, 4, 68, '181200.00', 2, '0000-00-00 00:00:00', 0, '2018-04-25 14:17:42', 4, '2018-04-27 14:28:47', 25, NULL, 0),
(1214, 102, '2018', '25/04/2018', 5, 4, 35, '20585.00', 2, '0000-00-00 00:00:00', 0, '2018-04-25 14:23:13', 4, '2018-04-27 14:29:44', 25, NULL, 0),
(1215, 103, '2018', '25/04/2018', 5, 4, 290, '590000.00', 2, '0000-00-00 00:00:00', 0, '2018-04-25 14:56:18', 4, '2018-04-27 14:30:32', 25, NULL, 0),
(1216, 104, '2018', '27/04/2018', 5, 4, 150, '81120.00', 2, '0000-00-00 00:00:00', 0, '2018-04-27 08:20:43', 4, '2018-04-27 14:31:33', 25, NULL, 0),
(1217, 105, '2018', '27/04/2018', 43, 4, 18, '3194.80', 2, '0000-00-00 00:00:00', 0, '2018-04-27 08:23:22', 4, '2018-04-27 14:23:54', 25, NULL, 0),
(1218, 106, '2018', '27/04/2018', 5, 4, 28, '104400.00', 2, '0000-00-00 00:00:00', 0, '2018-04-27 08:25:52', 4, '2018-04-27 13:42:58', 25, NULL, 0),
(1219, 107, '2018', '27/04/2018', 5, 4, 56, '208800.00', 2, '0000-00-00 00:00:00', 0, '2018-04-27 08:38:44', 4, '2018-04-27 13:31:45', 25, NULL, 0),
(1220, 108, '2018', '27/04/2018', 5, 4, 150, '360000.00', 2, '0000-00-00 00:00:00', 0, '2018-04-27 08:50:22', 4, '2018-04-27 13:41:26', 25, NULL, 0),
(1221, 109, '2018', '27/04/2018', 5, 4, 59, '192100.00', 2, '0000-00-00 00:00:00', 0, '2018-04-27 09:32:05', 4, '2018-04-27 13:40:29', 25, NULL, 0),
(1222, 110, '2018', '27/04/2018', 5, 4, 40, '52000.00', 2, '0000-00-00 00:00:00', 0, '2018-04-27 09:32:57', 4, '2018-04-27 13:34:47', 25, NULL, 0),
(1223, 111, '2018', '27/04/2018', 5, 4, 6, '2880.00', 2, '0000-00-00 00:00:00', 0, '2018-04-27 09:51:12', 4, '2018-04-27 13:33:11', 25, NULL, 0),
(1224, 112, '2018', '27/04/2018', 5, 4, 304, '294000.00', 2, '0000-00-00 00:00:00', 0, '2018-04-27 09:53:38', 4, '2018-04-27 13:22:07', 25, NULL, 0),
(1225, 113, '2018', '27/04/2018', 5, 4, 225, '540000.00', 2, '0000-00-00 00:00:00', 0, '2018-04-27 10:09:09', 4, '2018-04-27 13:20:46', 25, NULL, 0),
(1226, 114, '2018', '27/04/2018', 5, 4, 28, '104400.00', 2, '0000-00-00 00:00:00', 0, '2018-04-27 10:14:15', 4, '2018-04-27 13:19:01', 25, NULL, 0),
(1227, 115, '2018', '27/04/2018', 5, 4, 104, '388800.00', 2, '0000-00-00 00:00:00', 0, '2018-04-27 10:25:58', 4, '2018-04-27 13:17:27', 25, NULL, 0),
(1229, 116, '2018', '27/04/2018', 43, 4, 151, '6468.00', 2, '0000-00-00 00:00:00', 0, '2018-04-27 10:29:25', 4, '2018-04-27 13:16:07', 25, NULL, 0),
(1230, 117, '2018', '27/04/2018', 5, 4, 112, '47570.00', 2, '0000-00-00 00:00:00', 0, '2018-04-27 10:33:22', 4, '2018-04-27 13:14:54', 25, NULL, 0),
(1231, 118, '2018', '27/04/2018', 5, 4, 400, '632000.00', 2, '0000-00-00 00:00:00', 0, '2018-04-27 10:37:44', 4, '2018-04-27 13:13:49', 25, NULL, 0),
(1232, 119, '2018', '27/04/2018', 5, 4, 82, '343200.00', 2, '0000-00-00 00:00:00', 0, '2018-04-27 10:41:08', 4, '2018-04-27 13:12:53', 25, NULL, 0),
(1233, 120, '2018', '27/04/2018', 5, 4, 82, '321800.00', 2, '0000-00-00 00:00:00', 0, '2018-04-27 11:19:29', 4, '2018-04-27 13:11:50', 25, NULL, 0),
(1234, 121, '2018', '27/04/2018', 5, 4, 100, '54080.00', 2, '0000-00-00 00:00:00', 0, '2018-04-27 11:20:22', 4, '2018-04-27 13:10:42', 25, NULL, 0),
(1235, 122, '2018', '27/04/2018', 5, 4, 130, '190000.00', 2, '0000-00-00 00:00:00', 0, '2018-04-27 11:21:30', 4, '2018-04-27 13:07:56', 25, NULL, 0),
(1236, 123, '2018', '27/04/2018', 5, 4, 130, '190000.00', 2, '0000-00-00 00:00:00', 0, '2018-04-27 11:37:30', 4, '2018-04-27 13:07:00', 25, NULL, 0),
(1237, 124, '2018', '27/04/2018', 5, 4, 285, '470000.00', 2, '0000-00-00 00:00:00', 0, '2018-04-27 11:39:55', 4, '2018-04-27 13:06:07', 25, NULL, 0),
(1238, 125, '2018', '27/04/2018', 5, 4, 44, '91200.00', 2, '0000-00-00 00:00:00', 0, '2018-04-27 11:41:43', 4, '2018-04-27 13:02:47', 25, NULL, 0),
(1239, 126, '2018', '27/04/2018', 5, 4, 250, '90120.00', 2, '0000-00-00 00:00:00', 0, '2018-04-27 11:45:49', 4, '2018-04-27 12:49:15', 25, NULL, 0),
(1240, 127, '2018', '27/04/2018', 5, 4, 434, '623000.00', 2, '0000-00-00 00:00:00', 0, '2018-04-27 11:59:47', 4, '2018-04-27 12:47:57', 25, NULL, 0),
(1241, 128, '2018', '27/04/2018', 5, 4, 43, '194400.00', 2, '0000-00-00 00:00:00', 0, '2018-04-27 12:01:39', 4, '2018-04-27 12:46:40', 25, NULL, 0),
(1242, 129, '2018', '27/04/2018', 5, 4, 115, '400900.00', 2, '0000-00-00 00:00:00', 0, '2018-04-27 12:31:21', 4, '2018-04-27 12:44:40', 25, NULL, 0),
(1243, 130, '2018', '27/04/2018', 5, 4, 5, '10325.00', 2, '0000-00-00 00:00:00', 0, '2018-04-27 12:32:02', 4, '2018-04-27 12:43:12', 25, NULL, 0),
(1244, 131, '2018', '27/04/2018', 5, 4, 30, '13830.00', 2, '0000-00-00 00:00:00', 0, '2018-04-27 12:32:53', 4, '2018-04-27 12:35:10', 25, NULL, 0),
(1245, 132, '2018', '27/04/2018', 43, 4, 151, '6468.00', 2, '0000-00-00 00:00:00', 0, '2018-04-27 14:33:55', 4, '2018-04-27 14:36:27', 25, NULL, 0),
(1246, 133, '2018', '27/04/2018', 5, 4, 112, '47570.00', 2, '0000-00-00 00:00:00', 0, '2018-04-27 14:35:15', 4, '2018-04-27 14:35:33', 25, NULL, 0),
(1247, 134, '2018', '30/04/2018', 5, 4, 56, '208800.00', 2, '0000-00-00 00:00:00', 0, '2018-04-30 06:58:10', 4, '2018-04-30 06:58:47', 25, NULL, 0),
(1248, 135, '2018', '08/05/2018', 5, 4, 44, '91200.00', 2, '0000-00-00 00:00:00', 0, '2018-05-08 10:04:57', 4, '2018-05-08 10:05:19', 25, NULL, 0),
(1249, 136, '2018', '30/05/2018', 43, 4, 94, '6428.80', 2, '0000-00-00 00:00:00', 0, '2018-05-30 13:10:48', 4, '2018-05-30 13:11:27', 25, NULL, 0),
(1250, 137, '2018', '30/05/2018', 5, 4, 130, '190000.00', 2, '0000-00-00 00:00:00', 0, '2018-05-30 13:15:40', 4, '2018-05-30 15:19:05', 25, NULL, 0),
(1251, 138, '2018', '30/05/2018', 5, 4, 30, '39000.00', 2, '0000-00-00 00:00:00', 0, '2018-05-30 13:16:21', 4, '2018-06-01 07:12:55', 25, NULL, 0),
(1252, 139, '2018', '30/05/2018', 5, 4, 30, '6000.00', 2, '0000-00-00 00:00:00', 0, '2018-05-30 13:17:10', 4, '2018-06-01 07:09:30', 25, NULL, 0),
(1253, 140, '2018', '30/05/2018', 5, 4, 20, '1800.00', 2, '0000-00-00 00:00:00', 0, '2018-05-30 13:18:05', 4, '2018-06-01 07:08:43', 25, NULL, 0),
(1255, 141, '2018', '30/05/2018', 5, 4, 320, '140525.00', 2, '0000-00-00 00:00:00', 0, '2018-05-30 13:21:35', 4, '2018-06-01 07:07:33', 25, NULL, 0),
(1257, 142, '2018', '30/05/2018', 5, 4, 300, '534000.00', 2, '0000-00-00 00:00:00', 0, '2018-05-30 13:27:40', 4, '2018-06-01 07:06:32', 25, NULL, 0),
(1258, 143, '2018', '30/05/2018', 5, 4, 12, '117600.00', 2, '0000-00-00 00:00:00', 0, '2018-05-30 13:29:08', 4, '2018-06-01 07:05:26', 25, NULL, 0),
(1259, 144, '2018', '30/05/2018', 5, 4, 23, '129700.00', 2, '0000-00-00 00:00:00', 0, '2018-05-30 13:31:16', 4, '2018-06-01 06:59:20', 25, NULL, 0),
(1260, 145, '2018', '30/05/2018', 5, 4, 352, '610000.00', 2, '0000-00-00 00:00:00', 0, '2018-05-30 13:34:10', 4, '2018-06-01 06:58:28', 25, NULL, 0),
(1261, 146, '2018', '30/05/2018', 5, 4, 44, '91200.00', 2, '0000-00-00 00:00:00', 0, '2018-05-30 13:36:06', 4, '2018-06-01 06:57:33', 25, NULL, 0),
(1262, 147, '2018', '30/05/2018', 5, 4, 50, '10000.00', 2, '0000-00-00 00:00:00', 0, '2018-05-30 13:37:04', 4, '2018-06-01 06:55:50', 25, NULL, 0),
(1263, 148, '2018', '30/05/2018', 5, 4, 150, '81120.00', 2, '0000-00-00 00:00:00', 0, '2018-05-30 13:40:22', 4, '2018-06-01 06:54:14', 25, NULL, 0),
(1264, 149, '2018', '30/05/2018', 5, 4, 150, '240000.00', 2, '0000-00-00 00:00:00', 0, '2018-05-30 13:41:17', 4, '2018-06-01 06:53:07', 25, NULL, 0),
(1265, 150, '2018', '30/05/2018', 5, 4, 23, '129700.00', 2, '0000-00-00 00:00:00', 0, '2018-05-30 13:43:04', 4, '2018-06-01 06:49:47', 25, NULL, 0),
(1266, 151, '2018', '30/05/2018', 5, 4, 78, '60000.00', 2, '0000-00-00 00:00:00', 0, '2018-05-30 13:44:38', 4, '2018-06-01 06:48:28', 25, NULL, 0),
(1267, 152, '2018', '30/05/2018', 5, 4, 60, '297600.00', 2, '0000-00-00 00:00:00', 0, '2018-05-30 13:46:37', 4, '2018-06-01 06:47:22', 25, NULL, 0),
(1268, 153, '2018', '30/05/2018', 5, 4, 371, '517500.00', 2, '0000-00-00 00:00:00', 0, '2018-05-30 13:51:45', 4, '2018-06-01 06:44:28', 25, NULL, 0),
(1269, 154, '2018', '30/05/2018', 5, 4, 22, '24200.00', 2, '0000-00-00 00:00:00', 0, '2018-05-30 13:53:51', 4, '2018-06-01 06:42:54', 25, NULL, 0),
(1270, 155, '2018', '30/05/2018', 5, 4, 40, '52000.00', 2, '0000-00-00 00:00:00', 0, '2018-05-30 14:40:08', 4, '2018-06-01 06:41:35', 25, NULL, 0),
(1271, 156, '2018', '30/05/2018', 5, 4, 78, '60000.00', 2, '0000-00-00 00:00:00', 0, '2018-05-30 14:48:40', 4, '2018-06-01 06:40:05', 25, NULL, 0),
(1272, 157, '2018', '30/05/2018', 5, 4, 105, '48000.00', 2, '0000-00-00 00:00:00', 0, '2018-05-30 14:53:19', 4, '2018-06-01 06:38:32', 25, NULL, 0),
(1273, 158, '2018', '30/05/2018', 5, 4, 225, '540000.00', 2, '0000-00-00 00:00:00', 0, '2018-05-30 14:58:54', 4, '2018-06-01 06:37:03', 25, NULL, 0),
(1274, 159, '2018', '30/05/2018', 5, 4, 12, '117600.00', 2, '0000-00-00 00:00:00', 0, '2018-05-30 14:59:49', 4, '2018-06-01 06:35:39', 25, NULL, 0),
(1275, 160, '2018', '30/05/2018', 5, 4, 12, '117600.00', 2, '0000-00-00 00:00:00', 0, '2018-05-30 15:08:27', 4, '2018-06-01 06:34:10', 25, NULL, 0),
(1276, 161, '2018', '30/05/2018', 5, 4, 1, '481.00', 2, '0000-00-00 00:00:00', 0, '2018-05-30 15:09:27', 4, '2018-06-01 06:33:02', 25, NULL, 0),
(1277, 162, '2018', '30/05/2018', 5, 4, 200, '160000.00', 2, '0000-00-00 00:00:00', 0, '2018-05-30 15:10:56', 4, '2018-06-01 06:31:16', 25, NULL, 0),
(1278, 163, '2018', '30/05/2018', 5, 4, 60, '37750.00', 2, '0000-00-00 00:00:00', 0, '2018-05-30 15:11:55', 4, '2018-06-01 06:29:38', 25, NULL, 0),
(1279, 164, '2018', '30/05/2018', 5, 4, 130, '190000.00', 2, '0000-00-00 00:00:00', 0, '2018-05-30 15:12:56', 4, '2018-06-01 06:27:11', 25, NULL, 0),
(1280, 165, '2018', '30/05/2018', 5, 4, 130, '190000.00', 2, '0000-00-00 00:00:00', 0, '2018-05-30 15:14:00', 4, '2018-06-01 06:24:56', 25, NULL, 0),
(1281, 166, '2018', '30/05/2018', 5, 4, 60, '297600.00', 2, '0000-00-00 00:00:00', 0, '2018-05-30 15:15:25', 4, '2018-06-01 06:23:00', 25, NULL, 0),
(1282, 167, '2018', '30/05/2018', 5, 4, 300, '600000.00', 2, '0000-00-00 00:00:00', 0, '2018-05-30 15:16:57', 4, '2018-06-01 06:21:13', 25, NULL, 0),
(1283, 168, '2018', '30/05/2018', 5, 4, 150, '81120.00', 2, '0000-00-00 00:00:00', 0, '2018-05-30 15:18:03', 4, '2018-06-01 06:14:13', 25, NULL, 0),
(1284, 169, '2018', '01/06/2018', 5, 4, 130, '190000.00', 2, '0000-00-00 00:00:00', 0, '2018-06-01 07:16:00', 4, '2018-06-01 07:16:24', 25, NULL, 0),
(1285, 170, '2018', '26/06/2018', 5, 4, 61, '49096.00', 2, '0000-00-00 00:00:00', 0, '2018-06-26 09:42:07', 4, '2018-06-26 15:10:08', 25, NULL, 0),
(1286, 171, '2018', '26/06/2018', 5, 4, 100, '48000.00', 2, '0000-00-00 00:00:00', 0, '2018-06-26 09:45:18', 4, '2018-06-26 15:09:21', 25, NULL, 0),
(1287, 172, '2018', '26/06/2018', 5, 4, 260, '380000.00', 2, '0000-00-00 00:00:00', 0, '2018-06-26 09:46:18', 4, '2018-06-26 15:08:20', 25, NULL, 0),
(1288, 173, '2018', '26/06/2018', 43, 4, 94, '6428.80', 2, '0000-00-00 00:00:00', 0, '2018-06-26 09:49:09', 4, '2018-06-26 15:07:16', 25, NULL, 0),
(1289, 174, '2018', '26/06/2018', 5, 4, 34, '141800.00', 2, '0000-00-00 00:00:00', 0, '2018-06-26 09:50:36', 4, '2018-06-26 15:06:17', 25, NULL, 0),
(1290, 175, '2018', '26/06/2018', 5, 4, 345, '640000.00', 2, '0000-00-00 00:00:00', 0, '2018-06-26 10:11:08', 4, '2018-06-26 15:05:24', 25, NULL, 0),
(1291, 176, '2018', '26/06/2018', 5, 4, 60, '297600.00', 2, '0000-00-00 00:00:00', 0, '2018-06-26 10:13:36', 4, '2018-06-26 15:04:26', 25, NULL, 0),
(1292, 177, '2018', '26/06/2018', 5, 4, 22, '45600.00', 2, '0000-00-00 00:00:00', 0, '2018-06-26 10:14:24', 4, '2018-06-26 15:03:22', 25, NULL, 0),
(1293, 178, '2018', '26/06/2018', 5, 4, 50, '10000.00', 2, '0000-00-00 00:00:00', 0, '2018-06-26 10:15:20', 4, '2018-06-26 15:02:29', 25, NULL, 0),
(1294, 179, '2018', '26/06/2018', 5, 4, 740, '1049000.00', 2, '0000-00-00 00:00:00', 0, '2018-06-26 10:21:27', 4, '2018-06-26 15:01:22', 25, NULL, 0),
(1295, 180, '2018', '26/06/2018', 5, 4, 44, '91200.00', 2, '0000-00-00 00:00:00', 0, '2018-06-26 10:22:23', 4, '2018-06-26 15:00:17', 25, NULL, 0),
(1296, 181, '2018', '26/06/2018', 44, 4, 110, '150000.00', 2, '0000-00-00 00:00:00', 0, '2018-06-26 10:26:20', 4, '2018-06-26 14:58:37', 25, NULL, 0),
(1298, 182, '2018', '26/06/2018', 5, 4, 58, '231800.00', 2, '0000-00-00 00:00:00', 0, '2018-06-26 10:30:13', 4, '2018-06-26 14:57:35', 25, NULL, 0),
(1299, 183, '2018', '26/06/2018', 5, 4, 36, '207600.00', 2, '0000-00-00 00:00:00', 0, '2018-06-26 10:32:18', 4, '2018-06-26 14:56:34', 25, NULL, 0),
(1300, 184, '2018', '26/06/2018', 5, 4, 380, '480000.00', 2, '0000-00-00 00:00:00', 0, '2018-06-26 15:15:17', 4, '2018-06-26 15:15:41', 25, NULL, 0),
(1301, 185, '2018', '26/06/2018', 5, 4, 268, '124810.00', 2, '0000-00-00 00:00:00', 0, '2018-06-26 13:20:32', 4, '2018-06-26 14:53:34', 25, NULL, 0),
(1302, 186, '2018', '26/06/2018', 5, 4, 175, '113620.00', 2, '0000-00-00 00:00:00', 0, '2018-06-26 13:22:33', 4, '2018-06-26 14:52:35', 25, NULL, 0),
(1304, 188, '2018', '26/06/2018', 5, 4, 48, '180000.00', 2, '0000-00-00 00:00:00', 0, '2018-06-26 13:33:29', 4, '2018-06-26 14:51:15', 25, NULL, 0),
(1305, 189, '2018', '26/06/2018', 5, 4, 225, '540000.00', 2, '0000-00-00 00:00:00', 0, '2018-06-26 13:34:42', 4, '2018-06-26 14:50:15', 25, NULL, 0),
(1307, 190, '2018', '26/06/2018', 5, 4, 74, '21064.00', 2, '0000-00-00 00:00:00', 0, '2018-06-26 13:38:36', 4, '2018-06-26 14:49:10', 25, NULL, 0),
(1308, 191, '2018', '26/06/2018', 5, 4, 12, '117600.00', 2, '0000-00-00 00:00:00', 0, '2018-06-26 13:39:26', 4, '2018-06-26 14:48:08', 25, NULL, 0),
(1309, 192, '2018', '26/06/2018', 5, 4, 23, '129700.00', 2, '0000-00-00 00:00:00', 0, '2018-06-26 13:40:52', 4, '2018-06-26 14:46:42', 25, NULL, 0),
(1310, 193, '2018', '26/06/2018', 5, 4, 82, '343200.00', 2, '0000-00-00 00:00:00', 0, '2018-06-26 13:42:51', 4, '2018-06-26 14:44:10', 25, NULL, 0),
(1311, 194, '2018', '26/06/2018', 5, 4, 566, '847500.00', 2, '0000-00-00 00:00:00', 0, '2018-06-26 14:11:44', 4, '2018-06-26 14:43:08', 25, NULL, 0),
(1312, 195, '2018', '26/06/2018', 5, 4, 192, '225000.00', 2, '0000-00-00 00:00:00', 0, '2018-06-26 14:13:51', 4, '2018-06-26 14:42:13', 25, NULL, 0),
(1313, 196, '2018', '26/06/2018', 5, 4, 185, '75360.00', 2, '0000-00-00 00:00:00', 0, '2018-06-26 14:15:19', 4, '2018-06-26 14:41:16', 25, NULL, 0),
(1314, 197, '2018', '26/06/2018', 5, 4, 34, '163200.00', 2, '0000-00-00 00:00:00', 0, '2018-06-26 14:18:23', 4, '2018-06-26 14:40:21', 25, NULL, 0),
(1316, 198, '2018', '26/06/2018', 5, 4, 39, '116500.00', 2, '0000-00-00 00:00:00', 0, '2018-06-26 14:20:29', 4, '2018-06-26 14:39:21', 25, NULL, 0),
(1317, 199, '2018', '26/06/2018', 5, 4, 376, '630000.00', 2, '0000-00-00 00:00:00', 0, '2018-06-26 14:23:43', 4, '2018-06-26 14:38:26', 25, NULL, 0),
(1318, 200, '2018', '26/06/2018', 43, 4, 94, '6428.80', 2, '0000-00-00 00:00:00', 0, '2018-06-26 14:30:15', 4, '2018-06-26 14:37:22', 25, NULL, 0),
(1319, 201, '2018', '26/06/2018', 5, 4, 125, '86580.00', 2, '0000-00-00 00:00:00', 0, '2018-06-26 14:31:21', 4, '2018-06-26 14:36:23', 25, NULL, 0),
(1320, 202, '2018', '26/06/2018', 5, 4, 50, '10000.00', 2, '0000-00-00 00:00:00', 0, '2018-06-26 14:32:16', 4, '2018-06-26 14:35:18', 25, NULL, 0),
(1321, 203, '2018', '26/06/2018', 5, 4, 31, '23850.00', 2, '0000-00-00 00:00:00', 0, '2018-06-26 14:33:22', 4, '2018-06-26 14:33:52', 25, NULL, 0),
(1322, 204, '2018', '26/06/2018', 43, 4, 94, '6428.80', 2, '0000-00-00 00:00:00', 0, '2018-06-26 15:11:34', 4, '2018-06-26 15:13:34', 25, NULL, 0),
(1323, 205, '2018', '28/06/2018', 5, 4, 34, '141800.00', 2, '0000-00-00 00:00:00', 0, '2018-06-28 06:16:54', 4, '2018-06-28 06:22:28', 25, NULL, 0),
(1324, 206, '2018', '28/06/2018', 5, 4, 60, '297600.00', 2, '0000-00-00 00:00:00', 0, '2018-06-28 06:22:09', 4, '2018-06-28 06:23:56', 25, NULL, 0),
(1325, 207, '2018', '16/07/2018', 44, 4, 4, '11000.00', 2, '0000-00-00 00:00:00', 0, '2018-07-16 14:09:48', 4, '2018-07-17 16:04:24', 25, NULL, 0),
(1326, 208, '2018', '16/07/2018', 44, 4, 8, '128000.00', 2, '0000-00-00 00:00:00', 0, '2018-07-16 14:12:36', 4, '2018-07-17 16:03:24', 25, NULL, 0),
(1327, 209, '2018', '16/07/2018', 5, 4, 355, '730000.00', 2, '0000-00-00 00:00:00', 0, '2018-07-16 14:15:41', 4, '2018-07-17 16:02:29', 25, NULL, 0),
(1329, 210, '2018', '16/07/2018', 5, 4, 213, '84120.00', 2, '0000-00-00 00:00:00', 0, '2018-07-16 14:21:15', 4, '2018-07-17 16:01:35', 25, NULL, 0),
(1330, 211, '2018', '16/07/2018', 5, 4, 12, '117600.00', 2, '0000-00-00 00:00:00', 0, '2018-07-16 14:24:49', 4, '2018-07-17 16:00:00', 25, NULL, 0),
(1331, 212, '2018', '17/07/2018', 46, 4, 20, '17831.80', 2, '0000-00-00 00:00:00', 0, '2018-07-17 15:40:45', 4, '2018-07-17 15:58:41', 25, NULL, 0),
(1332, 213, '2018', '17/07/2018', 43, 4, 94, '6428.80', 2, '0000-00-00 00:00:00', 0, '2018-07-17 15:43:24', 4, '2018-07-17 15:57:42', 25, NULL, 0),
(1333, 214, '2018', '17/07/2018', 49, 4, 10, '4000.00', 2, '0000-00-00 00:00:00', 0, '2018-07-17 15:52:45', 4, '2018-07-17 15:56:31', 25, NULL, 0),
(1334, 215, '2018', '17/07/2018', 43, 4, 94, '6428.80', 2, '0000-00-00 00:00:00', 0, '2018-07-17 15:54:18', 4, '2018-07-17 15:54:43', 25, NULL, 0),
(1335, 216, '2018', '02/08/2018', 5, 4, 50, '10000.00', 2, '0000-00-00 00:00:00', 0, '2018-08-02 12:57:28', 4, '2018-08-02 14:43:23', 25, NULL, 0),
(1336, 217, '2018', '02/08/2018', 5, 4, 5, '10325.00', 2, '0000-00-00 00:00:00', 0, '2018-08-02 13:00:10', 4, '2018-08-02 14:42:32', 25, NULL, 0),
(1337, 218, '2018', '02/08/2018', 5, 4, 25, '32500.00', 2, '0000-00-00 00:00:00', 0, '2018-08-02 13:01:40', 4, '2018-08-02 14:41:41', 25, NULL, 0),
(1338, 219, '2018', '02/08/2018', 5, 4, 23, '129700.00', 2, '0000-00-00 00:00:00', 0, '2018-08-02 13:04:01', 4, '2018-08-02 14:40:46', 25, NULL, 0),
(1339, 220, '2018', '02/08/2018', 5, 4, 280, '550000.00', 2, '0000-00-00 00:00:00', 0, '2018-08-02 13:10:51', 4, '2018-08-02 14:39:56', 25, NULL, 0),
(1340, 221, '2018', '02/08/2018', 5, 4, 48, '180000.00', 2, '0000-00-00 00:00:00', 0, '2018-08-02 13:13:28', 4, '2018-08-02 14:38:58', 25, NULL, 0),
(1341, 222, '2018', '02/08/2018', 5, 4, 18, '176400.00', 2, '0000-00-00 00:00:00', 0, '2018-08-02 13:15:39', 4, '2018-08-02 14:38:04', 25, NULL, 0),
(1342, 223, '2018', '02/08/2018', 5, 4, 178, '97450.00', 2, '0000-00-00 00:00:00', 0, '2018-08-02 13:34:34', 4, '2018-08-02 14:37:13', 25, NULL, 0),
(1344, 225, '2018', '02/08/2018', 5, 4, 100, '34200.00', 2, '0000-00-00 00:00:00', 0, '2018-08-02 13:36:11', 4, '2018-08-02 14:36:08', 25, NULL, 0),
(1345, 226, '2018', '02/08/2018', 5, 4, 250, '290000.00', 2, '0000-00-00 00:00:00', 0, '2018-08-02 13:38:28', 4, '2018-08-02 14:35:13', 25, NULL, 0),
(1346, 227, '2018', '02/08/2018', 5, 4, 70, '204200.00', 2, '0000-00-00 00:00:00', 0, '2018-08-02 13:42:00', 4, '2018-08-02 14:34:10', 25, NULL, 0),
(1347, 228, '2018', '02/08/2018', 5, 4, 150, '360000.00', 2, '0000-00-00 00:00:00', 0, '2018-08-02 13:43:33', 4, '2018-08-02 14:33:19', 25, NULL, 0),
(1348, 229, '2018', '02/08/2018', 5, 4, 12, '117600.00', 2, '0000-00-00 00:00:00', 0, '2018-08-02 13:44:25', 4, '2018-08-02 14:32:26', 25, NULL, 0),
(1349, 230, '2018', '02/08/2018', 5, 4, 195, '122840.00', 2, '0000-00-00 00:00:00', 0, '2018-08-02 13:46:44', 4, '2018-08-02 14:30:59', 25, NULL, 0),
(1350, 231, '2018', '02/08/2018', 5, 4, 10, '20650.00', 2, '0000-00-00 00:00:00', 0, '2018-08-02 13:47:40', 4, '2018-08-02 14:29:47', 25, NULL, 0),
(1351, 232, '2018', '02/08/2018', 5, 4, 60, '297600.00', 2, '0000-00-00 00:00:00', 0, '2018-08-02 13:50:36', 4, '2018-08-02 14:28:48', 25, NULL, 0),
(1352, 233, '2018', '02/08/2018', 5, 4, 20, '4000.00', 2, '0000-00-00 00:00:00', 0, '2018-08-02 13:52:21', 4, '2018-08-02 14:27:45', 25, NULL, 0),
(1353, 234, '2018', '02/08/2018', 5, 4, 400, '650000.00', 2, '0000-00-00 00:00:00', 0, '2018-08-02 13:54:57', 4, '2018-08-02 14:26:47', 25, NULL, 0),
(1354, 235, '2018', '02/08/2018', 5, 4, 60, '297600.00', 2, '0000-00-00 00:00:00', 0, '2018-08-02 13:56:59', 4, '2018-08-02 14:24:56', 25, NULL, 0),
(1356, 236, '2018', '02/08/2018', 5, 4, 30, '6000.00', 2, '0000-00-00 00:00:00', 0, '2018-08-02 13:58:32', 4, '2018-08-02 14:23:06', 25, NULL, 0),
(1357, 237, '2018', '02/08/2018', 5, 4, 355, '730000.00', 2, '0000-00-00 00:00:00', 0, '2018-08-02 14:04:42', 4, '2018-08-02 14:20:59', 25, NULL, 0),
(1358, 238, '2018', '02/08/2018', 5, 4, 71, '309700.00', 2, '0000-00-00 00:00:00', 0, '2018-08-02 14:07:21', 4, '2018-08-02 14:19:36', 25, NULL, 0),
(1359, 239, '2018', '02/08/2018', 5, 4, 495, '945000.00', 2, '0000-00-00 00:00:00', 0, '2018-08-02 14:09:41', 4, '2018-08-02 14:12:27', 25, NULL, 0),
(1360, 240, '2018', '17/08/2018', 5, 4, 40, '52000.00', 2, '0000-00-00 00:00:00', 0, '2018-08-17 07:58:04', 4, '2018-08-17 14:15:08', 25, NULL, 0),
(1361, 241, '2018', '17/08/2018', 5, 4, 210, '96000.00', 2, '0000-00-00 00:00:00', 0, '2018-08-17 07:59:10', 4, '2018-08-17 14:14:17', 25, NULL, 0),
(1362, 242, '2018', '17/08/2018', 5, 4, 40, '200600.00', 2, '0000-00-00 00:00:00', 0, '2018-08-17 08:00:52', 4, '2018-08-17 14:13:25', 25, NULL, 0),
(1363, 243, '2018', '17/08/2018', 5, 4, 200, '108160.00', 2, '0000-00-00 00:00:00', 0, '2018-08-17 08:01:59', 4, '2018-08-17 14:11:38', 25, NULL, 0),
(1364, 244, '2018', '17/08/2018', 5, 4, 50, '10000.00', 2, '0000-00-00 00:00:00', 0, '2018-08-17 08:02:56', 4, '2018-08-17 14:09:48', 25, NULL, 0),
(1365, 245, '2018', '17/08/2018', 5, 4, 48, '180000.00', 2, '0000-00-00 00:00:00', 0, '2018-08-17 08:04:04', 4, '2018-08-17 14:08:50', 25, NULL, 0),
(1366, 246, '2018', '17/08/2018', 5, 4, 72, '270000.00', 2, '0000-00-00 00:00:00', 0, '2018-08-17 08:05:24', 4, '2018-08-17 14:07:55', 25, NULL, 0),
(1367, 247, '2018', '17/08/2018', 5, 4, 345, '640000.00', 2, '0000-00-00 00:00:00', 0, '2018-08-17 08:07:08', 4, '2018-08-17 14:06:59', 25, NULL, 0),
(1368, 248, '2018', '17/08/2018', 5, 4, 18, '176400.00', 2, '0000-00-00 00:00:00', 0, '2018-08-17 08:09:39', 4, '2018-08-17 14:03:33', 25, NULL, 0),
(1369, 249, '2018', '17/08/2018', 43, 4, 75, '3234.00', 2, '0000-00-00 00:00:00', 0, '2018-08-17 08:11:44', 4, '2018-08-17 13:59:41', 25, NULL, 0),
(1370, 250, '2018', '17/08/2018', 5, 4, 15, '4200.00', 2, '0000-00-00 00:00:00', 0, '2018-08-17 08:13:47', 4, '2018-08-17 13:53:19', 25, NULL, 0),
(1371, 251, '2018', '17/08/2018', 5, 4, 118, '529400.00', 2, '0000-00-00 00:00:00', 0, '2018-08-17 08:16:24', 4, '2018-08-17 13:52:16', 25, NULL, 0),
(1372, 252, '2018', '17/08/2018', 5, 4, 427, '763000.00', 2, '0000-00-00 00:00:00', 0, '2018-08-17 08:55:06', 4, '2018-08-17 13:51:15', 25, NULL, 0),
(1374, 254, '2018', '17/08/2018', 5, 4, 60, '297600.00', 2, '0000-00-00 00:00:00', 0, '2018-08-17 08:59:03', 4, '2018-08-17 13:50:02', 25, NULL, 0),
(1375, 255, '2018', '17/08/2018', 5, 4, 25, '32500.00', 2, '0000-00-00 00:00:00', 0, '2018-08-17 08:59:48', 4, '2018-08-17 13:48:23', 25, NULL, 0),
(1376, 256, '2018', '17/08/2018', 5, 4, 210, '96000.00', 2, '0000-00-00 00:00:00', 0, '2018-08-17 09:00:43', 4, '2018-08-17 13:34:26', 25, NULL, 0),
(1377, 257, '2018', '17/08/2018', 5, 4, 505, '625000.00', 2, '0000-00-00 00:00:00', 0, '2018-08-17 09:03:15', 4, '2018-08-17 13:32:24', 25, NULL, 0),
(1379, 259, '2018', '17/08/2018', 5, 4, 201, '108641.00', 2, '0000-00-00 00:00:00', 0, '2018-08-17 09:38:10', 4, '2018-08-17 13:30:54', 25, NULL, 0),
(1380, 260, '2018', '17/08/2018', 5, 4, 10, '20650.00', 2, '0000-00-00 00:00:00', 0, '2018-08-17 09:40:15', 4, '2018-08-17 13:29:25', 25, NULL, 0),
(1381, 261, '2018', '17/08/2018', 5, 4, 410, '740000.00', 2, '0000-00-00 00:00:00', 0, '2018-08-17 09:44:12', 4, '2018-08-17 13:27:34', 25, NULL, 0),
(1382, 262, '2018', '17/08/2018', 5, 4, 34, '141800.00', 2, '0000-00-00 00:00:00', 0, '2018-08-17 09:48:18', 4, '2018-08-17 13:24:17', 25, NULL, 0),
(1383, 263, '2018', '17/08/2018', 5, 4, 60, '297600.00', 2, '0000-00-00 00:00:00', 0, '2018-08-17 10:02:22', 4, '2018-08-17 13:21:32', 25, NULL, 0),
(1384, 264, '2018', '17/08/2018', 43, 4, 18, '3194.80', 2, '0000-00-00 00:00:00', 0, '2018-08-17 10:03:49', 4, '2018-08-17 13:19:33', 25, NULL, 0),
(1385, 265, '2018', '17/08/2018', 5, 4, 700, '1250000.00', 2, '0000-00-00 00:00:00', 0, '2018-08-17 10:11:38', 4, '2018-08-17 13:16:36', 25, NULL, 0),
(1386, 266, '2018', '17/08/2018', 5, 4, 50, '65000.00', 2, '0000-00-00 00:00:00', 0, '2018-08-17 10:12:43', 4, '2018-08-17 13:13:54', 25, NULL, 0),
(1388, 268, '2018', '17/08/2018', 5, 4, 4, '1920.00', 2, '0000-00-00 00:00:00', 0, '2018-08-17 10:13:39', 4, '2018-08-17 13:11:08', 25, NULL, 0),
(1389, 269, '2018', '17/08/2018', 5, 4, 93, '333900.00', 2, '0000-00-00 00:00:00', 0, '2018-08-17 10:16:12', 4, '2018-08-17 13:07:33', 25, NULL, 0),
(1390, 270, '2018', '17/08/2018', 43, 4, 77, '3234.00', 2, '0000-00-00 00:00:00', 0, '2018-08-17 10:37:14', 4, '2018-08-17 13:06:04', 25, NULL, 0),
(1391, 271, '2018', '17/08/2018', 5, 4, 100, '34200.00', 2, '0000-00-00 00:00:00', 0, '2018-08-17 10:45:47', 4, '2018-08-17 13:04:57', 25, NULL, 0),
(1392, 272, '2018', '17/08/2018', 5, 4, 20, '11640.00', 2, '0000-00-00 00:00:00', 0, '2018-08-17 11:04:05', 4, '2018-08-17 13:02:29', 25, NULL, 0),
(1393, 273, '2018', '17/08/2018', 5, 4, 66, '356400.00', 2, '0000-00-00 00:00:00', 0, '2018-08-17 11:06:32', 4, '2018-08-17 13:01:15', 25, NULL, 0),
(1394, 274, '2018', '17/08/2018', 5, 4, 48, '22128.00', 2, '0000-00-00 00:00:00', 0, '2018-08-17 11:07:21', 4, '2018-08-17 12:59:47', 25, NULL, 0),
(1395, 275, '2018', '17/08/2018', 5, 4, 24, '11064.00', 2, '0000-00-00 00:00:00', 0, '2018-08-17 11:09:38', 4, '2018-08-17 12:57:56', 25, NULL, 0),
(1396, 276, '2018', '17/08/2018', 5, 4, 88, '380600.00', 2, '0000-00-00 00:00:00', 0, '2018-08-17 11:18:25', 4, '2018-08-17 12:51:34', 25, NULL, 0),
(1397, 277, '2018', '17/08/2018', 5, 4, 540, '925000.00', 2, '0000-00-00 00:00:00', 0, '2018-08-17 11:21:43', 4, '2018-08-17 12:50:03', 25, NULL, 0),
(1399, 279, '2018', '17/08/2018', 50, 4, 10, '2149.50', 2, '0000-00-00 00:00:00', 0, '2018-08-17 12:21:28', 4, '2018-08-17 12:27:28', 25, NULL, 0),
(1400, 280, '2018', '17/08/2018', 5, 4, 15, '4584.00', 2, '0000-00-00 00:00:00', 0, '2018-08-17 16:04:31', 4, '2018-08-17 16:05:00', 25, NULL, 0),
(1401, 281, '2018', '18/09/2018', 5, 4, 25, '32500.00', 2, '0000-00-00 00:00:00', 0, '2018-09-18 15:11:39', 4, '2018-09-19 08:52:39', 25, NULL, 0),
(1402, 282, '2018', '18/09/2018', 5, 4, 100, '34200.00', 2, '0000-00-00 00:00:00', 0, '2018-09-18 15:12:22', 4, '2018-09-19 08:51:44', 25, NULL, 0),
(1403, 283, '2018', '18/09/2018', 5, 4, 200, '96000.00', 2, '0000-00-00 00:00:00', 0, '2018-09-18 15:13:38', 4, '2018-09-19 08:50:51', 25, NULL, 0),
(1405, 285, '2018', '18/09/2018', 5, 4, 50, '10000.00', 2, '0000-00-00 00:00:00', 0, '2018-09-18 15:16:21', 4, '2018-09-19 08:49:35', 25, NULL, 0),
(1406, 286, '2018', '18/09/2018', 5, 4, 50, '10000.00', 2, '0000-00-00 00:00:00', 0, '2018-09-18 15:17:42', 4, '2018-09-19 08:48:49', 25, NULL, 0),
(1407, 287, '2018', '18/09/2018', 5, 4, 30, '6000.00', 2, '0000-00-00 00:00:00', 0, '2018-09-18 15:22:51', 4, '2018-09-19 08:47:58', 25, NULL, 0),
(1408, 288, '2018', '18/09/2018', 5, 4, 150, '81120.00', 2, '0000-00-00 00:00:00', 0, '2018-09-18 15:24:22', 4, '2018-09-19 08:47:03', 25, NULL, 0),
(1409, 289, '2018', '18/09/2018', 5, 4, 100, '55000.00', 2, '0000-00-00 00:00:00', 0, '2018-09-18 15:25:07', 4, '2018-09-19 08:46:04', 25, NULL, 0),
(1410, 290, '2018', '18/09/2018', 5, 4, 93, '333900.00', 2, '0000-00-00 00:00:00', 0, '2018-09-18 15:28:46', 4, '2018-09-19 08:44:57', 25, NULL, 0),
(1411, 291, '2018', '18/09/2018', 5, 4, 90, '446400.00', 2, '0000-00-00 00:00:00', 0, '2018-09-18 15:31:26', 4, '2018-09-19 08:43:17', 25, NULL, 0),
(1412, 292, '2018', '18/09/2018', 5, 4, 60, '297600.00', 2, '0000-00-00 00:00:00', 0, '2018-09-18 15:33:59', 4, '2018-09-19 08:39:06', 25, NULL, 0),
(1414, 294, '2018', '18/09/2018', 5, 4, 625, '1105000.00', 2, '0000-00-00 00:00:00', 0, '2018-09-18 15:46:28', 4, '2018-09-19 08:36:22', 25, NULL, 0),
(1415, 295, '2018', '18/09/2018', 5, 4, 82, '343200.00', 2, '0000-00-00 00:00:00', 0, '2018-09-18 15:49:49', 4, '2018-09-19 07:45:20', 25, NULL, 0),
(1416, 296, '2018', '18/09/2018', 44, 4, 110, '150000.00', 2, '0000-00-00 00:00:00', 0, '2018-09-18 15:55:26', 4, '2018-09-19 07:43:19', 25, NULL, 0),
(1417, 297, '2018', '18/09/2018', 5, 4, 25, '32500.00', 2, '0000-00-00 00:00:00', 0, '2018-09-18 15:56:41', 4, '2018-09-19 07:42:22', 25, NULL, 0),
(1418, 298, '2018', '19/09/2018', 5, 4, 380, '435000.00', 2, '0000-00-00 00:00:00', 0, '2018-09-19 07:10:26', 4, '2018-09-19 07:36:52', 25, NULL, 0),
(1419, 299, '2018', '19/09/2018', 5, 4, 520, '214800.00', 2, '0000-00-00 00:00:00', 0, '2018-09-19 07:12:28', 4, '2018-09-19 07:35:47', 25, NULL, 0),
(1420, 300, '2018', '19/09/2018', 5, 4, 300, '720000.00', 2, '0000-00-00 00:00:00', 0, '2018-09-19 07:13:53', 4, '2018-09-19 07:34:46', 25, NULL, 0),
(1421, 301, '2018', '19/09/2018', 5, 4, 200, '108160.00', 2, '0000-00-00 00:00:00', 0, '2018-09-19 07:16:40', 4, '2018-09-19 07:33:01', 25, NULL, 0),
(1422, 302, '2018', '19/09/2018', 5, 4, 18, '176400.00', 2, '0000-00-00 00:00:00', 0, '2018-09-19 07:17:41', 4, '2018-09-19 07:30:08', 25, NULL, 0),
(1423, 303, '2018', '19/09/2018', 5, 4, 400, '440000.00', 2, '0000-00-00 00:00:00', 0, '2018-09-19 07:20:15', 4, '2018-09-19 07:29:05', 25, NULL, 0),
(1424, 304, '2018', '19/09/2018', 5, 4, 34, '141800.00', 2, '0000-00-00 00:00:00', 0, '2018-09-19 07:22:12', 4, '2018-09-19 07:27:42', 25, NULL, 0),
(1425, 305, '2018', '19/09/2018', 5, 4, 50, '65000.00', 2, '0000-00-00 00:00:00', 0, '2018-09-19 07:22:58', 4, '2018-09-19 07:26:36', 25, NULL, 0),
(1426, 306, '2018', '19/09/2018', 5, 4, 260, '380000.00', 2, '0000-00-00 00:00:00', 0, '2018-09-19 07:24:12', 4, '2018-09-19 07:25:00', 25, NULL, 0),
(1427, 307, '2018', '19/09/2018', 43, 4, 42, '6389.60', 2, '0000-00-00 00:00:00', 0, '2018-09-19 08:55:31', 4, '2018-09-19 08:55:48', 25, NULL, 0),
(1428, 308, '2018', '19/10/2018', 5, 4, 18, '176400.00', 2, '0000-00-00 00:00:00', 0, '2018-10-19 08:32:38', 4, '2018-10-19 10:27:13', 25, NULL, 0),
(1430, 310, '2018', '19/10/2018', 43, 4, 95, '6428.80', 2, '0000-00-00 00:00:00', 0, '2018-10-19 08:37:49', 4, '2018-10-19 10:25:47', 25, NULL, 0),
(1431, 311, '2018', '19/10/2018', 5, 4, 370, '345000.00', 2, '0000-00-00 00:00:00', 0, '2018-10-19 08:39:55', 4, '2018-10-19 10:24:43', 25, NULL, 0),
(1432, 312, '2018', '19/10/2018', 5, 4, 200, '108160.00', 2, '0000-00-00 00:00:00', 0, '2018-10-19 08:44:16', 4, '2018-10-19 10:22:51', 25, NULL, 0),
(1433, 313, '2018', '19/10/2018', 5, 4, 128, '93128.00', 2, '0000-00-00 00:00:00', 0, '2018-10-19 08:51:01', 4, '2018-10-19 10:21:30', 25, NULL, 0),
(1434, 314, '2018', '19/10/2018', 5, 4, 18, '176400.00', 2, '0000-00-00 00:00:00', 0, '2018-10-19 08:59:23', 4, '2018-10-19 10:16:46', 25, NULL, 0),
(1435, 315, '2018', '19/10/2018', 5, 4, 280, '550000.00', 2, '0000-00-00 00:00:00', 0, '2018-10-19 09:02:30', 4, '2018-10-19 10:15:19', 25, NULL, 0),
(1436, 316, '2018', '19/10/2018', 5, 4, 82, '321800.00', 2, '0000-00-00 00:00:00', 0, '2018-10-19 09:06:04', 4, '2018-10-19 10:14:17', 25, NULL, 0),
(1437, 317, '2018', '19/10/2018', 5, 4, 540, '875000.00', 2, '0000-00-00 00:00:00', 0, '2018-10-19 09:12:47', 4, '2018-10-19 10:13:06', 25, NULL, 0),
(1438, 318, '2018', '19/10/2018', 5, 4, 12, '117600.00', 2, '0000-00-00 00:00:00', 0, '2018-10-19 09:54:45', 4, '2018-10-19 10:12:01', 25, NULL, 0),
(1439, 319, '2018', '19/10/2018', 5, 4, 130, '190000.00', 2, '0000-00-00 00:00:00', 0, '2018-10-19 09:55:37', 4, '2018-10-19 10:10:24', 25, NULL, 0),
(1440, 320, '2018', '19/10/2018', 43, 4, 151, '6468.00', 2, '0000-00-00 00:00:00', 0, '2018-10-19 09:57:55', 4, '2018-10-19 10:04:47', 25, NULL, 0),
(1441, 321, '2018', '23/10/2018', 5, 4, 150, '360000.00', 2, '0000-00-00 00:00:00', 0, '2018-10-23 07:26:07', 4, '2018-10-23 11:28:21', 25, NULL, 0),
(1442, 322, '2018', '23/10/2018', 5, 4, 210, '96000.00', 2, '0000-00-00 00:00:00', 0, '2018-10-23 07:27:16', 4, '2018-10-23 11:27:24', 25, NULL, 0),
(1443, 323, '2018', '23/10/2018', 5, 4, 435, '440000.00', 2, '0000-00-00 00:00:00', 0, '2018-10-23 07:29:56', 4, '2018-10-23 11:26:32', 25, NULL, 0),
(1444, 324, '2018', '23/10/2018', 5, 4, 60, '297600.00', 2, '0000-00-00 00:00:00', 0, '2018-10-23 07:34:03', 4, '2018-10-23 11:25:42', 25, NULL, 0),
(1445, 325, '2018', '23/10/2018', 5, 4, 200, '108160.00', 2, '0000-00-00 00:00:00', 0, '2018-10-23 07:35:25', 4, '2018-10-23 11:24:49', 25, NULL, 0),
(1446, 326, '2018', '23/10/2018', 5, 4, 105, '48000.00', 2, '0000-00-00 00:00:00', 0, '2018-10-23 08:01:48', 4, '2018-10-23 11:23:57', 25, NULL, 0),
(1447, 327, '2018', '23/10/2018', 5, 4, 50, '10000.00', 2, '0000-00-00 00:00:00', 0, '2018-10-23 08:03:00', 4, '2018-10-23 11:22:23', 25, NULL, 0),
(1448, 328, '2018', '23/10/2018', 5, 4, 225, '540000.00', 2, '0000-00-00 00:00:00', 0, '2018-10-23 08:05:24', 4, '2018-10-23 10:58:08', 25, NULL, 0),
(1450, 329, '2018', '23/10/2018', 43, 4, 18, '3194.80', 2, '0000-00-00 00:00:00', 0, '2018-10-23 08:08:02', 4, '2018-10-23 10:53:28', 25, NULL, 0),
(1451, 330, '2018', '23/10/2018', 46, 4, 20, '17831.80', 2, '0000-00-00 00:00:00', 0, '2018-10-23 08:08:54', 4, '2018-10-23 10:43:37', 25, NULL, 0),
(1452, 331, '2018', '23/10/2018', 5, 4, 18, '176400.00', 2, '0000-00-00 00:00:00', 0, '2018-10-23 08:09:40', 4, '2018-10-23 10:42:16', 25, NULL, 0),
(1453, 332, '2018', '23/10/2018', 5, 4, 195, '285000.00', 2, '0000-00-00 00:00:00', 0, '2018-10-23 08:10:40', 4, '2018-10-23 10:41:10', 25, NULL, 0),
(1454, 333, '2018', '23/10/2018', 5, 4, 100, '34200.00', 2, '0000-00-00 00:00:00', 0, '2018-10-23 08:11:49', 4, '2018-10-23 10:36:31', 25, NULL, 0),
(1455, 334, '2018', '23/10/2018', 5, 4, 60, '27660.00', 2, '0000-00-00 00:00:00', 0, '2018-10-23 08:13:43', 4, '2018-10-23 10:35:28', 25, NULL, 0),
(1456, 335, '2018', '23/10/2018', 5, 4, 120, '100000.00', 2, '0000-00-00 00:00:00', 0, '2018-10-23 08:15:39', 4, '2018-10-23 10:33:50', 25, NULL, 0),
(1457, 336, '2018', '23/10/2018', 5, 4, 570, '1080000.00', 2, '0000-00-00 00:00:00', 0, '2018-10-23 08:24:00', 4, '2018-10-23 10:15:07', 25, NULL, 0),
(1458, 337, '2018', '23/10/2018', 5, 4, 40, '200600.00', 2, '0000-00-00 00:00:00', 0, '2018-10-23 08:27:26', 4, '2018-10-23 10:12:32', 25, NULL, 0),
(1459, 338, '2018', '16/11/2018', 5, 4, 260, '380000.00', 2, '0000-00-00 00:00:00', 0, '2018-11-16 15:37:12', 4, '2018-11-16 15:37:50', 25, NULL, 0),
(1461, 340, '2018', '17/11/2018', 5, 4, 215, '108160.00', 2, '0000-00-00 00:00:00', 0, '2018-11-17 11:39:05', 4, '2018-11-17 11:39:48', 25, NULL, 0),
(1462, 341, '2018', '26/11/2018', 5, 4, 200, '108160.00', 2, '0000-00-00 00:00:00', 0, '2018-11-26 12:37:49', 4, '2018-11-26 15:22:06', 25, NULL, 0),
(1463, 342, '2018', '26/11/2018', 5, 4, 260, '380000.00', 2, '0000-00-00 00:00:00', 0, '2018-11-26 12:40:23', 4, '2018-11-26 15:21:12', 25, NULL, 0),
(1464, 343, '2018', '26/11/2018', 43, 4, 152, '6468.00', 2, '0000-00-00 00:00:00', 0, '2018-11-26 12:44:42', 4, '2018-11-26 15:20:02', 25, NULL, 0),
(1465, 344, '2018', '26/11/2018', 5, 4, 88, '380600.00', 2, '0000-00-00 00:00:00', 0, '2018-11-26 12:49:57', 4, '2018-11-26 15:19:01', 25, NULL, 0),
(1466, 345, '2018', '26/11/2018', 5, 4, 310, '130200.00', 2, '0000-00-00 00:00:00', 0, '2018-11-26 12:59:05', 4, '2018-11-26 15:18:04', 25, NULL, 0),
(1467, 346, '2018', '26/11/2018', 5, 4, 18, '176400.00', 2, '0000-00-00 00:00:00', 0, '2018-11-26 13:00:56', 4, '2018-11-26 15:17:12', 25, NULL, 0),
(1468, 347, '2018', '26/11/2018', 5, 4, 34, '163200.00', 2, '0000-00-00 00:00:00', 0, '2018-11-26 13:02:42', 4, '2018-11-26 15:14:53', 25, NULL, 0),
(1469, 348, '2018', '26/11/2018', 5, 4, 15, '4584.00', 2, '0000-00-00 00:00:00', 0, '2018-11-26 13:20:02', 4, '2018-11-26 15:13:40', 25, NULL, 0),
(1470, 349, '2018', '26/11/2018', 5, 4, 485, '920000.00', 2, '0000-00-00 00:00:00', 0, '2018-11-26 13:22:56', 4, '2018-11-26 15:10:30', 25, NULL, 0),
(1471, 350, '2018', '26/11/2018', 5, 4, 12, '117600.00', 2, '0000-00-00 00:00:00', 0, '2018-11-26 13:23:45', 4, '2018-11-26 15:09:32', 25, NULL, 0),
(1472, 351, '2018', '26/11/2018', 5, 4, 48, '180000.00', 2, '0000-00-00 00:00:00', 0, '2018-11-26 13:24:40', 4, '2018-11-26 15:08:44', 25, NULL, 0),
(1473, 352, '2018', '26/11/2018', 5, 4, 120, '100000.00', 2, '0000-00-00 00:00:00', 0, '2018-11-26 13:26:31', 4, '2018-11-26 15:07:41', 25, NULL, 0),
(1474, 353, '2018', '26/11/2018', 5, 4, 75, '42500.00', 2, '0000-00-00 00:00:00', 0, '2018-11-26 13:30:40', 4, '2018-11-26 15:05:59', 25, NULL, 0),
(1475, 354, '2018', '26/11/2018', 5, 4, 495, '835000.00', 2, '0000-00-00 00:00:00', 0, '2018-11-26 13:34:26', 4, '2018-11-26 15:04:37', 25, NULL, 0),
(1476, 355, '2018', '26/11/2018', 5, 4, 82, '321800.00', 2, '0000-00-00 00:00:00', 0, '2018-11-26 13:36:45', 4, '2018-11-26 15:03:05', 25, NULL, 0),
(1477, 356, '2018', '26/11/2018', 5, 4, 213, '97440.00', 2, '0000-00-00 00:00:00', 0, '2018-11-26 13:39:34', 4, '2018-11-26 15:01:34', 25, NULL, 0),
(1478, 357, '2018', '26/11/2018', 5, 4, 200, '108160.00', 2, '0000-00-00 00:00:00', 0, '2018-11-26 13:42:05', 4, '2018-11-26 15:00:06', 25, NULL, 0),
(1479, 358, '2018', '26/11/2018', 5, 4, 420, '825000.00', 2, '0000-00-00 00:00:00', 0, '2018-11-26 13:43:47', 4, '2018-11-26 14:58:33', 25, NULL, 0),
(1480, 359, '2018', '26/11/2018', 49, 4, 12, '4800.00', 2, '0000-00-00 00:00:00', 0, '2018-11-26 13:50:25', 4, '2018-11-26 14:57:19', 25, NULL, 0),
(1481, 360, '2018', '26/11/2018', 5, 4, 60, '297600.00', 2, '0000-00-00 00:00:00', 0, '2018-11-26 13:53:05', 4, '2018-11-26 14:56:14', 25, NULL, 0),
(1482, 361, '2018', '26/11/2018', 5, 4, 61, '49096.00', 2, '0000-00-00 00:00:00', 0, '2018-11-26 13:59:19', 4, '2018-11-26 14:55:14', 25, NULL, 0),
(1483, 362, '2018', '26/11/2018', 50, 4, 10, '2149.50', 2, '0000-00-00 00:00:00', 0, '2018-11-26 14:03:28', 4, '2018-11-26 14:53:44', 25, NULL, 0),
(1484, 363, '2018', '26/11/2018', 5, 4, 120, '100000.00', 2, '0000-00-00 00:00:00', 0, '2018-11-26 14:04:32', 4, '2018-11-26 14:52:44', 25, NULL, 0),
(1485, 364, '2018', '26/11/2018', 5, 4, 18, '176400.00', 2, '0000-00-00 00:00:00', 0, '2018-11-26 14:05:18', 4, '2018-11-26 14:51:26', 25, NULL, 0),
(1486, 365, '2018', '26/11/2018', 5, 4, 225, '140660.00', 2, '0000-00-00 00:00:00', 0, '2018-11-26 14:08:25', 4, '2018-11-26 14:49:52', 25, NULL, 0),
(1487, 366, '2018', '26/11/2018', 5, 4, 280, '550000.00', 2, '0000-00-00 00:00:00', 0, '2018-11-26 14:09:59', 4, '2018-11-26 14:48:32', 25, NULL, 0),
(1489, 367, '2018', '26/11/2018', 5, 4, 48, '180000.00', 2, '0000-00-00 00:00:00', 0, '2018-11-26 14:14:44', 4, '2018-11-26 14:47:32', 25, NULL, 0),
(1490, 368, '2018', '26/11/2018', 5, 4, 40, '200600.00', 2, '0000-00-00 00:00:00', 0, '2018-11-26 14:16:25', 4, '2018-11-26 14:46:19', 25, NULL, 0),
(1491, 369, '2018', '26/11/2018', 5, 4, 12, '117600.00', 2, '0000-00-00 00:00:00', 0, '2018-11-26 14:19:56', 4, '2018-11-26 14:40:05', 25, NULL, 0),
(1492, 370, '2018', '26/11/2018', 5, 4, 50, '10000.00', 2, '0000-00-00 00:00:00', 0, '2018-11-26 14:20:46', 4, '2018-11-26 14:38:48', 25, NULL, 0),
(1493, 371, '2018', '26/11/2018', 5, 4, 210, '96000.00', 2, '0000-00-00 00:00:00', 0, '2018-11-26 14:24:08', 4, '2018-11-26 14:36:29', 25, NULL, 0),
(1494, 372, '2018', '26/11/2018', 5, 4, 120, '100000.00', 2, '0000-00-00 00:00:00', 0, '2018-11-26 14:31:50', 4, '2018-11-26 14:35:19', 25, NULL, 0),
(1495, 373, '2018', '26/11/2018', 5, 4, 48, '180000.00', 2, '0000-00-00 00:00:00', 0, '2018-11-26 14:32:39', 4, '2018-11-26 14:33:27', 25, NULL, 0),
(1496, 374, '2018', '27/12/2018', 5, 4, 400, '605000.00', 2, '0000-00-00 00:00:00', 0, '2018-12-27 10:10:36', 4, '2018-12-27 12:56:53', 25, NULL, 0),
(1497, 375, '2018', '27/12/2018', 5, 4, 41, '160900.00', 2, '0000-00-00 00:00:00', 0, '2018-12-27 10:13:54', 4, '2018-12-27 12:54:48', 25, NULL, 0),
(1498, 376, '2018', '27/12/2018', 5, 4, 88, '380600.00', 2, '0000-00-00 00:00:00', 0, '2018-12-27 10:18:40', 4, '2018-12-27 12:53:14', 25, NULL, 0),
(1499, 377, '2018', '27/12/2018', 5, 4, 420, '825000.00', 2, '0000-00-00 00:00:00', 0, '2018-12-27 10:22:01', 4, '2018-12-27 12:52:00', 25, NULL, 0),
(1501, 379, '2018', '27/12/2018', 5, 4, 22, '45600.00', 2, '0000-00-00 00:00:00', 0, '2018-12-27 12:58:00', 4, '2018-12-27 12:58:20', 25, NULL, 0),
(1502, 380, '2018', '27/12/2018', 5, 4, 370, '212820.00', 2, '0000-00-00 00:00:00', 0, '2018-12-27 10:32:49', 4, '2018-12-27 12:50:36', 25, NULL, 0),
(1503, 381, '2018', '27/12/2018', 5, 4, 500, '535000.00', 2, '0000-00-00 00:00:00', 0, '2018-12-27 10:37:28', 4, '2018-12-27 12:48:46', 25, NULL, 0),
(1504, 382, '2018', '27/12/2018', 5, 4, 18, '176400.00', 2, '0000-00-00 00:00:00', 0, '2018-12-27 10:54:03', 4, '2018-12-27 12:47:04', 25, NULL, 0),
(1505, 383, '2018', '27/12/2018', 5, 4, 221, '101200.00', 2, '0000-00-00 00:00:00', 0, '2018-12-27 10:58:32', 4, '2018-12-27 12:45:51', 25, NULL, 0),
(1506, 384, '2018', '27/12/2018', 5, 4, 450, '960000.00', 2, '0000-00-00 00:00:00', 0, '2018-12-27 11:02:36', 4, '2018-12-27 12:44:33', 25, NULL, 0),
(1507, 385, '2018', '27/12/2018', 5, 4, 10, '520.00', 2, '0000-00-00 00:00:00', 0, '2018-12-27 11:04:22', 4, '2018-12-27 12:42:33', 25, NULL, 0),
(1508, 386, '2018', '27/12/2018', 5, 4, 66, '356400.00', 2, '0000-00-00 00:00:00', 0, '2018-12-27 11:06:32', 4, '2018-12-27 12:41:29', 25, NULL, 0),
(1509, 387, '2018', '27/12/2018', 5, 4, 100, '34200.00', 2, '0000-00-00 00:00:00', 0, '2018-12-27 11:07:12', 4, '2018-12-27 12:40:25', 25, NULL, 0),
(1510, 388, '2018', '27/12/2018', 5, 4, 100, '34200.00', 2, '0000-00-00 00:00:00', 0, '2018-12-27 11:12:08', 4, '2018-12-27 12:37:30', 25, NULL, 0),
(1511, 389, '2018', '27/12/2018', 5, 4, 71, '309700.00', 2, '0000-00-00 00:00:00', 0, '2018-12-27 11:13:57', 4, '2018-12-27 12:36:25', 25, NULL, 0),
(1512, 390, '2018', '27/12/2018', 5, 4, 22, '45600.00', 2, '0000-00-00 00:00:00', 0, '2018-12-27 11:16:19', 4, '2018-12-27 12:34:00', 25, NULL, 0),
(1513, 391, '2018', '27/12/2018', 5, 4, 66, '356400.00', 2, '0000-00-00 00:00:00', 0, '2018-12-27 11:18:36', 4, '2018-12-27 12:33:02', 25, NULL, 0),
(1514, 392, '2018', '27/12/2018', 5, 4, 540, '925000.00', 2, '0000-00-00 00:00:00', 0, '2018-12-27 11:21:05', 4, '2018-12-27 12:29:47', 25, NULL, 0),
(1515, 393, '2018', '27/12/2018', 5, 4, 57, '10984.00', 2, '0000-00-00 00:00:00', 0, '2018-12-27 11:25:09', 4, '2018-12-27 12:28:24', 25, NULL, 0),
(1516, 394, '2018', '27/12/2018', 5, 4, 225, '140660.00', 2, '0000-00-00 00:00:00', 0, '2018-12-27 12:10:08', 4, '2018-12-27 12:27:10', 25, NULL, 0),
(1517, 395, '2018', '27/12/2018', 5, 4, 92, '249800.00', 2, '0000-00-00 00:00:00', 0, '2018-12-27 12:12:59', 4, '2018-12-27 12:25:51', 25, NULL, 0),
(1518, 396, '2018', '27/12/2018', 5, 4, 66, '356400.00', 2, '0000-00-00 00:00:00', 0, '2018-12-27 12:14:25', 4, '2018-12-27 12:24:39', 25, NULL, 0),
(1519, 397, '2018', '27/12/2018', 5, 4, 735, '1160000.00', 2, '0000-00-00 00:00:00', 0, '2018-12-27 12:22:01', 4, '2018-12-27 12:23:14', 25, NULL, 0),
(1520, 1, '2019', '17/01/2019', 5, 4, 136, '560600.00', 2, '0000-00-00 00:00:00', 0, '2019-01-17 07:39:19', 4, '2019-01-17 10:27:33', 25, NULL, 0),
(1521, 2, '2019', '17/01/2019', 43, 4, 151, '6468.00', 2, '0000-00-00 00:00:00', 0, '2019-01-17 07:43:37', 4, '2019-01-17 10:26:28', 25, NULL, 0),
(1522, 3, '2019', '17/01/2019', 5, 4, 88, '380600.00', 2, '0000-00-00 00:00:00', 0, '2019-01-17 07:49:06', 4, '2019-01-17 10:25:31', 25, NULL, 0),
(1523, 4, '2019', '17/01/2019', 5, 4, 48, '22128.00', 2, '0000-00-00 00:00:00', 0, '2019-01-17 07:51:01', 4, '2019-01-17 10:24:14', 25, NULL, 0),
(1524, 5, '2019', '17/01/2019', 44, 4, 110, '150000.00', 2, '0000-00-00 00:00:00', 0, '2019-01-17 07:54:44', 4, '2019-01-17 10:21:40', 25, NULL, 0),
(1525, 6, '2019', '17/01/2019', 5, 4, 88, '402000.00', 2, '0000-00-00 00:00:00', 0, '2019-01-17 07:59:42', 4, '2019-01-17 10:20:26', 25, NULL, 0),
(1526, 7, '2019', '17/01/2019', 5, 4, 200, '108160.00', 2, '0000-00-00 00:00:00', 0, '2019-01-17 08:01:28', 4, '2019-01-17 10:18:16', 25, NULL, 0),
(1527, 8, '2019', '17/01/2019', 5, 4, 138, '53904.00', 2, '0000-00-00 00:00:00', 0, '2019-01-17 08:26:08', 4, '2019-01-17 10:17:16', 25, NULL, 0),
(1530, 9, '2019', '17/01/2019', 5, 4, 50, '10000.00', 2, '0000-00-00 00:00:00', 0, '2019-01-17 08:34:18', 4, '2019-01-17 10:16:06', 25, NULL, 0),
(1531, 10, '2019', '17/01/2019', 5, 4, 25, '32500.00', 2, '0000-00-00 00:00:00', 0, '2019-01-17 08:35:05', 4, '2019-01-17 10:14:28', 25, NULL, 0),
(1532, 11, '2019', '17/01/2019', 5, 4, 1390, '2540000.00', 2, '0000-00-00 00:00:00', 0, '2019-01-17 08:44:47', 4, '2019-01-17 10:12:42', 25, NULL, 0),
(1533, 12, '2019', '17/01/2019', 5, 4, 66, '356400.00', 2, '0000-00-00 00:00:00', 0, '2019-01-17 08:46:13', 4, '2019-01-17 10:10:00', 25, NULL, 0),
(1534, 13, '2019', '17/01/2019', 5, 4, 66, '356400.00', 2, '0000-00-00 00:00:00', 0, '2019-01-17 10:28:35', 4, '2019-01-17 10:28:51', 25, NULL, 0),
(1535, 14, '2019', '17/01/2019', 5, 4, 22, '24200.00', 2, '0000-00-00 00:00:00', 0, '2019-01-17 08:48:50', 4, '2019-01-17 10:08:51', 25, NULL, 0),
(1536, 15, '2019', '17/01/2019', 43, 4, 40, '6389.60', 2, '0000-00-00 00:00:00', 0, '2019-01-17 08:49:56', 4, '2019-01-17 10:07:54', 25, NULL, 0),
(1537, 16, '2019', '17/01/2019', 5, 4, 225, '360000.00', 2, '0000-00-00 00:00:00', 0, '2019-01-17 08:51:09', 4, '2019-01-17 10:05:56', 25, NULL, 0),
(1538, 17, '2019', '17/01/2019', 5, 4, 225, '140660.00', 2, '0000-00-00 00:00:00', 0, '2019-01-17 08:53:44', 4, '2019-01-17 10:04:20', 25, NULL, 0),
(1541, 19, '2019', '17/01/2019', 5, 4, 114, '536400.00', 2, '0000-00-00 00:00:00', 0, '2019-01-17 08:59:10', 4, '2019-01-17 10:03:18', 25, NULL, 0),
(1542, 20, '2019', '17/01/2019', 50, 4, 10, '2149.50', 2, '0000-00-00 00:00:00', 0, '2019-01-17 09:02:00', 4, '2019-01-17 10:00:15', 25, NULL, 0),
(1544, 22, '2019', '17/01/2019', 5, 4, 435, '440000.00', 2, '0000-00-00 00:00:00', 0, '2019-01-17 09:12:53', 4, '2019-01-17 09:59:06', 25, NULL, 0),
(1545, 23, '2019', '17/01/2019', 5, 4, 84, '387600.00', 2, '0000-00-00 00:00:00', 0, '2019-01-17 09:27:25', 4, '2019-01-17 09:57:39', 25, NULL, 0),
(1546, 24, '2019', '17/01/2019', 5, 4, 300, '720000.00', 2, '0000-00-00 00:00:00', 0, '2019-01-17 09:28:31', 4, '2019-01-17 09:56:10', 25, NULL, 0),
(1547, 25, '2019', '17/01/2019', 5, 4, 110, '92660.00', 2, '0000-00-00 00:00:00', 0, '2019-01-17 09:33:03', 4, '2019-01-17 09:53:51', 25, NULL, 0),
(1548, 26, '2019', '17/01/2019', 5, 4, 300, '720000.00', 2, '0000-00-00 00:00:00', 0, '2019-01-17 09:35:45', 4, '2019-01-17 09:52:50', 25, NULL, 0),
(1549, 27, '2019', '17/01/2019', 5, 4, 50, '10000.00', 2, '0000-00-00 00:00:00', 0, '2019-01-17 09:37:06', 4, '2019-01-17 09:50:39', 25, NULL, 0),
(1550, 28, '2019', '17/01/2019', 5, 4, 315, '144000.00', 2, '0000-00-00 00:00:00', 0, '2019-01-17 09:38:05', 4, '2019-01-17 09:43:37', 25, NULL, 0),
(1551, 29, '2019', '17/01/2019', 5, 4, 18, '176400.00', 2, '0000-00-00 00:00:00', 0, '2019-01-17 09:38:55', 4, '2019-01-17 09:42:31', 25, NULL, 0),
(1552, 30, '2019', '17/01/2019', 5, 4, 70, '204200.00', 2, '0000-00-00 00:00:00', 0, '2019-01-17 09:40:16', 4, '2019-01-17 09:40:50', 25, NULL, 0),
(1553, 31, '2019', '08/02/2019', 5, 4, 48, '31000.00', 2, '0000-00-00 00:00:00', 0, '2019-02-08 15:09:32', 4, '2019-02-08 16:00:37', 25, NULL, 0),
(1554, 32, '2019', '08/02/2019', 5, 4, 310, '130200.00', 2, '0000-00-00 00:00:00', 0, '2019-02-08 15:11:35', 4, '2019-02-08 15:59:40', 25, NULL, 0),
(1555, 33, '2019', '08/02/2019', 5, 4, 240, '155000.00', 2, '0000-00-00 00:00:00', 0, '2019-02-08 15:13:15', 4, '2019-02-08 15:58:19', 25, NULL, 0),
(1556, 34, '2019', '08/02/2019', 5, 4, 82, '321800.00', 2, '0000-00-00 00:00:00', 0, '2019-02-08 15:16:03', 4, '2019-02-08 15:56:53', 25, NULL, 0),
(1557, 35, '2019', '08/02/2019', 5, 4, 260, '290000.00', 2, '0000-00-00 00:00:00', 0, '2019-02-08 15:18:46', 4, '2019-02-08 15:55:17', 25, NULL, 0),
(1558, 36, '2019', '08/02/2019', 5, 4, 1020, '1407500.00', 2, '0000-00-00 00:00:00', 0, '2019-02-08 15:30:04', 4, '2019-02-08 15:53:10', 25, NULL, 0),
(1559, 37, '2019', '08/02/2019', 5, 4, 48, '180000.00', 2, '0000-00-00 00:00:00', 0, '2019-02-08 15:31:12', 4, '2019-02-08 15:52:13', 25, NULL, 0),
(1560, 38, '2019', '08/02/2019', 5, 4, 82, '321800.00', 2, '0000-00-00 00:00:00', 0, '2019-02-08 15:34:17', 4, '2019-02-08 15:50:46', 25, NULL, 0),
(1561, 39, '2019', '08/02/2019', 5, 4, 100, '34200.00', 2, '0000-00-00 00:00:00', 0, '2019-02-08 15:38:47', 4, '2019-02-08 15:49:52', 25, NULL, 0),
(1562, 40, '2019', '08/02/2019', 5, 4, 200, '108160.00', 2, '0000-00-00 00:00:00', 0, '2019-02-08 15:39:30', 4, '2019-02-08 15:45:59', 25, NULL, 0),
(1563, 41, '2019', '08/02/2019', 43, 4, 94, '6428.80', 2, '0000-00-00 00:00:00', 0, '2019-02-08 15:43:41', 4, '2019-02-08 15:44:10', 25, NULL, 0),
(1564, 42, '2019', '25/02/2019', 5, 4, 60, '297600.00', 2, '0000-00-00 00:00:00', 0, '2019-02-25 15:41:10', 4, '2019-02-26 09:56:10', 25, NULL, 0),
(1565, 43, '2019', '25/02/2019', 5, 4, 200, '108160.00', 2, '0000-00-00 00:00:00', 0, '2019-02-25 15:41:49', 4, '2019-02-26 09:55:21', 25, NULL, 0),
(1566, 44, '2019', '25/02/2019', 5, 4, 208, '83760.00', 2, '0000-00-00 00:00:00', 0, '2019-02-25 15:43:13', 4, '2019-02-26 09:54:26', 25, NULL, 0),
(1567, 45, '2019', '25/02/2019', 5, 4, 90, '446400.00', 2, '0000-00-00 00:00:00', 0, '2019-02-25 15:44:33', 4, '2019-02-26 09:53:16', 25, NULL, 0),
(1568, 46, '2019', '25/02/2019', 5, 4, 18, '176400.00', 2, '0000-00-00 00:00:00', 0, '2019-02-25 15:45:17', 4, '2019-02-26 09:52:24', 25, NULL, 0);
INSERT INTO `POhead` (`id`, `po_number`, `po_year`, `po_date`, `supplier_id`, `po_user_id`, `total_qty`, `total_price`, `receive`, `receive_date`, `receive_user_id`, `accept1_date`, `accept1_user_id`, `accept2_date`, `accept2_user_id`, `accept3_date`, `accept3_user_id`) VALUES
(1569, 47, '2019', '25/02/2019', 5, 4, 300, '720000.00', 2, '0000-00-00 00:00:00', 0, '2019-02-25 15:46:20', 4, '2019-02-26 09:51:19', 25, NULL, 0),
(1570, 48, '2019', '25/02/2019', 43, 4, 162, '8065.40', 2, '0000-00-00 00:00:00', 0, '2019-02-25 15:48:38', 4, '2019-02-26 09:50:18', 25, NULL, 0),
(1571, 49, '2019', '25/02/2019', 5, 4, 105, '327700.00', 2, '0000-00-00 00:00:00', 0, '2019-02-25 15:50:21', 4, '2019-02-26 09:48:56', 25, NULL, 0),
(1572, 50, '2019', '25/02/2019', 5, 4, 300, '205000.00', 2, '0000-00-00 00:00:00', 0, '2019-02-25 15:56:24', 4, '2019-02-26 09:46:09', 25, NULL, 0),
(1575, 51, '2019', '25/02/2019', 5, 4, 110, '92660.00', 2, '0000-00-00 00:00:00', 0, '2019-02-25 16:01:32', 4, '2019-02-25 16:48:21', 25, NULL, 0),
(1576, 52, '2019', '25/02/2019', 5, 4, 410, '740000.00', 2, '0000-00-00 00:00:00', 0, '2019-02-25 16:02:54', 4, '2019-02-25 16:39:08', 25, NULL, 0),
(1577, 53, '2019', '25/02/2019', 5, 4, 18, '176400.00', 2, '0000-00-00 00:00:00', 0, '2019-02-25 16:03:42', 4, '2019-02-25 16:34:19', 25, NULL, 0),
(1578, 54, '2019', '25/02/2019', 5, 4, 450, '1080000.00', 2, '0000-00-00 00:00:00', 0, '2019-02-25 16:04:20', 4, '2019-02-25 16:32:41', 25, NULL, 0),
(1579, 55, '2019', '25/02/2019', 5, 4, 88, '380600.00', 2, '0000-00-00 00:00:00', 0, '2019-02-25 16:06:02', 4, '2019-02-25 16:31:42', 25, NULL, 0),
(1581, 57, '2019', '25/02/2019', 43, 4, 127, '7851.76', 2, '0000-00-00 00:00:00', 0, '2019-02-25 16:10:57', 4, '2019-02-25 16:25:56', 25, NULL, 0),
(1582, 58, '2019', '25/02/2019', 5, 4, 280, '124160.00', 2, '0000-00-00 00:00:00', 0, '2019-02-25 16:12:27', 4, '2019-02-25 16:23:52', 25, NULL, 0),
(1583, 59, '2019', '25/02/2019', 5, 4, 210, '96000.00', 2, '0000-00-00 00:00:00', 0, '2019-02-25 16:13:09', 4, '2019-02-25 16:21:46', 25, NULL, 0),
(1584, 60, '2019', '25/02/2019', 5, 4, 18, '176400.00', 2, '0000-00-00 00:00:00', 0, '2019-02-25 16:14:00', 4, '2019-02-25 16:17:14', 25, NULL, 0);

-- --------------------------------------------------------

--
-- Table structure for table `POuserAccept`
--

CREATE TABLE `POuserAccept` (
  `UID` int(11) NOT NULL,
  `UserName` varchar(255) DEFAULT NULL
) ENGINE=InnoDB DEFAULT CHARSET=utf8;

--
-- Dumping data for table `POuserAccept`
--

INSERT INTO `POuserAccept` (`UID`, `UserName`) VALUES
(4, 'rx'),
(25, 'thitikorn'),
(31, 'ubon2');

-- --------------------------------------------------------

--
-- Table structure for table `PR`
--

CREATE TABLE `PR` (
  `id` int(11) NOT NULL,
  `item_id` int(11) DEFAULT NULL,
  `item_name` varchar(255) DEFAULT NULL,
  `qty` int(11) DEFAULT NULL,
  `unit_price` decimal(11,2) DEFAULT NULL,
  `total_price` decimal(11,2) DEFAULT NULL,
  `req_user_id` int(11) DEFAULT NULL,
  `req_date` datetime DEFAULT NULL,
  `approve` tinyint(1) DEFAULT NULL,
  `approve_date` datetime DEFAULT NULL,
  `approve_user_id` int(11) DEFAULT NULL
) ENGINE=InnoDB DEFAULT CHARSET=utf8;

-- --------------------------------------------------------

--
-- Table structure for table `ReceivePO`
--

CREATE TABLE `ReceivePO` (
  `id` bigint(20) NOT NULL,
  `inv_no` varchar(255) COLLATE utf8_unicode_ci DEFAULT NULL,
  `name` varchar(255) COLLATE utf8_unicode_ci DEFAULT NULL,
  `total` decimal(9,2) DEFAULT NULL,
  `vat` decimal(9,2) DEFAULT NULL,
  `grand_total` decimal(9,2) DEFAULT NULL,
  `receive_date` date DEFAULT NULL,
  `payment_ready` int(11) DEFAULT '0',
  `supplier_id` int(11) DEFAULT NULL,
  `po_number` int(11) DEFAULT NULL
) ENGINE=InnoDB DEFAULT CHARSET=utf8 COLLATE=utf8_unicode_ci;

-- --------------------------------------------------------

--
-- Table structure for table `RelationshipName`
--

CREATE TABLE `RelationshipName` (
  `RelationshipID` int(11) NOT NULL,
  `RelationshipName` varchar(250) COLLATE utf8_unicode_ci DEFAULT NULL
) ENGINE=MyISAM DEFAULT CHARSET=utf8 COLLATE=utf8_unicode_ci;

--
-- Dumping data for table `RelationshipName`
--

INSERT INTO `RelationshipName` (`RelationshipID`, `RelationshipName`) VALUES
(1, 'Spouse'),
(2, 'Relatives'),
(3, 'Parents'),
(4, 'Other');

-- --------------------------------------------------------

--
-- Table structure for table `Religion`
--

CREATE TABLE `Religion` (
  `RID` int(11) NOT NULL,
  `Religion` varchar(200) COLLATE utf8_unicode_ci DEFAULT NULL
) ENGINE=MyISAM DEFAULT CHARSET=utf8 COLLATE=utf8_unicode_ci;

--
-- Dumping data for table `Religion`
--

INSERT INTO `Religion` (`RID`, `Religion`) VALUES
(1, 'Buddhism'),
(2, 'Christianity'),
(3, 'Islam'),
(4, 'African Traditional & Diasporic'),
(5, 'Agnostic'),
(6, 'Atheist'),
(7, 'Baha\'i'),
(8, 'Cao Dai'),
(9, 'Chinese traditional religion'),
(10, 'Hinduism'),
(11, 'Jainism'),
(12, 'Juche'),
(13, 'Judaism'),
(14, 'Neo-Paganism'),
(15, 'Nonreligious'),
(16, 'Rastafarianism'),
(17, 'Secular'),
(18, 'Shinto'),
(19, 'Sikhism'),
(20, 'Spiritism'),
(21, 'Tenrikyo'),
(22, 'Unitarian-Universalism'),
(23, 'Zoroastrianism'),
(24, 'primal-indigenous'),
(0, 'NULL');

-- --------------------------------------------------------

--
-- Table structure for table `ReportInjectionDetail`
--

CREATE TABLE `ReportInjectionDetail` (
  `ID` bigint(20) NOT NULL,
  `InjectionID` int(11) NOT NULL,
  `InjectionDay` int(11) DEFAULT NULL,
  `Date` varchar(255) COLLATE utf8_unicode_ci DEFAULT NULL,
  `E2` varchar(255) COLLATE utf8_unicode_ci DEFAULT NULL,
  `LH` varchar(255) COLLATE utf8_unicode_ci DEFAULT NULL,
  `FSH` varchar(255) COLLATE utf8_unicode_ci DEFAULT NULL,
  `Prolactin` varchar(255) COLLATE utf8_unicode_ci DEFAULT NULL,
  `RtOvary` varchar(255) COLLATE utf8_unicode_ci DEFAULT NULL,
  `LtOvary` varchar(255) COLLATE utf8_unicode_ci DEFAULT NULL,
  `EndometriumThickness` varchar(255) COLLATE utf8_unicode_ci DEFAULT NULL,
  `Medications` longtext COLLATE utf8_unicode_ci,
  `OPU` varchar(255) COLLATE utf8_unicode_ci DEFAULT NULL,
  `ETFET` varchar(255) COLLATE utf8_unicode_ci DEFAULT NULL,
  `BHCG` varchar(255) COLLATE utf8_unicode_ci DEFAULT NULL
) ENGINE=InnoDB DEFAULT CHARSET=utf8 COLLATE=utf8_unicode_ci;

-- --------------------------------------------------------

--
-- Table structure for table `ReportInjectionHead`
--

CREATE TABLE `ReportInjectionHead` (
  `InjectionID` int(11) NOT NULL,
  `PID` bigint(20) NOT NULL,
  `Date` varchar(255) COLLATE utf8_unicode_ci NOT NULL,
  `PatientName` varchar(255) COLLATE utf8_unicode_ci DEFAULT NULL,
  `PartnerName` varchar(255) COLLATE utf8_unicode_ci DEFAULT NULL,
  `LMP` varchar(255) COLLATE utf8_unicode_ci DEFAULT NULL,
  `PlanOPU` varchar(255) COLLATE utf8_unicode_ci DEFAULT NULL
) ENGINE=InnoDB DEFAULT CHARSET=utf8 COLLATE=utf8_unicode_ci;

--
-- Dumping data for table `ReportInjectionHead`
--

INSERT INTO `ReportInjectionHead` (`InjectionID`, `PID`, `Date`, `PatientName`, `PartnerName`, `LMP`, `PlanOPU`) VALUES
(1, 201300900, '2014-01-14', 'abc', 'xyz', '2/1/2014', '16/1/2004'),
(2, 20140254, '2014-11-08', '', '', '', ''),
(3, 20181105, '2018-06-21', 'Zhuang Jinzhu', '', '', ''),
(4, 20160198, '2018-06-23', '', '', '', '');

-- --------------------------------------------------------

--
-- Table structure for table `SexName`
--

CREATE TABLE `SexName` (
  `SexID` int(11) NOT NULL,
  `SexName` varchar(250) COLLATE utf8_unicode_ci DEFAULT NULL
) ENGINE=MyISAM DEFAULT CHARSET=utf8 COLLATE=utf8_unicode_ci;

--
-- Dumping data for table `SexName`
--

INSERT INTO `SexName` (`SexID`, `SexName`) VALUES
(1, 'Male'),
(2, 'Female');

-- --------------------------------------------------------

--
-- Table structure for table `SpecialItem`
--

CREATE TABLE `SpecialItem` (
  `SID` int(11) NOT NULL,
  `SName` varchar(250) COLLATE utf8_unicode_ci DEFAULT NULL,
  `Price` decimal(10,2) DEFAULT NULL,
  `W1GID` int(11) DEFAULT NULL,
  `W2GID` int(11) DEFAULT NULL,
  `W3GID` int(11) DEFAULT NULL,
  `W4GID` int(11) DEFAULT NULL,
  `isActive` tinyint(1) DEFAULT '1',
  `BillGroupID` int(11) DEFAULT NULL
) ENGINE=InnoDB DEFAULT CHARSET=utf8 COLLATE=utf8_unicode_ci;

--
-- Dumping data for table `SpecialItem`
--

INSERT INTO `SpecialItem` (`SID`, `SName`, `Price`, `W1GID`, `W2GID`, `W3GID`, `W4GID`, `isActive`, `BillGroupID`) VALUES
(1, 'Blood screening +TVS for ED,SM Package', '4000.00', 106, 102, 0, 0, 0, NULL),
(2, 'Blood screening Male, Female', '3500.00', 106, 0, 0, 0, 0, NULL),
(3, 'DF', '500.00', 106, 0, 0, 0, 0, NULL),
(4, 'TVS', '1500.00', 106, 102, 0, 0, 0, NULL),
(5, 'ICSI stimulation OPU, ET, B-HCG age under 32 years', '210000.00', 106, 104, 102, 103, 0, NULL),
(6, 'ICSI stimulation OPU, ET, B-HCG age 33 -37 years', '230000.00', 106, 104, 102, 103, 0, NULL),
(7, 'ICSI stimulation OPU, ET, B-HCG age  38 years', '250000.00', 106, 104, 102, 103, 0, NULL),
(8, 'ICSI stimulation OPU, ET, B-HCG age  40 years', '270000.00', 106, 104, 102, 103, 0, NULL),
(9, 'Package Oocyte Pick-Up', '170000.00', 106, 102, 104, 103, 0, NULL),
(10, 'Stimulate + Ovum pick-up + ICSI', '195000.00', 106, 104, 102, 103, 0, NULL),
(11, 'Sperm freez + Blood test package', '8000.00', 104, 102, 0, 0, 0, NULL),
(12, 'df', '2000.00', 0, 0, 0, 0, 0, NULL),
(13, 'No med, No DF', '0.00', 0, 0, 0, 0, 1, 102),
(14, 'TEST 12', '0.00', 106, 106, 102, 0, 0, NULL),
(15, 'DF', '1000.00', 0, 0, 0, 0, 0, NULL),
(16, 'Thyroid Hormone', '2000.00', 0, 0, 0, 0, 0, NULL),
(17, 'Thyroid Hormone, Free T3&T4, T3,T4. TSH', '2000.00', 0, 0, 0, 0, 0, NULL),
(18, 'DF 500', '500.00', 106, 0, 0, 0, 1, 2),
(19, 'DF 1000', '1000.00', 106, 0, 0, 0, 1, 2),
(20, 'DF 1500', '1500.00', 106, 0, 0, 0, 1, 2),
(21, 'DF 2000', '2000.00', 106, 0, 0, 0, 1, 2),
(22, 'DF 3000', '3000.00', 106, 0, 0, 0, 1, 2),
(23, 'DF 5000', '5000.00', 0, 0, 0, 0, 1, 2),
(24, 'TAS 2000', '2000.00', 0, 0, 0, 0, 1, 0),
(25, 'TAS', '2000.00', 0, 0, 0, 0, 0, NULL),
(26, 'D&C', '16500.00', 0, 0, 0, 0, 0, NULL),
(27, 'No visit', '0.00', 0, 0, 0, 0, 1, 2),
(28, 'acupuncture', '1500.00', 0, 0, 0, 0, 0, NULL),
(29, 'Acupuncture', '5000.00', 0, 0, 0, 0, 1, 90),
(30, 'TAS 1500', '1500.00', 0, 0, 0, 0, 1, 0),
(31, 'TAS1', '1500.00', 0, 0, 0, 0, 0, NULL),
(32, 'Sperm Freezing', '4000.00', 0, 0, 0, 0, 0, 0),
(33, 'agency fee', '2000.00', 0, 0, 0, 0, 0, NULL),
(34, 'TAS Twin', '4800.00', 0, 0, 0, 0, 1, NULL),
(35, 'SM Blood Screening Package', '4000.00', 0, 0, 0, 0, 0, 0),
(36, 'TVS 1000', '1000.00', 0, 0, 0, 0, 1, 90),
(37, 'IUI not Gender selection(Thai)', '15000.00', 0, 0, 0, 0, 0, 0),
(38, 'ED Blood screening Package', '4000.00', 0, 0, 0, 0, 0, 0),
(39, 'TVS under 10 weeks', '1500.00', 0, 0, 0, 0, 1, 90),
(40, 'D&C', '16500.00', 0, 0, 0, 0, 1, 0),
(41, 'Ultrasound more than 16 wks', '3200.00', 0, 0, 0, 0, 0, 90),
(42, 'DF 300', '300.00', 106, 0, 0, 0, 1, 1),
(43, 'DF 800', '800.00', 106, 0, 0, 0, 1, 1),
(44, 'DF 2500', '2500.00', 106, 0, 0, 0, 1, 1),
(45, 'ThinPrep Smear', '1500.00', 0, 0, 0, 0, 1, 90),
(46, 'DF OPU', '15000.00', 106, 106, 106, 0, 1, 2),
(47, 'DF ET', '5000.00', 106, 106, 106, 0, 1, 2),
(48, 'DF Anesthesia', '5000.00', 106, 106, 106, 0, 1, 2),
(49, 'DF Biopsy', '5000.00', 106, 106, 106, 0, 1, 2),
(50, 'DF D&C', '5000.00', 106, 106, 0, 0, 1, 2),
(51, 'DF IUI', '4000.00', 106, 106, 0, 0, 1, 2),
(52, 'DF 300', '300.00', 0, 0, 0, 0, 0, 2),
(53, 'Ultrasound between 10-12 weeks', '3200.00', 0, 0, 0, 0, 1, 90),
(54, 'Ultrasound between 12-18 weeks', '3500.00', 0, 0, 0, 0, 1, 90),
(55, 'Ultrasound more than 18 weeks', '3500.00', 0, 0, 0, 0, 1, 90),
(56, 'Ultrasound 4D', '4000.00', 0, 0, 0, 0, 1, 90),
(57, 'Blood Test', '14000.00', 0, 0, 0, 0, 1, 3),
(58, 'Aminocentesis', '15000.00', 0, 0, 0, 0, 1, 90),
(59, 'TVS ', '1500.00', 0, 0, 0, 0, 1, 0),
(60, 'Frozen Sperm Package', '8000.00', 0, 0, 0, 0, 0, 0),
(61, 'Lab progesterone', '500.00', 0, 0, 0, 0, 0, 0),
(62, 'Cyst', '1500.00', 0, 0, 0, 0, 1, 3),
(63, 'Nifty test', '30000.00', 0, 0, 0, 0, 0, 0),
(64, '1st Trimaster Screening', '1800.00', 0, 0, 0, 0, 1, 90),
(65, 'Egg Donor Expense', '120000.00', 0, 0, 0, 0, 0, 0),
(66, 'Freezing : Embryo Blast', '30000.00', 0, 0, 0, 0, 0, 0),
(67, 'Discount', '-50000.00', 0, 0, 0, 0, 0, 99),
(68, 'Medicine', '40000.00', 0, 0, 0, 0, 0, 0),
(69, 'a-CGH Extra per embryo', '15000.00', 0, 0, 0, 0, 0, 0),
(70, 'Freezing : Extra per straw', '2000.00', 0, 0, 0, 0, 0, 0),
(71, 'E2 (Extra package)', '500.00', 0, 0, 0, 0, 0, 3),
(72, 'LH (Extra package)', '500.00', 0, 0, 0, 0, 0, 3),
(73, 'Thawing', '10000.00', 0, 0, 0, 0, 0, 0),
(74, 'Equipment', '40.00', 0, 0, 0, 0, 0, 1),
(75, 'LVR', '120000.00', 0, 0, 0, 0, 1, 0),
(76, 'Freezing : Extra per straw', '2000.00', 0, 0, 0, 0, 0, 0),
(77, 'Medicine', '560.00', 0, 0, 0, 0, 0, 1),
(78, 'Anibody Screening', '3000.00', 0, 0, 0, 0, 0, 90),
(79, 'Screening Package', '4000.00', 0, 0, 0, 0, 0, 0),
(80, 'Other Fee', '150000.00', 0, 0, 0, 0, 0, 0),
(81, 'Embryo/sperm transport from another or to another center', '6000.00', 0, 0, 0, 0, 1, 0),
(82, 'Amniotic fluid CGH', '35000.00', 0, 0, 0, 0, 1, 3),
(83, 'Deposit for IVF', '85000.00', 0, 0, 0, 0, 0, 0),
(84, 'Blood screening+Sperm Freeze', '8000.00', 0, 0, 0, 0, 0, 0),
(85, 'Nifty test', '30000.00', 0, 0, 0, 0, 0, 3),
(86, 'Embryo storage fee', '4500.00', 0, 0, 0, 0, 0, 0),
(87, 'PGD: Extra per embryo', '10000.00', 0, 0, 0, 0, 0, 0),
(88, 'Hemoglobin typing', '500.00', 0, 0, 0, 0, 0, 0),
(89, 'DF', '5000.00', 0, 0, 0, 0, 0, 0),
(90, 'Sperm Freeze', '5000.00', 0, 0, 0, 0, 0, 0),
(91, 'Medicine', '60.00', 0, 0, 0, 0, 0, 1),
(92, 'Microarray: Extra per embryo', '45000.00', 0, 0, 0, 0, 0, 3),
(93, 'Suction tube', '2000.00', 0, 0, 0, 0, 0, 0),
(94, 'Embryo Storage fee', '16800.00', 0, 0, 0, 0, 0, 4),
(95, 'Alpha thalasemia', '2000.00', 0, 0, 0, 0, 0, 0),
(96, 'TVS x 3', '4500.00', 0, 0, 0, 0, 0, 0),
(97, 'Pathology', '3000.00', 0, 0, 0, 0, 0, 0),
(98, 'Other service', '20000.00', 0, 0, 0, 0, 0, 102),
(99, 'Set Dressing', '200.00', 0, 0, 0, 0, 0, 5),
(100, 'TVS 2500 บาท', '2500.00', 0, 0, 0, 0, 0, 0),
(101, 'sperm shipping', '6000.00', 0, 0, 0, 0, 0, 0),
(102, 'UA(Jet)', '500.00', 0, 0, 0, 0, 1, 90),
(103, 'DF Stimulation', '5000.00', 0, 0, 0, 0, 0, 2),
(104, 'DF Stimulation', '5000.00', 0, 0, 0, 0, 0, 2),
(105, 'a-CGH : Extra per embryo', '15000.00', 0, 0, 0, 0, 0, 3),
(106, 'IV Cathetor No.24', '240.00', 0, 0, 0, 0, 0, 0),
(107, 'Blood Screening (Dr.V)', '4000.00', 0, 0, 0, 0, 0, 0),
(108, 'LAB', '70000.00', 0, 0, 0, 0, 1, 4),
(109, 'Sperm Washing for Precaution(HIV)', '50000.00', 0, 0, 0, 0, 0, 0),
(110, 'RequestCGH D5 and get Result D6', '20000.00', 0, 0, 0, 0, 0, 0),
(111, 'Nursing Service', '1000.00', 0, 0, 0, 0, 0, 0),
(112, 'OPU ', '90000.00', 0, 0, 0, 0, 1, 0),
(113, 'Oestrogel', '400.00', 0, 0, 0, 0, 0, 0),
(114, 'Sperm thawing + SA', '2500.00', 0, 0, 0, 0, 0, 0),
(115, 'Clamydia cuture', '2000.00', 0, 0, 0, 0, 1, 0),
(116, 'Hemoglobin typing', '500.00', 0, 0, 0, 0, 0, 0),
(117, 'Equipment', '200.00', 0, 0, 0, 0, 1, 0),
(118, 'PV', '500.00', 0, 0, 0, 0, 1, 0),
(119, 'Hepatitis B Viral load', '8000.00', 0, 0, 0, 0, 0, 0),
(120, 'Interpretor', '2000.00', 0, 0, 0, 0, 0, 102),
(121, 'Hemoglobin typing', '1000.00', 0, 0, 0, 0, 0, 0),
(122, 'No ET', '-15000.00', 0, 0, 0, 0, 0, 0),
(123, 'Precaution Handling', '10000.00', 0, 0, 0, 0, 0, 0),
(124, 'Dr.Fee Precaution', '25000.00', 0, 0, 0, 0, 1, 0),
(125, 'Storage for Precaution', '70000.00', 0, 0, 0, 0, 0, 0),
(126, 'freezing of embryo for precaution', '30000.00', 0, 0, 0, 0, 0, 0),
(127, 'special DF add package for precaution', '25000.00', 0, 0, 0, 0, 0, 0),
(128, 'special DF add package for precaution', '25000.00', 0, 0, 0, 0, 0, 0),
(129, 'OPU', '70000.00', 0, 0, 0, 0, 0, 0),
(130, 'ICSI ( freeze 2pn)', '75000.00', 0, 0, 0, 0, 1, 0),
(131, 'ICSI (culture D5)', '95000.00', 0, 0, 0, 0, 1, 0),
(132, 'ET ', '50000.00', 0, 0, 0, 0, 1, 0),
(133, 'Extra Washing for Precauiton', '50000.00', 0, 0, 0, 0, 0, 0),
(134, 'NST', '5000.00', 0, 0, 0, 0, 1, 0),
(135, 'extra charge for stimulation', '25000.00', 0, 0, 0, 0, 0, 0),
(136, 'Egg washing for precaution', '20000.00', 0, 0, 0, 0, 1, 0),
(137, 'เจาะน้ำคล่ำ', '5000.00', 0, 0, 0, 0, 1, 0),
(138, 'Amniotic DNA', '30000.00', 0, 0, 0, 0, 1, 0),
(139, 'ค่าแพทย์เจาะน้ำคล่ำ', '15000.00', 0, 0, 0, 0, 1, 0),
(140, 'Medicine', '36200.00', 0, 0, 0, 0, 1, 0),
(141, 'สาย IUI', '1000.00', 0, 0, 0, 0, 0, 0),
(142, 'อุปกรร์เครื่องมือOR', '3000.00', 0, 0, 0, 0, 1, 0),
(143, 'น้ำยา', '15000.00', 0, 0, 0, 0, 1, 0),
(144, 'เครื่องมือแพทย์+ค่าหัถตการ', '10000.00', 0, 0, 0, 0, 1, 5),
(145, 'cotton', '30.00', 0, 0, 0, 0, 0, 5),
(146, 'Stimulation', '100000.00', 0, 0, 0, 0, 1, 0),
(147, 'equipment 1000', '1000.00', 0, 0, 0, 0, 1, 0),
(148, ' 	Equipment2', '500.00', 0, 0, 0, 0, 1, 0),
(149, 'Deposit ', '100000.00', 0, 0, 0, 0, 0, 0),
(150, 'Injection fee for nurse', '5000.00', 0, 0, 0, 0, 1, 5),
(151, 'DF3500', '3500.00', 0, 0, 0, 0, 1, 2),
(152, 'CA-12-5', '2000.00', 0, 0, 0, 0, 0, 0),
(153, 'CA-19-9', '2000.00', 0, 0, 0, 0, 0, 0),
(154, 'Sperm Washing for Precaution(Hep B)', '20000.00', 0, 0, 0, 0, 0, 0),
(155, 'DF', '10000.00', 0, 0, 0, 0, 1, 0),
(156, 'Set Dressing1', '500.00', 0, 0, 0, 0, 1, 0),
(157, 'Set Dressing2', '1500.00', 0, 0, 0, 0, 1, 0),
(158, 'Ultrasound 8 weeks', '3200.00', 0, 0, 0, 0, 1, 0),
(159, 'สาย ET', '2000.00', 0, 0, 0, 0, 1, 0),
(160, 'F/U  ET / FET', '0.00', 0, 0, 0, 0, 1, 0),
(161, 'Re-biopsy a-CGH', '25000.00', 0, 0, 0, 0, 1, 0),
(162, 'ฺBlood Group ABO', '500.00', 0, 0, 0, 0, 1, 0),
(163, 'Biood Group Rh', '500.00', 0, 0, 0, 0, 1, 0),
(164, 'Revise Labiaplasty', '50000.00', 0, 0, 0, 0, 1, 0),
(165, 'ค่ายกเลิก OPU', '5000.00', 0, 0, 0, 0, 1, 0),
(166, 'DF 25000', '25000.00', 0, 0, 0, 0, 1, 0),
(167, 'Excission breast', '10000.00', 0, 0, 0, 0, 1, 0),
(168, 'Aspiration needle', '2500.00', 0, 0, 0, 0, 1, 0),
(169, 'Extra for day6', '5000.00', 0, 0, 0, 0, 1, 0),
(170, 'ส่งตรวจผลชิ้นเนื้อ', '3000.00', 0, 0, 0, 0, 1, 0),
(171, 'Re-biopsy NGS(1 embryo)', '20000.00', 0, 0, 0, 0, 1, 0),
(172, 'NGS : Extra per embryo', '12000.00', 0, 0, 0, 0, 1, 0),
(173, 'PRP', '8000.00', 0, 0, 0, 0, 1, 0),
(174, 'DF 4000', '4000.00', 0, 0, 0, 0, 1, 0),
(175, 'TVS x 2', '3000.00', 0, 0, 0, 0, 1, 0),
(176, 'Add NGS', '50000.00', 0, 0, 0, 0, 1, 0),
(177, 'HPV ', '2500.00', 0, 0, 0, 0, 1, 0),
(178, 'Special result NGS', '20000.00', 0, 0, 0, 0, 1, 0),
(179, 'TVS 3000', '3000.00', 0, 0, 0, 0, 1, 0),
(180, 'Re-biopsy NGS(3 embryos)', '60000.00', 0, 0, 0, 0, 1, 0),
(181, 'Extra Oocyte', '8000.00', 0, 0, 0, 0, 1, 0),
(182, 'Re-biopsy NGS(2 embryos)', '40000.00', 0, 0, 0, 0, 1, 0),
(183, 'Re-NGS(4 embs)', '80000.00', 0, 0, 0, 0, 1, 0),
(184, 'test test aaaaaa', '500.00', 0, 0, 0, 0, 1, 0);

-- --------------------------------------------------------

--
-- Table structure for table `StockDrug`
--

CREATE TABLE `StockDrug` (
  `DUID` int(11) NOT NULL,
  `DUName` varchar(250) COLLATE utf8_unicode_ci DEFAULT NULL,
  `EUsage` text COLLATE utf8_unicode_ci,
  `TUsage` text COLLATE utf8_unicode_ci,
  `UnitType` varchar(250) COLLATE utf8_unicode_ci DEFAULT NULL,
  `Alert` int(11) DEFAULT NULL,
  `QTY` int(11) DEFAULT NULL,
  `PendingQTY` int(11) DEFAULT '0',
  `Price` decimal(10,2) DEFAULT NULL,
  `active` varchar(45) COLLATE utf8_unicode_ci DEFAULT '1',
  `drug_caution` varchar(255) COLLATE utf8_unicode_ci DEFAULT NULL COMMENT 'คำเตือน',
  `drug_description` varchar(255) COLLATE utf8_unicode_ci DEFAULT NULL COMMENT 'คำบรรยาย',
  `instruction_id` int(11) DEFAULT NULL,
  `frequency_id` int(11) DEFAULT NULL,
  `drug_caution_e` varchar(255) COLLATE utf8_unicode_ci DEFAULT NULL,
  `drug_frequency_e` varchar(255) COLLATE utf8_unicode_ci DEFAULT NULL
) ENGINE=MyISAM DEFAULT CHARSET=utf8 COLLATE=utf8_unicode_ci;

--
-- Dumping data for table `StockDrug`
--

INSERT INTO `StockDrug` (`DUID`, `DUName`, `EUsage`, `TUsage`, `UnitType`, `Alert`, `QTY`, `PendingQTY`, `Price`, `active`, `drug_caution`, `drug_description`, `instruction_id`, `frequency_id`, `drug_caution_e`, `drug_frequency_e`) VALUES
(54, 'Follitrope 75 iu', 'as directed by Dr.', 'ใช้ตามแพทย์สั่ง', 'box', 35, -1707, -284, '1800.00', '1', NULL, NULL, NULL, NULL, NULL, NULL),
(55, 'Follitrope 150 iu', 'as directed by Dr.', 'ใช้ตามแพทย์สั่ง', 'box', 0, -1566, -1391, '3500.00', '1', NULL, NULL, NULL, NULL, NULL, NULL),
(56, 'Cetrotide inj.0.25 mg.', 'as directed by Doctor', 'ฉีดยาตามแพทย์สั่ง', 'pack', 10, -989, -2190, '2800.00', '1', NULL, NULL, NULL, NULL, NULL, NULL),
(57, 'Gonal -F 300IU', 'as directed by Dr.', 'ใช้ตามแพทย์สั่ง', 'filled pen', 12, -388, -779, '8500.00', '1', NULL, NULL, NULL, NULL, NULL, NULL),
(58, 'Duphaston 10 mg ', '1 tablet three times daily after meals morning lunch and evening', 'รับประทานครั้งละ 1 เม็ด วันละ 3 ครั้ง หลังอาหาร เช้า กลางวัน เย็น', 'tablet', 20, -233909, -32054, '35.00', '1', NULL, NULL, NULL, NULL, NULL, NULL),
(59, 'MTV (Multivitamin)', '1 tablet once daily after breakfast', 'รับประทานครั้งละ 1 เม็ด วันละ 1 ครั้ง หลังอาหารกลางวัน', 'tablets', 100, 549, -398, '5.00', '1', NULL, NULL, NULL, NULL, NULL, NULL),
(60, 'Clomid (Ovinum 50 mg)', '1 tablet once daily before bedtime for five days starting on or about the 5th day of menstrual cycle', 'รับประทานยาครั้งละ 1 เม็ด ก่อนนอน\nติดต่อกัน 5 วัน เริ่มจากวันที่ 5 ของการมีประจำเดือน', 'tablet', 10, -83, -17, '100.00', '1', NULL, NULL, NULL, NULL, NULL, NULL),
(61, 'Propofol 20 ml *1', 'as directed by Dr.', 'ใช้ตามแพทย์สั่ง', 'amp.', 20, -15303, -1183, '600.00', '1', NULL, NULL, NULL, NULL, NULL, NULL),
(62, 'Dextrophen', '1 tablet three times daily ', 'รับประทานครั้งละ 1 เม็ด วันละ 3 ครั้ง หลังอาหารเช้า กลางวัน เย็น', 'tablets', 100, 750, -60, '7.00', '1', NULL, NULL, NULL, NULL, NULL, NULL),
(63, '', '', '', '', 0, 0, 40, '0.00', '3', NULL, NULL, NULL, NULL, NULL, NULL),
(64, 'Utrogestan 100mg', '1 tablet two times daily after meals morning and evening', 'รับประทานครั้งละ 1 เม็ด วันละ 2 ครั้ง\nหลังอาหารเช้า เย็น ', 'capsules', 300, -77284, -25261, '20.00', '1', NULL, NULL, NULL, NULL, NULL, NULL),
(65, 'Bromocriptine 2.5 mg (Suplac) ', 'a half of tablet three times daily after breakfast lunch dinner ', 'รับประทานยาครั้งละ ครึ่ง เม็ด วันละ 1-3 ครั้ง หลังอาหาร เช้า กลางวัน เย็น ', 'tablet', 30, -13233, -3337, '20.00', '1', NULL, NULL, NULL, NULL, NULL, NULL),
(66, 'Zalain vg.tab 500 mg', 'insert into the vaginal 1 tablet once daily at bedtime every week', 'สอดเม็ดยาเข้าทางช่องคลอด 1 เม็ด วันละ 1 ครั้ง ก่อนนอน ทุก 1 สัปดาห์', 'vaginal tablet', 2, 7, -13, '250.00', '1', NULL, NULL, NULL, NULL, NULL, NULL),
(67, 'Menopur 75 IU.  ', 'as directed by Dr.', 'ใช้ตามแพทย์สั่ง', 'vial', 10, 21, -206, '1800.00', '1', NULL, NULL, NULL, NULL, NULL, NULL),
(68, 'Climara 50  ', 'as directed by Doctor', 'แปะยาตามแพทย์สั่ง', 'แผ่น', 20, -14298, -2481, '163.00', '1', NULL, NULL, NULL, NULL, NULL, NULL),
(69, 'Ovidrel 250 microgram', 'as directed by Dr.', 'ใช้ตามแพทย์สั่ง', 'box', 5, -105, -148, '2000.00', '1', NULL, NULL, NULL, NULL, NULL, NULL),
(70, 'Crinone vaginal gel 8% ', 'Insert into the vaginal 1 applicator once daily in the morning\n(Store below 25 Celcius)', 'ใส่ยาทางช่องคลอด วันละ 1 ครั้ง ช่วงเช้า  (เก็บที่อุณหภูมิต่ำกว่า 25 องศาเซลเชียส)', 'applicators', 150, 9105, -13597, '250.00', '1', NULL, NULL, NULL, NULL, NULL, NULL),
(71, 'Enantone 1.88 mg', 'as directed by Dr.', 'ใช้ตามแพทย์สั่ง', 'box', 2, 8, -3, '8000.00', '1', NULL, NULL, NULL, NULL, NULL, NULL),
(72, 'Adrenaline Inj.', 'as directed by Dr.', 'ฉีดยาตามแพทย์สั่ง', 'amp.', 20, 50, 12, '150.00', '1', NULL, NULL, NULL, NULL, NULL, NULL),
(73, 'Arcoxia 120 mg.', '1 tablet before enter OR', 'รับประทานครั้งละ 1 เม็ด หลังอาหาร', 'tablets', 15, -4105, -310, '90.00', '1', NULL, NULL, NULL, NULL, NULL, NULL),
(74, 'Aspirin 81 mg. ', '1 tablet once daily take immediately after breakfast with a lot of water', 'รับประทานครั้งละ 1 เม็ดวันละ 1 ครั้งหลังอาหารเช้าทันที', 'tablets', 100, -38928, -10636, '3.00', '1', NULL, NULL, NULL, NULL, NULL, NULL),
(75, 'Atropine Inj. (1 cc.)', 'as directed by Dr.', 'ตามแพทย์สั่ง', 'amp.', 5, -72, -101, '200.00', '1', NULL, NULL, NULL, NULL, NULL, NULL),
(76, 'Calcium Plus (Calvin plus)', '1 tablet once daily after dinner ', 'รับประทานครั้งละ 1 เม็ด วันละ 1 ครั้ง หลังอาหารเย็น', 'tablets', 360, 872, -390, '8.00', '1', NULL, NULL, NULL, NULL, NULL, NULL),
(77, 'CEF 3 1 g.IV ', 'as directed by Doctor', 'ใช้ตามแพทย์สั่ง', 'vial', 10, -899, -298, '500.00', '1', NULL, NULL, NULL, NULL, NULL, NULL),
(78, 'Dalacin C (Clindavid-300)', '1 capsules three times daily after meals in the morning noon and evening', 'รับประทานครั้งละ 1 เม็ด วันละ 3 ครั้ง หลังอาหาร เช้า กลางวัน เย็น', 'capsules', 20, -4000, -461, '10.00', '1', NULL, NULL, NULL, NULL, NULL, NULL),
(79, 'CPM ', '1 tablet three times daily after meals in the morning noon and before bedtime', 'รับประทานครั้งละ 1 เม็ด วันละ 3 ครั้ง หลังอาหาร เช้า กลางวัน และ ก่อนนอน', 'tablets', 100, -31, -170, '4.00', '1', NULL, NULL, NULL, NULL, NULL, NULL),
(80, 'Dexa Inj. 1 cc ', 'as directed by Doctor', 'ใช้ตามแพทย์สั่ง', 'amp.', 15, 134, -39, '400.00', '1', NULL, NULL, NULL, NULL, NULL, NULL),
(81, 'Dramamine(Dimenhydrinate)', '1 tablet two times daily after breakfast and before bedtime', 'รับประทานครั้งละ 1 เม็ด วันละ 2 ครั้ง หลังอาหาร เช้าและ ก่อนนอน', 'tablets', 100, -267, -265, '5.00', '1', NULL, NULL, NULL, NULL, NULL, NULL),
(82, 'Doxycycline 100 mg (N.L.Doxy)', '1 capsule two times daily, after meals in the morning and evening', 'รับประทานยาครั้งละ 1 แคปซูล วันละ 2 ครั้งหลังอาหาร เช้า เย็น', 'capsule', 100, 82, -50, '12.00', '1', NULL, NULL, NULL, NULL, NULL, NULL),
(83, 'Amoxycillin 500 mg', 'Two capsules two times daily before meals morning and evening', 'รับประทานครั้งละ 2 เม็ด วันละ 2 ครั้ง\nก่อนอาหาร เช้า เย็น', 'capsules', 100, -1657, -371, '12.00', '1', NULL, NULL, NULL, NULL, NULL, NULL),
(84, 'Ferli-6 ', '1 tablet one time daily after meals morning', 'รับประทานครั้งละ 1 เม็ด วันละ 1 ครั้ง หลังอาหารเช้า', 'tablets', 100, 578, -240, '5.00', '1', NULL, NULL, NULL, NULL, NULL, NULL),
(85, 'Glucolyte 500 mg (Glucophage)', 'as directed by Dr.', 'ใช้ตามแพทย์สั่ง', 'tablet', 100, 0, 0, '6.00', '1', NULL, NULL, NULL, NULL, NULL, NULL),
(86, 'Flagyl (Metrolex 400 mg)', '1 tablet three times daily after meals in the morning noon and evening', 'รับประทานยาครั้งละ 1 เม็ดวันละ 3 ครั้ง หลังอาหาร เช้า กลางวัน เย็น', 'tablet', 20, -127, -34, '7.00', '1', NULL, NULL, NULL, NULL, NULL, NULL),
(87, 'Miracid 20 mg.', '1 capsule 30 minutes before a meal in the morning', 'รับประทานครั้งละ 1 แคปซูล วันละ 1 ครั้ง ก่อนอาหาร 30 นาที ในตอนเช้า', 'capsule', 7, 36, 0, '10.00', '1', NULL, NULL, NULL, NULL, NULL, NULL),
(88, '', '', '', '', 0, 0, -30, '0.00', '3', NULL, NULL, NULL, NULL, NULL, NULL),
(185, '', '', '', '', 0, 0, 0, '0.00', '3', NULL, NULL, NULL, NULL, NULL, NULL),
(181, 'Androgel 50mg ', 'applied 1 sachet once daily in the morning at the same time onto clean,dry abdomen gently', 'ทายาครั้งละ1ซอง วันละ1ครั้งตอนเช้า(เวลาเดียวกัน)ตรงบริเวณหน้าท้องที่สะอาดและแห้งเบาๆ ', 'sachet', 10, -105, -32, '130.00', '1', NULL, NULL, NULL, NULL, NULL, NULL),
(89, 'Ponstan (Neopain 500 mg.)', '1 tablet three times daily after meal morning noon evening', 'รับประทานครั้งละ 1 เม็ด วันละ 3 ครั้ง หลังอาหาร เช้า กลางวัน เย็น', 'tablets', 100, -10990, -2995, '10.00', '1', NULL, NULL, NULL, NULL, NULL, NULL),
(90, 'Progynova 2 mg.', '1 tablet three times daily after breakfast lunch and dinner', 'รับประทานครั้งละ 1 เม็ด วันละ 3 ครั้ง หลังอาหารเช้า กลางวัน เย็น', 'tablets', 1000, 13795, -99925, '10.00', '1', NULL, NULL, NULL, NULL, NULL, NULL),
(91, 'Atarax (Taraxin10 mg)', '1 tablet three times daily after meals morning noon and evening', 'รับประทานยาครั้งละ 1 เม็ด วันละ 3ครั้ง หลังอาหาร เช้า กลางวัน เย็น', 'tablets', 100, -5, 16, '10.00', '1', NULL, NULL, NULL, NULL, NULL, NULL),
(92, 'Tylenol 500 mg. ', '2 tablets every 4 or 6 hours when requires, do not take more than 4 times a day', 'รับประทานครั้งละ 2 เม็ด ทุก 4-6 ชั่วโมง เมื่อมีอาการปวด ไม่ควรรับประทานเกิน 4 ครั้งต่อวัน', 'tablets', 140, -85372, -6070, '5.00', '1', NULL, NULL, NULL, NULL, NULL, NULL),
(93, 'Voltaren SR 75 mg.', '1 tablet once daily after meal', 'รับประทานยาครั้งละ 1 เม็ด วันละ 1 ครั้ง หลังอาหาร', 'tablet', 10, 8, 5, '30.00', '1', NULL, NULL, NULL, NULL, NULL, NULL),
(94, 'Vomitin Inj.2ml (Plasil)', 'as directed by Dr.', 'ใช้ตามแพทย์สั่ง', 'amp.', 7, 14, -18, '250.00', '1', NULL, NULL, NULL, NULL, NULL, NULL),
(95, 'Zryrrizin (Zyrtec) ', '1 tablet once daily', 'รับประทานครั้งละ 1 เม็ด วันละ 1 ครั้ง', 'tablets', 20, 13, -10, '20.00', '1', NULL, NULL, NULL, NULL, NULL, NULL),
(96, 'TT bio (bio-tt) 0.5 ml', 'as directed by Dr.', 'ใช้ตามแพทย์สั่ง', 'amp.', 6, 17, -25, '350.00', '1', NULL, NULL, NULL, NULL, NULL, NULL),
(97, 'Tramal inj.', 'as directed by Dr.', 'ใช้ตามแพทย์สั่ง', 'amp.', 10, 41, -18, '350.00', '1', NULL, NULL, NULL, NULL, NULL, NULL),
(98, 'Xylocaine 2% For Inj ', 'as directed by Dr.', 'ใช้ตามแพทย์สั่ง', '1 ml', 1, -4533, -296, '400.00', '1', NULL, NULL, NULL, NULL, NULL, NULL),
(99, 'Xylocaine Jelly 2% 30 gm', 'as directed by Dr.', 'ใช้ยาตามแพทย์สั่ง', 'gel', 1, 4, 0, '300.00', '1', NULL, NULL, NULL, NULL, NULL, NULL),
(100, 'Proluton Depot', 'as directed by Dr.', 'ฉีดยาตามแพทย์สั่ง', 'amp.', 3, -1978, -1311, '750.00', '1', NULL, NULL, NULL, NULL, NULL, NULL),
(101, 'Yasmin', 'as directed by Dr.', 'ใช้ยาตามแพทย์สั่ง', 'กล่อง', 1, 20, -25, '550.00', '1', NULL, NULL, NULL, NULL, NULL, NULL),
(102, 'Dramamine Inj.(Dimenhydrinate inj.)', 'as directed by Dr.', 'ฉีดยาตามแพทย์สั่ง', 'amp.', 10, 47, 0, '400.00', '1', NULL, NULL, NULL, NULL, NULL, NULL),
(103, 'Voltaren inj. IV&IM', 'as directed by Dr.', 'ฉีดยาตามแพทย์สั่ง', 'amp.', 0, 5, -32, '400.00', '1', NULL, NULL, NULL, NULL, NULL, NULL),
(104, 'Folic Acid ', '1 tablet once daily after breakfast', 'รับประทานครั้งละ 1 เม็ด วันละ 1 ครั้งหลังอาหารเช้า\n', 'tablets', 100, -126576, -21388, '10.00', '1', NULL, NULL, NULL, NULL, NULL, NULL),
(105, 'Sucee 21', 'as directed by Doctor', 'ใช้ยาตามแพทย์สั่ง', 'pack', 1, 2, 0, '150.00', '1', NULL, NULL, NULL, NULL, NULL, NULL),
(106, 'Mercilon 21', 'as directed by Doctor', 'ใช้ยาตามแพทย์สั่ง', 'pack', 1, 3, 0, '350.00', '1', NULL, NULL, NULL, NULL, NULL, NULL),
(110, 'Imodium', '1 tablet every 6 hours', 'รับประทานยาครั้งละ 1 เม็ด ทุก 6 ชั่วโมง', 'capsule', 10, 25, -5, '10.00', '1', NULL, NULL, NULL, NULL, NULL, NULL),
(148, '5%D/N/1/2', 'as directed by doctor', 'ใช้ตามแพทย์สั่ง', 'bottle', 0, 7, 0, '600.00', '1', NULL, NULL, NULL, NULL, NULL, NULL),
(109, 'Senokot ', '2-4 tablets once daily  before bedtime ', 'รับประทานยาครั้งละ 2-4 เม็ด วันละ 1 ครั้ง ก่อนนอน', 'tablets', 50, -810, -214, '10.00', '1', NULL, NULL, NULL, NULL, NULL, NULL),
(111, 'Obimin-AZ', 'Take medicine 1 tablet once daily', 'รับประทานครั้งละ 1 เม็ด วันละ 1 ครั้ง หลังอาหารเช้า', 'tablets', 30, 80, -360, '10.00', '1', NULL, NULL, NULL, NULL, NULL, NULL),
(112, 'Norflox (Norfloxacin 400 mg)', '', 'รับประทานครั้งละ 1 เม็ด วันละ 2 ครั้ง ก่อนอาหาร เช้า และเย็น', 'tablets', 10, 54, -42, '10.00', '1', NULL, NULL, NULL, NULL, NULL, NULL),
(120, 'IVF-M 75 IU', 'as directed by Doctor', 'ฉีดยาตามแพทย์สั่ง', 'vial', 0, -392, -436, '1300.00', '1', NULL, NULL, NULL, NULL, NULL, NULL),
(114, 'Air-X', '1 tablet 4 times daily (chew thoroughly before swallow)', 'รับประทานยาครั้งละ 1 เม็ด วันละ 4 ครั้ง (เคี้ยวก่อนกลืน )', 'tablets', 20, 67, 0, '5.00', '1', NULL, NULL, NULL, NULL, NULL, NULL),
(115, 'Antacil gel', 'Take medicine 2 tablespoonful 4 times daily after meals and at bedtime', 'รับประทานครั้งละ 2 ช้อนโต๊ะ วันละ 4 ครั้ง หลังอาหาร เช้า กลางวัน เย็นและก่อนนอน', 'Bottle', 1, 1, 0, '80.00', '1', NULL, NULL, NULL, NULL, NULL, NULL),
(117, 'Bisolvon ', '1 tablet three times daily after breakfast lunch dinner', 'รับประทานยาครั้งละ 1 เม็ด วันละ 3 ครั้ง หลังอาหาร เช้า กลางวัน เย็น', 'tablet', 10, -180, -125, '10.00', '1', NULL, NULL, NULL, NULL, NULL, NULL),
(118, 'Brufen', '1 tablet three times daily after breakfast lunch and dinner', 'รับประทานยาครั้งละ 1 เม็ด วันละ 3 ครั้ง หลังอาหาร เช้า กลางวัน เย็น', 'tablet', 10, 85, 0, '5.00', '1', NULL, NULL, NULL, NULL, NULL, NULL),
(119, 'IVF-M 150 IU', 'as directed by Doctor', 'ฉีดยาตามแพทย์สั่ง', 'vial', 0, -244, -474, '2500.00', '1', NULL, NULL, NULL, NULL, NULL, NULL),
(122, 'Kamillosan-M', 'Apply the sprayer two shot three times daily to the affected region of the buccal and pharyngeal after meals', 'กดหัวพ่นฉีดครั้งละ 2 ที วันละ 3 ครั้งที่บริเวณช่องปากและลำคอ หลังรับประทานอาหาร', 'pack', 0, -25, -9, '300.00', '1', NULL, NULL, NULL, NULL, NULL, NULL),
(126, 'Primolut-N', '1 tablet once daily before bedtime', 'รับประทานยาครั้งละ 1 เม็ด วันละ 1ครั้ง ก่อนนอน', 'tablets', 20, -5885, -2381, '12.00', '1', NULL, NULL, NULL, NULL, NULL, NULL),
(124, 'Travocort cream', 'as directed by Doctor', 'ทายาตามแพทย์สั่ง', 'tube', 1, 17, -6, '135.00', '1', NULL, NULL, NULL, NULL, NULL, NULL),
(125, 'Nifedipine (Adalat 10 mg)', '1 capsule two times daily after breakfast and dinner', 'รับประทานยาครั้งละ 1 เม็ด วันละ 2 ครั้งหลังอาหาร เช้า เย็น', 'capsules', 20, 200, 0, '15.00', '1', NULL, NULL, NULL, NULL, NULL, NULL),
(136, 'Dalacin C injection', 'as directed by Doctor', 'ฉีดยาตามแพทย์สั่ง', 'amp.', 1, 17, 0, '600.00', '1', NULL, NULL, NULL, NULL, NULL, NULL),
(127, 'Z-BEC', '1 tablet once daily after meals', 'รับประทานครั้งละ 1 เม็ด วันละ 1 ครั้ง\nหลังอาหาร', 'tablets', 100, -1802, -330, '15.00', '1', NULL, NULL, NULL, NULL, NULL, NULL),
(128, 'Diphereline 0.1 mg', 'Use as directed by doctor', 'ฉีดยาตามแพทย์สั่ง', 'vial', 2, -2192, -101, '2000.00', '1', NULL, NULL, NULL, NULL, NULL, NULL),
(129, '', '', '', '', 0, 0, -5, '0.00', '3', NULL, NULL, NULL, NULL, NULL, NULL),
(213, 'Dynastat 40mg/2ml', 'as directed by Doctor', 'ฉีดยาตามแพทย์สั่ง', 'vial', 0, 1, 0, '1500.00', '1', NULL, NULL, NULL, NULL, NULL, NULL),
(130, '', '', '', '', 0, 0, 30, '0.00', '3', NULL, NULL, NULL, NULL, NULL, NULL),
(131, '', '', '', '', 0, 0, 0, '0.00', '3', NULL, NULL, NULL, NULL, NULL, NULL),
(206, 'Tractocile 7.5 mg/ml', 'as directed by doctor', 'ใช้ยาตามแพทย์สั่ง', 'vial', 0, -730, -83, '10000.00', '1', NULL, NULL, NULL, NULL, NULL, NULL),
(205, 'Premium Royal Jelly', 'Two tablets two times daily after meals morning and evening', 'รับประทานครั้งละ 1 เม็ด วันละ 2 ครั้ง หลังอาหาร เช้า และ เย็น', 'bottle', 1, -90, -40, '1800.00', '1', NULL, NULL, NULL, NULL, NULL, NULL),
(167, '', '', '', '', 0, 0, 0, '0.00', '3', NULL, NULL, NULL, NULL, NULL, NULL),
(189, 'OrganPeptid', '1 capsule two times daily before meals in the morning and at bedtime', 'รับประทานครั้งละ 1 เม็ด วันละ 2 ครั้งก่อนอาหาร เช้า และ ก่อนนอน', 'Bottle(60เม็ด)', 10, -192, -136, '5000.00', '1', NULL, NULL, NULL, NULL, NULL, NULL),
(158, '', '', '', '', 0, 0, -508, '0.00', '3', NULL, NULL, NULL, NULL, NULL, NULL),
(195, 'Plasil (Vomitin) injection', 'as directed by doctor', 'ฉีดยาตามแพทย์สั่ง', 'amp.', 5, 6, 0, '400.00', '1', NULL, NULL, NULL, NULL, NULL, NULL),
(183, 'Fraxiparine injection(3,800Unit/0.4 ml)', 'SC once a day', 'ฉีดเข้าใต้ผิวหนัง \nวันละ 1 ครั้ง\nห้ามฉีด I.M.', 'syringes', 2, 0, -20, '950.00', '1', NULL, NULL, NULL, NULL, NULL, NULL),
(184, '', '', '', '', 0, 0, 0, '0.00', '3', NULL, NULL, NULL, NULL, NULL, NULL),
(133, 'Vitamin C', '1 tablet once daily', 'รับประทานครั้งละ 1 เม็ด วันละ 1 ครั้ง', 'tablets', 100, -139414, -20893, '5.00', '1', NULL, NULL, NULL, NULL, NULL, NULL),
(134, 'Diclocilin 500 mg(Dicloxacillin 500 mg)', '1 capsule four times daily before meals in the morning noon  evening and at bedtime', 'รับประทานครั้งละ 1 แคปซูล วันละ 4 ครั้ง ก่อนอาหาร เช้า กลางวัน เย็นและก่อนนอน', 'capsules', 50, 410, 0, '15.00', '1', NULL, NULL, NULL, NULL, NULL, NULL),
(165, 'Chlorpromazine injection 50 mg/2ml', 'as directed as Doctor', 'ใช้ยาตามแพทย์สั่ง', 'amp.', 10, 49, 0, '300.00', '1', NULL, NULL, NULL, NULL, NULL, NULL),
(135, 'Suprefact E nasal spray', 'One spray dose is administered to each nostril in the morning,at midday and in the evening', 'พ่นยาเข้ารูจมูกข้างซ้าย 1 ครั้ง ข้างขวา 1 ครั้ง วันละ 3 ครั้ง เช้า กลางวัน เย็น', 'กล่อง', 1, -4, -4, '5000.00', '1', NULL, NULL, NULL, NULL, NULL, NULL),
(138, 'Sporal', '2 capsules two times daily \nTake immediately after breakfast and dinner', 'รับประทานครั้งละ 2 เม็ด วันละ 2 ครั้ง หลังอาหาร เช้าและ เย็น ทันที', 'capsules', 10, 496, 0, '70.00', '1', NULL, NULL, NULL, NULL, NULL, NULL),
(137, 'Orgalutran 0.25 mg ', 'as directed by Doctor', 'ฉีดยาตามแพทย์สั่ง', 'syringes', 2, 376, -130, '2800.00', '1', NULL, NULL, NULL, NULL, NULL, NULL),
(139, 'DHEA 25 mg', '1 tablet three times daily,after breakfast lunch and dinner', 'รับประทานยาครั้งละ 1 เม็ด วันละ 3 ครั้ง หลังอาหาร เช้า กลางวัน เย็น', 'tablets', 100, 20, -400, '12.50', '1', NULL, NULL, NULL, NULL, NULL, NULL),
(145, 'Rulid (Roxithromycin 150 mg)', '1 tablet two times daily before meals in the morning and evening', 'รับประทานยาครั้งละ 1 เม็ด วันละ 2 ครั้ง ก่อนอาหาร เช้า เย็น', 'tablets', 20, 66, 0, '20.00', '1', NULL, NULL, NULL, NULL, NULL, NULL),
(144, 'Motilium (Vesperidone)', '1 tablet three times daily before breakfast lunch dinner', 'รับประทานยาครั้งละ 1 เม็ด ก่อนอาหาร เช้า กลางวัน เย็น', 'tablets', 100, 715, -20, '10.00', '1', NULL, NULL, NULL, NULL, NULL, NULL),
(146, 'Cytotec(misoprostol 200mcg)', '1 tablet three times daily after breakfast lunch and dinner', 'รับประทานครั้งละ 1 เม็ด วันละ 3 ครั้งหลังอาหาร เช้า กลางวัน เย็น\n*ไม่ควรใช้ในหญิงมีครรภ์หรือให้นมบุตร*', 'tablets', 0, 0, -2, '300.00', '1', NULL, NULL, NULL, NULL, NULL, NULL),
(147, 'Suprefact injectable ', 'as directed by Doctor', 'ฉีดยาตามแพทย์สั่ง', 'x 0.5 ml', 1, -543, -199, '350.00', '1', NULL, NULL, NULL, NULL, NULL, NULL),
(149, 'IV set', '', '', 'set', 0, 98, 0, '200.00', '1', NULL, NULL, NULL, NULL, NULL, NULL),
(159, 'Marvelon ', 'as directed by Doctor', 'รับประทานยาตามแพทย์สั่ง', 'กล่อง', 2, 0, -1, '150.00', '1', NULL, NULL, NULL, NULL, NULL, NULL),
(150, 'Bricanyl (Tanyl 2.5mg)', '1 tablet three times daily \nDo not exceed 6 tablets in 24 hours', 'รับประทานครั้งละ 1 เม็ด วันละ 3 ครั้ง\nเช้า กลางวัน เย็น', 'tablets', 100, 296, 6, '5.00', '1', NULL, NULL, NULL, NULL, NULL, NULL),
(151, 'Activated Charcoal', '4 capsules 4 times daily \n(Antidiarrheal)', 'รับประทานครั้งละ 4 แคปซูล วันละ 4 ครั้ง เมื่อมีอาการท้องเสีย', 'capsules', 50, 10, -70, '5.00', '1', NULL, NULL, NULL, NULL, NULL, NULL),
(152, 'Fish oil', '1 capsule 2 times daily, preferably with food', 'รับประทานครั้งละ 1 แคปซูล วันละ 2 ครั้ง พร้อมอาหาร', 'capsules', 50, 0, -200, '10.00', '1', NULL, NULL, NULL, NULL, NULL, NULL),
(157, 'Voluven 6% ', '', '', '500 ml', 0, 1, 0, '3500.00', '1', NULL, NULL, NULL, NULL, NULL, NULL),
(153, 'Onsia inj.', 'as directed by Doctor', 'ใช้ยาตามแพทย์สั่ง', 'amp.', 10, -903, -276, '350.00', '1', NULL, NULL, NULL, NULL, NULL, NULL),
(154, 'Fentanyl inj.', 'as directed by Doctor', 'ใช้ยาตามแพทย์สั่ง', 'amp.', 20, -3991, -279, '1000.00', '1', NULL, NULL, NULL, NULL, NULL, NULL),
(155, 'Morphine inj.', '', '', 'amp.', 5, 8, 0, '1000.00', '1', NULL, NULL, NULL, NULL, NULL, NULL),
(156, 'Pethidine inj.', '', '', 'amp.', 5, -2, -6, '1000.00', '1', NULL, NULL, NULL, NULL, NULL, NULL),
(161, 'Utrogestan (Insert) 200mg', 'Insert 1 capsule deeply in the vagina three times daily in the morning evening and at bedtime', 'สอดยาครั้งละ 1 แคปซูลเข้าไปในช่องคลอดให้ลึกพอ วันละ 3 ครั้ง เช้า เย็นและ ก่อนนอน', 'capsules', 90, -271771, -35922, '40.00', '1', NULL, NULL, NULL, NULL, NULL, NULL),
(160, 'Transamin inj.', 'as directed by doctor', 'ฉีดยาตามแพทย์สั่ง', 'amp.', 2, 10, 0, '500.00', '1', NULL, NULL, NULL, NULL, NULL, NULL),
(166, 'Proctosedyl suppositories', 'Use 1 suppository in the morning and evening (keep in refrigerator store at 2-8 celcius)', 'ค่อยๆสอดส่วนมนของแท่งยา 1 แท่งเข้าไปในช่องทวารหนัก ในตอนเช้าและตอนเย็น(เก็บยาในตู้เย็นที่อุณหภูมิ 2ถึง8องศาเซลเชียส)', 'suppositories', 24, 180, 0, '15.00', '1', NULL, NULL, NULL, NULL, NULL, NULL),
(162, 'Cyclogest 400', 'Insert two pessaries into vagina two times daily in the morning and before bedtime( Store below 25 Celcius)', 'เหน็บยาทางช่องคลอดครั้งละ 2 แท่ง วันละ 2 ครั้ง เช้าและ ก่อนนอน(เก็บที่อุณหภูมิต่ำกว่า 25 องศาเซลเชียส)', 'Pessaries', 30, -154, -268, '100.00', '1', NULL, NULL, NULL, NULL, NULL, NULL),
(163, 'Intralipid 20%', 'as directed by Doctor', 'ใช้ยาตามแพทย์สั่ง', 'Vial', 1, -883, -88, '5000.00', '1', NULL, NULL, NULL, NULL, NULL, NULL),
(164, 'Arcoxia 90 mg.', 'one tablet two times daily after meals morning and evening', 'รับประทานยาครั้งละ 1 เม็ด วันละ 2 ครั้งหลังอาหาร เช้า เย็น', 'tablets', 15, -4971, -708, '80.00', '1', NULL, NULL, NULL, NULL, NULL, NULL),
(168, 'Dormicum (Midazolam 5mg/ml)', 'as directed by Doctor', 'ใช้ยาตามแพทย์สั่ง', 'amp.', 5, 17, -3, '500.00', '1', NULL, NULL, NULL, NULL, NULL, NULL),
(169, 'Transamin capsule', '', '', 'capsule', 20, -5, -20, '15.00', '1', NULL, NULL, NULL, NULL, NULL, NULL),
(170, '', '', '', '', 0, 0, 0, '0.00', '3', NULL, NULL, NULL, NULL, NULL, NULL),
(209, 'Aspirin 81 mg', '1 tablet once daily take immediately after breakfast with a lot of water', 'รับประทานครั้งละ 1 เม็ดวันละ 1 ครั้งหลังอาหารเช้าทันที', 'tablets', 0, -2719, -435, '3.00', '1', NULL, NULL, NULL, NULL, NULL, NULL),
(171, 'DHEA 50 mg', '1 tablet two times daily after meals in the morning and evening', 'รับประทานครั้งละ 1 เม็ด วันละ 3 ครั้งหลังอาหาร เช้า กลางวัน เย็น ', 'tablets', 0, 10, 0, '15.00', '1', NULL, NULL, NULL, NULL, NULL, NULL),
(172, 'Xylocaine 1%with adrenaline', '', '', '', 0, 0, 0, '0.00', '1', NULL, NULL, NULL, NULL, NULL, NULL),
(173, 'Oestrogel', 'as directed by Doctor', 'ทาตามแพทย์สั่ง', 'tube', 1, -930, -245, '400.00', '1', NULL, NULL, NULL, NULL, NULL, NULL),
(174, 'Euthyrox 100mcg(levothyroxine/eltroxin)', '1 tablet once daily before breakfast \n(before meal 30 minutes)', 'รับประทานครั้งละ 1 เม็ด วันละ 1 ครั้ง ก่อนอาหารเช้า (ก่อนอาหาร 30 นาที)', 'tablets', 0, 50, 0, '10.00', '1', NULL, NULL, NULL, NULL, NULL, NULL),
(175, 'IVF-C 5000 IU inj.', 'as directed by Doctor', 'ฉีดยาตามแพทย์สั่ง', 'vials', 0, -1, -9, '1500.00', '1', NULL, NULL, NULL, NULL, NULL, NULL),
(177, 'Glucose injection 50%', 'as directed by Doctor', 'ใช้ยาตามแพทย์สั่ง', 'vial', 2, -2, -2, '200.00', '1', NULL, NULL, NULL, NULL, NULL, NULL),
(176, 'Growth Hormone(Saizen 8 mg)', 'as directed by Doctor', 'ฉีดยาตามแพทย์สั่ง', 'cartridge', 0, 0, 0, '15000.00', '1', NULL, NULL, NULL, NULL, NULL, NULL),
(178, 'Saugella attiva', 'as directed by Doctor', 'ฟอกแทนสบู่ วันละ 2 ครั้ง เช้า เย็น\n*ยาใช้เฉพาะที่ ห้ามรับประทาน*\n*เขย่าให้ยาเข้ากันดีก่อนใช้ทุกครั้ง*', 'ฺBottle', 0, -4, -2, '400.00', '1', NULL, NULL, NULL, NULL, NULL, NULL),
(179, 'Metronidazole (Metrolex)400 mg ', '1 tablet three times daily after meals every 8 hours', 'รับประทานครั้งละ 1 เม็ด วันละ 3 ครั้ง หลังอาหาร ทุก 8 ชั่วโมง', 'tablets', 50, 25, 0, '20.00', '1', NULL, NULL, NULL, NULL, NULL, NULL),
(180, 'Meiact(Cefditoren pivoxil 100 mg)', '2 tablet two times daily after meals in the morning and evening', 'รับประทานครั้งละ 2 เม็ด วันละ 2 ครั้ง หลังอาหาร เช้า เย็น', 'tablets', 20, 100, 0, '60.00', '1', NULL, NULL, NULL, NULL, NULL, NULL),
(182, 'IVF-C 1000 IU', 'as directed by Doctor', 'ฉีดยาตามแพทย์สั่ง', 'vials', 10, -1, -1, '400.00', '1', NULL, NULL, NULL, NULL, NULL, NULL),
(187, '', '', '', '', 0, 0, 0, '0.00', '3', NULL, NULL, NULL, NULL, NULL, NULL),
(186, 'Trivit-B inj. (Vitamin B1B6B12)', 'as directed by doctor', 'ฉีดยาตามแพทย์สั่ง', 'amp.', 10, 98, 0, '300.00', '1', NULL, NULL, NULL, NULL, NULL, NULL),
(188, 'Clexane (4000 IU/0.4 ml)', 'as directed by doctor', 'ฉีดยาตามแพทย์สั่ง', 'syringe', 1, -1491, -2135, '950.00', '1', NULL, NULL, NULL, NULL, NULL, NULL),
(190, 'Ovarian Booster with Detoxification', 'as directed by doctor', 'ใช้ยาตามแพทย์สั่ง', 'package', 0, -1, -1, '60000.00', '1', NULL, NULL, NULL, NULL, NULL, NULL),
(191, 'Follitrope Prefilled syringe 75 IU', 'as directed by doctor', 'ฉีดยาตามแพทย์สั่ง', 'syringes', 5, -4, -3, '1900.00', '1', NULL, NULL, NULL, NULL, NULL, NULL),
(192, 'Follitrope Prefilled syringe 150 IU', 'as directed by doctor', 'ฉีดยาตามแพทย์สั่ง', 'syringes', 5, 426, -172, '3700.00', '1', NULL, NULL, NULL, NULL, NULL, NULL),
(193, 'Follitrope Prefilled syringe 225 IU', 'as directed by doctor', 'ฉีดยาตามแพทย์สั่ง', 'syringes', 5, 3758, -1151, '5600.00', '1', NULL, NULL, NULL, NULL, NULL, NULL),
(194, 'Follitrope Prefilled syringe 300 IU', 'as directed by doctor', 'ฉีดยาตามแพทย์สั่ง', 'syringes', 20, 90, -5, '7400.00', '1', NULL, NULL, NULL, NULL, NULL, NULL),
(196, 'Pregnyl 1500 IU', 'as directed by doctor ', 'ฉีดยาตามแพทย์สั่ง', 'amp.', 1, -2170, -133, '1000.00', '1', NULL, NULL, NULL, NULL, NULL, NULL),
(197, 'Pregnyl 5000 IU', 'as directed by doctor', 'ฉีดยาตามแพทย์สั่ง', 'amp.', 1, -76, -25, '1600.00', '1', NULL, NULL, NULL, NULL, NULL, NULL),
(198, 'Testoviron 250 mg inj.', 'as directed by doctor', 'ฉีดยาตามแพทย์สั่ง', 'amp.', 1, -59, 0, '500.00', '1', NULL, NULL, NULL, NULL, NULL, NULL),
(199, 'Ceftrex 1 g', 'as directed by doctor', 'ฉีดยาตามแพทย์สั่ง', 'pack', 10, 140, 0, '500.00', '1', NULL, NULL, NULL, NULL, NULL, NULL),
(200, 'Menogon 75 IU', 'as directed by doctor', 'ฉีดยาตามแพทย์สั่ง', 'amp.', 10, 81, 0, '1600.00', '1', NULL, NULL, NULL, NULL, NULL, NULL),
(201, 'Viagra tablet 100 mg (Sidegra)', 'one tablet approx 1 hr before sexual activity', 'รับประทานยา 1 เม็ด ก่อนมีเพศสัมพันธ์ประมาณ 1 ชั่วโมง', 'tablet', 4, -1269, -333, '200.00', '1', NULL, NULL, NULL, NULL, NULL, NULL),
(202, 'Zalain cream 5 mg', 'as directed by doctor', 'ทายาบริเวณที่ติดเชื้อวันละหนึ่งหรือสองครั้งทุกๆวัน ก่อนนอน หรือตอนเช้าและก่อนนอน', 'tube', 2, 12, -7, '120.00', '1', NULL, NULL, NULL, NULL, NULL, NULL),
(203, 'Prednisolone 5 mg ', 'as directed by Doctor', 'รับประทานยาครั้งละ 1 เม็ด วันละ 3 ครั้ง หลังอาหาร เช้า กลางวัน เย็น (หลังอาหารทันที) ควรดื่มน้ำตามมากๆ', 'tablets', 10, -47011, -5527, '10.00', '1', NULL, NULL, NULL, NULL, NULL, NULL),
(204, 'CPM injection 10 mg/ml', 'as directed by doctor', 'ฉีดยาตามแพทย์สั่ง', 'amp.', 0, -5, -61, '400.00', '1', NULL, NULL, NULL, NULL, NULL, NULL),
(207, 'Gonal -F 450IU', 'as directed by Doctor', 'ฉีดยาตามแพทย์สั่ง', 'filled pen', 0, 0, 0, '12000.00', '1', NULL, NULL, NULL, NULL, NULL, NULL),
(208, 'Human Albumin 20% inj.(50 ml)', 'IV. Infusion 50 ml', 'ให้ยาทางหลอดเลือดดำ', 'vial', 0, -1521, -237, '3000.00', '1', NULL, NULL, NULL, NULL, NULL, NULL),
(210, 'Viagra tablet 50 mg (Sidegra)', 'two tablet approx 1 hr before sexual activity', 'รับประทานยา 2 เม็ด ก่อนมีเพศสัมพันธ์ประมาณ 1 ชั่วโมง', 'tablets', 0, -21, -5, '100.00', '1', NULL, NULL, NULL, NULL, NULL, NULL),
(211, 'Cyclo-Progynova', 'as directed by Dr.', 'ใช้ยาตามแพทย์สั่ง', 'pack', 0, -81, -14, '250.00', '1', NULL, NULL, NULL, NULL, NULL, NULL),
(212, 'Plasil (Seapcosil) tablet', '', 'รับประทานยาครั้งละ 1 เม็ด วันละ 3 ครั้ง', 'tablets', 100, 1000, 0, '0.00', '1', NULL, NULL, NULL, NULL, NULL, NULL),
(214, 'Oestrodose', '2 pressure doses apply gel over clean skin once daily\n*do not apply over the breasts or mucous membranes\n*do not massage the gel into the skin\n\n', 'กดครั้งละ2ปั๊ม ทาเจลบนผิวหนังที่ปกติและสะอาด วันละ 1 ครั้ง\n*ห้ามทายาบนเต้านมหรือเยื่อเมือก\nไม่จำเป็นต้องนวดคลึงบริเวณที่ทายา', 'bottle', 10, -676, -78, '1000.00', '1', NULL, NULL, NULL, NULL, NULL, NULL),
(215, 'Decapeptyl 0.1 mg', 'Use as directed by doctor', 'ฉีดยาตามแพทย์สั่ง', 'unit', 0, -323, -21, '2000.00', '1', NULL, NULL, NULL, NULL, NULL, NULL),
(216, 'Femoston 1/10 mg', 'as directed by Dr.', 'รับประทานยาตามแพทย์สั่ง', 'pack', 0, -36, -11, '950.00', '1', NULL, NULL, NULL, NULL, NULL, NULL),
(217, 'test', '', '', '', 2, 7, 0, '10.00', '1', NULL, NULL, NULL, NULL, NULL, NULL);

-- --------------------------------------------------------

--
-- Table structure for table `Supplier`
--

CREATE TABLE `Supplier` (
  `id` int(11) NOT NULL,
  `company_name` varchar(255) DEFAULT NULL,
  `address` varchar(255) DEFAULT NULL,
  `telephone` varchar(255) DEFAULT NULL,
  `fax` varchar(255) DEFAULT NULL,
  `email` varchar(255) DEFAULT NULL,
  `contact_person` varchar(255) DEFAULT NULL,
  `remark` varchar(255) DEFAULT NULL,
  `tax_id` varchar(255) DEFAULT NULL,
  `customer_id` varchar(255) DEFAULT NULL
) ENGINE=InnoDB DEFAULT CHARSET=utf8;

--
-- Dumping data for table `Supplier`
--

INSERT INTO `Supplier` (`id`, `company_name`, `address`, `telephone`, `fax`, `email`, `contact_person`, `remark`, `tax_id`, `customer_id`) VALUES
(2, 'บริษัท ออฟฟิศเมท จำกัด (มหาชน)', '24 ซอยอ่อนนุช 66/1 แขวงสวนหลวง เขตสวนหลวง กรุงเทพฯ 10250', '02-7395555', '02-7635555', '', '', 'Term of payment 30 days /\nCustomer Code no.277231', NULL, NULL),
(3, 'บริษัท เสนาเมดิกเทรด จำกัด ', '637 ถ.ลาดพร้าววังหิน แขวงลาดพร้าว \nเขตลาดพร้าว กรุงเทพฯ 10230', '02-942-0824', '02-5708168', '', 'คุณสิริวรรณ', 'Term of Payment 15 days /\nรับเช็คที่ IVF', '0105515004794', ''),
(4, 'บริษัท ซิลลิค ฟาร์มา จำกัด', 'เลขที่ 2 อาคารเพลินจิตเซ็นเตอร์ ชั้น 8-9 ถนนสุขุมวิท \nแขวงคลองเตย เขตคลองเตย กทม 10110 ', '1727, 02-656-9700 ตจว.โทรฟรี(1800)500-000', '02-6569701', '', '', 'Cash on Delivery  / Code no.71479 ', '0105539106911', '71479'),
(5, 'บริษัท ดีเคเอสเอช (ประเทศไทย)จำกัด', '2106 ถ.สุขุมวิท แขวงบางจาก  เขตพระโขนง กรุงเทพ 10110  ', '02-220-9000', '02-333-1064', '', '', 'Term of Payment 90 days เว้นวันเสาร์ อาทิตย์ / Code no.170189044 IVF / Code no.170027864 Thitikorn Clinic', '0105523002118', '170189044'),
(6, 'ห้างหุ้นส่วนจำกัด พัฒน์ แอนด์ ทอม', '123/5-6 ถ.ประชาชื่น แขวงบางซื่อ เขตบางซื่อ กรุงเทพฯ 10800', '02-585-5696, 02-913-7345', '02 586-0952', '', 'คุณพัฒนี ทองเผือก', 'Cash on Delivery', NULL, NULL),
(7, 'บริษัท โนวาเทค เฮลธ์แคร์ จำกัด', '599/15 ม.5 ถ.ศรีนครินทร์ ต.สำโรงเหนือ อ.เมือง จ.สมุทรปราการ 10270 ', '02-349-4100', '02-349-4105', '', '', 'Term of Payment 30 days', NULL, NULL),
(8, 'บริษัท แปซิฟิค เฮลธ์แคร์ (ไทยแลนด์) จำกัด', '1011 อาคารศุภาลัย แกรนด์ ทาวเวอร์ ห้อง01 ชั้น 29 ถนนพระราม 3 แขวงช่อนนทรี เขตยานนาวา กทม.10120 ', '02-881-2488', '02-683-3373', 'orderhotline@phc.co.th', 'คุณจิตราภา', 'Term of Payment 90 days / Code no.01001761', NULL, NULL),
(9, 'บริษัท เทพเทวามั่นคง จำกัด', '388 ถนนท่าดินแดง แขวงคลองสาน \nเขตคลองสาน กรุงเทพฯ 10600 ', '02-437-1813', '02-4389581', '', 'คุณธงทอง', 'Term of Payment 30 days / รับเงินสดที่ IVF', NULL, NULL),
(10, 'บริษัท มงกุฏเวชภัณฑ์ จำกัด', '419/1,419/3 ถนนราชเทวี แขวงทุ่งพญาไท เขตราชเทวี กรุงเทพ 10400 ', '02-354-9342', '02-354-9284-5', '', '', 'Cash on Delivery', NULL, NULL),
(11, 'บริษัท ออฟฟิชคลับ(ไทย) จำกัด', 'สาขาอโศก ชั้นบี1 189/1 ถ.สุขุมวิท21 คลองเตยเหนือ วัฒนา กรุงเทพ 10110 (อาคารลุมพินี)', '02-2619670', '', '', '', 'Cash on Delivery', NULL, NULL),
(12, 'บริษัท เอส.เอส. เอ็นเทอร์ไพรส์ จำกัด', '66/404 ซอยบางแวก 79 แขวงคลองขวาง เขตภาษีเจริญ กรุงเทพ 10160', '02-4960001', '02-4960002', 'karnjuree@ssenterprises.co.th', 'Kanjuree', 'ส่งสินค้าทุก 2 สัปดาห์ พร้อมรับเงินสดบิลที่ส่งของก่อนหน้า', NULL, NULL),
(13, 'แสงชัย จักรวรรดิเทรดดิ้ง', 'เลขที่ 152 ใกล้แยกวันตึก ถ.จักรวรรดิ กรุงเทพฯ 10100 ', '02-2236071 / 02-622-7254', '', '', '', '', NULL, NULL),
(14, 'บริษัท อาทิตย์ครุภัณฑ์การแพทย์ จำกัด', '1001/1 ซอยสาธุประดิษฐ์ 34 ถนนสาธุประดิษฐ์ แขวงยานนาวา เขตยานนาวา กรุงเทพฯ 10120', '02-6839203-6, 081-4411854', '02-2944289', 'akharadet@sing-ha.com', 'คุณอัครเดช สุพรประดิษฐชัย', 'ส่งสินค้าพร้อมรับเช็ค', NULL, NULL),
(15, 'บริษัท เอก-ชัย ดีสทริบิวชั่น ซิสเทม จำกัด', '3300 ถนนพระรามที่ 4 แขวงคลองตัน เขตคลองเตย กรุงเทพฯ 10110', '02-6728586', '', '', 'Tesco Lotus Shopping Online', 'Cash on delivery', NULL, NULL),
(16, 'บริษัท อิออนไทยแลนด์ จำกัด', '66/4 ซอยสุขุมวิท 20 ถนนสุขุมวิท แขวงคลองเตย เขตคลองเตย กรุงเทพฯ 10110', '02-', '', '', 'สาขาสุขุมวิท 20', 'Cash', NULL, NULL),
(17, 'บริษัท โรงพยาบาลพญาไท3 จำกัด', '111 ถนนเพชรเกษม แขวงปากคลองภาษีเจริญ เขตภาษีเจริญ กรุงเทพฯ 10160', '02-4671111', '02-4676506', '', 'คุณมงคล', 'Term of Payment 30 days', NULL, NULL),
(18, 'บริษัท ฟาร์ม่า อินโนวา จำกัด', '26/19 ถนนรามอินทรา แขวงท่าแร้ง เขตบางเขน กรุงเทพฯ 10230', '02-9715335', '02-9715470', '', '', 'Cash on Delivery', NULL, NULL),
(19, 'บริษัท โรงพยาบาลพญาไท2 จำกัด', '943 ถนนพหลโยธิน แขวงสามเสนใน เขตพญาไท กรุงเทพฯ 10400', '02-6172444', '02-6172499', '', '', 'Cash', NULL, NULL),
(20, 'ห้องเสื้ออริสา', '28 หมู่ที่ 3 ต.สร้อยพร้าว อ.หนองหาน จ.อุดรธานี ', '089-8954954, 087-9358229', '', '', 'คุณอริสา สร้อยวิทยา', 'ตัดชุด Uniform / ชำระมัดจำ 30% ชำระส่วนที่เหลือเมื่อรับสินค้าเรียบร้อยแล้ว', NULL, NULL),
(21, 'บริษัท ลินเด้ (ประเทศไทย) จำกัด (มหาชน)', 'ชั้น 15 บางนาทาวเวอร์ เอ 2/3 หมู่ 14 ถนนบางนา-ตราด กม.6.5 ต.บางแก้ว อ.บางพลี จ.สมุทรปราการ 10540', '02-3386100', '', '', '', 'Cash on Delivery', NULL, NULL),
(22, 'บริษัท สยามแม็คโคร จำกัด (มหาชน)', '521,521/27 ถนนจรัญสนิทวงศ์ แขวงบางขุนศรี เขตบางกอกน้อย กรุงเทพฯ 10700', '02-8645714-32', '02-8645713', '', 'สาขาจรัญสนิทวงศ์', 'Cash', NULL, NULL),
(23, 'บริษัท ภูเก็ตสแควร์ จำกัด', '66/4 ซอยสุขุมวิท 20 ถนนสุขุมวิท แขวงคลองเตย เขตคลองเตย กรุงเทพฯ 10110', '02-6637593', '02-6637594', '', '', 'Term of Payment 5 days / Code no.T-MM-0017', NULL, NULL),
(24, 'แสนสะอาด ลอนดรี้', '346 ซอยสุขุมวิท 49 ถนนสุขุมวิท แขวงคลองตันเหนือ เขตวัฒนา กรุงเทพฯ 10110', '02-3816726', '', '', 'คุณดารารัตน์ แดงเนียม', 'Term of Payment 30 days', NULL, NULL),
(25, 'บริษัท แอดวานซ์ อินโฟร์ เซอร์วิส จำกัด (มหาชน)', '414 อาคารอินทัช ถนนพหลโยธิน แขวงสามเสนใน เขตพญาไท กรุงเทพฯ 10400', '1149, 1175', '', '', '', '30 days', NULL, NULL),
(26, 'บริษัท แล็บควิป(ประเทศไทย) จำกัด', '284 ซอยศูนย์วิจัย4 ถนนพระราม9 แขวงบางกะปิ เขตห้วยขวาง กรุงเทพฯ 10310', '02-719-7350-2', '02-719-7353', '', '', '30 days', NULL, NULL),
(27, 'บริษัทแล็บโซลูชั่น แอนด์ เอนจิเนียริ่ง จำกัด', '28/28 หมู่6 ต.ศาลากลาง อ.บางกรวย จ.นนทบุรี 11130', '02-449-2552-3', '02-449-2554', '', '', '30 days', NULL, NULL),
(28, 'ห้างหุ้นส่วนจำกัด อาร์ ซี เอ็ม ซัพพลายส์', '3/1 ซอยพหลโยธิน17 ถ.พหลโยธิน แขวงจตุจักร เขตจตุจักร กรุงเทพฯ 10900', '02-939-4545-7', '02-939-4548', '', '', '30 days', NULL, NULL),
(29, 'บริษัท ทีโอที จำกัด (มหาชน)', '89/2 หมู่ 3 ถนนแจ้งวัฒนะ แขวงทุ่งสองห้อง เขตหลักสี่ กรุงเทพฯ 10210', '02-9009000', '', '', '', '30 days', NULL, NULL),
(30, 'บริษัท พรอพเพอร์ตี้ แคร์ เซอร์วิสเซส (ประเทศไทย) จำกัด', '234 ซอยสุขุมวิท 101 (ปุณณวิถี) ถนนสุขุมวิท แขวงบางจาก เขตพระโขนง กรุงเทพฯ 10260', '02-7418800', '02-7418062-3', '', '', '30 days / Code no.100009460', NULL, NULL),
(31, 'บริษัท แบงเทรดดิ้ง 1992 จำกัด', '999/99 ชั้น 4 อาคาร แบงเทรดดิ้ง กรุ๊ป ถนนพระรามที่ 9 แขวงสวนหลวง เขตสวนหลวง กรุงเทพฯ 10250', '02-7183333', '02-7183962', '', 'คุณอานุภาพ ศรีโสภา', '30 days / Code no.PHI0001', NULL, NULL),
(32, 'บริษัท เฟอร์ติลิตี้ เซ็นเตอร์ จำกัด', '100/76 ถนนพระราม 9 แขวงห้วยขวาง เขตห้วยขวาง กรุงเทพฯ 10310', '02-6450812-3', '02-6450343', '', '', '30 days ', NULL, NULL),
(33, 'บริษัท เฮ็ลธ อินโนเวฌัน จำกัด', '1054/7 ถนนนครไชยศรี แขวงถนนนครไชยศรี เขตดุสิต กรุงเทพฯ 10300', '02-6674787,02-6690099', '02-6674788', '', 'คุณทัศนีย์', '30 days / Code no.B2-02663-4577', NULL, NULL),
(34, 'บริษัท ทิพย์ไทย แอนด์ แอสโซซิเอทส์ จำกัด', '42/116 หมู่ 5 ถนนไสวประชาราษฎร์ ต.ลาดสวาย อ.ลำลูกกา จ.ปทุมธานี 12150', '02-5192066-8 ', '02-5192047', 'thipthai@hotmail.com', '', '30 days', NULL, NULL),
(35, 'บริษัท ไทยดริ๊งค์ จำกัด', '14 อาคารแสงโสม ถนนวิภาวดีรังสิต แขวงจอมพล เขตจตุจักร กรุงเทพฯ 10900', '02-7857222', '', '', '', 'Cash', NULL, NULL),
(36, 'ห้างหุ้นส่วนจำกัด พัฒน์ แอนด์ ทอม', '123/5-6 ถนนประชาชื่น แขวงบางซื่อ เขตบางซื่อ กรุงเทพฯ 10800', '02-5855696, 02-9137345', '02-5860952', '', 'คุณพัฒนี ทองเผือก', 'Cash on Delivery', NULL, NULL),
(37, 'บริษัท โลจิสติคส์ แมเนจเมนท์ เซอร์วิสเซส จำกัด', '2922/132 อาคารชาญอิสระทาวเวอร์ 2 ชั้น 3 ถนนเพชรบุรีตัดใหม่ แขวงบางกะปิ เขตห้วยขวาง กรุงเทพฯ 10320', '02-7165185-6', '02-7165187', '', '', 'Cash on Delivery\n', NULL, NULL),
(38, 'Thai Genomes Co.,Ltd.', '66/4 Mille Malle Bldg.,Sukhumvit 20,Klongtoey,Bangkok 10110', '02-6635991', '02-6634584', '', 'K.Jean', '30 Days', NULL, NULL),
(40, 'บริษัท โครโมโซม แลบโบราทอรี่ เซ็นเตอร์ จำกัด', '100/58 ถนนเทอดดำริ แขวงถนนนครไชยศรี เขตดุสิต กรุงเทพฯ', '02-2414918, 02-2437658', '02-6683740', '', '', '30 days\n', NULL, NULL),
(41, 'บริษัท ศรีตรังแอโกรอินดัสทรี จำกัด (มหาชน)', 'อาคารปาร์คเวนเชอร์ อีโคเพล็กซ์ ห้อง 1701,1707-1712 ชั้น 17 เลขที่ 57 ถนนวิทยุ แขวงลุมพินี เขตปทุมวัน กรุงเทพฯ 10330', '02-22074500', '02-1082242', '', '', 'Cash on delivery', NULL, NULL),
(42, 'บจก. ไบโอฟาร์ม เคมิคัลส์', '55 อาคารไบโอเฮ้าส์ ชั้น 7\nซ.พร้อมพงษ์ ถ.สุขุมวิท 39\nแขวงคลองตัน เขตวัฒนา กทม 10110', '0-2258-8888', '0-2259-0998', '', '', '', '0105520000343', 'CC96254090'),
(43, 'บริษัท สยามฟาร์มาซูติคอล จำกัด', '171/1-2 ซอยโชคชัยร่วมมิตร ถนนวิภาวดีรังสิต แขวงจอมพล เขตจตุจักร กรุงเทพฯ10900', '02 625 9999', '02 276 8782', '', '', '', '0 1055 09002 22 0', ''),
(44, 'Miracele Holistic Medicine', '27/22หมู่5 ถนนลำลูกกา ตำบลคูคต อำเภอลำลูกกา จังหวัดปทุมธานี', '091 562 3656', '', '', 'คุณธรรมจักร', '', '0105553152762', ''),
(45, 'บริษัทไบโอฟาร์ม เคมิคัลส์ จำกัด', '55 อาคารไบโอเฮ้าส์ ชั้น7 ซ.พร้อมพงษ์สุขุมวิท39แขวงคลองตันเหนือ เขตวัฒนา กทม10110', '022588888', '022600759', '', '', '', '0105520000343', ''),
(46, 'บริษัท อินตัน กรุ๊ป จำกัด', '108/35 หมู่ 1 ตำบลบางขนุน อำเภอบางกรวย จังหวัดนนทบุรี 11130', '0 2423 3338', '', '', '', '', '0745551002148', ''),
(47, 'องค์การเภสัชกรรม', '75/1 ถนนพระรามที่ 6 เขตราชเทวี  กทม 10400', '02-2038841', '026446362', '', '', '', '0994000165315', ''),
(48, 'องค์การเภสัชกรรม', '75/1 ถนนพระรามที่ 6 เขตราชเทวี  กทม 10400', '02-2038841', '026446362', '', 'คุณฮุ่ย', '', '0994000165315', ''),
(49, 'บริษัทสหแพทย์เภสัช จำกัด', '450 ซ.พระรามที่ 2ซ.ถจ แขวงแสมดำ เขตบางขุนเทียน กรุงเทพฯ 10150', '020248635', '020248639', '', '', '', '0105514005061', '2100010421'),
(50, 'บริษัท โอสถ  อินเตอร์ แลบบอราทอรีส์ จำกัด', '600/9หมู่11ถ.สุขาภิบาล 8 ต.หนองขาม อ.ศรีราชา จ.ชลบุรี 20230', '(038)480-766-7', '(038)480828', '', '', '', '0105555151020', 'CBB0554');

-- --------------------------------------------------------

--
-- Table structure for table `SurfixName`
--

CREATE TABLE `SurfixName` (
  `SurfixID` int(11) NOT NULL,
  `SurfixName` varchar(250) COLLATE utf8_unicode_ci DEFAULT NULL,
  `SexID` tinyint(4) DEFAULT NULL
) ENGINE=MyISAM DEFAULT CHARSET=utf8 COLLATE=utf8_unicode_ci;

--
-- Dumping data for table `SurfixName`
--

INSERT INTO `SurfixName` (`SurfixID`, `SurfixName`, `SexID`) VALUES
(1, 'Mrs.', 2),
(2, 'Miss', 2),
(3, 'Mr.', 1),
(4, 'Girl', 2),
(5, 'Boy', 1);

-- --------------------------------------------------------

--
-- Table structure for table `SurrogacyReport`
--

CREATE TABLE `SurrogacyReport` (
  `ID` bigint(20) NOT NULL,
  `PID` int(11) NOT NULL,
  `PIDS` varchar(20) COLLATE utf8_unicode_ci NOT NULL,
  `PName` varchar(255) COLLATE utf8_unicode_ci NOT NULL,
  `SGM` varchar(11) COLLATE utf8_unicode_ci NOT NULL,
  `IPNumber` varchar(11) COLLATE utf8_unicode_ci NOT NULL,
  `IPName` varchar(255) COLLATE utf8_unicode_ci NOT NULL,
  `ReportWeek` int(11) NOT NULL,
  `BodyWeight` decimal(10,2) DEFAULT NULL,
  `BloodPressure` varchar(10) COLLATE utf8_unicode_ci DEFAULT NULL,
  `UrineProtein` varchar(10) COLLATE utf8_unicode_ci DEFAULT NULL,
  `EDCByDate` varchar(50) COLLATE utf8_unicode_ci DEFAULT NULL,
  `EDCByUltrasound` varchar(50) COLLATE utf8_unicode_ci DEFAULT NULL,
  `EDCByUS` varchar(50) COLLATE utf8_unicode_ci DEFAULT NULL,
  `USResult` varchar(250) COLLATE utf8_unicode_ci DEFAULT NULL,
  `ChiefComplain` longtext COLLATE utf8_unicode_ci,
  `FetalWeight` varchar(10) COLLATE utf8_unicode_ci DEFAULT NULL,
  `HeightOfFundus` varchar(10) COLLATE utf8_unicode_ci DEFAULT NULL,
  `DSScreeningResult` longtext COLLATE utf8_unicode_ci,
  `DSRiskOfDown` longtext COLLATE utf8_unicode_ci,
  `DSComment` longtext COLLATE utf8_unicode_ci,
  `Medicine` longtext COLLATE utf8_unicode_ci,
  `NextAppointment` varchar(50) COLLATE utf8_unicode_ci DEFAULT NULL,
  `Doctor` longtext COLLATE utf8_unicode_ci,
  `ReportDate` varchar(50) COLLATE utf8_unicode_ci DEFAULT NULL,
  `FetalHeartRate` varchar(10) COLLATE utf8_unicode_ci DEFAULT NULL
) ENGINE=InnoDB DEFAULT CHARSET=utf8 COLLATE=utf8_unicode_ci;

--
-- Dumping data for table `SurrogacyReport`
--

INSERT INTO `SurrogacyReport` (`ID`, `PID`, `PIDS`, `PName`, `SGM`, `IPNumber`, `IPName`, `ReportWeek`, `BodyWeight`, `BloodPressure`, `UrineProtein`, `EDCByDate`, `EDCByUltrasound`, `EDCByUS`, `USResult`, `ChiefComplain`, `FetalWeight`, `HeightOfFundus`, `DSScreeningResult`, `DSRiskOfDown`, `DSComment`, `Medicine`, `NextAppointment`, `Doctor`, `ReportDate`, `FetalHeartRate`) VALUES
(3, 201300001, 'HN-00001/56', 'Mrs. Chen Linlin', '1', '2', 'fdasfjkla', 24, '20.50', '120/60', '112', '13-11-2013', '13-Jan-2013', '13-Jan-2013', 'fsafal', 'fdjaklgtrowl', '56', '46', 'fdsafjk', 'fdjkaln vk', 'kfdlaikklkl;;', 'Aspirine', '13-11-2013', 'dr test', '', '60');

-- --------------------------------------------------------

--
-- Table structure for table `TVS`
--

CREATE TABLE `TVS` (
  `ID` int(11) NOT NULL,
  `Price` int(11) NOT NULL
) ENGINE=InnoDB DEFAULT CHARSET=utf8 COLLATE=utf8_unicode_ci;

-- --------------------------------------------------------

--
-- Table structure for table `t_doc_scan`
--

CREATE TABLE `t_doc_scan` (
  `doc_scan_id` int(11) NOT NULL,
  `doc_group_id` int(11) DEFAULT NULL,
  `row_no` int(11) DEFAULT NULL,
  `host_ftp` varchar(45) DEFAULT NULL,
  `folder_ftp` varchar(45) DEFAULT NULL,
  `image_path` varchar(255) DEFAULT NULL,
  `hn` varchar(45) DEFAULT NULL,
  `vn` varchar(45) DEFAULT NULL,
  `visit_date` varchar(45) DEFAULT NULL,
  `active` varchar(45) DEFAULT NULL,
  `remark` varchar(45) DEFAULT NULL,
  `date_create` varchar(45) DEFAULT NULL,
  `date_modi` varchar(45) DEFAULT NULL,
  `date_cancel` varchar(45) DEFAULT NULL,
  `user_create` varchar(45) DEFAULT NULL,
  `user_modi` varchar(45) DEFAULT NULL,
  `user_cancel` varchar(45) DEFAULT NULL,
  `an` varchar(45) DEFAULT NULL,
  `doc_group_sub_id` int(11) DEFAULT NULL,
  `pre_no` varchar(45) DEFAULT NULL,
  `an_date` varchar(45) DEFAULT NULL,
  `status_ipd` varchar(45) DEFAULT NULL,
  `an_cnt` varchar(45) DEFAULT NULL
) ENGINE=MyISAM DEFAULT CHARSET=utf8 COMMENT='id=223';

-- --------------------------------------------------------

--
-- Table structure for table `t_goods_draw`
--

CREATE TABLE `t_goods_draw` (
  `draw_id` int(11) NOT NULL,
  `draw_doc` varchar(255) COLLATE utf8_bin DEFAULT NULL,
  `inv_ex` varchar(255) COLLATE utf8_bin DEFAULT NULL,
  `description` varchar(255) COLLATE utf8_bin DEFAULT NULL,
  `draw_date` varchar(255) COLLATE utf8_bin DEFAULT NULL,
  `comp_id` varchar(255) COLLATE utf8_bin DEFAULT NULL,
  `vend_id` varchar(255) COLLATE utf8_bin DEFAULT NULL,
  `branch_id_draw` varchar(255) COLLATE utf8_bin DEFAULT NULL,
  `cust_id_rec` varchar(255) COLLATE utf8_bin DEFAULT NULL,
  `remark` varchar(255) COLLATE utf8_bin DEFAULT NULL,
  `active` varchar(255) COLLATE utf8_bin DEFAULT NULL,
  `status_stock` varchar(255) COLLATE utf8_bin DEFAULT '0' COMMENT '0=default, 1=add stock',
  `date_create` varchar(255) COLLATE utf8_bin DEFAULT NULL,
  `date_modi` varchar(255) COLLATE utf8_bin DEFAULT NULL,
  `date_cancel` varchar(255) COLLATE utf8_bin DEFAULT NULL
) ENGINE=MyISAM DEFAULT CHARSET=utf8 COLLATE=utf8_bin COMMENT='id=402';

-- --------------------------------------------------------

--
-- Table structure for table `t_goods_draw_detail`
--

CREATE TABLE `t_goods_draw_detail` (
  `draw_detail_id` int(11) NOT NULL,
  `draw_id` varchar(255) COLLATE utf8_bin DEFAULT NULL,
  `goods_id` varchar(255) COLLATE utf8_bin DEFAULT NULL,
  `price` decimal(17,2) DEFAULT '0.00',
  `cost` decimal(17,2) DEFAULT '0.00',
  `qty` decimal(17,2) DEFAULT '0.00',
  `amount` decimal(17,2) DEFAULT '0.00',
  `unit_id` varchar(255) COLLATE utf8_bin DEFAULT NULL,
  `remark` varchar(255) COLLATE utf8_bin DEFAULT NULL,
  `active` varchar(255) COLLATE utf8_bin DEFAULT NULL,
  `hn` varchar(255) COLLATE utf8_bin DEFAULT '-',
  `status_stock` varchar(255) COLLATE utf8_bin DEFAULT '0' COMMENT '0=default, 1=add stock',
  `date_create` varchar(255) COLLATE utf8_bin DEFAULT NULL,
  `date_modi` varchar(255) COLLATE utf8_bin DEFAULT NULL,
  `date_cancel` varchar(255) COLLATE utf8_bin DEFAULT NULL
) ENGINE=MyISAM DEFAULT CHARSET=utf8 COLLATE=utf8_bin COMMENT='id=403';

-- --------------------------------------------------------

--
-- Table structure for table `t_goods_rec`
--

CREATE TABLE `t_goods_rec` (
  `rec_id` int(11) NOT NULL,
  `rec_doc` varchar(255) COLLATE utf8_bin DEFAULT NULL,
  `inv_ex` varchar(255) COLLATE utf8_bin DEFAULT NULL,
  `description` varchar(255) COLLATE utf8_bin DEFAULT NULL,
  `rec_date` varchar(255) COLLATE utf8_bin DEFAULT NULL,
  `inv_ex_date` varchar(255) COLLATE utf8_bin DEFAULT NULL,
  `comp_id` varchar(255) COLLATE utf8_bin DEFAULT NULL,
  `vend_id` varchar(255) COLLATE utf8_bin DEFAULT NULL,
  `branch_id` varchar(255) COLLATE utf8_bin DEFAULT NULL,
  `remark` varchar(255) COLLATE utf8_bin DEFAULT NULL,
  `active` varchar(255) COLLATE utf8_bin DEFAULT NULL,
  `status_stock` varchar(255) COLLATE utf8_bin DEFAULT '0' COMMENT '0=default, 1=add stock',
  `date_create` varchar(255) COLLATE utf8_bin DEFAULT NULL,
  `date_modi` varchar(255) COLLATE utf8_bin DEFAULT NULL,
  `date_cancel` varchar(255) COLLATE utf8_bin DEFAULT NULL
) ENGINE=MyISAM DEFAULT CHARSET=utf8 COLLATE=utf8_bin COMMENT='id=404';

-- --------------------------------------------------------

--
-- Table structure for table `t_goods_rec_detail`
--

CREATE TABLE `t_goods_rec_detail` (
  `rec_detail_id` int(11) NOT NULL,
  `rec_id` varchar(255) COLLATE utf8_bin DEFAULT NULL,
  `goods_id` varchar(255) COLLATE utf8_bin DEFAULT NULL,
  `price` decimal(17,2) DEFAULT '0.00',
  `cost` decimal(17,2) DEFAULT '0.00',
  `qty` decimal(17,2) DEFAULT '0.00',
  `amount` decimal(17,2) DEFAULT '0.00',
  `unit_id` varchar(255) COLLATE utf8_bin DEFAULT NULL,
  `remark` varchar(255) COLLATE utf8_bin DEFAULT NULL,
  `active` varchar(255) COLLATE utf8_bin DEFAULT NULL,
  `status_stock` varchar(255) COLLATE utf8_bin DEFAULT '0' COMMENT '0=default, 1=add stock',
  `date_create` varchar(255) COLLATE utf8_bin DEFAULT NULL,
  `date_modi` varchar(255) COLLATE utf8_bin DEFAULT NULL,
  `date_cancel` varchar(255) COLLATE utf8_bin DEFAULT NULL
) ENGINE=MyISAM DEFAULT CHARSET=utf8 COLLATE=utf8_bin COMMENT='id=405';

-- --------------------------------------------------------

--
-- Table structure for table `t_goods_return`
--

CREATE TABLE `t_goods_return` (
  `return_id` int(11) NOT NULL,
  `return_doc` varchar(255) COLLATE utf8_bin DEFAULT NULL,
  `draw_id` varchar(255) COLLATE utf8_bin DEFAULT NULL,
  `return_date` varchar(255) COLLATE utf8_bin DEFAULT NULL,
  `active` varchar(255) COLLATE utf8_bin DEFAULT NULL,
  `description` varchar(255) COLLATE utf8_bin DEFAULT NULL,
  `remark` varchar(255) COLLATE utf8_bin DEFAULT NULL,
  `comp_id` varchar(255) COLLATE utf8_bin DEFAULT NULL,
  `branch_id` varchar(255) COLLATE utf8_bin DEFAULT NULL,
  `status_stock` varchar(255) COLLATE utf8_bin DEFAULT '0' COMMENT '0=default, 1=add stock',
  `cust_id_return` varchar(255) COLLATE utf8_bin DEFAULT NULL,
  `date_create` varchar(255) COLLATE utf8_bin DEFAULT NULL,
  `date_modi` varchar(255) COLLATE utf8_bin DEFAULT NULL,
  `date_cancel` varchar(255) COLLATE utf8_bin DEFAULT NULL,
  `user_create` varchar(255) COLLATE utf8_bin DEFAULT NULL,
  `user_modi` varchar(255) COLLATE utf8_bin DEFAULT NULL,
  `user_cancel` varchar(255) COLLATE utf8_bin DEFAULT NULL
) ENGINE=MyISAM DEFAULT CHARSET=utf8 COLLATE=utf8_bin COMMENT='id=406';

-- --------------------------------------------------------

--
-- Table structure for table `t_goods_return_detail`
--

CREATE TABLE `t_goods_return_detail` (
  `return_detail_id` int(11) NOT NULL,
  `return_id` varchar(255) COLLATE utf8_bin DEFAULT NULL,
  `goods_id` varchar(255) COLLATE utf8_bin DEFAULT NULL,
  `qty` decimal(17,2) DEFAULT '0.00',
  `active` varchar(255) COLLATE utf8_bin DEFAULT NULL,
  `status_stock` varchar(255) COLLATE utf8_bin DEFAULT '0',
  `date_create` varchar(255) COLLATE utf8_bin DEFAULT NULL,
  `date_modi` varchar(255) COLLATE utf8_bin DEFAULT NULL,
  `date_cancel` varchar(255) COLLATE utf8_bin DEFAULT NULL,
  `user_create` varchar(255) COLLATE utf8_bin DEFAULT NULL,
  `user_modi` varchar(255) COLLATE utf8_bin DEFAULT NULL,
  `user_cancel` varchar(255) COLLATE utf8_bin DEFAULT NULL
) ENGINE=MyISAM DEFAULT CHARSET=utf8 COLLATE=utf8_bin COMMENT='id=407';

-- --------------------------------------------------------

--
-- Table structure for table `t_note`
--

CREATE TABLE `t_note` (
  `note_id` int(11) NOT NULL,
  `note_1` varchar(2000) COLLATE utf8_bin DEFAULT NULL,
  `note_2` varchar(2000) COLLATE utf8_bin DEFAULT NULL,
  `active` varchar(45) COLLATE utf8_bin DEFAULT NULL,
  `remark` varchar(45) COLLATE utf8_bin DEFAULT NULL,
  `date_create` varchar(45) COLLATE utf8_bin DEFAULT NULL,
  `date_modi` varchar(45) COLLATE utf8_bin DEFAULT NULL,
  `date_cancel` varchar(45) COLLATE utf8_bin DEFAULT NULL,
  `user_create` varchar(45) COLLATE utf8_bin DEFAULT NULL,
  `user_modi` varchar(45) COLLATE utf8_bin DEFAULT NULL,
  `user_cancel` varchar(45) COLLATE utf8_bin DEFAULT NULL,
  `t_patient_id` int(11) DEFAULT NULL,
  `b_service_point_id` int(11) DEFAULT NULL,
  `status_all` varchar(45) COLLATE utf8_bin DEFAULT NULL
) ENGINE=MyISAM DEFAULT CHARSET=utf8 COLLATE=utf8_bin COMMENT='id=223';

--
-- Dumping data for table `t_note`
--

INSERT INTO `t_note` (`note_id`, `note_1`, `note_2`, `active`, `remark`, `date_create`, `date_modi`, `date_cancel`, `user_create`, `user_modi`, `user_cancel`, `t_patient_id`, `b_service_point_id`, `status_all`) VALUES
(223000000, 'aaaaaaa', '', '1', '', '2019-03-28 07:25:49', '', '', '', '', '', 2080000049, 2120000000, NULL),
(223000001, 'rrrrrrrrrrrrrrrrrrrrrrrrrrrrrrrrrrrrrrrrrrrrrrrrrrrrrrrrrrrrrrrrrrrrrrrrrrrrrrrrrrrrrrrrrrrrrrrrr', '', '1', '', '2019-03-28 07:26:07', '', '', '', '', '', 2080000049, 2120000000, NULL),
(223000002, 'qwerqwerqwerqwerqwerppppppp', '', '1', '', '2019-03-28 14:23:13', '2019-03-28 14:25:39', '', '', '', '', 2080000050, 2120000000, '0'),
(223000003, 'qwerqwerqwerqwerqweraaaaaaaaaaaa', '', '1', '', '2019-03-28 14:23:25', '', '', '', '', '', 2080000050, 2120000000, '0');

-- --------------------------------------------------------

--
-- Table structure for table `t_patient`
--

CREATE TABLE `t_patient` (
  `t_patient_id` int(11) NOT NULL,
  `patient_hn` varchar(255) COLLATE utf8_bin DEFAULT NULL,
  `f_patient_prefix_id` int(11) DEFAULT NULL,
  `patient_firstname` varchar(255) COLLATE utf8_bin DEFAULT NULL,
  `patient_lastname` varchar(255) COLLATE utf8_bin DEFAULT NULL,
  `patient_firstname_e` varchar(255) COLLATE utf8_bin DEFAULT NULL,
  `patient_lastname_e` varchar(255) COLLATE utf8_bin DEFAULT NULL,
  `patient_xn` varchar(255) COLLATE utf8_bin DEFAULT NULL,
  `f_sex_id` int(11) DEFAULT NULL,
  `patient_birthday` varchar(255) COLLATE utf8_bin DEFAULT NULL,
  `patient_house` varchar(255) COLLATE utf8_bin DEFAULT NULL,
  `patient_road` varchar(255) COLLATE utf8_bin DEFAULT NULL,
  `patient_moo` varchar(255) COLLATE utf8_bin DEFAULT NULL,
  `patient_tambon` varchar(255) COLLATE utf8_bin DEFAULT NULL,
  `patient_amphur` varchar(255) COLLATE utf8_bin DEFAULT NULL,
  `patient_changwat` varchar(255) COLLATE utf8_bin DEFAULT NULL,
  `f_patient_marriage_status_id` int(11) DEFAULT NULL,
  `f_patient_occupation_id` int(11) DEFAULT NULL,
  `f_patient_race_id` varchar(255) COLLATE utf8_bin DEFAULT NULL,
  `f_patient_nation_id` varchar(255) COLLATE utf8_bin DEFAULT NULL,
  `f_patient_religion_id` int(11) DEFAULT NULL,
  `f_patient_education_type_id` int(11) DEFAULT NULL,
  `f_patient_family_status_id` int(11) DEFAULT NULL,
  `patient_father_firstname` varchar(255) COLLATE utf8_bin DEFAULT NULL,
  `patient_father_lastname` varchar(255) COLLATE utf8_bin DEFAULT NULL,
  `patient_mother_firstname` varchar(255) COLLATE utf8_bin DEFAULT NULL,
  `patient_mother_lastname` varchar(255) COLLATE utf8_bin DEFAULT NULL,
  `patient_couple_firstname` varchar(255) COLLATE utf8_bin DEFAULT NULL,
  `patient_couple_lastname` varchar(255) COLLATE utf8_bin DEFAULT NULL,
  `patient_couple_mobile` varchar(255) COLLATE utf8_bin DEFAULT NULL,
  `patient_couple_f_patient_prefix_id` int(11) DEFAULT NULL,
  `contract` varchar(255) COLLATE utf8_bin DEFAULT NULL,
  `insurance` varchar(255) COLLATE utf8_bin DEFAULT NULL,
  `patient_move_in_date_time` varchar(255) COLLATE utf8_bin DEFAULT NULL,
  `f_patient_discharge_status_id` int(11) DEFAULT NULL,
  `patient_discharge_date_time` varchar(255) COLLATE utf8_bin DEFAULT NULL,
  `f_patient_blood_group_id` int(11) DEFAULT NULL,
  `f_patient_foreigner_id` int(11) DEFAULT NULL,
  `f_patient_area_status_id` int(11) DEFAULT NULL,
  `patient_father_pid` varchar(255) COLLATE utf8_bin DEFAULT NULL,
  `patient_mather_pid` varchar(255) COLLATE utf8_bin DEFAULT NULL,
  `patient_couple_pid` varchar(255) COLLATE utf8_bin DEFAULT NULL,
  `patient_coulpe_f_patient_relation_id` int(11) DEFAULT NULL,
  `patient_community_status` varchar(255) COLLATE utf8_bin DEFAULT NULL,
  `patient_private_doctor` varchar(255) COLLATE utf8_bin DEFAULT NULL COMMENT 'แพทย์ประจำ',
  `pid` varchar(255) COLLATE utf8_bin DEFAULT NULL,
  `mobile1` varchar(255) COLLATE utf8_bin DEFAULT NULL,
  `f_patient_relation_id` int(11) DEFAULT NULL,
  `patient_contact_f_patient_relation_id` int(11) DEFAULT NULL,
  `patient_contact_phone_number` varchar(255) COLLATE utf8_bin DEFAULT NULL,
  `patient_contact_mobile_phone` varchar(255) COLLATE utf8_bin DEFAULT NULL,
  `patient_contact_sex_id` int(11) DEFAULT NULL,
  `patient_contact_house` varchar(255) COLLATE utf8_bin DEFAULT NULL,
  `patient_contact_moo` varchar(255) COLLATE utf8_bin DEFAULT NULL,
  `patient_contact_changwat` varchar(255) COLLATE utf8_bin DEFAULT NULL,
  `patient_contact_amphur` varchar(255) COLLATE utf8_bin DEFAULT NULL,
  `patient_contact_tambon` varchar(255) COLLATE utf8_bin DEFAULT NULL,
  `patient_contact_road` varchar(255) COLLATE utf8_bin DEFAULT NULL,
  `patient_contact_firstname` varchar(255) COLLATE utf8_bin DEFAULT NULL,
  `patient_contact_lastname` varchar(255) COLLATE utf8_bin DEFAULT NULL,
  `patient_contact_f_patient_prefix_id` int(11) DEFAULT NULL,
  `patient_birthday_true` varchar(255) COLLATE utf8_bin DEFAULT NULL,
  `patient_merged` varchar(255) COLLATE utf8_bin DEFAULT NULL,
  `patient_record_date_time` varchar(155) COLLATE utf8_bin DEFAULT NULL,
  `patient_update_date_time` varchar(155) COLLATE utf8_bin DEFAULT NULL,
  `patient_staff_record` varchar(155) COLLATE utf8_bin DEFAULT NULL,
  `patient_staff_modify` varchar(155) COLLATE utf8_bin DEFAULT NULL,
  `patient_staff_cancel` varchar(155) COLLATE utf8_bin DEFAULT NULL,
  `patient_active` varchar(255) COLLATE utf8_bin DEFAULT NULL,
  `patient_drugallergy` varchar(255) COLLATE utf8_bin DEFAULT NULL,
  `patient_language_for_print` varchar(255) COLLATE utf8_bin DEFAULT NULL,
  `mobile2` varchar(255) COLLATE utf8_bin DEFAULT NULL,
  `patient_has_home_in_pcu` varchar(255) COLLATE utf8_bin DEFAULT NULL,
  `t_health_family_id` int(11) DEFAULT NULL,
  `patient_other_country_address` varchar(255) COLLATE utf8_bin DEFAULT NULL,
  `patient_is_other_country` varchar(255) COLLATE utf8_bin DEFAULT NULL,
  `contact_id` int(11) DEFAULT NULL,
  `contact_namet` varchar(255) COLLATE utf8_bin DEFAULT NULL,
  `remark1` varchar(255) COLLATE utf8_bin DEFAULT NULL,
  `remark2` varchar(255) COLLATE utf8_bin DEFAULT NULL,
  `contact_join_id` int(11) DEFAULT NULL,
  `contact_join_namet` varchar(255) COLLATE utf8_bin DEFAULT NULL,
  `ss_patient_hn` varchar(255) COLLATE utf8_bin DEFAULT NULL,
  `patient_soi` varchar(255) COLLATE utf8_bin DEFAULT NULL,
  `patient_contact_soi` varchar(255) COLLATE utf8_bin DEFAULT NULL,
  `status_chronic` varchar(1) COLLATE utf8_bin DEFAULT NULL,
  `status_hiv` varchar(1) COLLATE utf8_bin DEFAULT NULL,
  `patient_status_hiv` varchar(1) COLLATE utf8_bin DEFAULT NULL,
  `status_deny_allergy` varchar(1) COLLATE utf8_bin DEFAULT NULL COMMENT '0=ไม่แพ้ยา;1=แพ้ยา ',
  `latitude` decimal(17,2) DEFAULT NULL,
  `longitude` decimal(17,2) DEFAULT NULL,
  `t_person_id` varchar(255) COLLATE utf8_bin DEFAULT NULL,
  `patient_patient_email` varchar(255) COLLATE utf8_bin DEFAULT NULL,
  `patient_contact_email` varchar(255) COLLATE utf8_bin DEFAULT NULL,
  `picture_profile` varchar(255) COLLATE utf8_bin DEFAULT NULL,
  `date_create` varchar(55) COLLATE utf8_bin DEFAULT NULL,
  `date_modi` varchar(55) COLLATE utf8_bin DEFAULT NULL,
  `date_cancel` varchar(55) COLLATE utf8_bin DEFAULT NULL,
  `user_create` varchar(55) COLLATE utf8_bin DEFAULT NULL,
  `user_modi` varchar(55) COLLATE utf8_bin DEFAULT NULL,
  `user_cancel` varchar(55) COLLATE utf8_bin DEFAULT NULL,
  `active` varchar(1) COLLATE utf8_bin DEFAULT NULL,
  `line_id` varchar(255) COLLATE utf8_bin DEFAULT NULL,
  `email` varchar(255) COLLATE utf8_bin DEFAULT NULL,
  `passport` varchar(255) COLLATE utf8_bin DEFAULT NULL,
  `remark` varchar(255) COLLATE utf8_bin DEFAULT NULL,
  `status_convert` varchar(1) COLLATE utf8_bin DEFAULT NULL,
  `patient_father_mobile` varchar(255) COLLATE utf8_bin DEFAULT NULL,
  `patient_mother_mobile` varchar(255) COLLATE utf8_bin DEFAULT NULL,
  `patient_type` varchar(255) COLLATE utf8_bin DEFAULT NULL,
  `patient_group` varchar(255) COLLATE utf8_bin DEFAULT NULL,
  `agent` varchar(255) COLLATE utf8_bin DEFAULT NULL,
  `b_contract_plans_id` int(11) DEFAULT NULL,
  `t_patient_id_old` int(11) DEFAULT NULL,
  `status_opu` varchar(5) COLLATE utf8_bin DEFAULT NULL COMMENT 'สถานะ เคยทำ OPU',
  `patient_nickname` varchar(255) COLLATE utf8_bin DEFAULT NULL,
  `patient_height` varchar(45) COLLATE utf8_bin DEFAULT NULL,
  `status_or` varchar(5) COLLATE utf8_bin DEFAULT NULL,
  `or_description` varchar(255) COLLATE utf8_bin DEFAULT NULL,
  `status_congenial_diseases` varchar(5) COLLATE utf8_bin DEFAULT NULL,
  `congenial_diseases_description` varchar(255) COLLATE utf8_bin DEFAULT NULL,
  `path_pic_1` varchar(25) COLLATE utf8_bin DEFAULT NULL COMMENT 'รูปบัตรประชาชน',
  `path_pic_2` varchar(25) COLLATE utf8_bin DEFAULT NULL COMMENT 'สำเนาบัตรประชาชน ที่มีลายเซ็น',
  `path_pic_3` varchar(25) COLLATE utf8_bin DEFAULT NULL,
  `allergy_description` varchar(255) COLLATE utf8_bin DEFAULT NULL,
  `status_g` varchar(45) COLLATE utf8_bin DEFAULT NULL COMMENT 'มีบุตรหรือยัง',
  `p` varchar(45) COLLATE utf8_bin DEFAULT NULL COMMENT 'ผ่าตัดคลอดกี่คน',
  `a` varchar(45) COLLATE utf8_bin DEFAULT NULL COMMENT 'แท้งกี่คน',
  `g` varchar(45) COLLATE utf8_bin DEFAULT NULL COMMENT 'จำนวนบุตร',
  `emercontact` varchar(255) COLLATE utf8_bin DEFAULT NULL,
  `patient_country` varchar(255) COLLATE utf8_bin DEFAULT NULL,
  `patient_hn_couple` varchar(45) COLLATE utf8_bin DEFAULT NULL,
  `doctor_id` int(11) DEFAULT NULL
) ENGINE=MyISAM DEFAULT CHARSET=utf8 COLLATE=utf8_bin COMMENT='id=208';

--
-- Dumping data for table `t_patient`
--

INSERT INTO `t_patient` (`t_patient_id`, `patient_hn`, `f_patient_prefix_id`, `patient_firstname`, `patient_lastname`, `patient_firstname_e`, `patient_lastname_e`, `patient_xn`, `f_sex_id`, `patient_birthday`, `patient_house`, `patient_road`, `patient_moo`, `patient_tambon`, `patient_amphur`, `patient_changwat`, `f_patient_marriage_status_id`, `f_patient_occupation_id`, `f_patient_race_id`, `f_patient_nation_id`, `f_patient_religion_id`, `f_patient_education_type_id`, `f_patient_family_status_id`, `patient_father_firstname`, `patient_father_lastname`, `patient_mother_firstname`, `patient_mother_lastname`, `patient_couple_firstname`, `patient_couple_lastname`, `patient_couple_mobile`, `patient_couple_f_patient_prefix_id`, `contract`, `insurance`, `patient_move_in_date_time`, `f_patient_discharge_status_id`, `patient_discharge_date_time`, `f_patient_blood_group_id`, `f_patient_foreigner_id`, `f_patient_area_status_id`, `patient_father_pid`, `patient_mather_pid`, `patient_couple_pid`, `patient_coulpe_f_patient_relation_id`, `patient_community_status`, `patient_private_doctor`, `pid`, `mobile1`, `f_patient_relation_id`, `patient_contact_f_patient_relation_id`, `patient_contact_phone_number`, `patient_contact_mobile_phone`, `patient_contact_sex_id`, `patient_contact_house`, `patient_contact_moo`, `patient_contact_changwat`, `patient_contact_amphur`, `patient_contact_tambon`, `patient_contact_road`, `patient_contact_firstname`, `patient_contact_lastname`, `patient_contact_f_patient_prefix_id`, `patient_birthday_true`, `patient_merged`, `patient_record_date_time`, `patient_update_date_time`, `patient_staff_record`, `patient_staff_modify`, `patient_staff_cancel`, `patient_active`, `patient_drugallergy`, `patient_language_for_print`, `mobile2`, `patient_has_home_in_pcu`, `t_health_family_id`, `patient_other_country_address`, `patient_is_other_country`, `contact_id`, `contact_namet`, `remark1`, `remark2`, `contact_join_id`, `contact_join_namet`, `ss_patient_hn`, `patient_soi`, `patient_contact_soi`, `status_chronic`, `status_hiv`, `patient_status_hiv`, `status_deny_allergy`, `latitude`, `longitude`, `t_person_id`, `patient_patient_email`, `patient_contact_email`, `picture_profile`, `date_create`, `date_modi`, `date_cancel`, `user_create`, `user_modi`, `user_cancel`, `active`, `line_id`, `email`, `passport`, `remark`, `status_convert`, `patient_father_mobile`, `patient_mother_mobile`, `patient_type`, `patient_group`, `agent`, `b_contract_plans_id`, `t_patient_id_old`, `status_opu`, `patient_nickname`, `patient_height`, `status_or`, `or_description`, `status_congenial_diseases`, `congenial_diseases_description`, `path_pic_1`, `path_pic_2`, `path_pic_3`, `allergy_description`, `status_g`, `p`, `a`, `g`, `emercontact`, `patient_country`, `patient_hn_couple`, `doctor_id`) VALUES
(2080000041, '', 0, '', '', 'test', 'aaaa', '', 0, '1-01-01', '', '', '', '', '', '', 0, 0, '0', '0', 0, 0, 0, '', '', '', '', '', '', '', 1, '', '', '', 0, '', 0, 0, 0, '', '', '', 0, '', '', '', '', 0, 0, '', '', 0, '', '', '', '', '', '', '', '', 0, '', '', '2019-03-10 20:11:19', '', '', '', '', '', '', '', '', '', 0, '', '', 0, '', '', '', 0, '', '', '', '', '0', '', '', '0', '0.00', '0.00', '0', '', '', '', '2019-03-10 13:11:20', '', '', '1220000001@192.168.100.1', '', '', '1', '', '', '', '', '', '', '', '000', '000', '000', 0, 20190001, '0', '', '', '0', '', '0', '', NULL, NULL, NULL, '', '0', '', '', '', '', '', '', NULL),
(2080000042, 'HN-90002/62', 0, '', '', 'aaaa', 'fff', '', 0, '1-01-01', '', '', '', '', '', '', 0, 0, '0', '0', 0, 0, 0, '', '', '', '', '', '', '', 0, '', '', '', 0, '', 0, 0, 0, '', '', '', 0, '', '', '', '', 0, 0, '', '', 0, '', '', '', '', '', '', '', '', 0, '', '', '2019-03-10 20:12:28', '', '', '', '', '', '', '', '', '', 0, '', '', 0, '', '', '', 0, '', '', '', '', '0', '', '', '0', '0.00', '0.00', '0', '', '', '', '2019-03-10 13:14:47', '', '', '1220000001@192.168.100.1', '', '', '1', '', '', '', '', '', '', '', '000', '000', '000', 0, 20190002, '0', '', '', '0', '', '0', '', NULL, NULL, NULL, '', '0', '', '', '', '', '', NULL, NULL),
(2080000043, 'HN-90003/62', 0, '', '', 'zzzz', 'aaa', '', 0, '1-01-01', '', '', '', '', '', '', 0, 0, '0', '0', 0, 0, 0, '', '', '', '', '', '', '', 0, '', '', '', 0, '', 0, 0, 0, '', '', '', 0, '', '', '', '', 0, 0, '', '', 0, '', '', '', '', '', '', '', '', 0, '', '', '2019-03-10 20:22:13', '', '', '', '', '', '', '', '', '', 0, '', '', 0, '', '', '', 0, '', '', '', '', '0', '', '', '0', '0.00', '0.00', '0', '', '', '', '2019-03-10 13:22:16', '', '', '1220000001@192.168.100.1', '', '', '1', '', '', '', '', '', '', '', '000', '000', '000', 0, 20190003, '0', '', '', '0', '', '0', '', NULL, NULL, NULL, '', '0', '', '', '', '', '', NULL, NULL),
(2080000044, 'HN-90004/62', 0, '', '', 'vvvv', 'ccc', '', 0, '1-01-01', '', '', '', '', '', '', 0, 0, '0', '0', 0, 0, 0, '', '', '', '', '', '', '', 0, '', '', '', 0, '', 0, 0, 0, '', '', '', 0, '', '', '', '', 0, 0, '', '', 0, '', '', '', '', '', '', '', '', 0, '', '', '2019-03-10 21:15:59', '', '', '', '', '', '', '', '', '', 0, '', '', 0, '', '', '', 0, '', '', '', '', '0', '', '', '0', '0.00', '0.00', '0', '', '', '', '2019-03-10 14:15:57', '', '', '1220000001@192.168.100.1', '', '', '1', '', '', '', '', '', '', '', '000', '000', '000', 0, 20190004, '0', '', '', '0', '', '0', '', NULL, NULL, NULL, '', '0', '', '', '', '', '', NULL, NULL),
(2080000045, 'HN-90009/62', 0, '', '', 'testaaaaa', 'mmmmmm', '', 0, '1-01-01', '', '', '', '', '', '', 0, 0, '0', '0', 0, 0, 0, '', '', '', '', '', '', '', 0, '', '', '', 0, '', 0, 0, 0, '', '', '', 0, '', '', '', '', 0, 0, '', '', 0, '', '', '', '', '', '', '', '', 0, '', '', '2019-03-11 09:19:08', '', '', '', '', '', '', '', '', '', 0, '', '', 0, '', '', '', 0, '', '', '', '', '0', '', '', '0', '0.00', '0.00', '0', '', '', '', '2019-03-11 02:19:08', '', '', '1220000001@192.168.20.46', '', '', '1', '', '', '', '', '', '', '', '000', '000', '000', 0, 20190009, '0', '', '', '0', '', '0', '', NULL, NULL, NULL, '', '0', '', '', '', '', '', NULL, NULL),
(2080000046, 'HN-90010/62', 1, '', '', 'Tes Tes', '', '', 2, '1985-02-21', '', '', '', 'Hong gong', 'Bankkhun', 'Bangkok', 0, 0, '0', '0', 0, 0, 0, '', '', '', '', '', '', '', 1, '', '', '', 0, '', 0, 0, 0, '', '', '', 1, '', '', '', '', 0, 0, '', '', 0, '', '', '', '', '', '', 'Mr. Ta Ta', '', 3, '', '', '2019-03-11 09:30:19', '', '', '', '', '', '', '', '', '', 0, '', '', 0, '', '', '', 0, '', '', '', '', '0', '', '', '0', '0.00', '0.00', '0', '', '', '', '2019-03-11 02:30:19', '2019-03-19 03:01:05', '', '1220000004@192.168.20.46', '1220000001@192.168.100.1', '', '1', '', '', 'E22645584', '', '', '', '', '1', '000', '306', 3, 20190010, '0', '', '', '0', '', '0', '', NULL, NULL, NULL, '', '0', '', '', '', 'Mr. Ta Ta', 'Thai', '', NULL),
(2080000047, 'HN-90008/62', 1, '', '', 'Tes Tes', 'Tes', '', 2, '1992-02-02', '', '', '', '', '', '', 0, 0, '0', '4', 0, 0, 0, '', '', '', '', '', '', '', 0, '', '', '', 0, '', 0, 0, 0, '', '', '', 0, '', '', '', '', 0, 0, '', '', 0, '', '', '', '', '', '', '', '', 0, '', '', '2019-03-12 15:08:23', '', '', '', '', '', '', '', '', '', 0, '', '', 0, '', '', '', 0, '', '', '', '', '0', '', '', '1', '0.00', '0.00', '0', '', '', '', '2019-03-12 08:08:22', '', '', '1220000004@192.168.20.46', '', '', '1', '', '', 'E256434143', '', '', '', '', '1', 'a', '306', 0, 20190008, '0', '', '165', '0', '', '0', '', NULL, NULL, NULL, 'Amx', '0', '', '', '', '', '', NULL, NULL),
(2080000048, 'HN-90011/62', 3, '', '', 'Ekapop', 'Ploentham', '', 1, '1-01-01', '', '', '', '', '', '', 0, 0, '0', '0', 0, 0, 0, '', '', '', '', '', '', '', 0, '', '', '', 0, '', 2140000005, 0, 0, '', '', '', 1, '', '', '', '', 0, 0, '', '', 0, '', '', '', '', '', '', '', '', 0, '', '', '2019-03-19 10:41:15', '', '', '', '', '', '', '', '', '', 0, '', '', 0, '', '', '', 0, '', '', '', '', '0', '', '', '0', '0.00', '0.00', '0', '', '', '', '2019-03-19 03:41:14', '', '', '1220000001@192.168.100.1', '', '', '1', '', '', '', '', '', '', '', '000', '000', '000', 0, 20190011, '0', '', '', '0', '', '0', '', NULL, NULL, NULL, '', '0', '', '', '', '', '', '', NULL),
(2080000049, 'HN-90012/62', 3, '', '', 'ekapoppppppp', 'ploenthammmmmm', '', 0, '1-01-01', '', '', '', '', '', '', 0, 0, '0', '0', 0, 0, 0, '', '', '', '', '', '', '', 1, '', '', '', 0, '', 0, 0, 0, '', '', '', 1, '', '', '', '', 0, 0, '', '', 0, '', '', '', '', '', '', '', '', 0, '', '', '2019-03-19 11:02:25', '', '', '', '', '', '', '', '', '', 0, '', '', 0, '', '', '', 0, '', '', '', '', '0', '', '', '0', '0.00', '0.00', '0', '', '', '', '2019-03-19 04:02:23', '', '', '1220000001@192.168.100.1', '', '', '1', '', '', '', '', '', '', '', '', '', '000', 0, 20190012, '0', '', '', '0', '', '0', '', NULL, NULL, NULL, '', '0', '', '', '', '', '', '', NULL),
(2080000050, 'HN-90013/62', 3, '', '', 'ekapopwwwwww', 'ploenthamqqqqqq', '', 0, '1-01-01', '', '', '', '', '', '', 0, 0, '0', '0', 0, 0, 0, '', '', '', '', '', '', '', 1, '', '', '', 0, '', 0, 0, 0, '', '', '', 1, '', '', '', '', 0, 0, '', '', 0, '', '', '', '', '', '', '', '', 0, '', '', '2019-03-19 11:05:25', '', '', '', '', '', '', '', '', '', 0, '', '', 0, '', '', '', 0, '', '', '', '', '0', '', '', '0', '0.00', '0.00', '0', '', '', '', '2019-03-19 04:05:23', '2019-03-19 04:05:28', '', '1220000001@192.168.100.1', '1220000001@192.168.100.1', '', '1', '', '', '', '', '', '', '', '', '', '000', 0, 20190013, '0', '', '', '0', '', '0', '', NULL, NULL, NULL, '', '0', '', '', '', '', '', 'HN-90008/62', NULL),
(2080000051, 'HN-90014/62', 3, '', '', 'ekapoptttt', 'ploenthamrrrrr', '', 1, '1972-05-13', '', '', '', '', '', '', 0, 0, '0', '0', 0, 0, 0, '', '', '', '', '', '', '', 1, '', '', '', 0, '', 2140000004, 0, 0, '', '', '', 1, '', '', '', '', 0, 0, '', '', 0, '', '', '', '', '', '', '', '', 0, '', '', '2019-03-19 11:08:24', '', '', '', '', '', '', '', '', '', 0, '', '', 0, '', '', '', 0, '', '', '', '', '0', '', '', '0', '0.00', '0.00', '0', '', '', '', '2019-03-19 04:08:22', '2019-03-20 09:29:59', '', '1220000001@192.168.100.1', '1220000001@192.168.100.1', '', '1', '', '', '', '', '', '', '', '', '', '000', 0, 20190014, '0', '', '150', '0', '', '0', '', NULL, NULL, NULL, 'asdasdfasd', '0', '', '', '', '', '', 'HN-90008/62', NULL),
(2080000052, 'HN-90015/62', 3, '', '', 'asdasdf', 'wqerqwerwqe', '', 0, '1-01-01', '', '', '', '', '', '', 0, 0, '0', '0', 0, 0, 0, '', '', '', '', '', '', '', 1, '', '', '', 0, '', 0, 0, 0, '', '', '', 1, '', '', '', '', 0, 0, '', '', 0, '', '', '', '', '', '', '', '', 0, '', '', '2019-03-19 12:12:21', '', '', '', '', '', '', '', '', '', 0, '', '', 0, '', '', '', 0, '', '', '', '', '0', '', '', '0', '0.00', '0.00', '0', '', '', '', '2019-03-19 05:12:17', '', '', '1220000001@192.168.20.46', '', '', '1', '', '', '', '', '', '', '', '', '', '000', 0, 20190015, '0', '', '', '0', '', '0', '', NULL, NULL, NULL, '', '0', '', '', '', '', '', 'HN-90009/62', NULL),
(2080000053, 'HN-90016/62', 1, '', '', 'Zhang Lifang', '', '', 2, '1976-03-08', '', '', '', 'Zhejiang', '', 'Zhejiang', 2, 0, '0', '41', 0, 0, 0, '', '', '', '', '', '', '', 1, '', '', '', 0, '', 0, 0, 0, '', '', '', 1, '', '', '', '', 0, 0, '', '', 0, '', '', '', '', '', '', '', '', 3, '', '', '2019-03-22 13:37:07', '', '', '', '', '', '', '', '', '', 0, '', '', 0, '', '', '', 0, '', '', '', '', '0', '', '', '0', '0.00', '0.00', '0', '', '', '', '2019-03-22 06:37:06', '2019-03-22 07:20:41', '', '1220000001@192.168.20.46', '1220000001@192.168.20.46', '', '1', '', '', 'E21386996', '', '', '', '', '', '', '312', 0, 20190016, '0', '', '', '0', '', '1', 'ภูมิแพ้', NULL, NULL, NULL, '', '0', '', '', '', 'Mr. Xu Xinqi', 'China', '', NULL),
(2080000054, 'HN-90017/62', 3, '', '', 'Xu Xinqi', '', '', 1, '1973-05-28', '', '', '', 'Zhejiang', '', 'Zhejiang', 2, 0, '0', '41', 0, 0, 0, '', '', '', '', '', '', '', 1, '', '', '', 0, '', 0, 0, 0, '', '', '', 1, '', '', '', '', 0, 0, '', '', 0, '', '', '', '', '', '', '', '', 0, '', '', '2019-03-22 14:10:49', '', '', '', '', '', '', '', '', '', 0, '', '', 0, '', '', '', 0, '', '', '', '', '0', '', '', '0', '0.00', '0.00', '0', '', '', '', '2019-03-22 07:10:48', '', '', '1220000001@192.168.20.46', '', '', '1', '', '', 'E21425536', '', '', '', '', '', '', '312', 0, 20190017, '0', '', '', '0', '', '0', '', NULL, NULL, NULL, '', '0', '', '', '', 'Mrs. Zhang Lifang', 'China', 'HN-90016/62', NULL),
(2080000055, 'HN-90018/62', 3, '', '', 'twertwert', 'eqwerqwe', '', 0, '1972-05-13', '', '', '', '', '', '', 0, 0, '0', '0', 0, 0, 0, '', '', '', '', '', '', '', 1, '', '', '', 0, '', 0, 0, 0, '', '', '', 1, '', '', '', '', 0, 0, '', '', 0, '', '', '', '', '', '', '', '', 0, '', '', '2019-03-23 10:09:34', '', '', '', '', '', '', '', '', '', 0, '', '', 0, '', '', '', 0, '', '', '', '', '0', '', '', '0', '0.00', '0.00', '0', '', '', '', '2019-03-23 03:09:33', '', '', '1220000001@192.168.100.1', '', '', '1', '', '', '', '', '', '', '', '', '', '000', 0, 20190018, '0', '', '', '0', '', '0', '', NULL, NULL, NULL, '', '0', '', '', '', '', '', '', NULL),
(2080000056, 'HN-90019/62', 3, '', '', 'qqwerqwe', 'qwtwerwer', '', 2, '1985-02-24', '', '', '', '', '', '', 0, 0, '0', '0', 0, 0, 0, '', '', '', '', '', '', '', 1, '', '', '', 0, '', 2140000002, 0, 0, '', '', '', 1, '', '', '', '', 0, 0, '', '', 0, '', '', '', '', '', '', '', '', 0, '', '', '2019-03-23 10:28:53', '', '', '', '', '', '', '', '', '', 0, '', '', 0, '', '', '', 0, '', '', '', '', '0', '', '', '0', '0.00', '0.00', '0', '', '', '', '2019-03-23 03:28:51', '2019-03-23 04:10:13', '', '1220000001@192.168.100.1', '1220000001@192.168.100.1', '', '1', '', '', '', '', '', '', '', '', '', '000', 0, 20190019, '0', '', '', '0', '', '0', '', NULL, NULL, NULL, '', '0', '', '', '', '', '', '', NULL),
(2080000057, 'HN-90020/62', 0, '', '', 'eerertye', 'uiopuiop', '', 0, '1972-05-13', '', '', '', '', '', '', 0, 0, '0', '0', 0, 0, 0, '', '', '', '', '', '', '', 1, '', '', '', 0, '', 0, 0, 0, '', '', '', 1, '', '', '', '', 0, 0, '', '', 0, '', '', '', '', '', '', '', '', 0, '', '', '2019-03-24 20:37:06', '', '', '', '', '', '', '', '', '', 0, '', '', 0, '', '', '', 0, '', '', '', '', '0', '', '', '0', '0.00', '0.00', '0', '', '', '', '2019-03-24 13:37:05', '', '', '1220000001@192.168.100.1', '', '', '1', '', '', '', '', '', '', '', '', '', '000', 0, 20190020, '0', '', '', '0', '', '0', '', NULL, NULL, NULL, '', '0', '', '', '', '', '', '', NULL),
(2080000058, 'HN-90021/62', 0, '', '', 'qweqwer', 'qweqwer', '', 1, '1972-04-15', '', '', '', '', '', '', 0, 0, '0', '0', 0, 0, 0, '', '', '', '', '', '', '', 0, '', '', '', 0, '', 0, 0, 0, '', '', '', 1, '', '', '', '', 0, 0, '', '', 0, '', '', '', '', '', '', '', '', 0, '', '', '2019-03-24 20:40:50', '', '', '', '', '', '', '', '', '', 0, '', '', 0, '', '', '', 0, '', '', '', '', '0', '', '', '0', '0.00', '0.00', '0', '', '', '', '2019-03-24 13:41:08', '', '', '1220000001@192.168.100.1', '', '', '1', '', '', '', '', '', '', '', '', '', '000', 0, 20190021, '0', '', '', '0', '', '0', '', NULL, NULL, NULL, '', '0', '', '', '', '', '', '', NULL),
(2080000059, '', 0, '', '', 'xvzxcv', 'sfasf', '', 0, '', '', '', '', '', '', '', 0, 0, '0', '0', 0, 0, 0, '', '', '', '', '', '', '', 1, '', '', '', 0, '', 0, 0, 0, '', '', '', 1, '', '', '', '', 0, 0, '', '', 0, '', '', '', '', '', '', '', '', 0, '', '', '2019-03-24 23:26:27', '', '', '', '', '', '', '', '', '', 0, '', '', 0, '', '', '', 0, '', '', '', '', '0', '', '', '0', '0.00', '0.00', '0', '', '', '', '2019-03-24 16:26:26', '', '', '1220000001@192.168.100.1', '', '', '1', '', '', '', '', '', '', '', '', '', '000', 0, 20190022, '0', '', '', '0', '', '0', '', NULL, NULL, NULL, '', '0', '', '', '', '', '', '', NULL),
(2080000060, 'HN-90022/62', 0, '', '', 'asdfasdf', 'weqwerqw', '', 0, '1972-05-15', '', '', '', '', '', '', 0, 0, '0', '0', 0, 0, 0, '', '', '', '', '', '', '', 1, '', '', '', 0, '', 0, 0, 0, '', '', '', 1, '', '', '', '', 0, 0, '', '', 0, '', '', '', '', '', '', '', '', 0, '', '', '2019-03-24 23:27:03', '', '', '', '', '', '', '', '', '', 0, '', '', 0, '', '', '', 0, '', '', '', '', '0', '', '', '0', '0.00', '0.00', '0', '', '', '', '2019-03-24 16:27:02', '', '', '1220000001@192.168.100.1', '', '', '1', '', '', '', '', '', '', '', '', '', '000', 0, 20190022, '0', '', '', '0', '', '0', '', NULL, NULL, NULL, '', '0', '', '', '', '', '', '', NULL),
(2080000061, 'HN-90023/62', 3, '', '', 'upupup', 'ppppp', '', 0, '1972-05-10', '', '', '', '', '', '', 0, 0, '0', '0', 0, 0, 0, '', '', '', '', '', '', '', 1, '', '', '', 0, '', 0, 0, 0, '', '', '', 1, '', '', '', '', 0, 0, '', '', 0, '', '', '', '', '', '', '', '', 0, '', '', '2019-03-25 11:57:10', '', '', '', '', '', '', '', '', '', 0, '', '', 0, '', '', '', 0, '', '', '', '', '0', '', '', '0', '0.00', '0.00', '0', '', '', '', '2019-03-25 04:57:10', '2019-03-25 04:57:27', '', '1220000001@192.168.100.1', '1220000001@192.168.100.1', '', '1', '', '', '', '', '', '', '', '', '', '000', 0, 20190023, '0', '', '', '0', '', '0', '', NULL, NULL, NULL, '', '0', '', '', '', '', '', '', NULL),
(2080000062, '', 0, '', '', 'ytyty', 'tyty', '', 0, '', '', '', '', '', '', '', 0, 0, '0', '0', 0, 0, 0, '', '', '', '', '', '', '', 0, '', '', '', 0, '', 0, 0, 0, '', '', '', 1, '', '', '', '', 0, 0, '', '', 0, '', '', '', '', '', '', '', '', 0, '', '', '2019-03-25 12:00:27', '', '', '', '', '', '', '', '', '', 0, '', '', 0, '', '', '', 0, '', '', '', '', '0', '', '', '0', '0.00', '0.00', '0', '', '', '', '2019-03-25 05:01:13', '', '', '1220000001@192.168.100.1', '', '', '1', '', '', '', '', '', '', '', '', '', '000', 0, 20190024, '0', '', '', '0', '', '0', '', NULL, NULL, NULL, '', '0', '', '', '', '', '', '', NULL),
(2080000063, 'HN-90024/62', 0, '', '', 'rerereer', 'ererer', '', 0, '1972-02-12', '', '', '', '', '', '', 0, 0, '0', '0', 0, 0, 0, '', '', '', '', '', '', '', 0, '', '', '', 0, '', 0, 0, 0, '', '', '', 1, '', '', '', '', 0, 0, '', '', 0, '', '', '', '', '', '', '', '', 0, '', '', '2019-03-25 12:03:17', '', '', '', '', '', '', '', '', '', 0, '', '', 0, '', '', '', 0, '', '', '', '', '0', '', '', '0', '0.00', '0.00', '0', '', '', '', '2019-03-25 05:04:22', '', '', '1220000001@192.168.100.1', '', '', '1', '', '', '', '', '', '', '', '', '', '000', 0, 20190024, '0', '', '', '0', '', '0', '', NULL, NULL, NULL, '', '0', '', '', '', '', '', '', NULL),
(2080000064, '', 0, '', '', 'iopiop', 'ipoiop', '', 0, '', '', '', '', '', '', '', 0, 0, '0', '0', 0, 0, 0, '', '', '', '', '', '', '', 0, '', '', '', 0, '', 0, 0, 0, '', '', '', 1, '', '', '', '', 0, 0, '', '', 0, '', '', '', '', '', '', '', '', 0, '', '', '2019-03-25 12:05:16', '', '', '', '', '', '', '', '', '', 0, '', '', 0, '', '', '', 0, '', '', '', '', '0', '', '', '0', '0.00', '0.00', '0', '', '', '', '2019-03-25 05:05:33', '', '', '1220000001@192.168.100.1', '', '', '1', '', '', '', '', '', '', '', '', '', '000', 0, 20190025, '0', '', '', '0', '', '0', '', NULL, NULL, NULL, '', '0', '', '', '', '', '', '', NULL),
(2080000065, '', 0, '', '', 'uiopuiop', 'uiouiop', '', 0, '', '', '', '', '', '', '', 0, 0, '0', '0', 0, 0, 0, '', '', '', '', '', '', '', 0, '', '', '', 0, '', 0, 0, 0, '', '', '', 1, '', '', '', '', 0, 0, '', '', 0, '', '', '', '', '', '', '', '', 0, '', '', '2019-03-25 12:06:24', '', '', '', '', '', '', '', '', '', 0, '', '', 0, '', '', '', 0, '', '', '', '', '0', '', '', '0', '0.00', '0.00', '0', '', '', '', '2019-03-25 05:06:33', '', '', '1220000001@192.168.100.1', '', '', '1', '', '', '', '', '', '', '', '', '', '000', 0, 20190025, '0', '', '', '0', '', '0', '', NULL, NULL, NULL, '', '0', '', '', '', '', '', '', NULL),
(2080000066, '', 0, '', '', '99999', '', '', 0, '', '', '', '', '', '', '', 0, 0, '0', '0', 0, 0, 0, '', '', '', '', '', '', '', 0, '', '', '', 0, '', 0, 0, 0, '', '', '', 1, '', '', '', '', 0, 0, '', '', 0, '', '', '', '', '', '', '', '', 0, '', '', '2019-03-25 12:13:05', '', '', '', '', '', '', '', '', '', 0, '', '', 0, '', '', '', 0, '', '', '', '', '0', '', '', '0', '0.00', '0.00', '0', '', '', '', '2019-03-25 05:13:08', '', '', '1220000001@192.168.100.1', '', '', '1', '', '', '', '', '', '', '', '', '', '000', 0, 20190025, '0', '', '', '0', '', '0', '', NULL, NULL, NULL, '', '0', '', '', '', '', '', '', NULL),
(2080000067, 'HN-90025/62', 0, '', '', '8888', '', '', 0, '', '', '', '', '', '', '', 0, 0, '0', '0', 0, 0, 0, '', '', '', '', '', '', '', 0, '', '', '', 0, '', 0, 0, 0, '', '', '', 1, '', '', '', '', 0, 0, '', '', 0, '', '', '', '', '', '', '', '', 0, '', '', '2019-03-25 12:13:21', '', '', '', '', '', '', '', '', '', 0, '', '', 0, '', '', '', 0, '', '', '', '', '0', '', '', '0', '0.00', '0.00', '0', '', '', '', '2019-03-25 05:14:56', '', '', '1220000001@192.168.100.1', '', '', '1', '', '', '', '', '', '', '', '', '', '000', 0, 20190025, '0', '', '', '0', '', '0', '', NULL, NULL, NULL, '', '0', '', '', '', '', '', '', NULL),
(2080000068, 'HN-90030/62', 0, '', '', 'aaaa', 'vvvv', '', 0, '', '', '', '', '', '', '', 0, 0, '0', '41', 0, 0, 0, '', '', '', '', '', '', '', 1, '', '', '', 0, '', 0, 0, 0, '', '', '', 1, '', '', '', '', 0, 0, '', '', 0, '', '', '', '', '', '', '', '', 0, '', '', '2019-03-29 11:12:12', '', '', '', '', '', '', '', '', '', 0, '', '', 0, '', '', '', 0, '', '', '', '', '0', '', '', '0', '0.00', '0.00', '0', '', '', '', '2019-03-29 04:15:50', '', '', '1220000001@192.168.100.1', '', '', '1', '', '', '', '', '', '', '', '', '', '000', 0, 20190030, '0', '', '', '0', '', '0', '', NULL, NULL, NULL, '', '0', '', '', '', '', '', '', 0),
(2080000069, 'HN-90031/62', 3, '', '', 'test aaaaaa', 'bbbbbbb', '', 1, '2002-07-19', '', '', '', '', '', '', 0, 0, '0', '41', 0, 0, 0, '', '', '', '', '', '', '', 1, '', '', '', 0, '', 2140000003, 0, 0, '', '', '', 1, '', '', '', '', 0, 0, '', '', 0, '', '', '', '', '', '', '', '', 0, '', '', '2019-04-26 13:23:02', '', '', '', '', '', '', '', '', '', 0, '', '', 0, '', '', '', 0, '', '', '', '', '0', '', '', '0', '0.00', '0.00', '0', '', '', '', '2019-04-26 06:23:08', '2019-04-26 06:29:08', '', '1220000001@192.168.100.1', '1220000001@192.168.100.1', '', '1', '', '', '', '', '', '', '', '', '', '000', 0, 20190031, '0', '', '180', '0', '', '0', '', NULL, NULL, NULL, '', '0', '', '', '', '', '', '', 0);

-- --------------------------------------------------------

--
-- Table structure for table `t_patient_appointment`
--

CREATE TABLE `t_patient_appointment` (
  `t_patient_appointment_id` int(11) NOT NULL,
  `t_patient_id` varchar(255) COLLATE utf8_bin DEFAULT NULL,
  `patient_appoint_date_time` varchar(255) COLLATE utf8_bin DEFAULT NULL,
  `patient_appointment_date` varchar(255) COLLATE utf8_bin DEFAULT NULL,
  `patient_appointment_time` varchar(255) COLLATE utf8_bin DEFAULT NULL,
  `patient_appointment` varchar(255) COLLATE utf8_bin DEFAULT NULL,
  `patient_appointment_doctor` int(11) DEFAULT NULL,
  `patient_appointment_servicepoint` int(11) DEFAULT NULL,
  `patient_appointment_notice` varchar(255) COLLATE utf8_bin DEFAULT NULL,
  `patient_appointment_staff` int(11) DEFAULT NULL,
  `t_visit_id` int(11) DEFAULT NULL,
  `patient_appointment_auto_visit` varchar(255) COLLATE utf8_bin DEFAULT NULL,
  `b_visit_queue_setup_id` int(11) DEFAULT NULL,
  `patient_appointment_status` varchar(255) COLLATE utf8_bin DEFAULT NULL,
  `patient_appointment_vn` varchar(255) COLLATE utf8_bin DEFAULT NULL,
  `patient_appointment_staff_record` int(11) DEFAULT NULL,
  `patient_appointment_record_date_time` varchar(255) COLLATE utf8_bin DEFAULT NULL,
  `patient_appointment_staff_update` varchar(255) COLLATE utf8_bin DEFAULT NULL,
  `patient_appointment_update_date_time` varchar(255) COLLATE utf8_bin DEFAULT NULL,
  `patient_appointment_staff_cancel` varchar(255) COLLATE utf8_bin DEFAULT NULL,
  `patient_appointment_cancel_date_time` varchar(255) COLLATE utf8_bin DEFAULT NULL,
  `patient_appointment_active` varchar(255) COLLATE utf8_bin DEFAULT NULL,
  `r_rp1853_aptype_id` int(11) DEFAULT NULL,
  `patient_appointment_end_time` varchar(255) COLLATE utf8_bin DEFAULT NULL,
  `appointment_confirm_date` varchar(255) COLLATE utf8_bin DEFAULT NULL,
  `change_appointment_cause` varchar(255) COLLATE utf8_bin DEFAULT NULL,
  `visit_id_make_appointment` int(11) DEFAULT NULL,
  `patient_appointment_clinic` int(11) DEFAULT NULL,
  `e2` varchar(45) COLLATE utf8_bin DEFAULT NULL,
  `lh` varchar(45) COLLATE utf8_bin DEFAULT NULL,
  `endo` varchar(45) COLLATE utf8_bin DEFAULT NULL,
  `prl` varchar(45) COLLATE utf8_bin DEFAULT NULL,
  `fsh` varchar(45) COLLATE utf8_bin DEFAULT NULL,
  `rt_ovary` varchar(45) COLLATE utf8_bin DEFAULT NULL,
  `lt_ovary` varchar(45) COLLATE utf8_bin DEFAULT NULL,
  `active` varchar(255) COLLATE utf8_bin DEFAULT NULL,
  `remark` varchar(255) COLLATE utf8_bin DEFAULT NULL,
  `date_create` varchar(45) COLLATE utf8_bin DEFAULT NULL,
  `date_modi` varchar(45) COLLATE utf8_bin DEFAULT NULL,
  `date_cancel` varchar(45) COLLATE utf8_bin DEFAULT NULL,
  `user_create` varchar(45) COLLATE utf8_bin DEFAULT NULL,
  `user_modi` varchar(45) COLLATE utf8_bin DEFAULT NULL,
  `user_cancel` varchar(45) COLLATE utf8_bin DEFAULT NULL,
  `tvs` varchar(45) COLLATE utf8_bin DEFAULT NULL,
  `repeat_e2` varchar(45) COLLATE utf8_bin DEFAULT NULL,
  `repeat_lh` varchar(45) COLLATE utf8_bin DEFAULT NULL,
  `repeat_prl` varchar(45) COLLATE utf8_bin DEFAULT NULL,
  `repeat_fsh` varchar(45) COLLATE utf8_bin DEFAULT NULL,
  `opu` varchar(45) COLLATE utf8_bin DEFAULT NULL,
  `doctor_anes` varchar(255) COLLATE utf8_bin DEFAULT NULL COMMENT 'หมอดมยา',
  `tvs_day` varchar(45) COLLATE utf8_bin DEFAULT NULL,
  `tvs_time` varchar(45) COLLATE utf8_bin DEFAULT NULL,
  `opu_time` varchar(45) COLLATE utf8_bin DEFAULT NULL,
  `et` varchar(45) COLLATE utf8_bin DEFAULT NULL,
  `et_time` varchar(45) COLLATE utf8_bin DEFAULT NULL,
  `fet` varchar(45) COLLATE utf8_bin DEFAULT NULL,
  `fet_time` varchar(45) COLLATE utf8_bin DEFAULT NULL,
  `hormone_test` varchar(45) COLLATE utf8_bin DEFAULT NULL,
  `beta_hgc` varchar(45) COLLATE utf8_bin DEFAULT NULL,
  `other` varchar(45) COLLATE utf8_bin DEFAULT NULL,
  `other_remark` varchar(255) COLLATE utf8_bin DEFAULT NULL,
  `sperm_collect` varchar(45) COLLATE utf8_bin DEFAULT NULL,
  `appointment_id_old` int(11) DEFAULT NULL
) ENGINE=MyISAM DEFAULT CHARSET=utf8 COLLATE=utf8_bin COMMENT='id=23';

--
-- Dumping data for table `t_patient_appointment`
--

INSERT INTO `t_patient_appointment` (`t_patient_appointment_id`, `t_patient_id`, `patient_appoint_date_time`, `patient_appointment_date`, `patient_appointment_time`, `patient_appointment`, `patient_appointment_doctor`, `patient_appointment_servicepoint`, `patient_appointment_notice`, `patient_appointment_staff`, `t_visit_id`, `patient_appointment_auto_visit`, `b_visit_queue_setup_id`, `patient_appointment_status`, `patient_appointment_vn`, `patient_appointment_staff_record`, `patient_appointment_record_date_time`, `patient_appointment_staff_update`, `patient_appointment_update_date_time`, `patient_appointment_staff_cancel`, `patient_appointment_cancel_date_time`, `patient_appointment_active`, `r_rp1853_aptype_id`, `patient_appointment_end_time`, `appointment_confirm_date`, `change_appointment_cause`, `visit_id_make_appointment`, `patient_appointment_clinic`, `e2`, `lh`, `endo`, `prl`, `fsh`, `rt_ovary`, `lt_ovary`, `active`, `remark`, `date_create`, `date_modi`, `date_cancel`, `user_create`, `user_modi`, `user_cancel`, `tvs`, `repeat_e2`, `repeat_lh`, `repeat_prl`, `repeat_fsh`, `opu`, `doctor_anes`, `tvs_day`, `tvs_time`, `opu_time`, `et`, `et_time`, `fet`, `fet_time`, `hormone_test`, `beta_hgc`, `other`, `other_remark`, `sperm_collect`, `appointment_id_old`) VALUES
(230000013, '2080000046', '2019-03-11', '2019-03-18', '06:30', '', 2, 2120000002, '', 1220000027, 0, '', 0, '', '', 1220000027, '', '', '', '', '', '', 0, '', '', '', 0, 0, '0', '0', '', '0', '0', '', '', '1', '', '2019-03-11 03:29:35', '', '', '1220000027', '', '', '1', '0', '0', '0', '0', '0', '', '', '', '', '0', '', '0', '', '1', '0', '0', '', '0', 17693),
(230000014, '2080000046', '2019-03-11', '2019-03-11', '', '', 0, 2120000002, '', 1220000027, 0, '', 0, '', '', 1220000027, '', '', '', '', '', '', 0, '', '', '', 0, 0, '0', '0', '', '0', '0', '', '', '1', '', '2019-03-11 03:34:03', '', '', '1220000027', '', '', '0', '0', '0', '0', '0', '0', '', '', '', '', '0', '', '0', '', '0', '0', '0', '', '0', 17694),
(230000015, '2080000046', '2019-03-11', '2019-03-18', '06:30', '', 2, 2120000002, '', 1220000027, 0, '', 0, '', '', 1220000027, '', '', '', '', '', '', 0, '', '', '', 0, 0, '0', '0', '', '0', '0', '', '', '1', '', '2019-03-11 03:36:33', '', '', '1220000027', '', '', '1', '0', '0', '0', '0', '0', '', '', '', '', '0', '', '0', '', '1', '0', '0', '', '0', 17695),
(230000016, '2080000047', '2019-03-12', '2019-03-14', '10:00', 'ให้มาถึงคลินิกก่อน6.00น.', 1, 2120000002, 'Not Allow to drink or eat from (งดน้ำ งดอาหาร ตั้งแต่เวลา)', 1220000012, 0, '', 0, '', '', 1220000012, '', '', '', '', '', '', 0, '', '', '', 0, 0, '0', '0', '', '0', '0', '', '', '1', '', '2019-03-12 08:41:26', '', '', '1220000012', '', '', '0', '0', '0', '0', '0', '1', '', '7', '10:00', '07:00', '0', '', '0', '', '0', '0', '0', 'E2,LH', '0', 1),
(230000017, '2080000047', '2019-03-21', '2019-03-21', '06:00', '', 1, 2120000002, 'Not Allow to drink or eat from (งดน้ำ งดอาหาร ตั้งแต่เวลา)', 1220000012, 0, '', 0, '', '', 1220000012, '', '', '', '', '', '', 0, '', '', '', 0, 0, '0', '0', '', '0', '0', '', '', '1', '', '2019-03-21 08:13:39', '', '', '1220000012', '', '', '0', '0', '0', '0', '0', '1', '', '', '', '07:00', '0', '', '0', '', '0', '0', '0', '', '0', 17697);

-- --------------------------------------------------------

--
-- Table structure for table `t_patient_appointment_text`
--

CREATE TABLE `t_patient_appointment_text` (
  `patient_appointment_text_id` int(11) NOT NULL,
  `patient_appointment_date` varchar(255) COLLATE utf8_bin DEFAULT NULL,
  `doctor_name` varchar(255) COLLATE utf8_bin DEFAULT NULL,
  `appointment_text` varchar(255) COLLATE utf8_bin DEFAULT NULL,
  `date_create` varchar(45) COLLATE utf8_bin DEFAULT NULL,
  `date_modi` varchar(45) COLLATE utf8_bin DEFAULT NULL,
  `date_cancel` varchar(45) COLLATE utf8_bin DEFAULT NULL,
  `user_create` varchar(45) COLLATE utf8_bin DEFAULT NULL,
  `user_modi` varchar(45) COLLATE utf8_bin DEFAULT NULL,
  `user_cancel` varchar(45) COLLATE utf8_bin DEFAULT NULL,
  `active` varchar(45) COLLATE utf8_bin DEFAULT NULL,
  `remark` varchar(45) COLLATE utf8_bin DEFAULT NULL
) ENGINE=MyISAM DEFAULT CHARSET=utf8 COLLATE=utf8_bin COMMENT='id=312';

-- --------------------------------------------------------

--
-- Table structure for table `t_patient_image`
--

CREATE TABLE `t_patient_image` (
  `patient_image_id` int(11) NOT NULL,
  `t_patient_id` int(11) DEFAULT NULL,
  `t_visit_id` int(11) DEFAULT NULL,
  `desc1` varchar(255) COLLATE utf8_bin DEFAULT NULL,
  `desc2` varchar(255) COLLATE utf8_bin DEFAULT NULL,
  `desc3` varchar(255) COLLATE utf8_bin DEFAULT NULL,
  `desc4` varchar(255) COLLATE utf8_bin DEFAULT NULL,
  `active` varchar(255) COLLATE utf8_bin DEFAULT NULL,
  `remark` varchar(255) COLLATE utf8_bin DEFAULT NULL,
  `date_create` varchar(255) COLLATE utf8_bin DEFAULT NULL,
  `date_modi` varchar(255) COLLATE utf8_bin DEFAULT NULL,
  `date_cancel` varchar(255) COLLATE utf8_bin DEFAULT NULL,
  `user_create` varchar(255) COLLATE utf8_bin DEFAULT NULL,
  `user_modi` varchar(255) COLLATE utf8_bin DEFAULT NULL,
  `user_cancel` varchar(255) COLLATE utf8_bin DEFAULT NULL,
  `image_path` varchar(255) COLLATE utf8_bin DEFAULT NULL,
  `status_image` varchar(255) COLLATE utf8_bin DEFAULT NULL COMMENT '0=default; 1=Upload รูปบัตรประชาชน;2=Upload สำเนาบัตรประชาชน ที่มีลายเซ็น;3=Upload รูป Passport;4=รูป ภาพถ่ายจากบัตรประชาชนว5='
) ENGINE=MyISAM DEFAULT CHARSET=utf8 COLLATE=utf8_bin COMMENT='id=311';

-- --------------------------------------------------------

--
-- Table structure for table `t_visit`
--

CREATE TABLE `t_visit` (
  `t_visit_id` int(11) NOT NULL,
  `visit_hn` varchar(255) COLLATE utf8_bin DEFAULT NULL,
  `visit_vn` varchar(255) COLLATE utf8_bin DEFAULT NULL,
  `f_visit_type_id` int(11) DEFAULT NULL,
  `visit_begin_visit_time` varchar(255) COLLATE utf8_bin DEFAULT NULL,
  `visit_financial_discharge_time` varchar(255) COLLATE utf8_bin DEFAULT NULL,
  `visit_notice` varchar(255) COLLATE utf8_bin DEFAULT NULL,
  `b_visit_office_id_refer_in` int(11) DEFAULT NULL,
  `b_visit_office_id_refer_out` int(11) DEFAULT NULL,
  `visit_diagnosis_notice` varchar(255) COLLATE utf8_bin DEFAULT NULL,
  `f_visit_opd_discharge_status_id` int(11) DEFAULT NULL,
  `f_visit_ipd_discharge_type_id` int(11) DEFAULT NULL,
  `f_visit_ipd_discharge_status_id` int(11) DEFAULT NULL,
  `visit_locking` varchar(255) COLLATE utf8_bin DEFAULT NULL,
  `visit_staff_lock` varchar(255) COLLATE utf8_bin DEFAULT NULL,
  `visit_lock_date_time` varchar(255) COLLATE utf8_bin DEFAULT NULL,
  `f_visit_status_id` int(11) DEFAULT NULL,
  `visit_pregnant` varchar(255) COLLATE utf8_bin DEFAULT NULL,
  `b_visit_clinic_id` int(11) DEFAULT NULL,
  `b_visit_ward_id` int(11) DEFAULT NULL,
  `visit_bed` varchar(255) COLLATE utf8_bin DEFAULT NULL,
  `visit_observe` varchar(255) COLLATE utf8_bin DEFAULT NULL,
  `visit_patient_type` varchar(255) COLLATE utf8_bin DEFAULT NULL,
  `visit_queue` varchar(255) COLLATE utf8_bin DEFAULT NULL,
  `b_service_point_id` int(11) DEFAULT NULL,
  `visit_staff_observe` varchar(255) COLLATE utf8_bin DEFAULT NULL,
  `visit_dx` varchar(255) COLLATE utf8_bin DEFAULT NULL,
  `visit_ipd_discharge_status` varchar(255) COLLATE utf8_bin DEFAULT NULL,
  `visit_money_discharge_status` varchar(255) COLLATE utf8_bin DEFAULT NULL,
  `visit_doctor_discharge_status` varchar(255) COLLATE utf8_bin DEFAULT NULL,
  `t_patient_id` int(11) DEFAULT NULL,
  `visit_staff_financial_discharge` varchar(255) COLLATE utf8_bin DEFAULT NULL,
  `visit_staff_doctor_discharge` varchar(255) COLLATE utf8_bin DEFAULT NULL,
  `visit_staff_doctor_discharge_date_time` varchar(255) COLLATE utf8_bin DEFAULT NULL,
  `visit_an` varchar(255) COLLATE utf8_bin DEFAULT NULL,
  `visit_dx_stat` varchar(255) COLLATE utf8_bin DEFAULT NULL,
  `visit_begin_admit_date_time` varchar(255) COLLATE utf8_bin DEFAULT NULL,
  `visit_deny_allergy` varchar(255) COLLATE utf8_bin DEFAULT NULL,
  `visit_first_visit` varchar(255) COLLATE utf8_bin DEFAULT NULL,
  `visit_patient_self_doctor` varchar(255) COLLATE utf8_bin DEFAULT NULL,
  `visit_patient_age` varchar(255) COLLATE utf8_bin DEFAULT NULL,
  `visit_pcu_service` varchar(255) COLLATE utf8_bin DEFAULT NULL,
  `visit_hospital_service` varchar(255) COLLATE utf8_bin DEFAULT NULL,
  `visit_lab_status_id` int(11) DEFAULT NULL,
  `visit_ncd` varchar(255) COLLATE utf8_bin DEFAULT NULL,
  `b_ncd_group_id` int(11) DEFAULT NULL,
  `f_refer_cause_id` int(11) DEFAULT NULL,
  `f_emergency_status_id` int(11) DEFAULT NULL,
  `visit_emergency_staff` varchar(255) COLLATE utf8_bin DEFAULT NULL,
  `visit_have_appointment` varchar(255) COLLATE utf8_bin DEFAULT NULL,
  `visit_have_admit` varchar(255) COLLATE utf8_bin DEFAULT NULL,
  `visit_have_refer` varchar(255) COLLATE utf8_bin DEFAULT NULL,
  `t_patient_appointment_id` int(11) DEFAULT NULL,
  `visit_cal_date_appointment` varchar(255) COLLATE utf8_bin DEFAULT NULL,
  `visit_cause_appointment` varchar(255) COLLATE utf8_bin DEFAULT NULL,
  `b_contract_plans_id` int(11) DEFAULT NULL,
  `contact_id` int(11) DEFAULT NULL,
  `contact_namet` varchar(255) COLLATE utf8_bin DEFAULT NULL,
  `contact_join_id` int(11) DEFAULT NULL,
  `contact_join_namet` varchar(255) COLLATE utf8_bin DEFAULT NULL,
  `surveillance_case_id` int(11) DEFAULT NULL,
  `visit_record_date_time` varchar(255) COLLATE utf8_bin DEFAULT NULL,
  `visit_record_staff` varchar(255) COLLATE utf8_bin DEFAULT NULL,
  `visit_financial_record_date_time` varchar(255) COLLATE utf8_bin DEFAULT NULL,
  `visit_financial_record_staff` varchar(255) COLLATE utf8_bin DEFAULT NULL,
  `service_location` varchar(255) COLLATE utf8_bin DEFAULT NULL,
  `visit_have_scan_sn_dx` varchar(255) COLLATE utf8_bin DEFAULT NULL,
  `visit_status_lab_approve` varchar(255) COLLATE utf8_bin DEFAULT NULL,
  `visit_lab_approve_staff` varchar(255) COLLATE utf8_bin DEFAULT NULL,
  `visit_primary_symtom` varchar(255) COLLATE utf8_bin DEFAULT NULL,
  `b_visit_bed_id` int(11) DEFAULT NULL,
  `b_visit_room_id` int(11) DEFAULT NULL,
  `status_prepare_discharge` varchar(255) COLLATE utf8_bin DEFAULT NULL,
  `prepare_discharge_date_time` varchar(255) COLLATE utf8_bin DEFAULT NULL,
  `prepare_discharge_message` varchar(255) COLLATE utf8_bin DEFAULT NULL,
  `modify_discharge_datetime` varchar(255) COLLATE utf8_bin DEFAULT NULL,
  `visit_staff_financial_reverse` varchar(255) COLLATE utf8_bin DEFAULT NULL,
  `visit_financial_reverse_date_time` varchar(255) COLLATE utf8_bin DEFAULT NULL,
  `visit_staff_doctor_reverse` varchar(255) COLLATE utf8_bin DEFAULT NULL,
  `visit_doctor_reverse_date_time` varchar(255) COLLATE utf8_bin DEFAULT NULL,
  `visit_modify_staff` varchar(255) COLLATE utf8_bin DEFAULT NULL,
  `visit_modify_date_time` varchar(255) COLLATE utf8_bin DEFAULT NULL,
  `f_trama_status_id` int(11) DEFAULT NULL,
  `f_transportation_type_id` int(11) DEFAULT NULL,
  `other_transportation` varchar(255) COLLATE utf8_bin DEFAULT NULL,
  `f_visit_service_type_id` int(11) DEFAULT NULL,
  `visit_ipd_staff_discharge` varchar(255) COLLATE utf8_bin DEFAULT NULL,
  `visit_ipd_discharge_date_time` varchar(255) COLLATE utf8_bin DEFAULT NULL,
  `visit_ipd_staff_reverse` varchar(255) COLLATE utf8_bin DEFAULT NULL,
  `visit_ipd_reverse_date_time` varchar(255) COLLATE utf8_bin DEFAULT NULL,
  `ipd_discharge_doctor` varchar(255) COLLATE utf8_bin DEFAULT NULL,
  `queue_id` int(11) DEFAULT NULL,
  `status_urge` varchar(45) COLLATE utf8_bin DEFAULT NULL COMMENT 'สถานะ กระตุ้น',
  `patient_hn_1` varchar(45) COLLATE utf8_bin DEFAULT NULL COMMENT 'hn คนไข้ ที่จับคู่ เป็น hn donor หรือ hn female',
  `lmp` varchar(45) COLLATE utf8_bin DEFAULT NULL COMMENT 'lmp date',
  `height` varchar(45) COLLATE utf8_bin DEFAULT NULL,
  `bw` varchar(45) COLLATE utf8_bin DEFAULT NULL,
  `bp` varchar(45) COLLATE utf8_bin DEFAULT NULL,
  `pulse` varchar(45) COLLATE utf8_bin DEFAULT NULL,
  `status_nurse` varchar(45) COLLATE utf8_bin DEFAULT '0' COMMENT '0=default;1=operation;2=finish operation',
  `patient_hn_male` varchar(45) COLLATE utf8_bin DEFAULT NULL COMMENT 'เป็น hn male ใช้เวลา จับคู่',
  `doctor_id` int(11) DEFAULT NULL
) ENGINE=MyISAM DEFAULT CHARSET=utf8 COLLATE=utf8_bin COMMENT='id=21';

--
-- Dumping data for table `t_visit`
--

INSERT INTO `t_visit` (`t_visit_id`, `visit_hn`, `visit_vn`, `f_visit_type_id`, `visit_begin_visit_time`, `visit_financial_discharge_time`, `visit_notice`, `b_visit_office_id_refer_in`, `b_visit_office_id_refer_out`, `visit_diagnosis_notice`, `f_visit_opd_discharge_status_id`, `f_visit_ipd_discharge_type_id`, `f_visit_ipd_discharge_status_id`, `visit_locking`, `visit_staff_lock`, `visit_lock_date_time`, `f_visit_status_id`, `visit_pregnant`, `b_visit_clinic_id`, `b_visit_ward_id`, `visit_bed`, `visit_observe`, `visit_patient_type`, `visit_queue`, `b_service_point_id`, `visit_staff_observe`, `visit_dx`, `visit_ipd_discharge_status`, `visit_money_discharge_status`, `visit_doctor_discharge_status`, `t_patient_id`, `visit_staff_financial_discharge`, `visit_staff_doctor_discharge`, `visit_staff_doctor_discharge_date_time`, `visit_an`, `visit_dx_stat`, `visit_begin_admit_date_time`, `visit_deny_allergy`, `visit_first_visit`, `visit_patient_self_doctor`, `visit_patient_age`, `visit_pcu_service`, `visit_hospital_service`, `visit_lab_status_id`, `visit_ncd`, `b_ncd_group_id`, `f_refer_cause_id`, `f_emergency_status_id`, `visit_emergency_staff`, `visit_have_appointment`, `visit_have_admit`, `visit_have_refer`, `t_patient_appointment_id`, `visit_cal_date_appointment`, `visit_cause_appointment`, `b_contract_plans_id`, `contact_id`, `contact_namet`, `contact_join_id`, `contact_join_namet`, `surveillance_case_id`, `visit_record_date_time`, `visit_record_staff`, `visit_financial_record_date_time`, `visit_financial_record_staff`, `service_location`, `visit_have_scan_sn_dx`, `visit_status_lab_approve`, `visit_lab_approve_staff`, `visit_primary_symtom`, `b_visit_bed_id`, `b_visit_room_id`, `status_prepare_discharge`, `prepare_discharge_date_time`, `prepare_discharge_message`, `modify_discharge_datetime`, `visit_staff_financial_reverse`, `visit_financial_reverse_date_time`, `visit_staff_doctor_reverse`, `visit_doctor_reverse_date_time`, `visit_modify_staff`, `visit_modify_date_time`, `f_trama_status_id`, `f_transportation_type_id`, `other_transportation`, `f_visit_service_type_id`, `visit_ipd_staff_discharge`, `visit_ipd_discharge_date_time`, `visit_ipd_staff_reverse`, `visit_ipd_reverse_date_time`, `ipd_discharge_doctor`, `queue_id`, `status_urge`, `patient_hn_1`, `lmp`, `height`, `bw`, `bp`, `pulse`, `status_nurse`, `patient_hn_male`, `doctor_id`) VALUES
(210000019, 'HN-90008/62', '0', 1, '2019-03-10 08:10:04', '', '', NULL, NULL, '', 0, NULL, NULL, NULL, NULL, NULL, 1, NULL, 0, NULL, NULL, '', '', NULL, 2120000002, NULL, '', NULL, '', '', 2080000040, NULL, '', '', NULL, '', NULL, '', '', '', NULL, NULL, NULL, 0, '', 0, 0, 0, '', '', '', '', 0, '', '', 0, 0, '', 0, '', 0, '2019-03-10 13:10:02', '1220000001', '', '', '', '', '', '', '', 0, 0, '', '', '', '', '', '', '', '', '', '', 0, 0, '', 0, '', '', '', '', '', 0, '0', '', '', '', '', '', '', '1', '', NULL),
(210000020, 'HN-90008/62', '0', 1, '2019-03-10 08:10:13', '', '', NULL, NULL, '', 0, NULL, NULL, NULL, NULL, NULL, 1, NULL, 0, NULL, NULL, '', '', NULL, 2120000002, NULL, '', NULL, '', '', 0, NULL, '', '', NULL, '', NULL, '', '', '', NULL, NULL, NULL, 0, '', 0, 0, 0, '', '', '', '', 0, '', '', 0, 0, '', 0, '', 0, '2019-03-10 13:10:12', '1220000001', '', '', '', '', '', '', '', 0, 0, '', '', '', '', '', '', '', '', '', '', 0, 0, '', 0, '', '', '', '', '', 0, '0', '', '', '', '', '', '', '1', '', NULL),
(210000021, 'HN-90003/62', '2019000', 1, '2019-03-10 08:22:40', '', '', NULL, NULL, '', 0, NULL, NULL, NULL, NULL, NULL, 1, NULL, 0, NULL, NULL, '', '', NULL, 2120000002, NULL, '', NULL, '', '', 2080000043, NULL, '', '', NULL, '', NULL, '', '', '', NULL, NULL, NULL, 0, '', 0, 0, 0, '', '', '', '', 0, '', '', 0, 0, '', 0, '', 0, '2019-03-10 13:22:41', '1220000001', '', '', '', '', '', '', '', 0, 0, '', '', '', '', '', '', '', '', '', '', 0, 0, '', 0, '', '', '', '', '', 0, '0', '', '', '', '', '', '', '1', '', NULL),
(210000022, 'HN-90004/62', '2019001', 1, '2019-03-10 09:19:14', '', 'add', NULL, NULL, '', 0, NULL, NULL, NULL, NULL, NULL, 1, NULL, 0, NULL, NULL, '', '', NULL, 2120000002, NULL, '', NULL, '', '', 2080000044, NULL, '', '', NULL, '', NULL, '', '', '', NULL, NULL, NULL, 0, '', 0, 0, 0, '', '', '', '', 0, '', '', 0, 0, '', 0, '', 0, '2019-03-10 14:19:13', '1220000001', '', '', '', '', '', '', '', 0, 0, '', '', '', '', '', '', '', '', '', '', 0, 0, '', 0, '', '', '', '', '', 0, '0', '', '', '', '', '', '', '1', '', NULL),
(210000023, '', '2019002', 1, '2019-03-11 09:08:50', '', '', NULL, NULL, '', 0, NULL, NULL, NULL, NULL, NULL, 4, NULL, 0, NULL, NULL, '', '', NULL, 2120000002, NULL, '', NULL, '', '', 0, NULL, '', '', NULL, '', NULL, '', '', '', NULL, NULL, NULL, 0, '', 0, 0, 0, '', '', '', '', 0, '', '', 0, 0, '', 0, '', 0, '2019-03-11 02:08:50', '1220000004', '', '', '', '', '', '', '', 0, 0, '', '', '', '', '', '', '', '', '', '', 0, 0, '', 0, '', '', '', '', '', 0, '0', '', '2019-11-03', '160', '54', '101/95', '85', '2', '', NULL),
(210000024, '', '0', 1, '2019-03-11 09:09:02', '', '', NULL, NULL, '', 0, NULL, NULL, NULL, NULL, NULL, 1, NULL, 0, NULL, NULL, '', '', NULL, 2120000002, NULL, '', NULL, '', '', 1, NULL, '', '', NULL, '', NULL, '', '', '', NULL, NULL, NULL, 0, '', 0, 0, 0, '', '', '', '', 0, '', '', 0, 0, '', 0, '', 0, '2019-03-11 02:09:02', '1220000004', '', '', '', '', '', '', '', 0, 0, '', '', '', '', '', '', '', '', '', '', 0, 0, '', 0, '', '', '', '', '', 0, '0', '', '2019-11-03', '160', '54', '101/95', '85', '1', '', NULL),
(210000025, 'HN-90010/62', '2019003', 1, '2019-03-11 09:32:52', '', '', NULL, NULL, '', 0, NULL, NULL, NULL, NULL, NULL, 4, NULL, 0, NULL, NULL, '', '', NULL, 2120000002, NULL, '', NULL, '', '', 2080000046, NULL, '', '', NULL, '', NULL, '', '', '', NULL, NULL, NULL, 0, '', 0, 0, 0, '', '', '', '', 0, '', '', 0, 0, '', 0, '', 0, '2019-03-11 02:32:52', '1220000004', '', '', '', '', '', '', '', 0, 0, '', '', '', '', '', '', '', '', '', '', 0, 0, '', 0, '', '', '', '', '', 0, '1', '', '2019-10-03', '165', '59', '101/72', '82', '2', '', NULL),
(210000026, 'HN-90008/62', '2019004', 1, '2019-03-12 03:08:46', '', '', NULL, NULL, '', 0, NULL, NULL, NULL, NULL, NULL, 1, NULL, 0, NULL, NULL, '', '', NULL, 2120000002, NULL, '', NULL, '', '', 2080000047, NULL, '', '', NULL, '', NULL, '', '', '', NULL, NULL, NULL, 0, '', 0, 0, 0, '', '', '', '', 0, '', '', 0, 0, '', 0, '', 0, '2019-03-12 08:08:44', '1220000004', '', '', '', '', '', '', '', 0, 0, '', '', '', '', '', '', '', '', '', '', 0, 0, '', 0, '', '', '', '', '', 0, '1', '', '2019-03-11', '', '', '', '', '1', '', NULL),
(210000027, 'HN-90011/62', '2019005', 1, '2019-03-19 10:42:04', '', '', NULL, NULL, '', 0, NULL, NULL, NULL, NULL, NULL, 1, NULL, 0, NULL, NULL, '', '', NULL, 2120000002, NULL, '', NULL, '', '', 2080000048, NULL, '', '', NULL, '', NULL, '', '', '', NULL, NULL, NULL, 0, '', 0, 0, 0, '', '', '', '', 0, '', '', 0, 0, '', 0, '', 0, '2019-03-19 03:42:04', '1220000001', '', '', '', '', '', '', '', 0, 0, '', '', '', '', '', '', '', '', '', '', 0, 0, '', 0, '', '', '', '', '', 0, '0', '', '', '', '', '', '', '1', 'HN-90008/62', NULL),
(210000028, 'HN-90011/62', '2019006', 1, '2019-03-19 10:46:42', '', '', NULL, NULL, '', 0, NULL, NULL, NULL, NULL, NULL, 1, NULL, 0, NULL, NULL, '', '', NULL, 2120000002, NULL, '', NULL, '', '', 2080000048, NULL, '', '', NULL, '', NULL, '', '', '', NULL, NULL, NULL, 0, '', 0, 0, 0, '', '', '', '', 0, '', '', 0, 0, '', 0, '', 0, '2019-03-19 03:46:41', '1220000001', '', '', '', '', '', '', '', 0, 0, '', '', '', '', '', '', '', '', '', '', 0, 0, '', 0, '', '', '', '', '', 0, '0', '', '', '', '', '', '', '1', 'HN-90008/62', NULL),
(210000029, 'HN-90012/62', '2019007', 1, '2019-03-19 11:02:48', '', '', NULL, NULL, '', 0, NULL, NULL, NULL, NULL, NULL, 4, NULL, 0, NULL, NULL, '', '', NULL, 2120000002, NULL, '', NULL, '', '', 2080000049, NULL, '', '', NULL, '', NULL, '', '', '', NULL, NULL, NULL, 0, '', 0, 0, 0, '', '', '', '', 0, '', '', 0, 0, '', 0, '', 0, '2019-03-19 04:02:46', '1220000001', '', '', '', '', '', '', '', 0, 0, '', '', '', '', '', '', '', '', '', '', 0, 0, '', 0, '', '', '', '', '', 0, '0', '', '', '', '', '', '', '2', 'HN-90008/62', NULL),
(210000030, 'HN-90013/62', '2019008', 1, '2019-03-19 11:05:44', '', '', NULL, NULL, '', 0, NULL, NULL, NULL, NULL, NULL, 4, NULL, 0, NULL, NULL, '', '', NULL, 2120000002, NULL, '', NULL, '', '', 2080000050, NULL, '', '', NULL, '', NULL, '', '', '', NULL, NULL, NULL, 0, '', 0, 0, 0, '', '', '', '', 0, '', '', 0, 0, '', 0, '', 0, '2019-03-19 04:05:42', '1220000001', '', '', '', '', '', '', '', 0, 0, '', '', '', '', '', '', '', '', '', '', 0, 0, '', 0, '', '', '', '', '', 0, '0', '', '', '', '', '', '', '1', 'HN-90008/62', NULL),
(210000031, 'HN-90014/62', '2019009', 1, '2019-03-19 11:08:52', '', '', NULL, NULL, '', 0, NULL, NULL, NULL, NULL, NULL, 1, NULL, 0, NULL, NULL, '', '', NULL, 2120000002, NULL, '', NULL, '', '', 2080000051, NULL, '', '', NULL, '', NULL, '', '', '', NULL, NULL, NULL, 0, '', 0, 0, 0, '', '', '', '', 0, '', '', 0, 0, '', 0, '', 0, '2019-03-19 04:08:50', '1220000001', '', '', '', '', '', '', '', 0, 0, '', '', '', '', '', '', '', '', '', '', 0, 0, '', 0, '', '', '', '', '', 0, '0', '', '', '150', '111', '222', '333', '1', 'HN-90008/62', NULL),
(210000032, 'HN-90015/62', '2019010', 1, '2019-03-19 12:12:43', '', 'adfasdf', NULL, NULL, '', 0, NULL, NULL, NULL, NULL, NULL, 1, NULL, 0, NULL, NULL, '', '', NULL, 2120000002, NULL, '', NULL, '', '', 2080000052, NULL, '', '', NULL, '', NULL, '', '', '', NULL, NULL, NULL, 0, '', 0, 0, 0, '', '', '', '', 0, '', '', 0, 0, '', 0, '', 0, '2019-03-19 05:12:39', '1220000001', '', '', '', '', '', '', '', 0, 0, '', '', '', '', '', '', '', '', '', '', 0, 0, '', 0, '', '', '', '', '', 0, '0', '', '', '', '', '', '', '1', 'HN-90009/62', NULL),
(210000033, 'HN-90010/62', '2019011', 1, '2019-03-19 02:11:43', '', '', NULL, NULL, '', 0, NULL, NULL, NULL, NULL, NULL, 1, NULL, 0, NULL, NULL, '', '', NULL, 2120000002, NULL, '', NULL, '', '', 2080000046, NULL, '', '', NULL, '', NULL, '', '', '', NULL, NULL, NULL, 0, '', 0, 0, 0, '', '', '', '', 0, '', '', 0, 0, '', 0, '', 0, '2019-03-19 07:11:40', '1220000004', '', '', '', '', '', '', '', 0, 0, '', '', '', '', '', '', '', '', '', '', 0, 0, '', 0, '', '', '', '', '', 0, '0', '', '', '', '', '', '', '1', 'HN-90001/62', NULL),
(210000034, 'HN-90014/62', '2019012', 1, '2019-03-19 03:53:49', '', '', NULL, NULL, '', 0, NULL, NULL, NULL, NULL, NULL, 1, NULL, 0, NULL, NULL, '', '', NULL, 2120000002, NULL, '', NULL, '', '', 2080000051, NULL, '', '', NULL, '', NULL, '', '', '', NULL, NULL, NULL, 0, '', 0, 0, 0, '', '', '', '', 0, '', '', 0, 0, '', 0, '', 0, '2019-03-19 08:53:45', '1220000004', '', '', '', '', '', '', '', 0, 0, '', '', '', '', '', '', '', '', '', '', 0, 0, '', 0, '', '', '', '', '', 0, '0', '', '', '150', '', '', '', '1', 'HN-90008/62', NULL),
(210000035, 'HN-90014/62', '2019013', 1, '2019-03-20 05:56:49', '', 'asdasdf', NULL, NULL, '', 0, NULL, NULL, NULL, NULL, NULL, 1, NULL, 0, NULL, NULL, '', '', NULL, 2120000002, NULL, '', NULL, '', '', 2080000051, NULL, '', '', NULL, '', NULL, '', '', '', NULL, NULL, NULL, 0, '', 0, 0, 0, '', '', '', '', 0, '', '', 0, 0, '', 0, '', 0, '2019-03-19 22:56:46', '1220000001', '', '', '', '', '', '', '', 0, 0, '', '', '', '', '', '', '', '', '', '', 0, 0, '', 0, '', '', '', '', '', 0, '0', '', '', '150', '', '', '', '1', 'HN-90008/62', NULL),
(210000036, 'HN-90016/62', '2019014', 1, '2019-03-22 01:41:30', '', '', NULL, NULL, '', 0, NULL, NULL, NULL, NULL, NULL, 4, NULL, 0, NULL, NULL, '', '', NULL, 2120000002, NULL, '', NULL, '', '', 2080000053, NULL, '', '', NULL, '', NULL, '', '', '', NULL, NULL, NULL, 0, '', 0, 0, 0, '', '', '', '', 0, '', '', 0, 0, '', 0, '', 0, '2019-03-22 06:41:28', '1220000001', '', '', '', '', '', '', '', 0, 0, '', '', '', '', '', '', '', '', '', '', 0, 0, '', 0, '', '', '', '', '', 0, '1', '', '2019-03-20', '165', '65', '101/95', '85', '1', '', NULL),
(210000037, 'HN-90016/62', '2019015', 1, '2019-03-22 01:58:28', '', '', NULL, NULL, '', 0, NULL, NULL, NULL, NULL, NULL, 4, NULL, 0, NULL, NULL, '', '', NULL, 2120000002, NULL, '', NULL, '', '', 2080000053, NULL, '', '', NULL, '', NULL, '', '', '', NULL, NULL, NULL, 0, '', 0, 0, 0, '', '', '', '', 0, '', '', 0, 0, '', 0, '', 0, '2019-03-22 06:58:26', '1220000001', '', '', '', '', '', '', '', 0, 0, '', '', '', '', '', '', '', '', '', '', 0, 0, '', 0, '', '', '', '', '', 0, '1', '', '', '165', '65', '101/95', '85', '1', '', NULL),
(210000038, 'HN-90016/62', '2019016', 1, '2019-03-22 02:04:06', '', '', NULL, NULL, '', 0, NULL, NULL, NULL, NULL, NULL, 4, NULL, 0, NULL, NULL, '', '', NULL, 2120000002, NULL, '', NULL, '', '', 2080000053, NULL, '', '', NULL, '', NULL, '', '', '', NULL, NULL, NULL, 0, '', 0, 0, 0, '', '', '', '', 0, '', '', 0, 0, '', 0, '', 0, '2019-03-22 07:04:04', '1220000001', '', '', '', '', '', '', '', 0, 0, '', '', '', '', '', '', '', '', '', '', 0, 0, '', 0, '', '', '', '', '', 0, '0', '', '', '165', '', '', '', '1', '', NULL),
(210000039, 'HN-90017/62', '2019017', 1, '2019-03-22 02:12:40', '', '', NULL, NULL, '', 0, NULL, NULL, NULL, NULL, NULL, 4, NULL, 0, NULL, NULL, '', '', NULL, 2120000002, NULL, '', NULL, '', '', 2080000054, NULL, '', '', NULL, '', NULL, '', '', '', NULL, NULL, NULL, 0, '', 0, 0, 0, '', '', '', '', 0, '', '', 0, 0, '', 0, '', 0, '2019-03-22 07:12:38', '1220000001', '', '', '', '', '', '', '', 0, 0, '', '', '', '', '', '', '', '', '', '', 0, 0, '', 0, '', '', '', '', '', 0, '0', '', '', '', '', '', '', '1', 'HN-90016/62', NULL),
(210000040, 'HN-90018/62', '2019018', 1, '2019-03-23 10:09:52', '', 'fasfdsd', NULL, NULL, '', 0, NULL, NULL, NULL, NULL, NULL, 1, NULL, 0, NULL, NULL, '', '', NULL, 2120000002, NULL, '', NULL, '', '', 2080000055, NULL, '', '', NULL, '', NULL, '', '', '', NULL, NULL, NULL, 0, '', 0, 0, 0, '', '', '', '', 0, '', '', 0, 0, '', 0, '', 0, '2019-03-23 03:09:50', '1220000001', '', '', '', '', '', '', '', 0, 0, '', '', '', '', '', '', '', '', '', '', 0, 0, '', 0, '', '', '', '', '', 0, '0', '', '', '', '', '', '', '1', '', NULL),
(210000041, 'HN-90018/62', '2019019', 1, '2019-03-23 10:10:19', '', 'fasfdsd', NULL, NULL, '', 0, NULL, NULL, NULL, NULL, NULL, 1, NULL, 0, NULL, NULL, '', '', NULL, 2120000002, NULL, '', NULL, '', '', 1, NULL, '', '', NULL, '', NULL, '', '', '', NULL, NULL, NULL, 0, '', 0, 0, 0, '', '', '', '', 0, '', '', 0, 0, '', 0, '', 0, '2019-03-23 03:17:00', '1220000001', '', '', '', '', '', '', '', 0, 0, '', '', '', '', '', '', '', '', '', '', 0, 0, '', 0, '', '', '', '', '', 0, '0', '', '', '', '', '', '', '1', '', NULL),
(210000042, 'HN-90019/62', '20190323004', 1, '2019-03-23 10:29:10', '', '', NULL, NULL, '', 0, NULL, NULL, NULL, NULL, NULL, 1, NULL, 0, NULL, NULL, '', '', NULL, 2120000002, NULL, '', NULL, '', '', 2080000056, NULL, '', '', NULL, '', NULL, '', '', '', NULL, NULL, NULL, 0, '', 0, 0, 0, '', '', '', '', 0, '', '', 0, 0, '', 0, '', 0, '2019-03-23 03:29:10', '1220000001', '', '', '', '', '', '', '', 0, 0, '', '', '', '', '', '', '', '', '', '', 0, 0, '', 0, '', '', '', '', '', 0, '0', '', '', '', '', '', '', '1', '', NULL),
(210000043, 'HN-90020/62', '20190324001', 1, '2019-03-24 08:37:17', '', 'asdfsad', NULL, NULL, '', 0, NULL, NULL, NULL, NULL, NULL, 1, NULL, 0, NULL, NULL, '', '', NULL, 2120000002, NULL, '', NULL, '', '', 2080000057, NULL, '', '', NULL, '', NULL, '', '', '', NULL, NULL, NULL, 0, '', 0, 0, 0, '', '', '', '', 0, '', '', 0, 0, '', 0, '', 0, '2019-03-24 13:37:16', '1220000001', '', '', '', '', '', '', '', 0, 0, '', '', '', '', '', '', '', '', '', '', 0, 0, '', 0, '', '', '', '', '', 0, '0', '', '', '', '', '', '', '1', '', NULL),
(210000044, '', '20190324002', 1, '2019-03-24 11:26:38', '', '', NULL, NULL, '', 0, NULL, NULL, NULL, NULL, NULL, 1, NULL, 0, NULL, NULL, '', '', NULL, 2120000002, NULL, '', NULL, '', '', 2080000059, NULL, '', '', NULL, '', NULL, '', '', '', NULL, NULL, NULL, 0, '', 0, 0, 0, '', '', '', '', 0, '', '', 0, 0, '', 0, '', 0, '2019-03-24 16:26:37', '1220000001', '', '', '', '', '', '', '', 0, 0, '', '', '', '', '', '', '', '', '', '', 0, 0, '', 0, '', '', '', '', '', 0, '0', '', '', '', '', '', '', '1', '', NULL),
(210000045, 'HN-90022/62', '20190324003', 1, '2019-03-24 11:27:13', '', '', NULL, NULL, '', 0, NULL, NULL, NULL, NULL, NULL, 1, NULL, 0, NULL, NULL, '', '', NULL, 2120000002, NULL, '', NULL, '', '', 2080000060, NULL, '', '', NULL, '', NULL, '', '', '', NULL, NULL, NULL, 0, '', 0, 0, 0, '', '', '', '', 0, '', '', 0, 0, '', 0, '', 0, '2019-03-24 16:27:12', '1220000001', '', '', '', '', '', '', '', 0, 0, '', '', '', '', '', '', '', '', '', '', 0, 0, '', 0, '', '', '', '', '', 0, '0', '', '', '', '', '', '', '1', '', NULL),
(210000046, 'HN-90022/62', '20190324004', 1, '2019-03-24 11:32:55', '', '', NULL, NULL, '', 0, NULL, NULL, NULL, NULL, NULL, 1, NULL, 0, NULL, NULL, '', '', NULL, 2120000002, NULL, '', NULL, '', '', 2080000060, NULL, '', '', NULL, '', NULL, '', '', '', NULL, NULL, NULL, 0, '', 0, 0, 0, '', '', '', '', 0, '', '', 0, 0, '', 0, '', 0, '2019-03-24 16:35:00', '1220000001', '', '', '', '', '', '', '', 0, 0, '', '', '', '', '', '', '', '', '', '', 0, 0, '', 0, '', '', '', '', '', 1, '0', '', '', '', '', '', '', '1', '', NULL),
(210000047, 'HN-90019/62', '20190325001', 1, '2019-03-25 07:03:07', '', '', NULL, NULL, '', 0, NULL, NULL, NULL, NULL, NULL, 1, NULL, 0, NULL, NULL, '', '', NULL, 2120000002, NULL, '', NULL, '', '', 2080000056, NULL, '', '', NULL, '', NULL, '', '', '', NULL, NULL, NULL, 0, '', 0, 0, 0, '', '', '', '', 0, '', '', 0, 0, '', 0, '', 0, '2019-03-25 00:03:08', '1220000001', '', '', '', '', '', '', '', 0, 0, '', '', '', '', '', '', '', '', '', '', 0, 0, '', 0, '', '', '', '', '', 2, '0', '', '', '', '', '', '', '1', '', NULL),
(210000048, 'HN-90013/62', '20190325002', 1, '2019-03-25 07:03:56', '', '', NULL, NULL, '', 0, NULL, NULL, NULL, NULL, NULL, 1, NULL, 0, NULL, NULL, '', '', NULL, 2120000002, NULL, '', NULL, '', '', 2080000050, NULL, '', '', NULL, '', NULL, '', '', '', NULL, NULL, NULL, 0, '', 0, 0, 0, '', '', '', '', 0, '', '', 0, 0, '', 0, '', 0, '2019-03-25 00:03:55', '1220000001', '', '', '', '', '', '', '', 0, 0, '', '', '', '', '', '', '', '', '', '', 0, 0, '', 0, '', '', '', '', '', 3, '0', '', '', '', '', '', '', '1', 'HN-90008/62', NULL),
(210000049, 'HN-90019/62', '20190325003', 1, '2019-03-25 09:38:13', '', '', NULL, NULL, '', 0, NULL, NULL, NULL, NULL, NULL, 1, NULL, 0, NULL, NULL, '', '', NULL, 2120000002, NULL, '', NULL, '', '', 2080000056, NULL, '', '', NULL, '', NULL, '', '', '', NULL, NULL, NULL, 0, '', 0, 0, 0, '', '', '', '', 0, '', '', 0, 0, '', 0, '', 0, '2019-03-25 02:38:14', '1220000001', '', '', '', '', '', '', '', 0, 0, '', '', '', '', '', '', '', '', '', '', 0, 0, '', 0, '', '', '', '', '', 4, '0', '', '', '', '', '', '', '1', '', NULL),
(210000050, 'HN-90019/62', '20190325004', 1, '2019-03-25 09:42:24', '', '', NULL, NULL, '', 0, NULL, NULL, NULL, NULL, NULL, 1, NULL, 0, NULL, NULL, '', '', NULL, 2120000002, NULL, '', NULL, '', '', 2080000056, NULL, '', '', NULL, '', NULL, '', '', '', NULL, NULL, NULL, 0, '', 0, 0, 0, '', '', '', '', 0, '', '', 0, 0, '', 0, '', 0, '2019-03-25 02:42:26', '1220000001', '', '', '', '', '', '', '', 0, 0, '', '', '', '', '', '', '', '', '', '', 0, 0, '', 0, '', '', '', '', '', 5, '0', '', '', '', '', '', '', '1', '', NULL),
(210000051, 'HN-90019/62', '20190325005', 1, '2019-03-25 09:43:41', '', '', NULL, NULL, '', 0, NULL, NULL, NULL, NULL, NULL, 1, NULL, 0, NULL, NULL, '', '', NULL, 2120000002, NULL, '', NULL, '', '', 2080000056, NULL, '', '', NULL, '', NULL, '', '', '', NULL, NULL, NULL, 0, '', 0, 0, 0, '', '', '', '', 0, '', '', 0, 0, '', 0, '', 0, '2019-03-25 02:43:41', '1220000001', '', '', '', '', '', '', '', 0, 0, '', '', '', '', '', '', '', '', '', '', 0, 0, '', 0, '', '', '', '', '', 6, '0', '', '', '', '', '', '', '1', '', NULL),
(210000052, 'HN-90019/62', '20190325006', 1, '2019-03-25 09:44:33', '', '', NULL, NULL, '', 0, NULL, NULL, NULL, NULL, NULL, 1, NULL, 0, NULL, NULL, '', '', NULL, 2120000002, NULL, '', NULL, '', '', 2080000056, NULL, '', '', NULL, '', NULL, '', '', '', NULL, NULL, NULL, 0, '', 0, 0, 0, '', '', '', '', 0, '', '', 0, 0, '', 0, '', 0, '2019-03-25 02:44:33', '1220000001', '', '', '', '', '', '', '', 0, 0, '', '', '', '', '', '', '', '', '', '', 0, 0, '', 0, '', '', '', '', '', 7, '0', '', '', '', '', '', '', '1', '', NULL),
(210000053, 'HN-90019/62', '20190325007', 1, '2019-03-25 10:32:02', '', '', NULL, NULL, '', 0, NULL, NULL, NULL, NULL, NULL, 1, NULL, 0, NULL, NULL, '', '', NULL, 2120000002, NULL, '', NULL, '', '', 2080000056, NULL, '', '', NULL, '', NULL, '', '', '', NULL, NULL, NULL, 0, '', 0, 0, 0, '', '', '', '', 0, '', '', 0, 0, '', 0, '', 0, '2019-03-25 03:32:02', '1220000001', '', '', '', '', '', '', '', 0, 0, '', '', '', '', '', '', '', '', '', '', 0, 0, '', 0, '', '', '', '', '', 8, '0', '', '', '', '', '', '', '1', '', NULL),
(210000054, 'HN-90023/62', '20190325008', 1, '2019-03-25 11:57:34', '', '', NULL, NULL, '', 0, NULL, NULL, NULL, NULL, NULL, 4, NULL, 0, NULL, NULL, '', '', NULL, 2120000002, NULL, '', NULL, '', '', 2080000061, NULL, '', '', NULL, '', NULL, '', '', '', NULL, NULL, NULL, 0, '', 0, 0, 0, '', '', '', '', 0, '', '', 0, 0, '', 0, '', 0, '2019-03-25 04:57:34', '1220000001', '', '', '', '', '', '', '', 0, 0, '', '', '', '', '', '', '', '', '', '', 0, 0, '', 0, '', '', '', '', '', 9, '0', '', '', '', '', '', '', '1', '', NULL),
(210000055, 'HN-90023/62', '20190325009', 1, '2019-03-25 12:52:12', '', '', NULL, NULL, '', 0, NULL, NULL, NULL, NULL, NULL, 1, NULL, 0, NULL, NULL, '', '', NULL, 2120000002, NULL, '', NULL, '', '', 2080000061, NULL, '', '', NULL, '', NULL, '', '', '', NULL, NULL, NULL, 0, '', 0, 0, 0, '', '', '', '', 0, '', '', 0, 0, '', 0, '', 0, '2019-03-25 05:52:12', '1220000001', '', '', '', '', '', '', '', 0, 0, '', '', '', '', '', '', '', '', '', '', 0, 0, '', 0, '', '', '', '', '', 10, '0', '', '', '', '', '', '', '1', '', NULL),
(210000056, 'HN-90012/62', '20190328001', 1, '2019-03-28 09:31:29', '', 'aaaaa', NULL, NULL, '', 0, NULL, NULL, NULL, NULL, NULL, 1, NULL, 0, NULL, NULL, '', '', NULL, 2120000002, NULL, '', NULL, '', '', 2080000049, NULL, '', '', NULL, '', NULL, '', '', '', NULL, NULL, NULL, 0, '', 0, 0, 0, '', '', '', '', 0, '', '', 0, 0, '', 0, '', 0, '2019-03-28 14:31:25', '1220000001', '', '', '', '', '', '', '', 0, 0, '', '', '', '', '', '', '', '', '', '', 0, 0, '', 0, '', '', '', '', '', 11, '0', '', '', '', '', '', '', '1', '', 0),
(210000057, 'HN-90014/62', '20190328002', 1, '2019-03-28 09:34:04', '', 'werqwerqwerwqer', NULL, NULL, '', 0, NULL, NULL, NULL, NULL, NULL, 1, NULL, 0, NULL, NULL, '', '', NULL, 2120000002, NULL, '', NULL, '', '', 2080000051, NULL, '', '', NULL, '', NULL, '', '', '', NULL, NULL, NULL, 0, '', 0, 0, 0, '', '', '', '', 0, '', '', 0, 0, '', 0, '', 0, '2019-03-28 14:34:00', '1220000001', '', '', '', '', '', '', '', 0, 0, '', '', '', '', '', '', '', '', '', '', 0, 0, '', 0, '', '', '', '', '', 12, '0', '', '', '150', '', '', '', '1', 'HN-90008/62', 3),
(210000058, 'HN-90030/62', '20190416001', 1, '2019-04-16 09:42:00', '', 'test notice', NULL, NULL, '', 0, NULL, NULL, NULL, NULL, NULL, 1, NULL, 0, NULL, NULL, '', '', NULL, 2120000002, NULL, '', NULL, '', '', 2080000068, NULL, '', '', NULL, '', NULL, '', '', '', NULL, NULL, NULL, 0, '', 0, 0, 0, '', '', '', '', 0, '', '', 0, 0, '', 0, '', 0, '2019-04-16 02:41:56', '1220000001', '', '', '', '', '', '', '', 0, 0, '', '', '', '', '', '', '', '', '', '', 0, 0, '', 0, '', '', '', '', '', 13, '0', '', '', '', '1111', '2222', '3333', '1', '', 1),
(210000059, 'HN-90010/62', '20190417001', 1, '2019-04-17 09:43:24', '', 'test doctor', NULL, NULL, '', 0, NULL, NULL, NULL, NULL, NULL, 1, NULL, 0, NULL, NULL, '', '', NULL, 2120000002, NULL, '', NULL, '', '', 2080000046, NULL, '', '', NULL, '', NULL, '', '', '', NULL, NULL, NULL, 0, '', 0, 0, 0, '', '', '', '', 0, '', '', 0, 0, '', 0, '', 0, '2019-04-17 02:43:18', '1220000001', '', '', '', '', '', '', '', 0, 0, '', '', '', '', '', '', '', '', '', '', 0, 0, '', 0, '', '', '', '', '', 14, '0', '', '2019-04-18', '', '120', '100/90', '60', '1', '', 1),
(210000060, 'HN-90001/62', '20190423001', 1, '2019-04-23 08:48:25', '', '', NULL, NULL, '', 0, NULL, NULL, NULL, NULL, NULL, 1, NULL, 0, NULL, NULL, '', '', NULL, 2120000002, NULL, '', NULL, '', '', 2080000041, NULL, '', '', NULL, '', NULL, '', '', '', NULL, NULL, NULL, 0, '', 0, 0, 0, '', '', '', '', 0, '', '', 0, 0, '', 0, '', 0, '2019-04-23 01:48:29', '1220000001', '', '', '', '', '', '', '', 0, 0, '', '', '', '', '', '', '', '', '', '', 0, 0, '', 0, '', '', '', '', '', 15, '0', '', '', '', '', '', '', '1', '', 1),
(210000061, 'HN-90031/62', '20190426001', 1, '2019-04-26 01:23:31', '', '', NULL, NULL, '', 0, NULL, NULL, NULL, NULL, NULL, 1, NULL, 0, NULL, NULL, '', '', NULL, 2120000002, NULL, '', NULL, '', '', 2080000069, NULL, '', '', NULL, '', NULL, '', '', '', NULL, NULL, NULL, 0, '', 0, 0, 0, '', '', '', '', 0, '', '', 0, 0, '', 0, '', 0, '2019-04-26 06:23:32', '1220000001', '', '', '', '', '', '', '', 0, 0, '', '', '', '', '', '', '', '', '', '', 0, 0, '', 0, '', '', '', '', '', 16, '1', '', '2019-04-27', '', '11', '22', '33', '1', '', 1);

-- --------------------------------------------------------

--
-- Table structure for table `t_visit_queue_transfer`
--

CREATE TABLE `t_visit_queue_transfer` (
  `t_visit_queue_transfer_id` int(11) NOT NULL,
  `patient_drugallergy` varchar(255) COLLATE utf8_bin DEFAULT NULL,
  `visit_locking` varchar(255) COLLATE utf8_bin DEFAULT NULL,
  `visit_hn` varchar(255) COLLATE utf8_bin DEFAULT NULL,
  `visit_vn` varchar(255) COLLATE utf8_bin DEFAULT NULL,
  `visit_service_staff_doctor` varchar(255) COLLATE utf8_bin DEFAULT NULL,
  `patient_firstname` varchar(255) COLLATE utf8_bin DEFAULT NULL,
  `patient_lastname` varchar(255) COLLATE utf8_bin DEFAULT NULL,
  `assign_date_time` varchar(255) COLLATE utf8_bin DEFAULT NULL,
  `service_point_description` varchar(255) COLLATE utf8_bin DEFAULT NULL,
  `t_patient_id` int(11) DEFAULT NULL,
  `t_visit_id` int(11) DEFAULT NULL,
  `f_visit_type_id` int(11) DEFAULT NULL,
  `b_service_point_id` int(11) DEFAULT NULL,
  `visit_queue_map_queue` varchar(255) COLLATE utf8_bin DEFAULT NULL,
  `visit_queue_setup_queue_color` varchar(255) COLLATE utf8_bin DEFAULT NULL,
  `visit_queue_setup_description` varchar(255) COLLATE utf8_bin DEFAULT NULL,
  `f_sex_id` int(11) DEFAULT NULL,
  `f_patient_prefix_id` int(11) DEFAULT NULL,
  `visit_queue_transfer_lab_status` varchar(255) COLLATE utf8_bin DEFAULT NULL,
  `contact_namet` varchar(255) COLLATE utf8_bin DEFAULT NULL,
  `contact_join_namet` varchar(255) COLLATE utf8_bin DEFAULT NULL,
  `b_contract_plans_id` int(11) DEFAULT NULL,
  `visit_begin_visit_time` varchar(255) COLLATE utf8_bin DEFAULT NULL,
  `visit_financial_discharge_time` varchar(255) COLLATE utf8_bin DEFAULT NULL,
  `visit_payment_staff_record` varchar(255) COLLATE utf8_bin DEFAULT NULL,
  `contract_plans_description` varchar(255) COLLATE utf8_bin DEFAULT NULL,
  `order_staff_order` varchar(255) COLLATE utf8_bin DEFAULT NULL,
  `order_drug_modifier` varchar(255) COLLATE utf8_bin DEFAULT NULL,
  `billing_invoice_staff_record` varchar(255) COLLATE utf8_bin DEFAULT NULL,
  `scan_time` varchar(255) COLLATE utf8_bin DEFAULT NULL,
  `doctor_tmp` varchar(255) COLLATE utf8_bin DEFAULT NULL,
  `adm` varchar(255) COLLATE utf8_bin DEFAULT NULL,
  `med` varchar(255) COLLATE utf8_bin DEFAULT NULL,
  `xray` varchar(255) COLLATE utf8_bin DEFAULT NULL,
  `scan` varchar(255) COLLATE utf8_bin DEFAULT NULL,
  `description` varchar(255) COLLATE utf8_bin DEFAULT NULL,
  `contract_plans_color` varchar(255) COLLATE utf8_bin DEFAULT NULL,
  `visit_count` varchar(255) COLLATE utf8_bin DEFAULT NULL,
  `status_flow_opd` varchar(255) COLLATE utf8_bin DEFAULT NULL,
  `b_service_point_old_id` varchar(255) COLLATE utf8_bin DEFAULT NULL
) ENGINE=MyISAM DEFAULT CHARSET=utf8 COLLATE=utf8_bin COMMENT='id=216';

-- --------------------------------------------------------

--
-- Table structure for table `User`
--

CREATE TABLE `User` (
  `UID` int(11) NOT NULL,
  `GID` int(11) NOT NULL,
  `UserName` varchar(250) COLLATE utf8_unicode_ci DEFAULT NULL,
  `Password` varchar(250) COLLATE utf8_unicode_ci DEFAULT NULL,
  `FullName` varchar(250) COLLATE utf8_unicode_ci DEFAULT NULL,
  `Signature` varchar(250) COLLATE utf8_unicode_ci DEFAULT NULL
) ENGINE=MyISAM DEFAULT CHARSET=utf8 COLLATE=utf8_unicode_ci;

--
-- Dumping data for table `User`
--

INSERT INTO `User` (`UID`, `GID`, `UserName`, `Password`, `FullName`, `Signature`) VALUES
(1, 100, 'admin', 'admin', NULL, NULL),
(2, 101, 'reception', 'reception', NULL, NULL),
(3, 102, 'nurse', 'nurse', NULL, NULL),
(4, 103, 'rx', 'rx', 'อุบล ดำริธรรมนิจ', './images/ubon.jpg'),
(5, 104, 'lab', 'lab', NULL, NULL),
(6, 105, 'account', 'jjsdf', NULL, NULL),
(7, 106, 'DR. Thitikorn Wanichkul', '7722', NULL, NULL),
(8, 106, 'DR. Visut Suvithayasiri', 'visut', NULL, NULL),
(9, 101, 'Manatsanan', 'tarn2002', NULL, NULL),
(10, 102, 'Nuttakarn', 'nurse123', NULL, NULL),
(11, 107, 'Chalida', '88758875', NULL, NULL),
(12, 107, 'Yuparatana', 'cheetah2011', NULL, NULL),
(13, 107, 'agent', 'agent', NULL, NULL),
(14, 104, 'Paweena', '171133', NULL, NULL),
(15, 104, 'Angkana', '8869', NULL, NULL),
(16, 104, 'Natee', '123456', NULL, NULL),
(17, 102, 'Rattikan', '2567', NULL, NULL),
(18, 102, 'Sirinun', '1137', NULL, NULL),
(19, 102, 'Chopaka', '110310', NULL, NULL),
(20, 102, 'Punika', 'Puni2535', NULL, NULL),
(21, 102, 'Chintana', '8144', NULL, NULL),
(22, 101, 'Nana', '12345', NULL, NULL),
(25, 106, 'thitikorn', '7722', 'ธิติกรณ์ วาณิชย์กุล', './images/thitikorn.jpg'),
(23, 106, 'DR. Sakchai Panitwong', '12345', NULL, NULL),
(24, 104, 'Thanawan', '2701', NULL, NULL),
(30, 106, 'DR. Niwat', '1111', NULL, NULL),
(31, 105, 'ubon2', 'ubon123456', 'อุบล ดำริธรรมนิจ', './images/ubon.jpg'),
(32, 105, 'fon2', 'fon123456', NULL, NULL),
(33, 106, 'DR. Chanin', '1111', NULL, NULL),
(34, 105, 'kitti', 'kitti', NULL, NULL),
(35, 102, 'ann', '5081', 'Ann', NULL),
(36, 106, 'DR. Sakchai', '1111', NULL, NULL);

-- --------------------------------------------------------

--
-- Table structure for table `UserGroup`
--

CREATE TABLE `UserGroup` (
  `GID` int(11) NOT NULL,
  `GName` varchar(250) COLLATE utf8_unicode_ci DEFAULT NULL
) ENGINE=MyISAM DEFAULT CHARSET=utf8 COLLATE=utf8_unicode_ci;

--
-- Dumping data for table `UserGroup`
--

INSERT INTO `UserGroup` (`GID`, `GName`) VALUES
(100, 'Admin'),
(101, 'Reception'),
(102, 'Nurse'),
(103, 'Px'),
(104, 'Lab'),
(105, 'Account'),
(106, 'Doctor'),
(107, 'Agent');

-- --------------------------------------------------------

--
-- Table structure for table `Visit`
--

CREATE TABLE `Visit` (
  `VN` bigint(11) NOT NULL,
  `VSID` int(11) NOT NULL,
  `PID` int(11) DEFAULT NULL,
  `PIDS` varchar(250) COLLATE utf8_unicode_ci DEFAULT NULL,
  `PName` varchar(250) COLLATE utf8_unicode_ci DEFAULT NULL,
  `OName` varchar(250) COLLATE utf8_unicode_ci DEFAULT NULL,
  `VDate` date DEFAULT NULL,
  `VStartTime` time DEFAULT NULL,
  `VEndTime` time DEFAULT NULL,
  `VUpdateTime` time DEFAULT NULL,
  `LVSID` int(11) DEFAULT NULL,
  `IntLock` int(11) NOT NULL DEFAULT '0',
  `form_a_id` int(11) DEFAULT '0'
) ENGINE=MyISAM DEFAULT CHARSET=utf8 COLLATE=utf8_unicode_ci;

--
-- Dumping data for table `Visit`
--

INSERT INTO `Visit` (`VN`, `VSID`, `PID`, `PIDS`, `PName`, `OName`, `VDate`, `VStartTime`, `VEndTime`, `VUpdateTime`, `LVSID`, `IntLock`, `form_a_id`) VALUES
(2019000, 110, 0, 'HN-90003/62', ' zzzz aaa', '', '2019-03-10', '20:22:34', NULL, '00:00:00', 0, 0, 0),
(2019001, 998, 20190004, 'HN-90004/62', ' vvvv ccc', '', '2019-03-10', '21:17:17', NULL, '00:00:00', 0, 0, 0),
(2019002, 998, 0, '', 'Mrs. Tes Tes ', '', '2019-03-11', '09:08:50', NULL, '00:00:00', 0, 0, 0),
(2019003, 998, 20190010, 'HN-90010/62', 'Mrs. Tes Tes ', '', '2019-03-11', '09:32:52', NULL, '00:00:00', 0, 0, 0),
(2019004, 110, 20190008, 'HN-90008/62', 'Mrs. Tes Tes Tes', '', '2019-03-12', '15:08:46', NULL, '00:00:00', 0, 0, 0),
(2019005, 160, 20190011, 'HN-90011/62', 'Mr. Ekapop Ploentham', '', '2019-03-19', '10:42:04', NULL, '00:00:00', 110, 0, 0),
(2019006, 110, 20190011, 'HN-90011/62', 'Mr. Ekapop Ploentham', '', '2019-03-19', '10:46:42', NULL, '00:00:00', 0, 0, 0),
(2019007, 998, 20190012, 'HN-90012/62', 'Mr. ekapoppppppp ploenthammmmmm', '', '2019-03-19', '11:02:48', NULL, '00:00:00', 0, 0, 0),
(2019008, 998, 20190013, 'HN-90013/62', 'Mr. ekapopwwwwww ploenthamqqqqqq', '', '2019-03-19', '11:05:44', NULL, '00:00:00', 0, 0, 0),
(2019009, 160, 20190014, 'HN-90014/62', 'Mr. ekapoptttt ploenthamrrrrr', '', '2019-03-19', '11:08:52', NULL, '00:00:00', 110, 0, 0),
(2019010, 160, 20190015, 'HN-90015/62', 'Mr. asdasdf wqerqwerwqe', '', '2019-03-19', '12:12:43', NULL, '00:00:00', 160, 0, 0),
(2019011, 160, 20190010, 'HN-90010/62', 'Mrs. Tes Tes ', '', '2019-03-19', '14:11:43', NULL, '00:00:00', 110, 0, 0),
(2019012, 160, 20190014, 'HN-90014/62', 'Mr. ekapoptttt ploenthamrrrrr', '', '2019-03-19', '15:53:49', NULL, '00:00:00', 115, 0, 0),
(2019013, 160, 20190014, 'HN-90014/62', 'Mr. ekapoptttt ploenthamrrrrr', '', '2019-03-20', '05:56:49', NULL, '00:00:00', 160, 0, 0),
(2019014, 998, 20190016, 'HN-90016/62', 'Mrs. Zhang Lifang ', '', '2019-03-22', '13:41:30', NULL, '00:00:00', 0, 0, 0),
(2019015, 998, 20190016, 'HN-90016/62', 'Mrs. Zhang Lifang ', '', '2019-03-22', '13:58:28', NULL, '00:00:00', 0, 0, 0),
(2019016, 998, 20190016, 'HN-90016/62', 'Mrs. Zhang Lifang ', '', '2019-03-22', '14:04:06', NULL, '00:00:00', 0, 0, 0),
(2019017, 998, 20190017, 'HN-90017/62', 'Mr. Xu Xinqi ', '', '2019-03-22', '14:12:40', NULL, '00:00:00', 0, 0, 0),
(2019018, 110, 20190018, 'HN-90018/62', 'Mr. twertwert eqwerqwe', '', '2019-03-23', '10:09:52', NULL, '00:00:00', 0, 0, 0),
(2019019, 110, 20190018, 'HN-90018/62', 'Mr. twertwert eqwerqwe', '', '2019-03-23', '10:10:19', NULL, '00:00:00', 0, 0, 0),
(2019020, 110, 20190018, 'HN-90018/62', 'Mr. twertwert eqwerqwe', '', '2019-03-23', '10:17:53', '00:00:00', '00:00:00', 0, 0, 0),
(20190323004, 999, 20190019, 'HN-90019/62', 'Mr. qqwerqwe qwtwerwer', '', '2019-03-24', '10:29:12', NULL, '00:00:00', 999, 0, 0),
(20190324001, 110, 20190020, 'HN-90020/62', ' eerertye uiopuiop', '', '2019-03-24', '20:37:17', NULL, '00:00:00', 0, 0, 0),
(20190324002, 110, 0, '', ' xvzxcv sfasf', '', '2019-03-24', '23:26:38', NULL, '00:00:00', 0, 0, 0),
(20190324003, 110, 20190022, 'HN-90022/62', ' asdfasdf weqwerqw', '', '2019-03-24', '23:27:13', NULL, '00:00:00', 0, 0, 0),
(20190324004, 160, 20190022, 'HN-90022/62', ' asdfasdf weqwerqw', '', '2019-03-24', '23:35:01', NULL, '00:00:00', 110, 0, 0),
(20190325001, 999, 20190019, 'HN-90019/62', 'Mr. qqwerqwe qwtwerwer', '', '2019-03-25', '07:03:09', NULL, '00:00:00', 160, 0, 0),
(20190325002, 160, 20190013, 'HN-90013/62', 'Mr. ekapopwwwwww ploenthamqqqqqq', '', '2019-03-25', '07:03:57', NULL, '00:00:00', 110, 0, 0),
(20190325003, 999, 20190019, 'HN-90019/62', 'Mr. qqwerqwe qwtwerwer', '', '2019-03-25', '09:38:14', NULL, '00:00:00', 160, 0, 0),
(20190325004, 999, 20190019, 'HN-90019/62', 'Mr. qqwerqwe qwtwerwer', '', '2019-03-25', '09:42:26', NULL, '00:00:00', 160, 0, 0),
(20190325005, 999, 20190019, 'HN-90019/62', 'Mr. qqwerqwe qwtwerwer', '', '2019-03-25', '09:43:41', NULL, '00:00:00', 160, 0, 0),
(20190325006, 110, 20190019, 'HN-90019/62', 'Mr. qqwerqwe qwtwerwer', '', '2019-03-25', '09:44:33', NULL, '00:00:00', 0, 0, 0),
(20190325007, 160, 20190019, 'HN-90019/62', 'Mr. qqwerqwe qwtwerwer', '', '2019-03-25', '10:32:03', NULL, '00:00:00', 110, 0, 0),
(20190325008, 998, 20190023, 'HN-90023/62', 'Mr. upupup ppppp', '', '2019-03-25', '11:57:34', NULL, '00:00:00', 999, 0, 0),
(20190325009, 999, 20190023, 'HN-90023/62', 'Mr. upupup ppppp', '', '2019-03-25', '12:52:12', NULL, '00:00:00', 999, 0, 0),
(20190328001, 160, 20190012, 'HN-90012/62', 'Mr. ekapoppppppp ploenthammmmmm', '', '2019-03-28', '21:31:29', NULL, '00:00:00', 110, 0, 0),
(20190328002, 110, 20190014, 'HN-90014/62', 'Mr. ekapoptttt ploenthamrrrrr', '', '2019-03-28', '21:34:04', NULL, '00:00:00', 0, 0, 0),
(20190416001, 110, 20190030, 'HN-90030/62', ' aaaa vvvv', '', '2019-04-16', '09:42:00', NULL, '00:00:00', 0, 0, 0),
(20190417001, 110, 20190010, 'HN-90010/62', 'Mrs. Tes Tes ', '', '2019-04-17', '09:43:24', NULL, '00:00:00', 0, 0, 0),
(20190423001, 999, 20190001, 'HN-90001/62', ' test aaaa', '', '2019-04-23', '08:48:26', NULL, '00:00:00', 160, 0, 0),
(20190426001, 110, 20190031, 'HN-90031/62', 'Mr. test aaaaaa bbbbbbb', '', '2019-04-26', '13:23:31', NULL, '00:00:00', 0, 0, 0);

-- --------------------------------------------------------

--
-- Table structure for table `VStatus`
--

CREATE TABLE `VStatus` (
  `VSID` int(11) NOT NULL,
  `VName` varchar(250) COLLATE utf8_unicode_ci DEFAULT NULL
) ENGINE=MyISAM DEFAULT CHARSET=utf8 COLLATE=utf8_unicode_ci;

--
-- Dumping data for table `VStatus`
--

INSERT INTO `VStatus` (`VSID`, `VName`) VALUES
(110, 'Reception=>Waiting Nurse Confirm'),
(115, 'Nurse Process'),
(120, 'Waiting Consulting Confirm'),
(125, 'Consulting Process'),
(135, 'Doctor Process'),
(140, 'Waiting Lab Confirm'),
(145, 'Lab Process'),
(150, 'Waiting Px Confirm'),
(155, 'Px Process'),
(160, 'Waiting Account Confirm'),
(165, 'Account Process'),
(999, 'Finish'),
(5, 'Reception Process'),
(998, 'Cancel'),
(112, 'Doctor=>Waiting Nurse Confirm'),
(113, 'Consulting=>Waiting Nurse Confirm'),
(114, 'Lab=>Waiting Nurse Confirm'),
(144, 'Nurse Confirm'),
(166, 'Account Process Ready');

--
-- Indexes for dumped tables
--

--
-- Indexes for table `Agent`
--
ALTER TABLE `Agent`
  ADD PRIMARY KEY (`AgentID`);

--
-- Indexes for table `Agent1`
--
ALTER TABLE `Agent1`
  ADD PRIMARY KEY (`AgentID`);

--
-- Indexes for table `Appointment`
--
ALTER TABLE `Appointment`
  ADD PRIMARY KEY (`ID`);

--
-- Indexes for table `ApproveDiscount`
--
ALTER TABLE `ApproveDiscount`
  ADD PRIMARY KEY (`ID`);

--
-- Indexes for table `BillDetail`
--
ALTER TABLE `BillDetail`
  ADD PRIMARY KEY (`ID`);

--
-- Indexes for table `BillGroup`
--
ALTER TABLE `BillGroup`
  ADD PRIMARY KEY (`ID`);

--
-- Indexes for table `BillHeader`
--
ALTER TABLE `BillHeader`
  ADD PRIMARY KEY (`VN`);

--
-- Indexes for table `b_branch`
--
ALTER TABLE `b_branch`
  ADD PRIMARY KEY (`branch_id`);

--
-- Indexes for table `b_company`
--
ALTER TABLE `b_company`
  ADD PRIMARY KEY (`comp_id`);

--
-- Indexes for table `b_contract_payer`
--
ALTER TABLE `b_contract_payer`
  ADD PRIMARY KEY (`b_contract_payer_id`);

--
-- Indexes for table `b_contract_plans`
--
ALTER TABLE `b_contract_plans`
  ADD PRIMARY KEY (`b_contract_plans_id`);

--
-- Indexes for table `b_currency`
--
ALTER TABLE `b_currency`
  ADD PRIMARY KEY (`curr_id`);

--
-- Indexes for table `b_customer`
--
ALTER TABLE `b_customer`
  ADD PRIMARY KEY (`cust_id`);

--
-- Indexes for table `b_department`
--
ALTER TABLE `b_department`
  ADD PRIMARY KEY (`dept_id`);

--
-- Indexes for table `b_doc_group_scan`
--
ALTER TABLE `b_doc_group_scan`
  ADD PRIMARY KEY (`doc_group_id`);

--
-- Indexes for table `b_doc_group_sub_scan`
--
ALTER TABLE `b_doc_group_sub_scan`
  ADD PRIMARY KEY (`doc_group_sub_id`);

--
-- Indexes for table `b_item`
--
ALTER TABLE `b_item`
  ADD PRIMARY KEY (`item_id`);

--
-- Indexes for table `b_item_drug_frequency`
--
ALTER TABLE `b_item_drug_frequency`
  ADD PRIMARY KEY (`frequency_id`);

--
-- Indexes for table `b_item_drug_instruction`
--
ALTER TABLE `b_item_drug_instruction`
  ADD PRIMARY KEY (`instruction_id`);

--
-- Indexes for table `b_item_sub_group`
--
ALTER TABLE `b_item_sub_group`
  ADD PRIMARY KEY (`item_sub_group_id`);

--
-- Indexes for table `b_position`
--
ALTER TABLE `b_position`
  ADD PRIMARY KEY (`posi_id`);

--
-- Indexes for table `b_prefix`
--
ALTER TABLE `b_prefix`
  ADD PRIMARY KEY (`prefix_id`);

--
-- Indexes for table `b_service_point`
--
ALTER TABLE `b_service_point`
  ADD PRIMARY KEY (`b_service_point_id`);

--
-- Indexes for table `b_staff`
--
ALTER TABLE `b_staff`
  ADD PRIMARY KEY (`staff_id`);

--
-- Indexes for table `b_unit`
--
ALTER TABLE `b_unit`
  ADD PRIMARY KEY (`unit_id`);

--
-- Indexes for table `b_vendor`
--
ALTER TABLE `b_vendor`
  ADD PRIMARY KEY (`vend_id`);

--
-- Indexes for table `CashAccount`
--
ALTER TABLE `CashAccount`
  ADD PRIMARY KEY (`CashID`);

--
-- Indexes for table `CashAccount_copy`
--
ALTER TABLE `CashAccount_copy`
  ADD PRIMARY KEY (`CashID`);

--
-- Indexes for table `ci_sessions`
--
ALTER TABLE `ci_sessions`
  ADD PRIMARY KEY (`session_id`),
  ADD KEY `last_activity_idx` (`last_activity`) USING BTREE;

--
-- Indexes for table `ConfigIntLock`
--
ALTER TABLE `ConfigIntLock`
  ADD PRIMARY KEY (`id`);

--
-- Indexes for table `Consulting`
--
ALTER TABLE `Consulting`
  ADD PRIMARY KEY (`ID`);

--
-- Indexes for table `CreditCardAccount`
--
ALTER TABLE `CreditCardAccount`
  ADD PRIMARY KEY (`CreditCardID`);

--
-- Indexes for table `DebtorDetail`
--
ALTER TABLE `DebtorDetail`
  ADD PRIMARY KEY (`ID`);

--
-- Indexes for table `DebtorHeader`
--
ALTER TABLE `DebtorHeader`
  ADD PRIMARY KEY (`VN`);

--
-- Indexes for table `DepositAgent`
--
ALTER TABLE `DepositAgent`
  ADD PRIMARY KEY (`ID`);

--
-- Indexes for table `Doctor`
--
ALTER TABLE `Doctor`
  ADD PRIMARY KEY (`ID`);

--
-- Indexes for table `FilePatient`
--
ALTER TABLE `FilePatient`
  ADD PRIMARY KEY (`ID`);

--
-- Indexes for table `f_amphures`
--
ALTER TABLE `f_amphures`
  ADD PRIMARY KEY (`amph_id`);

--
-- Indexes for table `f_company_type`
--
ALTER TABLE `f_company_type`
  ADD PRIMARY KEY (`comp_type_id`);

--
-- Indexes for table `f_districts`
--
ALTER TABLE `f_districts`
  ADD PRIMARY KEY (`dist_id`);

--
-- Indexes for table `f_doc_type`
--
ALTER TABLE `f_doc_type`
  ADD PRIMARY KEY (`doc_type_id`);

--
-- Indexes for table `f_item_billing_group`
--
ALTER TABLE `f_item_billing_group`
  ADD PRIMARY KEY (`item_billing_group_id`);

--
-- Indexes for table `f_item_group`
--
ALTER TABLE `f_item_group`
  ADD PRIMARY KEY (`item_group_id`);

--
-- Indexes for table `f_patient_blood_group`
--
ALTER TABLE `f_patient_blood_group`
  ADD PRIMARY KEY (`f_patient_blood_group_id`);

--
-- Indexes for table `f_patient_discharge_status`
--
ALTER TABLE `f_patient_discharge_status`
  ADD PRIMARY KEY (`f_patient_discharge_status_id`);

--
-- Indexes for table `f_patient_education_type`
--
ALTER TABLE `f_patient_education_type`
  ADD PRIMARY KEY (`f_patient_education_type_id`);

--
-- Indexes for table `f_patient_marriage_status`
--
ALTER TABLE `f_patient_marriage_status`
  ADD PRIMARY KEY (`f_patient_marriage_status_id`);

--
-- Indexes for table `f_patient_nation`
--
ALTER TABLE `f_patient_nation`
  ADD PRIMARY KEY (`f_patient_nation_id`);

--
-- Indexes for table `f_patient_occupation`
--
ALTER TABLE `f_patient_occupation`
  ADD PRIMARY KEY (`f_patient_occupation_id`);

--
-- Indexes for table `f_patient_prefix`
--
ALTER TABLE `f_patient_prefix`
  ADD PRIMARY KEY (`f_patient_prefix_id`);

--
-- Indexes for table `f_patient_race`
--
ALTER TABLE `f_patient_race`
  ADD PRIMARY KEY (`f_patient_race_id`);

--
-- Indexes for table `f_patient_relation`
--
ALTER TABLE `f_patient_relation`
  ADD PRIMARY KEY (`f_patient_relation_id`);

--
-- Indexes for table `f_patient_religion`
--
ALTER TABLE `f_patient_religion`
  ADD PRIMARY KEY (`f_patient_religion_id`);

--
-- Indexes for table `f_provinces`
--
ALTER TABLE `f_provinces`
  ADD PRIMARY KEY (`prov_id`);

--
-- Indexes for table `f_service_group`
--
ALTER TABLE `f_service_group`
  ADD PRIMARY KEY (`f_service_group_id`);

--
-- Indexes for table `f_service_subgroup`
--
ALTER TABLE `f_service_subgroup`
  ADD PRIMARY KEY (`f_service_subgroup_id`);

--
-- Indexes for table `f_sex`
--
ALTER TABLE `f_sex`
  ADD PRIMARY KEY (`f_sex_id`);

--
-- Indexes for table `f_visit_service_status`
--
ALTER TABLE `f_visit_service_status`
  ADD PRIMARY KEY (`f_visit_service_status_id`);

--
-- Indexes for table `f_visit_status`
--
ALTER TABLE `f_visit_status`
  ADD PRIMARY KEY (`f_visit_status_id`);

--
-- Indexes for table `f_visit_type`
--
ALTER TABLE `f_visit_type`
  ADD PRIMARY KEY (`f_visit_type_id`);

--
-- Indexes for table `GroupDrugDetail`
--
ALTER TABLE `GroupDrugDetail`
  ADD PRIMARY KEY (`ID`);

--
-- Indexes for table `GroupDrugHeader`
--
ALTER TABLE `GroupDrugHeader`
  ADD PRIMARY KEY (`GDID`);

--
-- Indexes for table `Holiday`
--
ALTER TABLE `Holiday`
  ADD PRIMARY KEY (`ID`);

--
-- Indexes for table `Item`
--
ALTER TABLE `Item`
  ADD PRIMARY KEY (`id`);

--
-- Indexes for table `ItemType`
--
ALTER TABLE `ItemType`
  ADD PRIMARY KEY (`id`);

--
-- Indexes for table `JobConsulting`
--
ALTER TABLE `JobConsulting`
  ADD PRIMARY KEY (`VN`);

--
-- Indexes for table `JobDoctor`
--
ALTER TABLE `JobDoctor`
  ADD PRIMARY KEY (`VN`);

--
-- Indexes for table `JobFETEmDev`
--
ALTER TABLE `JobFETEmDev`
  ADD PRIMARY KEY (`EmDevID`);

--
-- Indexes for table `JobFETEmDevNo`
--
ALTER TABLE `JobFETEmDevNo`
  ADD PRIMARY KEY (`ID`),
  ADD UNIQUE KEY `test` (`EmDevID`,`DevNo`) USING BTREE;

--
-- Indexes for table `JobFETEmET`
--
ALTER TABLE `JobFETEmET`
  ADD PRIMARY KEY (`JobLabDetailID`);

--
-- Indexes for table `JobFETEmThaw`
--
ALTER TABLE `JobFETEmThaw`
  ADD PRIMARY KEY (`JobLabDetailID`);

--
-- Indexes for table `JobLab`
--
ALTER TABLE `JobLab`
  ADD PRIMARY KEY (`VN`);

--
-- Indexes for table `JobLabDetail`
--
ALTER TABLE `JobLabDetail`
  ADD PRIMARY KEY (`ID`);

--
-- Indexes for table `JobOPUEmDev`
--
ALTER TABLE `JobOPUEmDev`
  ADD PRIMARY KEY (`EmDevID`);

--
-- Indexes for table `JobOPUEmDevNo`
--
ALTER TABLE `JobOPUEmDevNo`
  ADD PRIMARY KEY (`ID`),
  ADD UNIQUE KEY `test` (`EmDevID`,`DevNo`) USING BTREE;

--
-- Indexes for table `JobOPUEmET`
--
ALTER TABLE `JobOPUEmET`
  ADD PRIMARY KEY (`JobLabDetailID`);

--
-- Indexes for table `JobOPUEmFreeze`
--
ALTER TABLE `JobOPUEmFreeze`
  ADD PRIMARY KEY (`JobLabDetailID`);

--
-- Indexes for table `JobOPUFertilize`
--
ALTER TABLE `JobOPUFertilize`
  ADD PRIMARY KEY (`JobLabDetailID`);

--
-- Indexes for table `JobOPUMature`
--
ALTER TABLE `JobOPUMature`
  ADD PRIMARY KEY (`JobLabDetailID`);

--
-- Indexes for table `JobOPUSpermPrep`
--
ALTER TABLE `JobOPUSpermPrep`
  ADD PRIMARY KEY (`JobLabDetailID`);

--
-- Indexes for table `JobPx`
--
ALTER TABLE `JobPx`
  ADD PRIMARY KEY (`VN`);

--
-- Indexes for table `JobPxDetail`
--
ALTER TABLE `JobPxDetail`
  ADD PRIMARY KEY (`ID`);

--
-- Indexes for table `JobSpecial`
--
ALTER TABLE `JobSpecial`
  ADD PRIMARY KEY (`VN`);

--
-- Indexes for table `JobSpecialDetail`
--
ALTER TABLE `JobSpecialDetail`
  ADD PRIMARY KEY (`ID`);

--
-- Indexes for table `JobSperm`
--
ALTER TABLE `JobSperm`
  ADD PRIMARY KEY (`JobLabDetailID`);

--
-- Indexes for table `JobSpermPrep`
--
ALTER TABLE `JobSpermPrep`
  ADD PRIMARY KEY (`JobLabDetailID`);

--
-- Indexes for table `LabItem`
--
ALTER TABLE `LabItem`
  ADD PRIMARY KEY (`LID`);

--
-- Indexes for table `LabItemGroup`
--
ALTER TABLE `LabItemGroup`
  ADD PRIMARY KEY (`LGID`);

--
-- Indexes for table `lab_b_procedure`
--
ALTER TABLE `lab_b_procedure`
  ADD PRIMARY KEY (`proce_id`);

--
-- Indexes for table `lab_t_fet`
--
ALTER TABLE `lab_t_fet`
  ADD PRIMARY KEY (`fet_id`);

--
-- Indexes for table `lab_t_form_a`
--
ALTER TABLE `lab_t_form_a`
  ADD PRIMARY KEY (`form_a_id`);

--
-- Indexes for table `lab_t_opu`
--
ALTER TABLE `lab_t_opu`
  ADD PRIMARY KEY (`opu_id`);

--
-- Indexes for table `lab_t_opu_embryo_dev`
--
ALTER TABLE `lab_t_opu_embryo_dev`
  ADD PRIMARY KEY (`opu_embryo_dev_id`);

--
-- Indexes for table `lab_t_request`
--
ALTER TABLE `lab_t_request`
  ADD PRIMARY KEY (`req_id`);

--
-- Indexes for table `log_billdetail`
--
ALTER TABLE `log_billdetail`
  ADD PRIMARY KEY (`ID`);

--
-- Indexes for table `log_billheader`
--
ALTER TABLE `log_billheader`
  ADD PRIMARY KEY (`VN`);

--
-- Indexes for table `MaritalName`
--
ALTER TABLE `MaritalName`
  ADD PRIMARY KEY (`MaritalID`);

--
-- Indexes for table `MeetingName`
--
ALTER TABLE `MeetingName`
  ADD PRIMARY KEY (`MeetingID`);

--
-- Indexes for table `Menu_Program`
--
ALTER TABLE `Menu_Program`
  ADD PRIMARY KEY (`MID`);

--
-- Indexes for table `Nationality`
--
ALTER TABLE `Nationality`
  ADD PRIMARY KEY (`NID`);

--
-- Indexes for table `nurse_t_egg_sti`
--
ALTER TABLE `nurse_t_egg_sti`
  ADD PRIMARY KEY (`egg_sti_id`);

--
-- Indexes for table `nurse_t_egg_sti_day`
--
ALTER TABLE `nurse_t_egg_sti_day`
  ADD PRIMARY KEY (`egg_sti_day_id`);

--
-- Indexes for table `ODoctor`
--
ALTER TABLE `ODoctor`
  ADD PRIMARY KEY (`ID`);

--
-- Indexes for table `ONurse`
--
ALTER TABLE `ONurse`
  ADD PRIMARY KEY (`ID`);

--
-- Indexes for table `OPUHistory`
--
ALTER TABLE `OPUHistory`
  ADD PRIMARY KEY (`ID`);

--
-- Indexes for table `OPUType`
--
ALTER TABLE `OPUType`
  ADD PRIMARY KEY (`ID`);

--
-- Indexes for table `or_b_anesthesia`
--
ALTER TABLE `or_b_anesthesia`
  ADD PRIMARY KEY (`anesthesia_id`);

--
-- Indexes for table `or_b_operation`
--
ALTER TABLE `or_b_operation`
  ADD PRIMARY KEY (`opera_id`);

--
-- Indexes for table `or_b_operation_group`
--
ALTER TABLE `or_b_operation_group`
  ADD PRIMARY KEY (`opera_group_id`);

--
-- Indexes for table `or_t_operation`
--
ALTER TABLE `or_t_operation`
  ADD PRIMARY KEY (`or_id`);

--
-- Indexes for table `or_t_request`
--
ALTER TABLE `or_t_request`
  ADD PRIMARY KEY (`or_req_id`);

--
-- Indexes for table `PackageDeposit`
--
ALTER TABLE `PackageDeposit`
  ADD PRIMARY KEY (`PCKDPSID`);

--
-- Indexes for table `PackageDepositDetail`
--
ALTER TABLE `PackageDepositDetail`
  ADD PRIMARY KEY (`ID`);

--
-- Indexes for table `PackageDetail`
--
ALTER TABLE `PackageDetail`
  ADD PRIMARY KEY (`ID`);

--
-- Indexes for table `PackageHeader`
--
ALTER TABLE `PackageHeader`
  ADD PRIMARY KEY (`PCKID`);

--
-- Indexes for table `PackageSellThru`
--
ALTER TABLE `PackageSellThru`
  ADD PRIMARY KEY (`STID`);

--
-- Indexes for table `PackageSold`
--
ALTER TABLE `PackageSold`
  ADD PRIMARY KEY (`PCKSID`);

--
-- Indexes for table `Patient`
--
ALTER TABLE `Patient`
  ADD PRIMARY KEY (`PID`);

--
-- Indexes for table `PatientReleation`
--
ALTER TABLE `PatientReleation`
  ADD PRIMARY KEY (`PID`);

--
-- Indexes for table `PatientType`
--
ALTER TABLE `PatientType`
  ADD PRIMARY KEY (`ID`);

--
-- Indexes for table `PaymentMethod`
--
ALTER TABLE `PaymentMethod`
  ADD PRIMARY KEY (`PaymentID`);

--
-- Indexes for table `POdetail`
--
ALTER TABLE `POdetail`
  ADD PRIMARY KEY (`id`);

--
-- Indexes for table `POhead`
--
ALTER TABLE `POhead`
  ADD PRIMARY KEY (`id`),
  ADD UNIQUE KEY `po_number` (`po_number`,`po_year`) USING BTREE;

--
-- Indexes for table `POuserAccept`
--
ALTER TABLE `POuserAccept`
  ADD PRIMARY KEY (`UID`);

--
-- Indexes for table `PR`
--
ALTER TABLE `PR`
  ADD PRIMARY KEY (`id`);

--
-- Indexes for table `ReceivePO`
--
ALTER TABLE `ReceivePO`
  ADD PRIMARY KEY (`id`);

--
-- Indexes for table `RelationshipName`
--
ALTER TABLE `RelationshipName`
  ADD PRIMARY KEY (`RelationshipID`);

--
-- Indexes for table `Religion`
--
ALTER TABLE `Religion`
  ADD PRIMARY KEY (`RID`);

--
-- Indexes for table `ReportInjectionDetail`
--
ALTER TABLE `ReportInjectionDetail`
  ADD PRIMARY KEY (`ID`);

--
-- Indexes for table `ReportInjectionHead`
--
ALTER TABLE `ReportInjectionHead`
  ADD PRIMARY KEY (`InjectionID`);

--
-- Indexes for table `SexName`
--
ALTER TABLE `SexName`
  ADD PRIMARY KEY (`SexID`);

--
-- Indexes for table `SpecialItem`
--
ALTER TABLE `SpecialItem`
  ADD PRIMARY KEY (`SID`);

--
-- Indexes for table `StockDrug`
--
ALTER TABLE `StockDrug`
  ADD PRIMARY KEY (`DUID`);

--
-- Indexes for table `Supplier`
--
ALTER TABLE `Supplier`
  ADD PRIMARY KEY (`id`);

--
-- Indexes for table `SurfixName`
--
ALTER TABLE `SurfixName`
  ADD PRIMARY KEY (`SurfixID`);

--
-- Indexes for table `SurrogacyReport`
--
ALTER TABLE `SurrogacyReport`
  ADD PRIMARY KEY (`ID`);

--
-- Indexes for table `TVS`
--
ALTER TABLE `TVS`
  ADD PRIMARY KEY (`ID`);

--
-- Indexes for table `t_doc_scan`
--
ALTER TABLE `t_doc_scan`
  ADD PRIMARY KEY (`doc_scan_id`);

--
-- Indexes for table `t_goods_draw`
--
ALTER TABLE `t_goods_draw`
  ADD PRIMARY KEY (`draw_id`);

--
-- Indexes for table `t_goods_draw_detail`
--
ALTER TABLE `t_goods_draw_detail`
  ADD PRIMARY KEY (`draw_detail_id`);

--
-- Indexes for table `t_goods_rec`
--
ALTER TABLE `t_goods_rec`
  ADD PRIMARY KEY (`rec_id`);

--
-- Indexes for table `t_goods_rec_detail`
--
ALTER TABLE `t_goods_rec_detail`
  ADD PRIMARY KEY (`rec_detail_id`);

--
-- Indexes for table `t_goods_return`
--
ALTER TABLE `t_goods_return`
  ADD PRIMARY KEY (`return_id`);

--
-- Indexes for table `t_goods_return_detail`
--
ALTER TABLE `t_goods_return_detail`
  ADD PRIMARY KEY (`return_detail_id`);

--
-- Indexes for table `t_note`
--
ALTER TABLE `t_note`
  ADD PRIMARY KEY (`note_id`);

--
-- Indexes for table `t_patient`
--
ALTER TABLE `t_patient`
  ADD PRIMARY KEY (`t_patient_id`);

--
-- Indexes for table `t_patient_appointment`
--
ALTER TABLE `t_patient_appointment`
  ADD PRIMARY KEY (`t_patient_appointment_id`);

--
-- Indexes for table `t_patient_appointment_text`
--
ALTER TABLE `t_patient_appointment_text`
  ADD PRIMARY KEY (`patient_appointment_text_id`);

--
-- Indexes for table `t_patient_image`
--
ALTER TABLE `t_patient_image`
  ADD PRIMARY KEY (`patient_image_id`);

--
-- Indexes for table `t_visit`
--
ALTER TABLE `t_visit`
  ADD PRIMARY KEY (`t_visit_id`);

--
-- Indexes for table `t_visit_queue_transfer`
--
ALTER TABLE `t_visit_queue_transfer`
  ADD PRIMARY KEY (`t_visit_queue_transfer_id`);

--
-- Indexes for table `User`
--
ALTER TABLE `User`
  ADD PRIMARY KEY (`UID`);

--
-- Indexes for table `UserGroup`
--
ALTER TABLE `UserGroup`
  ADD PRIMARY KEY (`GID`);

--
-- Indexes for table `Visit`
--
ALTER TABLE `Visit`
  ADD PRIMARY KEY (`VN`);

--
-- Indexes for table `VStatus`
--
ALTER TABLE `VStatus`
  ADD PRIMARY KEY (`VSID`);

--
-- AUTO_INCREMENT for dumped tables
--

--
-- AUTO_INCREMENT for table `Agent`
--
ALTER TABLE `Agent`
  MODIFY `AgentID` int(11) NOT NULL AUTO_INCREMENT, AUTO_INCREMENT=344;
--
-- AUTO_INCREMENT for table `Agent1`
--
ALTER TABLE `Agent1`
  MODIFY `AgentID` int(11) NOT NULL AUTO_INCREMENT, AUTO_INCREMENT=344;
--
-- AUTO_INCREMENT for table `Appointment`
--
ALTER TABLE `Appointment`
  MODIFY `ID` int(11) NOT NULL AUTO_INCREMENT, AUTO_INCREMENT=17698;
--
-- AUTO_INCREMENT for table `ApproveDiscount`
--
ALTER TABLE `ApproveDiscount`
  MODIFY `ID` bigint(20) NOT NULL AUTO_INCREMENT;
--
-- AUTO_INCREMENT for table `BillDetail`
--
ALTER TABLE `BillDetail`
  MODIFY `ID` bigint(20) NOT NULL AUTO_INCREMENT, AUTO_INCREMENT=669971;
--
-- AUTO_INCREMENT for table `BillGroup`
--
ALTER TABLE `BillGroup`
  MODIFY `ID` bigint(20) NOT NULL AUTO_INCREMENT, AUTO_INCREMENT=103;
--
-- AUTO_INCREMENT for table `b_branch`
--
ALTER TABLE `b_branch`
  MODIFY `branch_id` int(11) NOT NULL AUTO_INCREMENT, AUTO_INCREMENT=409000002;
--
-- AUTO_INCREMENT for table `b_company`
--
ALTER TABLE `b_company`
  MODIFY `comp_id` int(11) NOT NULL AUTO_INCREMENT, AUTO_INCREMENT=1020000003;
--
-- AUTO_INCREMENT for table `b_contract_payer`
--
ALTER TABLE `b_contract_payer`
  MODIFY `b_contract_payer_id` int(11) NOT NULL AUTO_INCREMENT, AUTO_INCREMENT=2100000000;
--
-- AUTO_INCREMENT for table `b_contract_plans`
--
ALTER TABLE `b_contract_plans`
  MODIFY `b_contract_plans_id` int(11) NOT NULL AUTO_INCREMENT, AUTO_INCREMENT=2090000003;
--
-- AUTO_INCREMENT for table `b_currency`
--
ALTER TABLE `b_currency`
  MODIFY `curr_id` int(11) NOT NULL AUTO_INCREMENT;
--
-- AUTO_INCREMENT for table `b_customer`
--
ALTER TABLE `b_customer`
  MODIFY `cust_id` int(11) NOT NULL AUTO_INCREMENT;
--
-- AUTO_INCREMENT for table `b_department`
--
ALTER TABLE `b_department`
  MODIFY `dept_id` int(11) NOT NULL AUTO_INCREMENT, AUTO_INCREMENT=1090000007;
--
-- AUTO_INCREMENT for table `b_doc_group_scan`
--
ALTER TABLE `b_doc_group_scan`
  MODIFY `doc_group_id` int(11) NOT NULL AUTO_INCREMENT, AUTO_INCREMENT=221000002;
--
-- AUTO_INCREMENT for table `b_doc_group_sub_scan`
--
ALTER TABLE `b_doc_group_sub_scan`
  MODIFY `doc_group_sub_id` int(11) NOT NULL AUTO_INCREMENT, AUTO_INCREMENT=222000002;
--
-- AUTO_INCREMENT for table `b_item`
--
ALTER TABLE `b_item`
  MODIFY `item_id` int(11) NOT NULL AUTO_INCREMENT, AUTO_INCREMENT=2070000000;
--
-- AUTO_INCREMENT for table `b_item_drug_frequency`
--
ALTER TABLE `b_item_drug_frequency`
  MODIFY `frequency_id` int(11) NOT NULL AUTO_INCREMENT, AUTO_INCREMENT=619;
--
-- AUTO_INCREMENT for table `b_item_drug_instruction`
--
ALTER TABLE `b_item_drug_instruction`
  MODIFY `instruction_id` int(11) NOT NULL AUTO_INCREMENT, AUTO_INCREMENT=224000399;
--
-- AUTO_INCREMENT for table `b_item_sub_group`
--
ALTER TABLE `b_item_sub_group`
  MODIFY `item_sub_group_id` int(11) NOT NULL AUTO_INCREMENT, AUTO_INCREMENT=2060000004;
--
-- AUTO_INCREMENT for table `b_position`
--
ALTER TABLE `b_position`
  MODIFY `posi_id` int(11) NOT NULL AUTO_INCREMENT, AUTO_INCREMENT=1400000004;
--
-- AUTO_INCREMENT for table `b_prefix`
--
ALTER TABLE `b_prefix`
  MODIFY `prefix_id` int(11) NOT NULL AUTO_INCREMENT, AUTO_INCREMENT=1200000003;
--
-- AUTO_INCREMENT for table `b_service_point`
--
ALTER TABLE `b_service_point`
  MODIFY `b_service_point_id` int(11) NOT NULL AUTO_INCREMENT, AUTO_INCREMENT=2120000014;
--
-- AUTO_INCREMENT for table `b_staff`
--
ALTER TABLE `b_staff`
  MODIFY `staff_id` int(11) NOT NULL AUTO_INCREMENT, AUTO_INCREMENT=1220000043;
--
-- AUTO_INCREMENT for table `b_unit`
--
ALTER TABLE `b_unit`
  MODIFY `unit_id` int(11) NOT NULL AUTO_INCREMENT, AUTO_INCREMENT=40100003;
--
-- AUTO_INCREMENT for table `b_vendor`
--
ALTER TABLE `b_vendor`
  MODIFY `vend_id` int(11) NOT NULL AUTO_INCREMENT, AUTO_INCREMENT=408000047;
--
-- AUTO_INCREMENT for table `CashAccount`
--
ALTER TABLE `CashAccount`
  MODIFY `CashID` int(11) NOT NULL AUTO_INCREMENT, AUTO_INCREMENT=8;
--
-- AUTO_INCREMENT for table `CashAccount_copy`
--
ALTER TABLE `CashAccount_copy`
  MODIFY `CashID` int(11) NOT NULL AUTO_INCREMENT, AUTO_INCREMENT=10;
--
-- AUTO_INCREMENT for table `DebtorDetail`
--
ALTER TABLE `DebtorDetail`
  MODIFY `ID` bigint(20) NOT NULL AUTO_INCREMENT;
--
-- AUTO_INCREMENT for table `DepositAgent`
--
ALTER TABLE `DepositAgent`
  MODIFY `ID` bigint(20) NOT NULL AUTO_INCREMENT, AUTO_INCREMENT=3;
--
-- AUTO_INCREMENT for table `Doctor`
--
ALTER TABLE `Doctor`
  MODIFY `ID` int(11) NOT NULL AUTO_INCREMENT, AUTO_INCREMENT=6;
--
-- AUTO_INCREMENT for table `FilePatient`
--
ALTER TABLE `FilePatient`
  MODIFY `ID` int(11) NOT NULL AUTO_INCREMENT, AUTO_INCREMENT=7668;
--
-- AUTO_INCREMENT for table `f_amphures`
--
ALTER TABLE `f_amphures`
  MODIFY `amph_id` int(11) NOT NULL AUTO_INCREMENT, AUTO_INCREMENT=1280000000;
--
-- AUTO_INCREMENT for table `f_company_type`
--
ALTER TABLE `f_company_type`
  MODIFY `comp_type_id` int(11) NOT NULL AUTO_INCREMENT, AUTO_INCREMENT=40000003;
--
-- AUTO_INCREMENT for table `f_districts`
--
ALTER TABLE `f_districts`
  MODIFY `dist_id` int(11) NOT NULL AUTO_INCREMENT, AUTO_INCREMENT=1290000000;
--
-- AUTO_INCREMENT for table `f_doc_type`
--
ALTER TABLE `f_doc_type`
  MODIFY `doc_type_id` int(11) NOT NULL AUTO_INCREMENT, AUTO_INCREMENT=1430000080;
--
-- AUTO_INCREMENT for table `f_item_billing_group`
--
ALTER TABLE `f_item_billing_group`
  MODIFY `item_billing_group_id` int(11) NOT NULL AUTO_INCREMENT, AUTO_INCREMENT=2110000000;
--
-- AUTO_INCREMENT for table `f_item_group`
--
ALTER TABLE `f_item_group`
  MODIFY `item_group_id` int(11) NOT NULL AUTO_INCREMENT, AUTO_INCREMENT=2080000000;
--
-- AUTO_INCREMENT for table `f_patient_blood_group`
--
ALTER TABLE `f_patient_blood_group`
  MODIFY `f_patient_blood_group_id` int(11) NOT NULL AUTO_INCREMENT, AUTO_INCREMENT=2140000006;
--
-- AUTO_INCREMENT for table `f_patient_discharge_status`
--
ALTER TABLE `f_patient_discharge_status`
  MODIFY `f_patient_discharge_status_id` int(11) NOT NULL AUTO_INCREMENT, AUTO_INCREMENT=215000003;
--
-- AUTO_INCREMENT for table `f_patient_education_type`
--
ALTER TABLE `f_patient_education_type`
  MODIFY `f_patient_education_type_id` int(11) NOT NULL AUTO_INCREMENT, AUTO_INCREMENT=216000013;
--
-- AUTO_INCREMENT for table `f_patient_marriage_status`
--
ALTER TABLE `f_patient_marriage_status`
  MODIFY `f_patient_marriage_status_id` int(11) NOT NULL AUTO_INCREMENT, AUTO_INCREMENT=2110000008;
--
-- AUTO_INCREMENT for table `f_patient_nation`
--
ALTER TABLE `f_patient_nation`
  MODIFY `f_patient_nation_id` int(11) NOT NULL AUTO_INCREMENT, AUTO_INCREMENT=2130000267;
--
-- AUTO_INCREMENT for table `f_patient_occupation`
--
ALTER TABLE `f_patient_occupation`
  MODIFY `f_patient_occupation_id` int(11) NOT NULL AUTO_INCREMENT, AUTO_INCREMENT=2120000018;
--
-- AUTO_INCREMENT for table `f_patient_prefix`
--
ALTER TABLE `f_patient_prefix`
  MODIFY `f_patient_prefix_id` int(11) NOT NULL AUTO_INCREMENT, AUTO_INCREMENT=2090000019;
--
-- AUTO_INCREMENT for table `f_patient_race`
--
ALTER TABLE `f_patient_race`
  MODIFY `f_patient_race_id` int(11) NOT NULL AUTO_INCREMENT, AUTO_INCREMENT=217000070;
--
-- AUTO_INCREMENT for table `f_patient_relation`
--
ALTER TABLE `f_patient_relation`
  MODIFY `f_patient_relation_id` int(11) NOT NULL AUTO_INCREMENT, AUTO_INCREMENT=219000017;
--
-- AUTO_INCREMENT for table `f_patient_religion`
--
ALTER TABLE `f_patient_religion`
  MODIFY `f_patient_religion_id` int(11) NOT NULL AUTO_INCREMENT, AUTO_INCREMENT=218000033;
--
-- AUTO_INCREMENT for table `f_provinces`
--
ALTER TABLE `f_provinces`
  MODIFY `prov_id` int(11) NOT NULL AUTO_INCREMENT, AUTO_INCREMENT=1300000000;
--
-- AUTO_INCREMENT for table `f_service_group`
--
ALTER TABLE `f_service_group`
  MODIFY `f_service_group_id` int(11) NOT NULL AUTO_INCREMENT, AUTO_INCREMENT=2130000008;
--
-- AUTO_INCREMENT for table `f_service_subgroup`
--
ALTER TABLE `f_service_subgroup`
  MODIFY `f_service_subgroup_id` int(11) NOT NULL AUTO_INCREMENT, AUTO_INCREMENT=2140000005;
--
-- AUTO_INCREMENT for table `f_sex`
--
ALTER TABLE `f_sex`
  MODIFY `f_sex_id` int(11) NOT NULL AUTO_INCREMENT, AUTO_INCREMENT=2100000003;
--
-- AUTO_INCREMENT for table `f_visit_service_status`
--
ALTER TABLE `f_visit_service_status`
  MODIFY `f_visit_service_status_id` int(11) NOT NULL AUTO_INCREMENT, AUTO_INCREMENT=4;
--
-- AUTO_INCREMENT for table `f_visit_status`
--
ALTER TABLE `f_visit_status`
  MODIFY `f_visit_status_id` int(11) NOT NULL AUTO_INCREMENT, AUTO_INCREMENT=220000001;
--
-- AUTO_INCREMENT for table `f_visit_type`
--
ALTER TABLE `f_visit_type`
  MODIFY `f_visit_type_id` int(11) NOT NULL AUTO_INCREMENT, AUTO_INCREMENT=3;
--
-- AUTO_INCREMENT for table `GroupDrugDetail`
--
ALTER TABLE `GroupDrugDetail`
  MODIFY `ID` int(11) NOT NULL AUTO_INCREMENT, AUTO_INCREMENT=84;
--
-- AUTO_INCREMENT for table `GroupDrugHeader`
--
ALTER TABLE `GroupDrugHeader`
  MODIFY `GDID` int(11) NOT NULL AUTO_INCREMENT, AUTO_INCREMENT=20;
--
-- AUTO_INCREMENT for table `Holiday`
--
ALTER TABLE `Holiday`
  MODIFY `ID` int(11) NOT NULL AUTO_INCREMENT, AUTO_INCREMENT=10;
--
-- AUTO_INCREMENT for table `Item`
--
ALTER TABLE `Item`
  MODIFY `id` int(11) NOT NULL AUTO_INCREMENT, AUTO_INCREMENT=234;
--
-- AUTO_INCREMENT for table `ItemType`
--
ALTER TABLE `ItemType`
  MODIFY `id` int(11) NOT NULL AUTO_INCREMENT, AUTO_INCREMENT=32;
--
-- AUTO_INCREMENT for table `JobFETEmDev`
--
ALTER TABLE `JobFETEmDev`
  MODIFY `EmDevID` int(11) NOT NULL AUTO_INCREMENT;
--
-- AUTO_INCREMENT for table `JobFETEmDevNo`
--
ALTER TABLE `JobFETEmDevNo`
  MODIFY `ID` int(11) NOT NULL AUTO_INCREMENT;
--
-- AUTO_INCREMENT for table `JobLabDetail`
--
ALTER TABLE `JobLabDetail`
  MODIFY `ID` int(11) NOT NULL AUTO_INCREMENT, AUTO_INCREMENT=95610;
--
-- AUTO_INCREMENT for table `JobOPUEmDev`
--
ALTER TABLE `JobOPUEmDev`
  MODIFY `EmDevID` int(11) NOT NULL AUTO_INCREMENT;
--
-- AUTO_INCREMENT for table `JobOPUEmDevNo`
--
ALTER TABLE `JobOPUEmDevNo`
  MODIFY `ID` int(11) NOT NULL AUTO_INCREMENT;
--
-- AUTO_INCREMENT for table `JobPxDetail`
--
ALTER TABLE `JobPxDetail`
  MODIFY `ID` int(11) NOT NULL AUTO_INCREMENT, AUTO_INCREMENT=147491;
--
-- AUTO_INCREMENT for table `JobSpecialDetail`
--
ALTER TABLE `JobSpecialDetail`
  MODIFY `ID` int(11) NOT NULL AUTO_INCREMENT, AUTO_INCREMENT=41537;
--
-- AUTO_INCREMENT for table `LabItem`
--
ALTER TABLE `LabItem`
  MODIFY `LID` int(11) NOT NULL AUTO_INCREMENT, AUTO_INCREMENT=186;
--
-- AUTO_INCREMENT for table `lab_b_procedure`
--
ALTER TABLE `lab_b_procedure`
  MODIFY `proce_id` int(11) NOT NULL AUTO_INCREMENT, AUTO_INCREMENT=16;
--
-- AUTO_INCREMENT for table `lab_t_fet`
--
ALTER TABLE `lab_t_fet`
  MODIFY `fet_id` int(11) NOT NULL AUTO_INCREMENT, AUTO_INCREMENT=219000001;
--
-- AUTO_INCREMENT for table `lab_t_form_a`
--
ALTER TABLE `lab_t_form_a`
  MODIFY `form_a_id` int(11) NOT NULL AUTO_INCREMENT, AUTO_INCREMENT=218000335;
--
-- AUTO_INCREMENT for table `lab_t_opu`
--
ALTER TABLE `lab_t_opu`
  MODIFY `opu_id` int(11) NOT NULL AUTO_INCREMENT, AUTO_INCREMENT=2000000056;
--
-- AUTO_INCREMENT for table `lab_t_opu_embryo_dev`
--
ALTER TABLE `lab_t_opu_embryo_dev`
  MODIFY `opu_embryo_dev_id` int(11) NOT NULL AUTO_INCREMENT, AUTO_INCREMENT=2020003526;
--
-- AUTO_INCREMENT for table `lab_t_request`
--
ALTER TABLE `lab_t_request`
  MODIFY `req_id` int(11) NOT NULL AUTO_INCREMENT, AUTO_INCREMENT=2040000500;
--
-- AUTO_INCREMENT for table `log_billdetail`
--
ALTER TABLE `log_billdetail`
  MODIFY `ID` bigint(20) NOT NULL AUTO_INCREMENT, AUTO_INCREMENT=571228;
--
-- AUTO_INCREMENT for table `MaritalName`
--
ALTER TABLE `MaritalName`
  MODIFY `MaritalID` int(11) NOT NULL AUTO_INCREMENT, AUTO_INCREMENT=5;
--
-- AUTO_INCREMENT for table `Menu_Program`
--
ALTER TABLE `Menu_Program`
  MODIFY `MID` int(11) NOT NULL AUTO_INCREMENT, AUTO_INCREMENT=3001;
--
-- AUTO_INCREMENT for table `Nationality`
--
ALTER TABLE `Nationality`
  MODIFY `NID` int(11) NOT NULL AUTO_INCREMENT, AUTO_INCREMENT=197;
--
-- AUTO_INCREMENT for table `nurse_t_egg_sti`
--
ALTER TABLE `nurse_t_egg_sti`
  MODIFY `egg_sti_id` int(11) NOT NULL AUTO_INCREMENT, AUTO_INCREMENT=22600013;
--
-- AUTO_INCREMENT for table `nurse_t_egg_sti_day`
--
ALTER TABLE `nurse_t_egg_sti_day`
  MODIFY `egg_sti_day_id` int(11) NOT NULL AUTO_INCREMENT, AUTO_INCREMENT=22700204;
--
-- AUTO_INCREMENT for table `ODoctor`
--
ALTER TABLE `ODoctor`
  MODIFY `ID` int(11) NOT NULL AUTO_INCREMENT, AUTO_INCREMENT=14;
--
-- AUTO_INCREMENT for table `ONurse`
--
ALTER TABLE `ONurse`
  MODIFY `ID` int(11) NOT NULL AUTO_INCREMENT, AUTO_INCREMENT=13;
--
-- AUTO_INCREMENT for table `OPUHistory`
--
ALTER TABLE `OPUHistory`
  MODIFY `ID` int(11) NOT NULL AUTO_INCREMENT, AUTO_INCREMENT=300;
--
-- AUTO_INCREMENT for table `OPUType`
--
ALTER TABLE `OPUType`
  MODIFY `ID` int(11) NOT NULL AUTO_INCREMENT, AUTO_INCREMENT=12;
--
-- AUTO_INCREMENT for table `or_b_anesthesia`
--
ALTER TABLE `or_b_anesthesia`
  MODIFY `anesthesia_id` int(11) NOT NULL AUTO_INCREMENT, AUTO_INCREMENT=228000006;
--
-- AUTO_INCREMENT for table `or_b_operation`
--
ALTER TABLE `or_b_operation`
  MODIFY `opera_id` int(11) NOT NULL AUTO_INCREMENT, AUTO_INCREMENT=227000541;
--
-- AUTO_INCREMENT for table `or_b_operation_group`
--
ALTER TABLE `or_b_operation_group`
  MODIFY `opera_group_id` int(11) NOT NULL AUTO_INCREMENT, AUTO_INCREMENT=226000014;
--
-- AUTO_INCREMENT for table `or_t_operation`
--
ALTER TABLE `or_t_operation`
  MODIFY `or_id` int(11) NOT NULL AUTO_INCREMENT, AUTO_INCREMENT=230000001;
--
-- AUTO_INCREMENT for table `or_t_request`
--
ALTER TABLE `or_t_request`
  MODIFY `or_req_id` int(11) NOT NULL AUTO_INCREMENT, AUTO_INCREMENT=229000003;
--
-- AUTO_INCREMENT for table `PackageDeposit`
--
ALTER TABLE `PackageDeposit`
  MODIFY `PCKDPSID` int(11) NOT NULL AUTO_INCREMENT;
--
-- AUTO_INCREMENT for table `PackageDepositDetail`
--
ALTER TABLE `PackageDepositDetail`
  MODIFY `ID` int(11) NOT NULL AUTO_INCREMENT;
--
-- AUTO_INCREMENT for table `PackageDetail`
--
ALTER TABLE `PackageDetail`
  MODIFY `ID` int(11) NOT NULL AUTO_INCREMENT, AUTO_INCREMENT=869;
--
-- AUTO_INCREMENT for table `PackageHeader`
--
ALTER TABLE `PackageHeader`
  MODIFY `PCKID` int(11) NOT NULL AUTO_INCREMENT, AUTO_INCREMENT=79;
--
-- AUTO_INCREMENT for table `PackageSold`
--
ALTER TABLE `PackageSold`
  MODIFY `PCKSID` int(11) NOT NULL AUTO_INCREMENT, AUTO_INCREMENT=18028;
--
-- AUTO_INCREMENT for table `PaymentMethod`
--
ALTER TABLE `PaymentMethod`
  MODIFY `PaymentID` int(11) NOT NULL AUTO_INCREMENT, AUTO_INCREMENT=4;
--
-- AUTO_INCREMENT for table `POdetail`
--
ALTER TABLE `POdetail`
  MODIFY `id` int(11) NOT NULL AUTO_INCREMENT, AUTO_INCREMENT=4620;
--
-- AUTO_INCREMENT for table `POhead`
--
ALTER TABLE `POhead`
  MODIFY `id` int(11) NOT NULL AUTO_INCREMENT, AUTO_INCREMENT=1585;
--
-- AUTO_INCREMENT for table `PR`
--
ALTER TABLE `PR`
  MODIFY `id` int(11) NOT NULL AUTO_INCREMENT;
--
-- AUTO_INCREMENT for table `ReceivePO`
--
ALTER TABLE `ReceivePO`
  MODIFY `id` bigint(20) NOT NULL AUTO_INCREMENT;
--
-- AUTO_INCREMENT for table `RelationshipName`
--
ALTER TABLE `RelationshipName`
  MODIFY `RelationshipID` int(11) NOT NULL AUTO_INCREMENT, AUTO_INCREMENT=5;
--
-- AUTO_INCREMENT for table `ReportInjectionDetail`
--
ALTER TABLE `ReportInjectionDetail`
  MODIFY `ID` bigint(20) NOT NULL AUTO_INCREMENT;
--
-- AUTO_INCREMENT for table `ReportInjectionHead`
--
ALTER TABLE `ReportInjectionHead`
  MODIFY `InjectionID` int(11) NOT NULL AUTO_INCREMENT, AUTO_INCREMENT=5;
--
-- AUTO_INCREMENT for table `SexName`
--
ALTER TABLE `SexName`
  MODIFY `SexID` int(11) NOT NULL AUTO_INCREMENT, AUTO_INCREMENT=3;
--
-- AUTO_INCREMENT for table `SpecialItem`
--
ALTER TABLE `SpecialItem`
  MODIFY `SID` int(11) NOT NULL AUTO_INCREMENT, AUTO_INCREMENT=185;
--
-- AUTO_INCREMENT for table `StockDrug`
--
ALTER TABLE `StockDrug`
  MODIFY `DUID` int(11) NOT NULL AUTO_INCREMENT, AUTO_INCREMENT=218;
--
-- AUTO_INCREMENT for table `Supplier`
--
ALTER TABLE `Supplier`
  MODIFY `id` int(11) NOT NULL AUTO_INCREMENT, AUTO_INCREMENT=51;
--
-- AUTO_INCREMENT for table `SurfixName`
--
ALTER TABLE `SurfixName`
  MODIFY `SurfixID` int(11) NOT NULL AUTO_INCREMENT, AUTO_INCREMENT=7;
--
-- AUTO_INCREMENT for table `SurrogacyReport`
--
ALTER TABLE `SurrogacyReport`
  MODIFY `ID` bigint(20) NOT NULL AUTO_INCREMENT, AUTO_INCREMENT=4;
--
-- AUTO_INCREMENT for table `t_doc_scan`
--
ALTER TABLE `t_doc_scan`
  MODIFY `doc_scan_id` int(11) NOT NULL AUTO_INCREMENT, AUTO_INCREMENT=223000008;
--
-- AUTO_INCREMENT for table `t_goods_draw`
--
ALTER TABLE `t_goods_draw`
  MODIFY `draw_id` int(11) NOT NULL AUTO_INCREMENT, AUTO_INCREMENT=402000000;
--
-- AUTO_INCREMENT for table `t_goods_draw_detail`
--
ALTER TABLE `t_goods_draw_detail`
  MODIFY `draw_detail_id` int(11) NOT NULL AUTO_INCREMENT, AUTO_INCREMENT=403000000;
--
-- AUTO_INCREMENT for table `t_goods_rec`
--
ALTER TABLE `t_goods_rec`
  MODIFY `rec_id` int(11) NOT NULL AUTO_INCREMENT, AUTO_INCREMENT=404000000;
--
-- AUTO_INCREMENT for table `t_goods_rec_detail`
--
ALTER TABLE `t_goods_rec_detail`
  MODIFY `rec_detail_id` int(11) NOT NULL AUTO_INCREMENT, AUTO_INCREMENT=405000000;
--
-- AUTO_INCREMENT for table `t_goods_return`
--
ALTER TABLE `t_goods_return`
  MODIFY `return_id` int(11) NOT NULL AUTO_INCREMENT, AUTO_INCREMENT=406000000;
--
-- AUTO_INCREMENT for table `t_goods_return_detail`
--
ALTER TABLE `t_goods_return_detail`
  MODIFY `return_detail_id` int(11) NOT NULL AUTO_INCREMENT, AUTO_INCREMENT=407000000;
--
-- AUTO_INCREMENT for table `t_note`
--
ALTER TABLE `t_note`
  MODIFY `note_id` int(11) NOT NULL AUTO_INCREMENT, AUTO_INCREMENT=223000004;
--
-- AUTO_INCREMENT for table `t_patient`
--
ALTER TABLE `t_patient`
  MODIFY `t_patient_id` int(11) NOT NULL AUTO_INCREMENT, AUTO_INCREMENT=2080000070;
--
-- AUTO_INCREMENT for table `t_patient_appointment`
--
ALTER TABLE `t_patient_appointment`
  MODIFY `t_patient_appointment_id` int(11) NOT NULL AUTO_INCREMENT, AUTO_INCREMENT=230000018;
--
-- AUTO_INCREMENT for table `t_patient_appointment_text`
--
ALTER TABLE `t_patient_appointment_text`
  MODIFY `patient_appointment_text_id` int(11) NOT NULL AUTO_INCREMENT;
--
-- AUTO_INCREMENT for table `t_patient_image`
--
ALTER TABLE `t_patient_image`
  MODIFY `patient_image_id` int(11) NOT NULL AUTO_INCREMENT, AUTO_INCREMENT=311000018;
--
-- AUTO_INCREMENT for table `t_visit`
--
ALTER TABLE `t_visit`
  MODIFY `t_visit_id` int(11) NOT NULL AUTO_INCREMENT, AUTO_INCREMENT=210000062;
--
-- AUTO_INCREMENT for table `t_visit_queue_transfer`
--
ALTER TABLE `t_visit_queue_transfer`
  MODIFY `t_visit_queue_transfer_id` int(11) NOT NULL AUTO_INCREMENT;
--
-- AUTO_INCREMENT for table `User`
--
ALTER TABLE `User`
  MODIFY `UID` int(11) NOT NULL AUTO_INCREMENT, AUTO_INCREMENT=37;
--
-- AUTO_INCREMENT for table `UserGroup`
--
ALTER TABLE `UserGroup`
  MODIFY `GID` int(11) NOT NULL AUTO_INCREMENT, AUTO_INCREMENT=108;
--
-- AUTO_INCREMENT for table `VStatus`
--
ALTER TABLE `VStatus`
  MODIFY `VSID` int(11) NOT NULL AUTO_INCREMENT, AUTO_INCREMENT=1000;
/*!40101 SET CHARACTER_SET_CLIENT=@OLD_CHARACTER_SET_CLIENT */;
/*!40101 SET CHARACTER_SET_RESULTS=@OLD_CHARACTER_SET_RESULTS */;
/*!40101 SET COLLATION_CONNECTION=@OLD_COLLATION_CONNECTION */;
